clase,media,mediana,moda,minimo,maximo,rango,varianza,desv_std,Q1,Q2,Q3,IQR,n
0,25.42928139010033,16.0,12.0,0.0,1000.0,1000.0,1033.1921719758632,32.14330679901903,5.0,16.0,33.0,28.0,196734.0
1,28.877512195121952,19.0,12.0,0.0,773.0,773.0,1303.2155779645805,36.10007725704448,6.0,19.0,37.0,31.0,104960.0
