date,anio,mes,dia,estacion,clase,CO,NO2,O3,PM10,PM2.5,temporada
2023-01-01 07:00:00,2023,1,1,CENTRO,0,1.04,13.6,16.0,84.0,35.0,invierno
2023-01-01 07:00:00,2023,1,1,NORESTE3,0,1.5563333333333336,27.099999999999998,6.6000000000000005,140.66666666666666,74.5,invierno
2023-01-01 07:00:00,2023,1,1,NOROESTE3,0,1.39,18.666666666666668,7.333333333333333,57.333333333333336,21.96,invierno
2023-01-01 07:00:00,2023,1,1,NORTE2,0,1.6749999999999998,29.4,6.5,162.5,68.01,invierno
2023-01-01 07:00:00,2023,1,1,SUR,0,1.7875,43.625,6.75,99.25,41.44,invierno
2023-01-01 07:00:00,2023,1,1,SUROESTE2,0,1.425,21.049999999999997,8.5,57.5,31.5,invierno
2023-01-01 08:00:00,2023,1,1,CENTRO,0,0.98,12.3,19.0,43.0,13.23,invierno
2023-01-01 08:00:00,2023,1,1,NORESTE3,0,1.6533333333333333,24.233333333333334,8.966666666666667,104.66666666666667,83.5,invierno
2023-01-01 08:00:00,2023,1,1,NOROESTE3,0,1.3333333333333333,17.099999999999998,9.0,47.333333333333336,12.59,invierno
2023-01-01 08:00:00,2023,1,1,NORTE2,0,1.2799999999999998,28.85,6.5,119.0,37.129999999999995,invierno
2023-01-01 08:00:00,2023,1,1,SUR,0,2.16,39.925,7.75,92.5,40.446666666666665,invierno
2023-01-01 08:00:00,2023,1,1,SUROESTE2,0,1.135,15.6,12.5,50.0,22.0,invierno
2023-01-02 07:00:00,2023,1,2,CENTRO,0,1.5,28.3,4.0,115.0,43.06,invierno
2023-01-02 07:00:00,2023,1,2,NORESTE3,0,1.0566666666666666,23.53333333333333,5.033333333333333,55.333333333333336,32.0,invierno
2023-01-02 07:00:00,2023,1,2,NOROESTE3,0,1.2133333333333332,14.0,12.666666666666666,58.0,4.79,invierno
2023-01-02 07:00:00,2023,1,2,NORTE2,0,0.9349999999999999,24.35,5.0,70.0,21.509999999999998,invierno
2023-01-02 07:00:00,2023,1,2,SUR,0,1.6575,29.1,4.25,70.0,27.136666666666667,invierno
2023-01-02 07:00:00,2023,1,2,SUROESTE2,0,0.99,24.1,7.5,60.5,15.5,invierno
2023-01-02 08:00:00,2023,1,2,CENTRO,0,1.64,29.1,4.0,117.0,40.05,invierno
2023-01-02 08:00:00,2023,1,2,NORESTE3,0,1.421,25.099999999999998,5.1000000000000005,73.66666666666667,37.0,invierno
2023-01-02 08:00:00,2023,1,2,NOROESTE3,0,1.1766666666666665,17.166666666666668,10.0,49.666666666666664,5.6,invierno
2023-01-02 08:00:00,2023,1,2,NORTE2,0,1.19,33.65,5.5,92.5,24.265,invierno
2023-01-02 08:00:00,2023,1,2,SUR,0,1.75,32.4,4.75,84.5,19.763333333333332,invierno
2023-01-02 08:00:00,2023,1,2,SUROESTE2,0,0.865,16.1,13.0,71.0,10.0,invierno
2023-01-03 07:00:00,2023,1,3,CENTRO,0,1.03,22.7,7.0,90.0,14.93,invierno
2023-01-03 07:00:00,2023,1,3,NORESTE3,0,0.681,14.5,19.466666666666665,77.33333333333333,10.5,invierno
2023-01-03 07:00:00,2023,1,3,NOROESTE3,0,1.1066666666666667,13.200000000000001,15.333333333333334,28.5,3.375,invierno
2023-01-03 07:00:00,2023,1,3,NORTE2,0,0.535,16.65,16.0,67.0,7.0,invierno
2023-01-03 07:00:00,2023,1,3,SUR,0,1.2175,22.65,10.75,102.25,10.26,invierno
2023-01-03 07:00:00,2023,1,3,SUROESTE2,0,0.8600000000000001,18.2,11.5,65.0,6.0,invierno
2023-01-03 08:00:00,2023,1,3,CENTRO,0,1.28,29.2,5.0,98.0,15.56,invierno
2023-01-03 08:00:00,2023,1,3,NORESTE3,0,0.7623333333333333,16.599999999999998,20.2,73.0,7.5,invierno
2023-01-03 08:00:00,2023,1,3,NOROESTE3,0,1.2033333333333334,17.7,11.333333333333334,22.0,4.984999999999999,invierno
2023-01-03 08:00:00,2023,1,3,NORTE2,0,0.8150000000000001,22.8,12.5,57.5,15.0,invierno
2023-01-03 08:00:00,2023,1,3,SUR,0,1.29,26.700000000000003,11.25,96.25,9.4,invierno
2023-01-03 08:00:00,2023,1,3,SUROESTE2,0,1.01,21.9,9.0,42.5,9.0,invierno
2023-01-04 07:00:00,2023,1,4,CENTRO,0,1.1,34.2,5.0,81.0,23.68,invierno
2023-01-04 07:00:00,2023,1,4,NORESTE3,0,1.662,35.6,4.5,162.33333333333334,47.5,invierno
2023-01-04 07:00:00,2023,1,4,NOROESTE3,0,1.843333333333333,32.300000000000004,3.0,129.66666666666666,27.205,invierno
2023-01-04 07:00:00,2023,1,4,NORTE2,0,1.23,34.45,5.0,176.5,23.575,invierno
2023-01-04 07:00:00,2023,1,4,SUR,0,1.8775,50.85,4.5,103.5,17.19333333333333,invierno
2023-01-04 07:00:00,2023,1,4,SUROESTE2,0,1.275,28.5,14.0,68.5,21.0,invierno
2023-01-04 08:00:00,2023,1,4,CENTRO,0,1.22,34.8,5.0,98.0,22.26,invierno
2023-01-04 08:00:00,2023,1,4,NORESTE3,0,2.032,35.73333333333333,6.2,200.33333333333334,47.5,invierno
2023-01-04 08:00:00,2023,1,4,NOROESTE3,0,2.0066666666666664,32.36666666666667,4.0,157.66666666666666,34.82,invierno
2023-01-04 08:00:00,2023,1,4,NORTE2,0,1.895,37.7,7.0,173.5,30.995,invierno
2023-01-04 08:00:00,2023,1,4,SUR,0,2.4025,50.2,5.666666666666667,113.25,16.703333333333333,invierno
2023-01-04 08:00:00,2023,1,4,SUROESTE2,0,1.655,32.7,6.0,96.5,22.5,invierno
2023-01-05 07:00:00,2023,1,5,CENTRO,0,1.2,36.2,5.0,84.0,,invierno
2023-01-05 07:00:00,2023,1,5,NORESTE3,0,1.0823333333333334,39.233333333333334,5.733333333333333,82.66666666666667,29.5,invierno
2023-01-05 07:00:00,2023,1,5,NOROESTE3,0,1.486666666666667,33.766666666666666,2.6666666666666665,130.0,25.79,invierno
2023-01-05 07:00:00,2023,1,5,NORTE2,0,1.2,38.0,8.0,109.5,21.335,invierno
2023-01-05 07:00:00,2023,1,5,SUR,0,1.73,61.2,3.6666666666666665,97.75,21.003333333333334,invierno
2023-01-05 07:00:00,2023,1,5,SUROESTE2,0,1.25,29.700000000000003,16.0,70.5,26.0,invierno
2023-01-05 08:00:00,2023,1,5,CENTRO,0,1.42,39.7,4.0,107.0,,invierno
2023-01-05 08:00:00,2023,1,5,NORESTE3,0,1.5063333333333333,39.199999999999996,5.766666666666667,117.66666666666667,33.5,invierno
2023-01-05 08:00:00,2023,1,5,NOROESTE3,0,1.6366666666666667,34.36666666666667,3.5,104.0,21.68,invierno
2023-01-05 08:00:00,2023,1,5,NORTE2,0,1.175,38.15,8.0,116.5,21.07,invierno
2023-01-05 08:00:00,2023,1,5,SUR,0,2.115,54.95,5.0,104.25,18.483333333333334,invierno
2023-01-05 08:00:00,2023,1,5,SUROESTE2,0,1.845,39.65,7.0,92.0,41.5,invierno
2023-01-06 07:00:00,2023,1,6,CENTRO,0,1.28,19.9,8.0,73.0,31.0,invierno
2023-01-06 07:00:00,2023,1,6,NORESTE3,0,0.99,14.700000000000001,12.4,42.666666666666664,22.0,invierno
2023-01-06 07:00:00,2023,1,6,NOROESTE3,0,1.2766666666666666,20.566666666666666,5.666666666666667,75.33333333333333,46.35,invierno
2023-01-06 07:00:00,2023,1,6,NORTE2,0,0.775,14.6,16.0,72.0,24.535,invierno
2023-01-06 07:00:00,2023,1,6,SUR,0,0.9049999999999999,10.425,15.0,51.5,18.08,invierno
2023-01-06 07:00:00,2023,1,6,SUROESTE2,0,1.1749999999999998,25.35,6.5,66.5,30.5,invierno
2023-01-06 08:00:00,2023,1,6,CENTRO,0,1.5,32.8,4.0,99.0,32.0,invierno
2023-01-06 08:00:00,2023,1,6,NORESTE3,0,0.754,19.933333333333334,7.8999999999999995,47.666666666666664,21.0,invierno
2023-01-06 08:00:00,2023,1,6,NOROESTE3,0,1.3366666666666667,21.133333333333333,6.666666666666667,89.0,50.055,invierno
2023-01-06 08:00:00,2023,1,6,NORTE2,0,0.825,16.75,16.0,70.0,23.41,invierno
2023-01-06 08:00:00,2023,1,6,SUR,0,1.1475,17.325,10.25,49.75,19.925,invierno
2023-01-06 08:00:00,2023,1,6,SUROESTE2,0,1.49,28.25,4.5,89.0,41.5,invierno
2023-01-07 07:00:00,2023,1,7,CENTRO,0,1.32,23.3,,114.0,52.0,invierno
2023-01-07 07:00:00,2023,1,7,NORESTE3,0,0.8033333333333333,19.666666666666668,9.0,81.66666666666667,32.0,invierno
2023-01-07 07:00:00,2023,1,7,NOROESTE3,0,1.5466666666666669,25.433333333333334,6.0,71.66666666666667,25.36,invierno
2023-01-07 07:00:00,2023,1,7,NORTE2,0,1.04,22.65,6.5,84.48,31.005000000000003,invierno
2023-01-07 07:00:00,2023,1,7,SUR,0,1.4075,32.075,6.25,62.5,19.54,invierno
2023-01-07 07:00:00,2023,1,7,SUROESTE2,0,1.46,28.549999999999997,8.0,83.5,27.0,invierno
2023-01-07 08:00:00,2023,1,7,CENTRO,0,1.46,25.1,,104.0,53.0,invierno
2023-01-07 08:00:00,2023,1,7,NORESTE3,0,0.9773333333333333,23.166666666666668,6.5,77.0,31.5,invierno
2023-01-07 08:00:00,2023,1,7,NOROESTE3,0,1.5766666666666669,25.566666666666666,4.666666666666667,68.0,25.71,invierno
2023-01-07 08:00:00,2023,1,7,NORTE2,0,1.265,24.3,5.5,93.445,31.955,invierno
2023-01-07 08:00:00,2023,1,7,SUR,0,1.69,38.75,4.75,70.25,25.345,invierno
2023-01-07 08:00:00,2023,1,7,SUROESTE2,0,1.685,29.9,5.0,87.0,32.0,invierno
2023-01-08 07:00:00,2023,1,8,CENTRO,0,1.23,11.2,19.0,49.0,,invierno
2023-01-08 07:00:00,2023,1,8,NORESTE3,0,0.6226666666666666,6.066666666666666,23.766666666666666,40.666666666666664,16.5,invierno
2023-01-08 07:00:00,2023,1,8,NOROESTE3,0,1.4233333333333331,19.333333333333332,5.0,65.66666666666667,31.25,invierno
2023-01-08 07:00:00,2023,1,8,NORTE2,0,0.82,18.0,14.5,36.1,13.57,invierno
2023-01-08 07:00:00,2023,1,8,SUR,0,1.155,13.166666666666666,22.0,45.75,15.766666666666666,invierno
2023-01-08 07:00:00,2023,1,8,SUROESTE2,0,1.1600000000000001,17.05,11.5,51.0,24.0,invierno
2023-01-08 08:00:00,2023,1,8,CENTRO,0,1.2,17.1,14.0,43.0,,invierno
2023-01-08 08:00:00,2023,1,8,NORESTE3,0,0.626,6.966666666666666,23.366666666666664,53.0,12.5,invierno
2023-01-08 08:00:00,2023,1,8,NOROESTE3,0,1.4600000000000002,21.3,3.5,65.0,30.435000000000002,invierno
2023-01-08 08:00:00,2023,1,8,NORTE2,0,0.89,23.25,10.5,41.89,17.735,invierno
2023-01-08 08:00:00,2023,1,8,SUR,0,1.165,13.1,21.0,51.25,14.9,invierno
2023-01-08 08:00:00,2023,1,8,SUROESTE2,0,1.21,17.6,9.5,57.0,26.5,invierno
2023-01-09 07:00:00,2023,1,9,CENTRO,1,1.09,19.8,13.0,48.0,,invierno
2023-01-09 07:00:00,2023,1,9,NORESTE3,0,0.7843333333333334,19.166666666666668,12.9,39.666666666666664,16.5,invierno
2023-01-09 07:00:00,2023,1,9,NOROESTE3,0,1.3133333333333332,16.599999999999998,13.333333333333334,48.0,14.58,invierno
2023-01-09 07:00:00,2023,1,9,NORTE2,1,0.7250000000000001,21.0,15.5,36.325,8.91,invierno
2023-01-09 07:00:00,2023,1,9,SUR,0,1.2825,26.2,15.75,39.75,10.145,invierno
2023-01-09 07:00:00,2023,1,9,SUROESTE2,1,1.05,19.299999999999997,11.0,47.0,22.5,invierno
2023-01-09 08:00:00,2023,1,9,CENTRO,1,1.22,28.2,9.0,56.0,,invierno
2023-01-09 08:00:00,2023,1,9,NORESTE3,0,0.8273333333333334,20.733333333333334,13.5,49.666666666666664,14.0,invierno
2023-01-09 08:00:00,2023,1,9,NOROESTE3,0,1.4266666666666667,20.433333333333334,9.0,39.5,17.13,invierno
2023-01-09 08:00:00,2023,1,9,NORTE2,1,0.9,26.2,13.5,47.879999999999995,12.96,invierno
2023-01-09 08:00:00,2023,1,9,SUR,0,1.4625,35.95,12.0,50.5,12.815000000000001,invierno
2023-01-09 08:00:00,2023,1,9,SUROESTE2,1,1.285,23.65,6.5,53.5,22.0,invierno
2023-01-10 07:00:00,2023,1,10,CENTRO,1,1.48,36.0,,121.0,51.95,invierno
2023-01-10 07:00:00,2023,1,10,NORESTE3,0,1.685,32.25,8.0,130.0,42.0,invierno
2023-01-10 07:00:00,2023,1,10,NOROESTE3,0,1.54,27.733333333333334,2.5,82.66666666666667,43.03,invierno
2023-01-10 07:00:00,2023,1,10,NORTE2,1,1.23,27.5,,106.39500000000001,31.814999999999998,invierno
2023-01-10 07:00:00,2023,1,10,SUR,0,1.7925,41.125,4.0,83.75,27.743333333333336,invierno
2023-01-10 07:00:00,2023,1,10,SUROESTE2,1,1.63,37.849999999999994,3.0,83.0,35.0,invierno
2023-01-10 08:00:00,2023,1,10,CENTRO,1,1.79,36.6,4.0,130.0,58.54,invierno
2023-01-10 08:00:00,2023,1,10,NORESTE3,0,2.4,33.6,8.0,151.0,48.0,invierno
2023-01-10 08:00:00,2023,1,10,NOROESTE3,0,1.7166666666666668,28.73333333333333,3.5,90.33333333333333,39.815,invierno
2023-01-10 08:00:00,2023,1,10,NORTE2,1,2.015,28.75,,112.325,31.95,invierno
2023-01-10 08:00:00,2023,1,10,SUR,0,2.3675,42.7,3.6666666666666665,110.5,34.07333333333333,invierno
2023-01-10 08:00:00,2023,1,10,SUROESTE2,1,2.025,33.3,7.0,130.0,41.0,invierno
2023-01-11 07:00:00,2023,1,11,CENTRO,1,1.32,34.1,8.0,65.0,21.39,invierno
2023-01-11 07:00:00,2023,1,11,NORESTE3,0,1.855,38.75,9.0,131.5,46.0,invierno
2023-01-11 07:00:00,2023,1,11,NOROESTE3,0,1.7400000000000002,35.73333333333333,3.3333333333333335,95.66666666666667,23.235,invierno
2023-01-11 07:00:00,2023,1,11,NORTE2,1,1.985,38.85,,105.83500000000001,31.465,invierno
2023-01-11 07:00:00,2023,1,11,SUR,0,2.0825,46.75,4.75,103.0,19.333333333333332,invierno
2023-01-11 07:00:00,2023,1,11,SUROESTE2,1,1.3900000000000001,34.6,9.0,66.0,21.5,invierno
2023-01-11 08:00:00,2023,1,11,CENTRO,1,2.13,39.6,4.0,77.0,26.1,invierno
2023-01-11 08:00:00,2023,1,11,NORESTE3,0,2.5300000000000002,38.5,8.0,163.0,45.5,invierno
2023-01-11 08:00:00,2023,1,11,NOROESTE3,0,1.8299999999999998,35.13333333333333,3.5,94.0,19.575,invierno
2023-01-11 08:00:00,2023,1,11,NORTE2,1,2.705,38.15,,150.485,31.015,invierno
2023-01-11 08:00:00,2023,1,11,SUR,0,2.835,52.1,4.75,125.25,20.599999999999998,invierno
2023-01-11 08:00:00,2023,1,11,SUROESTE2,1,2.7699999999999996,39.3,7.0,99.5,31.5,invierno
2023-01-12 07:00:00,2023,1,12,CENTRO,1,1.49,35.2,7.0,100.0,28.44,invierno
2023-01-12 07:00:00,2023,1,12,NORESTE3,0,0.6523333333333334,9.433333333333334,25.833333333333332,365.3333333333333,42.0,invierno
2023-01-12 07:00:00,2023,1,12,NOROESTE3,0,1.3566666666666665,17.1,21.333333333333332,271.3333333333333,21.935000000000002,invierno
2023-01-12 07:00:00,2023,1,12,NORTE2,1,0.755,19.85,20.0,107.99000000000001,17.575,invierno
2023-01-12 07:00:00,2023,1,12,SUR,0,1.22,16.075,20.25,151.75,18.709999999999997,invierno
2023-01-12 07:00:00,2023,1,12,SUROESTE2,1,1.26,34.65,7.5,65.5,20.5,invierno
2023-01-12 08:00:00,2023,1,12,CENTRO,1,1.24,16.3,23.0,134.0,16.75,invierno
2023-01-12 08:00:00,2023,1,12,NORESTE3,0,0.664,11.333333333333334,27.666666666666668,432.3333333333333,22.0,invierno
2023-01-12 08:00:00,2023,1,12,NOROESTE3,0,1.28,17.966666666666665,21.666666666666668,281.0,18.54,invierno
2023-01-12 08:00:00,2023,1,12,NORTE2,1,0.675,14.9,27.0,253.05,29.825,invierno
2023-01-12 08:00:00,2023,1,12,SUR,0,1.2375,12.85,23.0,234.25,17.463333333333335,invierno
2023-01-12 08:00:00,2023,1,12,SUROESTE2,1,1.29,28.35,13.5,99.0,26.0,invierno
2023-01-13 07:00:00,2023,1,13,CENTRO,1,1.32,21.7,17.0,31.0,7.22,invierno
2023-01-13 07:00:00,2023,1,13,NORESTE3,0,0.839,31.400000000000002,9.5,47.333333333333336,10.0,invierno
2023-01-13 07:00:00,2023,1,13,NOROESTE3,0,1.4833333333333334,27.099999999999998,5.333333333333333,54.0,26.885,invierno
2023-01-13 07:00:00,2023,1,13,NORTE2,1,1.095,37.55,6.5,53.5,18.0,invierno
2023-01-13 07:00:00,2023,1,13,SUR,0,1.43,40.65,11.5,43.0,7.890000000000001,invierno
2023-01-13 07:00:00,2023,1,13,SUROESTE2,1,1.1,22.4,19.0,18.5,8.5,invierno
2023-01-13 08:00:00,2023,1,13,CENTRO,1,1.39,22.9,19.0,46.0,6.86,invierno
2023-01-13 08:00:00,2023,1,13,NORESTE3,0,0.8993333333333333,30.46666666666667,8.533333333333333,52.666666666666664,9.0,invierno
2023-01-13 08:00:00,2023,1,13,NOROESTE3,0,1.6833333333333333,28.3,5.0,72.0,25.165,invierno
2023-01-13 08:00:00,2023,1,13,NORTE2,1,1.5,38.9,9.0,66.5,17.0,invierno
2023-01-13 08:00:00,2023,1,13,SUR,0,1.62,37.95,10.25,57.25,11.290000000000001,invierno
2023-01-13 08:00:00,2023,1,13,SUROESTE2,1,1.25,25.0,17.0,46.0,8.5,invierno
2023-01-14 07:00:00,2023,1,14,CENTRO,0,1.6,36.2,,91.0,38.18,invierno
2023-01-14 07:00:00,2023,1,14,NORESTE3,0,1.085,33.03333333333333,6.5,60.333333333333336,17.0,invierno
2023-01-14 07:00:00,2023,1,14,NOROESTE3,0,1.6400000000000003,31.2,,124.33333333333333,35.07,invierno
2023-01-14 07:00:00,2023,1,14,NORTE2,0,1.145,41.55,7.0,77.565,22.384999999999998,invierno
2023-01-14 07:00:00,2023,1,14,SUR,0,1.7525,55.349999999999994,5.5,61.25,21.666666666666668,invierno
2023-01-14 07:00:00,2023,1,14,SUROESTE2,0,1.425,33.3,7.0,76.0,29.5,invierno
2023-01-14 08:00:00,2023,1,14,CENTRO,0,1.83,36.4,,91.0,45.16,invierno
2023-01-14 08:00:00,2023,1,14,NORESTE3,0,1.2356666666666667,35.43333333333333,6.0,80.66666666666667,18.0,invierno
2023-01-14 08:00:00,2023,1,14,NOROESTE3,0,1.7300000000000002,30.53333333333333,,108.33333333333333,29.155,invierno
2023-01-14 08:00:00,2023,1,14,NORTE2,0,1.27,41.25,6.5,85.385,20.285,invierno
2023-01-14 08:00:00,2023,1,14,SUR,0,2.0825,42.075,4.333333333333333,76.25,30.5,invierno
2023-01-14 08:00:00,2023,1,14,SUROESTE2,0,1.5899999999999999,34.05,5.0,110.0,33.5,invierno
2023-01-15 07:00:00,2023,1,15,CENTRO,0,1.67,30.5,4.0,70.0,33.47,invierno
2023-01-15 07:00:00,2023,1,15,NORESTE3,0,0.8623333333333333,27.0,7.5,48.333333333333336,15.0,invierno
2023-01-15 07:00:00,2023,1,15,NOROESTE3,0,1.7066666666666668,24.733333333333334,8.5,65.66666666666667,23.1,invierno
2023-01-15 07:00:00,2023,1,15,NORTE2,0,0.9750000000000001,30.1,6.0,45.760000000000005,14.615,invierno
2023-01-15 07:00:00,2023,1,15,SUR,0,1.5175,40.5,7.5,57.75,19.02,invierno
2023-01-15 07:00:00,2023,1,15,SUROESTE2,0,1.3199999999999998,27.799999999999997,9.5,77.0,25.5,invierno
2023-01-15 08:00:00,2023,1,15,CENTRO,0,1.81,31.1,4.0,82.0,39.75,invierno
2023-01-15 08:00:00,2023,1,15,NORESTE3,0,0.9223333333333333,28.233333333333334,6.5,50.0,16.0,invierno
2023-01-15 08:00:00,2023,1,15,NOROESTE3,0,1.88,26.933333333333334,6.0,59.0,26.380000000000003,invierno
2023-01-15 08:00:00,2023,1,15,NORTE2,0,1.1800000000000002,30.5,6.0,54.785,16.619999999999997,invierno
2023-01-15 08:00:00,2023,1,15,SUR,0,1.835,37.525,5.666666666666667,54.75,20.61,invierno
2023-01-15 08:00:00,2023,1,15,SUROESTE2,0,1.44,28.2,8.0,75.0,27.5,invierno
2023-01-16 07:00:00,2023,1,16,CENTRO,1,1.59,36.3,5.0,175.0,44.86,invierno
2023-01-16 07:00:00,2023,1,16,NORESTE3,0,1.6863333333333335,38.733333333333334,6.0,107.0,53.0,invierno
2023-01-16 07:00:00,2023,1,16,NOROESTE3,0,1.4666666666666668,16.7,16.666666666666668,119.05,11.28,invierno
2023-01-16 07:00:00,2023,1,16,NORTE2,1,0.855,33.65,7.5,99.105,15.92,invierno
2023-01-16 07:00:00,2023,1,16,SUR,0,2.0925000000000002,40.075,4.75,101.25,25.965,invierno
2023-01-16 07:00:00,2023,1,16,SUROESTE2,1,1.1199999999999999,20.75,16.5,162.5,18.5,invierno
2023-01-16 08:00:00,2023,1,16,CENTRO,1,1.64,33.2,7.0,160.0,17.41,invierno
2023-01-16 08:00:00,2023,1,16,NORESTE3,0,1.5919999999999999,36.166666666666664,6.366666666666667,155.0,45.5,invierno
2023-01-16 08:00:00,2023,1,16,NOROESTE3,0,1.5433333333333332,21.099999999999998,13.333333333333334,60.39666666666667,8.68,invierno
2023-01-16 08:00:00,2023,1,16,NORTE2,1,1.2999999999999998,37.25,6.5,96.72,13.235,invierno
2023-01-16 08:00:00,2023,1,16,SUR,0,2.3975,35.525,4.75,114.25,29.525,invierno
2023-01-16 08:00:00,2023,1,16,SUROESTE2,1,1.815,32.65,7.5,102.5,16.0,invierno
2023-01-17 07:00:00,2023,1,17,CENTRO,1,1.63,35.6,4.0,111.0,33.95,invierno
2023-01-17 07:00:00,2023,1,17,NORESTE3,0,1.4536666666666667,37.5,7.0,102.0,35.5,invierno
2023-01-17 07:00:00,2023,1,17,NOROESTE3,0,1.4400000000000002,32.86666666666667,2.5,134.33333333333334,25.44,invierno
2023-01-17 07:00:00,2023,1,17,NORTE2,1,1.455,39.75,,110.0,28.0,invierno
2023-01-17 07:00:00,2023,1,17,SUR,0,1.895,47.575,4.25,105.25,36.8225,invierno
2023-01-17 07:00:00,2023,1,17,SUROESTE2,1,1.5099999999999998,28.200000000000003,12.0,70.0,21.0,invierno
2023-01-17 08:00:00,2023,1,17,CENTRO,1,1.85,36.7,4.0,121.0,33.77,invierno
2023-01-17 08:00:00,2023,1,17,NORESTE3,0,2.159333333333333,40.13333333333333,9.0,140.66666666666666,47.0,invierno
2023-01-17 08:00:00,2023,1,17,NOROESTE3,0,1.7433333333333332,33.766666666666666,3.5,108.66666666666667,,invierno
2023-01-17 08:00:00,2023,1,17,NORTE2,1,1.75,39.25,,152.0,30.0,invierno
2023-01-17 08:00:00,2023,1,17,SUR,0,2.05,44.675,4.75,108.0,32.3225,invierno
2023-01-17 08:00:00,2023,1,17,SUROESTE2,1,2.415,33.45,10.0,104.5,30.0,invierno
2023-01-18 07:00:00,2023,1,18,CENTRO,1,1.71,35.1,5.0,260.0,47.57,invierno
2023-01-18 07:00:00,2023,1,18,NORESTE3,0,1.4086666666666667,31.833333333333332,8.0,141.0,41.5,invierno
2023-01-18 07:00:00,2023,1,18,NOROESTE3,0,1.3533333333333335,24.266666666666666,12.0,96.33333333333333,14.23,invierno
2023-01-18 07:00:00,2023,1,18,NORTE2,1,1.62,41.25,,195.0,51.0,invierno
2023-01-18 07:00:00,2023,1,18,SUR,0,2.225,48.35,4.5,130.5,42.0625,invierno
2023-01-18 07:00:00,2023,1,18,SUROESTE2,1,1.6,32.85,9.0,223.0,48.0,invierno
2023-01-18 08:00:00,2023,1,18,CENTRO,1,1.97,36.9,4.0,187.0,37.3,invierno
2023-01-18 08:00:00,2023,1,18,NORESTE3,0,1.721,30.833333333333332,8.0,129.33333333333334,37.5,invierno
2023-01-18 08:00:00,2023,1,18,NOROESTE3,0,1.4866666666666666,23.533333333333335,13.0,138.0,7.16,invierno
2023-01-18 08:00:00,2023,1,18,NORTE2,1,2.385,45.85,,224.0,52.0,invierno
2023-01-18 08:00:00,2023,1,18,SUR,0,2.795,40.0,4.75,150.25,48.34,invierno
2023-01-18 08:00:00,2023,1,18,SUROESTE2,1,2.415,38.05,4.0,126.0,41.0,invierno
2023-01-19 07:00:00,2023,1,19,CENTRO,1,1.32,16.4,24.0,37.0,6.26,invierno
2023-01-19 07:00:00,2023,1,19,NORESTE3,0,0.6803333333333333,12.133333333333333,25.53333333333333,42.666666666666664,4.0,invierno
2023-01-19 07:00:00,2023,1,19,NOROESTE3,0,1.0166666666666666,20.533333333333335,22.333333333333332,62.333333333333336,7.98,invierno
2023-01-19 07:00:00,2023,1,19,NORTE2,1,0.67,18.75,23.5,37.5,3.0,invierno
2023-01-19 07:00:00,2023,1,19,SUR,0,1.345,27.625,18.5,45.25,6.7524999999999995,invierno
2023-01-19 07:00:00,2023,1,19,SUROESTE2,1,1.0899999999999999,10.100000000000001,28.0,34.5,4.5,invierno
2023-01-19 08:00:00,2023,1,19,CENTRO,1,1.47,24.4,18.0,39.0,6.76,invierno
2023-01-19 08:00:00,2023,1,19,NORESTE3,0,0.7746666666666667,14.966666666666667,23.0,50.333333333333336,5.0,invierno
2023-01-19 08:00:00,2023,1,19,NOROESTE3,0,1.0866666666666667,23.433333333333334,20.333333333333332,34.666666666666664,8.56,invierno
2023-01-19 08:00:00,2023,1,19,NORTE2,1,0.69,20.15,23.5,34.0,4.0,invierno
2023-01-19 08:00:00,2023,1,19,SUR,0,1.45,31.35,15.5,48.75,7.1375,invierno
2023-01-19 08:00:00,2023,1,19,SUROESTE2,1,1.19,18.2,21.5,32.0,4.0,invierno
2023-01-20 07:00:00,2023,1,20,CENTRO,1,1.48,29.8,8.0,50.0,18.93,invierno
2023-01-20 07:00:00,2023,1,20,NORESTE3,0,0.855,23.03333333333333,16.0,55.666666666666664,11.0,invierno
2023-01-20 07:00:00,2023,1,20,NOROESTE3,0,1.4366666666666668,34.733333333333334,3.0,71.33333333333333,21.07,invierno
2023-01-20 07:00:00,2023,1,20,NORTE2,1,0.95,39.3,6.0,77.5,15.754999999999999,invierno
2023-01-20 07:00:00,2023,1,20,SUR,0,1.4875,49.5,6.75,47.0,9.7375,invierno
2023-01-20 07:00:00,2023,1,20,SUROESTE2,1,1.295,25.2,11.0,62.0,20.0,invierno
2023-01-20 08:00:00,2023,1,20,CENTRO,1,1.58,33.3,5.0,87.0,26.89,invierno
2023-01-20 08:00:00,2023,1,20,NORESTE3,0,1.063,30.2,9.0,69.33333333333333,12.0,invierno
2023-01-20 08:00:00,2023,1,20,NOROESTE3,0,1.8,35.86666666666667,3.0,78.33333333333333,23.485,invierno
2023-01-20 08:00:00,2023,1,20,NORTE2,1,1.2,38.55,6.5,88.0,19.595,invierno
2023-01-20 08:00:00,2023,1,20,SUR,0,1.7275,43.400000000000006,5.0,64.0,14.129999999999999,invierno
2023-01-20 08:00:00,2023,1,20,SUROESTE2,1,2.235,34.25,5.0,68.0,25.0,invierno
2023-01-21 07:00:00,2023,1,21,CENTRO,0,1.57,23.5,8.0,77.0,30.84,invierno
2023-01-21 07:00:00,2023,1,21,NORESTE3,0,0.9043333333333333,24.299999999999997,6.5,56.0,17.5,invierno
2023-01-21 07:00:00,2023,1,21,NOROESTE3,0,1.46,27.46666666666667,2.6666666666666665,100.33333333333333,36.38,invierno
2023-01-21 07:00:00,2023,1,21,NORTE2,0,1.07,27.15,6.5,72.5,13.684999999999999,invierno
2023-01-21 07:00:00,2023,1,21,SUR,0,1.47,36.25,7.0,37.25,10.620000000000001,invierno
2023-01-21 07:00:00,2023,1,21,SUROESTE2,0,1.47,21.7,8.5,55.5,28.5,invierno
2023-01-21 08:00:00,2023,1,21,CENTRO,0,1.72,27.6,4.0,76.0,30.66,invierno
2023-01-21 08:00:00,2023,1,21,NORESTE3,0,0.9723333333333333,23.400000000000002,5.5,59.666666666666664,19.5,invierno
2023-01-21 08:00:00,2023,1,21,NOROESTE3,0,1.57,25.733333333333334,3.0,77.0,35.58,invierno
2023-01-21 08:00:00,2023,1,21,NORTE2,0,1.39,27.4,6.0,81.0,13.969999999999999,invierno
2023-01-21 08:00:00,2023,1,21,SUR,0,1.7149999999999999,37.95,6.75,40.25,10.9225,invierno
2023-01-21 08:00:00,2023,1,21,SUROESTE2,0,1.625,26.1,6.5,93.5,33.0,invierno
2023-01-22 07:00:00,2023,1,22,CENTRO,0,1.79,11.2,28.0,52.0,16.29,invierno
2023-01-22 07:00:00,2023,1,22,NORESTE3,0,0.7173333333333333,9.333333333333334,30.900000000000002,45.666666666666664,5.5,invierno
2023-01-22 07:00:00,2023,1,22,NOROESTE3,0,1.08,14.533333333333333,30.0,29.666666666666668,7.26,invierno
2023-01-22 07:00:00,2023,1,22,NORTE2,0,0.635,13.25,28.5,41.0,4.99,invierno
2023-01-22 07:00:00,2023,1,22,SUR,0,1.2475,15.333333333333334,28.75,49.25,9.876666666666667,invierno
2023-01-22 07:00:00,2023,1,22,SUROESTE2,0,1.195,11.2,24.0,45.5,11.5,invierno
2023-01-22 08:00:00,2023,1,22,CENTRO,0,1.37,15.4,25.0,44.0,9.56,invierno
2023-01-22 08:00:00,2023,1,22,NORESTE3,0,0.7433333333333333,11.166666666666666,29.7,38.0,3.5,invierno
2023-01-22 08:00:00,2023,1,22,NOROESTE3,0,1.2266666666666668,21.566666666666666,19.666666666666668,31.0,7.09,invierno
2023-01-22 08:00:00,2023,1,22,NORTE2,0,0.615,15.85,26.5,39.5,5.04,invierno
2023-01-22 08:00:00,2023,1,22,SUR,0,1.305,20.8,24.5,40.25,7.510000000000001,invierno
2023-01-22 08:00:00,2023,1,22,SUROESTE2,0,1.3599999999999999,18.6,18.0,39.5,10.5,invierno
2023-01-23 07:00:00,2023,1,23,CENTRO,1,1.42,21.7,19.0,61.0,,invierno
2023-01-23 07:00:00,2023,1,23,NORESTE3,0,0.8850000000000001,22.566666666666666,19.8,47.333333333333336,13.5,invierno
2023-01-23 07:00:00,2023,1,23,NOROESTE3,0,1.1233333333333333,14.266666666666666,29.666666666666668,29.0,11.08,invierno
2023-01-23 07:00:00,2023,1,23,NORTE2,1,0.895,29.799999999999997,16.5,46.0,9.735,invierno
2023-01-23 07:00:00,2023,1,23,SUR,1,1.3575,18.45,22.25,36.5,10.0,invierno
2023-01-23 07:00:00,2023,1,23,SUROESTE2,1,1.315,23.2,15.0,42.5,15.0,invierno
2023-01-23 08:00:00,2023,1,23,CENTRO,1,1.51,22.9,19.0,49.0,,invierno
2023-01-23 08:00:00,2023,1,23,NORESTE3,0,0.8936666666666667,23.2,20.033333333333335,54.666666666666664,13.0,invierno
2023-01-23 08:00:00,2023,1,23,NOROESTE3,0,1.1733333333333331,17.7,25.333333333333332,29.666666666666668,12.29,invierno
2023-01-23 08:00:00,2023,1,23,NORTE2,1,0.905,31.1,14.0,52.0,8.965,invierno
2023-01-23 08:00:00,2023,1,23,SUR,1,1.4675,20.2,19.75,41.5,10.333333333333334,invierno
2023-01-23 08:00:00,2023,1,23,SUROESTE2,1,1.685,32.6,8.0,46.0,16.5,invierno
2023-01-24 07:00:00,2023,1,24,CENTRO,1,1.6,19.5,6.0,93.0,,invierno
2023-01-24 07:00:00,2023,1,24,NORESTE3,0,1.111,26.066666666666666,5.0,54.333333333333336,19.0,invierno
2023-01-24 07:00:00,2023,1,24,NOROESTE3,0,1.5633333333333332,24.46666666666667,4.333333333333333,56.0,32.46,invierno
2023-01-24 07:00:00,2023,1,24,NORTE2,1,0.93,25.4,9.0,74.5,32.0,invierno
2023-01-24 07:00:00,2023,1,24,SUR,1,1.61,34.25,6.0,80.25,32.25,invierno
2023-01-24 07:00:00,2023,1,24,SUROESTE2,1,1.53,22.2,4.0,73.5,32.5,invierno
2023-01-24 08:00:00,2023,1,24,CENTRO,1,1.93,21.6,4.0,71.0,,invierno
2023-01-24 08:00:00,2023,1,24,NORESTE3,0,2.05,28.8,,58.0,18.5,invierno
2023-01-24 08:00:00,2023,1,24,NOROESTE3,0,2.186666666666667,23.666666666666668,3.6666666666666665,54.5,31.26,invierno
2023-01-24 08:00:00,2023,1,24,NORTE2,1,1.45,29.200000000000003,6.0,75.0,24.0,invierno
2023-01-24 08:00:00,2023,1,24,SUR,1,2.0700000000000003,31.349999999999998,5.25,80.25,29.0,invierno
2023-01-24 08:00:00,2023,1,24,SUROESTE2,1,2.02,23.15,5.0,90.0,31.0,invierno
2023-01-25 07:00:00,2023,1,25,CENTRO,1,1.37,24.3,11.0,46.0,7.17,invierno
2023-01-25 07:00:00,2023,1,25,NORESTE3,0,0.951,27.03333333333333,13.5,35.0,5.5,invierno
2023-01-25 07:00:00,2023,1,25,NOROESTE3,0,1.6900000000000002,30.0,3.0,66.0,20.71,invierno
2023-01-25 07:00:00,2023,1,25,NORTE2,1,1.12,35.45,7.0,31.5,5.4399999999999995,invierno
2023-01-25 07:00:00,2023,1,25,SUR,1,1.5975,38.45,7.75,38.25,6.75,invierno
2023-01-25 07:00:00,2023,1,25,SUROESTE2,1,1.245,27.0,7.0,28.5,8.5,invierno
2023-01-25 08:00:00,2023,1,25,CENTRO,1,1.71,35.2,4.0,40.0,11.71,invierno
2023-01-25 08:00:00,2023,1,25,NORESTE3,0,1.1236666666666666,30.8,9.0,64.0,12.0,invierno
2023-01-25 08:00:00,2023,1,25,NOROESTE3,0,2.1033333333333335,32.199999999999996,3.0,75.5,25.19,invierno
2023-01-25 08:00:00,2023,1,25,NORTE2,1,1.4,35.599999999999994,8.0,47.5,8.625,invierno
2023-01-25 08:00:00,2023,1,25,SUR,1,2.04,38.400000000000006,5.5,52.75,10.75,invierno
2023-01-25 08:00:00,2023,1,25,SUROESTE2,1,1.74,29.85,4.5,32.5,11.0,invierno
2023-01-26 07:00:00,2023,1,26,CENTRO,1,1.48,35.6,7.0,60.0,23.19,invierno
2023-01-26 07:00:00,2023,1,26,NORESTE3,0,1.0203333333333333,34.1,6.0,61.666666666666664,20.0,invierno
2023-01-26 07:00:00,2023,1,26,NOROESTE3,0,1.2866666666666666,24.76666666666667,16.666666666666668,39.0,11.88,invierno
2023-01-26 07:00:00,2023,1,26,NORTE2,1,0.98,39.05,8.5,79.0,11.815000000000001,invierno
2023-01-26 07:00:00,2023,1,26,SUR,1,1.7125,51.525,5.75,54.0,20.0,invierno
2023-01-26 07:00:00,2023,1,26,SUROESTE2,1,1.3399999999999999,37.15,6.0,40.0,17.5,invierno
2023-01-26 08:00:00,2023,1,26,CENTRO,1,1.91,32.3,11.0,71.0,15.95,invierno
2023-01-26 08:00:00,2023,1,26,NORESTE3,0,1.195,32.35,10.5,92.5,14.0,invierno
2023-01-26 08:00:00,2023,1,26,NOROESTE3,0,1.2933333333333332,24.933333333333334,16.666666666666668,32.5,10.14,invierno
2023-01-26 08:00:00,2023,1,26,NORTE2,1,0.935,26.95,15.5,65.5,7.98,invierno
2023-01-26 08:00:00,2023,1,26,SUR,1,2.0375,44.85,5.25,76.25,24.666666666666668,invierno
2023-01-26 08:00:00,2023,1,26,SUROESTE2,1,1.5350000000000001,35.35,7.5,60.5,19.5,invierno
2023-01-27 07:00:00,2023,1,27,CENTRO,1,1.37,18.9,15.0,40.0,24.23,invierno
2023-01-27 07:00:00,2023,1,27,NORESTE3,0,0.8203333333333335,18.733333333333334,17.900000000000002,44.666666666666664,16.0,invierno
2023-01-27 07:00:00,2023,1,27,NOROESTE3,0,1.28,18.433333333333334,16.0,35.0,20.064999999999998,invierno
2023-01-27 07:00:00,2023,1,27,NORTE2,1,0.75,22.05,17.5,44.0,9.79,invierno
2023-01-27 07:00:00,2023,1,27,SUR,1,1.3175,27.474999999999998,19.25,57.5,13.5,invierno
2023-01-27 07:00:00,2023,1,27,SUROESTE2,1,1.21,18.799999999999997,12.5,40.5,21.0,invierno
2023-01-27 08:00:00,2023,1,27,CENTRO,1,1.63,25.0,11.0,46.0,29.11,invierno
2023-01-27 08:00:00,2023,1,27,NORESTE3,0,0.832,16.066666666666666,18.666666666666668,49.0,18.5,invierno
2023-01-27 08:00:00,2023,1,27,NOROESTE3,0,1.2366666666666666,19.53333333333333,15.0,33.5,16.97,invierno
2023-01-27 08:00:00,2023,1,27,NORTE2,1,0.885,24.9,15.5,45.5,13.645,invierno
2023-01-27 08:00:00,2023,1,27,SUR,1,1.45,30.35,13.25,31.5,15.0,invierno
2023-01-27 08:00:00,2023,1,27,SUROESTE2,1,1.42,21.85,10.0,42.0,26.5,invierno
2023-01-28 07:00:00,2023,1,28,CENTRO,0,2.01,28.2,4.0,87.0,69.09,invierno
2023-01-28 07:00:00,2023,1,28,NORESTE3,0,1.2546666666666668,28.166666666666668,6.0,100.0,48.0,invierno
2023-01-28 07:00:00,2023,1,28,NOROESTE3,0,1.9866666666666666,32.199999999999996,,100.0,49.81,invierno
2023-01-28 07:00:00,2023,1,28,NORTE2,0,1.705,33.95,,114.825,44.44,invierno
2023-01-28 07:00:00,2023,1,28,SUR,0,1.73,37.7,5.75,75.25,46.75,invierno
2023-01-28 07:00:00,2023,1,28,SUROESTE2,0,1.8900000000000001,28.45,1.0,118.5,54.5,invierno
2023-01-28 08:00:00,2023,1,28,CENTRO,0,2.09,28.1,4.0,116.0,74.06,invierno
2023-01-28 08:00:00,2023,1,28,NORESTE3,0,1.4323333333333332,28.5,8.0,112.0,49.5,invierno
2023-01-28 08:00:00,2023,1,28,NOROESTE3,0,2.276666666666667,33.63333333333333,4.0,112.5,52.275,invierno
2023-01-28 08:00:00,2023,1,28,NORTE2,0,1.7850000000000001,33.95,,107.14,35.925,invierno
2023-01-28 08:00:00,2023,1,28,SUR,0,2.1025,35.725,4.5,88.0,45.0,invierno
2023-01-28 08:00:00,2023,1,28,SUROESTE2,0,2.23,29.25,2.0,103.5,59.0,invierno
2023-01-29 07:00:00,2023,1,29,CENTRO,0,2.16,49.3,,161.0,91.54,invierno
2023-01-29 07:00:00,2023,1,29,NORESTE3,0,1.8973333333333333,45.166666666666664,6.0,141.33333333333334,72.5,invierno
2023-01-29 07:00:00,2023,1,29,NOROESTE3,0,1.9866666666666666,35.43333333333334,6.666666666666667,110.33333333333333,49.455,invierno
2023-01-29 07:00:00,2023,1,29,NORTE2,0,1.5950000000000002,46.599999999999994,8.0,110.535,44.665,invierno
2023-01-29 07:00:00,2023,1,29,SUR,0,2.6825,49.8,5.0,179.5,68.0,invierno
2023-01-29 07:00:00,2023,1,29,SUROESTE2,0,1.945,37.55,4.0,117.5,53.5,invierno
2023-01-29 08:00:00,2023,1,29,CENTRO,0,2.21,46.4,,176.0,99.36,invierno
2023-01-29 08:00:00,2023,1,29,NORESTE3,0,1.5626666666666666,37.56666666666667,5.95,136.0,60.0,invierno
2023-01-29 08:00:00,2023,1,29,NOROESTE3,0,1.9833333333333334,37.733333333333334,5.0,101.0,52.114999999999995,invierno
2023-01-29 08:00:00,2023,1,29,NORTE2,0,1.595,43.400000000000006,,117.545,45.265,invierno
2023-01-29 08:00:00,2023,1,29,SUR,0,2.425,49.1,7.0,145.5,61.25,invierno
2023-01-29 08:00:00,2023,1,29,SUROESTE2,0,2.03,34.8,4.0,114.0,50.0,invierno
2023-01-30 07:00:00,2023,1,30,CENTRO,1,1.69,28.8,9.0,74.0,22.51,invierno
2023-01-30 07:00:00,2023,1,30,NORESTE3,0,1.4963333333333333,29.53333333333333,7.0,79.33333333333333,25.5,invierno
2023-01-30 07:00:00,2023,1,30,NOROESTE3,0,1.7433333333333334,27.96666666666667,2.6666666666666665,79.5,16.880000000000003,invierno
2023-01-30 07:00:00,2023,1,30,NORTE2,1,1.6749999999999998,28.0,7.0,73.22999999999999,17.759999999999998,invierno
2023-01-30 07:00:00,2023,1,30,SUR,1,2.27,50.224999999999994,4.0,72.25,25.0,invierno
2023-01-30 07:00:00,2023,1,30,SUROESTE2,1,1.69,23.65,19.0,51.0,18.0,invierno
2023-01-30 08:00:00,2023,1,30,CENTRO,1,2.16,36.5,4.0,68.0,25.15,invierno
2023-01-30 08:00:00,2023,1,30,NORESTE3,0,1.9776666666666667,30.333333333333332,7.0,99.0,34.0,invierno
2023-01-30 08:00:00,2023,1,30,NOROESTE3,0,2.05,27.766666666666666,3.0,71.33333333333333,17.975,invierno
2023-01-30 08:00:00,2023,1,30,NORTE2,1,2.725,31.9,8.0,110.02000000000001,27.67,invierno
2023-01-30 08:00:00,2023,1,30,SUR,1,2.9275,41.075,4.25,105.0,28.5,invierno
2023-01-30 08:00:00,2023,1,30,SUROESTE2,1,2.47,28.900000000000002,8.0,58.0,31.5,invierno
2023-01-31 07:00:00,2023,1,31,CENTRO,1,1.54,10.7,3.0,37.0,26.13,invierno
2023-01-31 07:00:00,2023,1,31,NORESTE3,0,0.8573333333333334,10.633333333333333,5.5,17.666666666666668,3.0,invierno
2023-01-31 07:00:00,2023,1,31,NOROESTE3,0,1.4266666666666667,13.399999999999999,2.3333333333333335,5.0,,invierno
2023-01-31 07:00:00,2023,1,31,NORTE2,1,0.8300000000000001,11.2,8.0,35.33,5.4,invierno
2023-01-31 07:00:00,2023,1,31,SUR,1,1.4075,22.125,4.75,14.666666666666666,2.5,invierno
2023-01-31 07:00:00,2023,1,31,SUROESTE2,1,1.4849999999999999,11.100000000000001,,27.5,17.0,invierno
2023-01-31 08:00:00,2023,1,31,CENTRO,1,1.69,10.4,,41.0,22.9,invierno
2023-01-31 08:00:00,2023,1,31,NORESTE3,0,1.018,10.766666666666666,5.5,18.333333333333332,4.0,invierno
2023-01-31 08:00:00,2023,1,31,NOROESTE3,0,1.5133333333333334,13.133333333333333,2.5,4.666666666666667,5.5,invierno
2023-01-31 08:00:00,2023,1,31,NORTE2,1,0.935,11.15,8.0,9.61,5.6,invierno
2023-01-31 08:00:00,2023,1,31,SUR,1,1.5274999999999999,21.275,5.0,15.333333333333334,2.5,invierno
2023-01-31 08:00:00,2023,1,31,SUROESTE2,1,1.675,11.899999999999999,5.0,32.5,17.5,invierno
2023-02-01 07:00:00,2023,2,1,CENTRO,1,1.56,15.7,3.0,38.0,17.38,otra
2023-02-01 07:00:00,2023,2,1,NORESTE3,0,0.7973333333333333,10.866666666666667,8.233333333333333,22.666666666666668,6.0,otra
2023-02-01 07:00:00,2023,2,1,NOROESTE3,0,1.3666666666666665,15.9,3.6666666666666665,16.5,8.705,otra
2023-02-01 07:00:00,2023,2,1,NORTE2,1,0.95,13.5,8.0,11.9,3.405,otra
2023-02-01 07:00:00,2023,2,1,SUR,1,1.33,24.175,5.0,13.25,7.75,otra
2023-02-01 07:00:00,2023,2,1,SUROESTE2,1,1.375,14.35,1.0,27.5,22.0,otra
2023-02-01 08:00:00,2023,2,1,CENTRO,1,1.68,16.2,4.0,39.0,35.2,otra
2023-02-01 08:00:00,2023,2,1,NORESTE3,0,0.8426666666666667,11.700000000000001,8.933333333333334,23.333333333333332,5.0,otra
2023-02-01 08:00:00,2023,2,1,NOROESTE3,0,1.4866666666666666,16.233333333333334,3.6666666666666665,10.0,11.0,otra
2023-02-01 08:00:00,2023,2,1,NORTE2,1,1.015,15.0,7.5,13.705,4.615,otra
2023-02-01 08:00:00,2023,2,1,SUR,1,1.4825,23.5,4.5,16.5,6.0,otra
2023-02-01 08:00:00,2023,2,1,SUROESTE2,1,1.655,15.7,,33.0,17.0,otra
2023-02-02 07:00:00,2023,2,2,CENTRO,1,1.55,17.7,4.0,77.0,42.67,otra
2023-02-02 07:00:00,2023,2,2,NORESTE3,0,0.8753333333333333,12.633333333333333,6.233333333333333,29.333333333333332,9.0,otra
2023-02-02 07:00:00,2023,2,2,NOROESTE3,0,1.3733333333333333,17.099999999999998,2.0,42.333333333333336,24.45,otra
2023-02-02 07:00:00,2023,2,2,NORTE2,1,0.9199999999999999,17.15,6.0,50.675,10.809999999999999,otra
2023-02-02 07:00:00,2023,2,2,SUR,1,1.4125,17.55,7.0,32.5,18.333333333333332,otra
2023-02-02 07:00:00,2023,2,2,SUROESTE2,1,1.5699999999999998,18.2,,74.5,43.5,otra
2023-02-02 08:00:00,2023,2,2,CENTRO,1,1.79,18.3,4.0,95.0,37.64,otra
2023-02-02 08:00:00,2023,2,2,NORESTE3,0,0.9443333333333332,13.666666666666666,5.833333333333333,30.0,11.0,otra
2023-02-02 08:00:00,2023,2,2,NOROESTE3,0,1.4433333333333334,17.066666666666666,,59.0,37.55,otra
2023-02-02 08:00:00,2023,2,2,NORTE2,1,1.035,18.3,6.0,45.83,9.15,otra
2023-02-02 08:00:00,2023,2,2,SUR,1,1.5525,20.15,6.0,33.0,16.0,otra
2023-02-02 08:00:00,2023,2,2,SUROESTE2,1,1.72,19.049999999999997,,78.5,47.5,otra
2023-02-03 07:00:00,2023,2,3,CENTRO,1,1.77,20.3,4.0,39.0,15.44,otra
2023-02-03 07:00:00,2023,2,3,NORESTE3,0,1.02,21.7,6.233333333333333,36.666666666666664,20.5,otra
2023-02-03 07:00:00,2023,2,3,NOROESTE3,0,1.9133333333333333,20.76666666666667,3.0,48.0,20.945,otra
2023-02-03 07:00:00,2023,2,3,NORTE2,1,1.165,23.85,5.5,57.25,15.48,otra
2023-02-03 07:00:00,2023,2,3,SUR,1,1.6975,37.3,4.75,49.25,17.5,otra
2023-02-03 07:00:00,2023,2,3,SUROESTE2,1,1.69,19.95,3.5,29.0,16.0,otra
2023-02-03 08:00:00,2023,2,3,CENTRO,1,2.11,21.8,4.0,42.0,20.05,otra
2023-02-03 08:00:00,2023,2,3,NORESTE3,0,1.3483333333333334,21.96666666666667,7.633333333333333,54.0,23.5,otra
2023-02-03 08:00:00,2023,2,3,NOROESTE3,0,2.393333333333333,20.76666666666667,3.5,67.33333333333333,25.61,otra
2023-02-03 08:00:00,2023,2,3,NORTE2,1,2.075,26.15,6.0,70.275,22.23,otra
2023-02-03 08:00:00,2023,2,3,SUR,1,2.0575,31.5,4.5,60.5,21.75,otra
2023-02-03 08:00:00,2023,2,3,SUROESTE2,1,2.46,21.7,3.0,46.0,25.0,otra
2023-02-04 07:00:00,2023,2,4,CENTRO,0,1.62,29.2,4.0,59.0,34.24,otra
2023-02-04 07:00:00,2023,2,4,NORESTE3,0,1.066,25.166666666666668,5.433333333333334,51.0,26.5,otra
2023-02-04 07:00:00,2023,2,4,NOROESTE3,0,1.5466666666666669,27.7,4.333333333333333,58.0,35.635,otra
2023-02-04 07:00:00,2023,2,4,NORTE2,0,0.98,31.2,6.5,44.5,15.5,otra
2023-02-04 07:00:00,2023,2,4,SUR,0,1.5375,45.725,5.25,38.5,16.25,otra
2023-02-04 07:00:00,2023,2,4,SUROESTE2,0,1.475,26.1,3.5,54.0,23.5,otra
2023-02-04 08:00:00,2023,2,4,CENTRO,0,1.75,29.1,4.0,75.0,34.65,otra
2023-02-04 08:00:00,2023,2,4,NORESTE3,0,1.305,27.333333333333332,6.033333333333334,71.0,28.0,otra
2023-02-04 08:00:00,2023,2,4,NOROESTE3,0,1.8399999999999999,30.066666666666666,3.3333333333333335,71.5,39.965,otra
2023-02-04 08:00:00,2023,2,4,NORTE2,0,1.19,31.400000000000002,6.0,61.5,21.0,otra
2023-02-04 08:00:00,2023,2,4,SUR,0,1.785,35.8,5.0,63.25,22.0,otra
2023-02-04 08:00:00,2023,2,4,SUROESTE2,0,1.73,25.8,1.0,62.5,30.0,otra
2023-02-05 07:00:00,2023,2,5,CENTRO,0,1.65,22.8,11.0,59.0,33.93,otra
2023-02-05 07:00:00,2023,2,5,NORESTE3,0,1.449,25.366666666666664,6.0,83.33333333333333,38.0,otra
2023-02-05 07:00:00,2023,2,5,NOROESTE3,0,1.6566666666666665,25.733333333333334,7.666666666666667,50.333333333333336,29.915,otra
2023-02-05 07:00:00,2023,2,5,NORTE2,0,1.4900000000000002,29.65,5.5,85.5,30.5,otra
2023-02-05 07:00:00,2023,2,5,SUR,0,2.0325,35.150000000000006,4.25,86.0,41.75,otra
2023-02-05 07:00:00,2023,2,5,SUROESTE2,0,1.67,9.8,11.0,60.0,31.0,otra
2023-02-05 08:00:00,2023,2,5,CENTRO,0,1.68,25.4,8.0,67.0,33.99,otra
2023-02-05 08:00:00,2023,2,5,NORESTE3,0,1.1086666666666665,25.0,8.299999999999999,80.33333333333333,29.5,otra
2023-02-05 08:00:00,2023,2,5,NOROESTE3,0,1.7266666666666666,29.266666666666666,6.0,48.5,33.17,otra
2023-02-05 08:00:00,2023,2,5,NORTE2,0,1.795,31.05,4.0,76.5,27.5,otra
2023-02-05 08:00:00,2023,2,5,SUR,0,2.0725,37.575,4.666666666666667,67.5,36.666666666666664,otra
2023-02-05 08:00:00,2023,2,5,SUROESTE2,0,1.7,9.15,11.0,65.0,29.0,otra
2023-02-06 07:00:00,2023,2,6,CENTRO,1,1.85,35.4,4.0,72.0,47.83,otra
2023-02-06 07:00:00,2023,2,6,NORESTE3,0,0.8836666666666666,16.833333333333332,9.700000000000001,43.333333333333336,17.0,otra
2023-02-06 07:00:00,2023,2,6,NOROESTE3,0,1.7366666666666666,27.96666666666667,5.5,50.5,18.744999999999997,otra
2023-02-06 07:00:00,2023,2,6,NORTE2,1,0.96,24.6,6.0,45.5,14.5,otra
2023-02-06 07:00:00,2023,2,6,SUR,1,1.5425,30.0,9.25,48.75,21.333333333333332,otra
2023-02-06 07:00:00,2023,2,6,SUROESTE2,1,1.55,15.6,15.0,56.0,23.5,otra
2023-02-06 08:00:00,2023,2,6,CENTRO,1,1.95,33.1,4.0,89.0,45.46,otra
2023-02-06 08:00:00,2023,2,6,NORESTE3,0,0.8596666666666667,13.5,14.4,41.666666666666664,20.5,otra
2023-02-06 08:00:00,2023,2,6,NOROESTE3,0,1.8333333333333333,29.400000000000002,4.5,58.666666666666664,24.29,otra
2023-02-06 08:00:00,2023,2,6,NORTE2,1,0.9349999999999999,21.9,9.5,43.5,15.0,otra
2023-02-06 08:00:00,2023,2,6,SUR,1,1.58,26.625,9.0,41.5,15.25,otra
2023-02-06 08:00:00,2023,2,6,SUROESTE2,1,1.71,28.9,9.0,67.5,21.0,otra
2023-02-07 07:00:00,2023,2,7,CENTRO,1,1.95,26.4,4.0,62.0,34.92,otra
2023-02-07 07:00:00,2023,2,7,NORESTE3,0,1.2826666666666666,23.333333333333332,5.066666666666666,50.666666666666664,17.5,otra
2023-02-07 07:00:00,2023,2,7,NOROESTE3,0,2.0533333333333332,25.0,2.6666666666666665,65.5,27.45,otra
2023-02-07 07:00:00,2023,2,7,NORTE2,1,1.15,24.15,7.0,92.0,17.465,otra
2023-02-07 07:00:00,2023,2,7,SUR,1,1.99,34.05,4.0,90.66666666666667,29.0,otra
2023-02-07 07:00:00,2023,2,7,SUROESTE2,1,1.895,25.2,3.0,85.0,34.0,otra
2023-02-07 08:00:00,2023,2,7,CENTRO,1,2.52,29.0,4.0,105.0,53.45,otra
2023-02-07 08:00:00,2023,2,7,NORESTE3,0,1.5796666666666666,25.8,5.8999999999999995,72.66666666666667,25.0,otra
2023-02-07 08:00:00,2023,2,7,NOROESTE3,0,2.3800000000000003,25.833333333333332,3.5,96.33333333333333,29.98,otra
2023-02-07 08:00:00,2023,2,7,NORTE2,1,1.7199999999999998,26.5,6.0,84.5,24.92,otra
2023-02-07 08:00:00,2023,2,7,SUR,1,2.6525,25.924999999999997,4.5,101.33333333333333,29.75,otra
2023-02-07 08:00:00,2023,2,7,SUROESTE2,1,2.6350000000000002,27.6,6.0,111.0,40.0,otra
2023-02-08 07:00:00,2023,2,8,CENTRO,1,1.64,22.9,8.0,53.0,14.47,otra
2023-02-08 07:00:00,2023,2,8,NORESTE3,0,0.7999999999999999,11.0,19.566666666666666,48.666666666666664,6.0,otra
2023-02-08 07:00:00,2023,2,8,NOROESTE3,0,1.3233333333333333,20.033333333333335,12.333333333333334,29.5,8.29,otra
2023-02-08 07:00:00,2023,2,8,NORTE2,1,0.805,16.35,16.0,41.5,6.245,otra
2023-02-08 07:00:00,2023,2,8,SUR,1,1.3525,18.45,13.5,44.5,9.25,otra
2023-02-08 07:00:00,2023,2,8,SUROESTE2,1,1.5,19.9,8.5,57.0,14.5,otra
2023-02-08 08:00:00,2023,2,8,CENTRO,1,1.7,24.5,5.0,56.0,14.61,otra
2023-02-08 08:00:00,2023,2,8,NORESTE3,0,0.8383333333333333,12.299999999999999,17.633333333333333,45.666666666666664,8.0,otra
2023-02-08 08:00:00,2023,2,8,NOROESTE3,0,1.5066666666666666,23.200000000000003,7.666666666666667,38.666666666666664,13.225,otra
2023-02-08 08:00:00,2023,2,8,NORTE2,1,0.9550000000000001,18.45,14.0,61.5,7.18,otra
2023-02-08 08:00:00,2023,2,8,SUR,1,1.425,18.825000000000003,11.5,47.25,8.0,otra
2023-02-08 08:00:00,2023,2,8,SUROESTE2,1,1.6,22.85,5.0,38.0,12.5,otra
2023-02-09 07:00:00,2023,2,9,CENTRO,1,1.51,10.2,23.0,35.0,10.23,otra
2023-02-09 07:00:00,2023,2,9,NORESTE3,0,1.067,29.766666666666666,6.733333333333333,59.333333333333336,16.0,otra
2023-02-09 07:00:00,2023,2,9,NOROESTE3,0,1.5866666666666667,30.333333333333332,5.666666666666667,57.333333333333336,25.97,otra
2023-02-09 07:00:00,2023,2,9,NORTE2,1,0.75,29.4,9.5,78.5,18.380000000000003,otra
2023-02-09 07:00:00,2023,2,9,SUR,1,1.5325,22.65,10.0,50.5,14.25,otra
2023-02-09 07:00:00,2023,2,9,SUROESTE2,1,1.635,23.85,6.5,90.5,31.0,otra
2023-02-09 08:00:00,2023,2,9,CENTRO,1,1.7,20.8,14.0,39.0,11.01,otra
2023-02-09 08:00:00,2023,2,9,NORESTE3,0,1.2073333333333334,30.066666666666663,9.666666666666666,74.0,18.5,otra
2023-02-09 08:00:00,2023,2,9,NOROESTE3,0,1.58,29.7,6.666666666666667,61.0,17.755000000000003,otra
2023-02-09 08:00:00,2023,2,9,NORTE2,1,0.99,35.0,7.0,92.5,25.259999999999998,otra
2023-02-09 08:00:00,2023,2,9,SUR,1,1.7725,24.25,10.0,62.5,14.0,otra
2023-02-09 08:00:00,2023,2,9,SUROESTE2,1,2.04,25.9,3.0,100.5,37.5,otra
2023-02-10 07:00:00,2023,2,10,CENTRO,1,1.56,11.4,24.0,126.0,16.42,otra
2023-02-10 07:00:00,2023,2,10,NORESTE3,0,0.7706666666666667,8.700000000000001,29.8,210.20000000000002,15.175,otra
2023-02-10 07:00:00,2023,2,10,NOROESTE3,0,1.43,22.599999999999998,17.0,87.33333333333333,12.71,otra
2023-02-10 07:00:00,2023,2,10,NORTE2,1,0.52,13.5,25.0,293.0,12.705,otra
2023-02-10 07:00:00,2023,2,10,SUR,1,1.3075,11.225000000000001,24.25,227.0,12.75,otra
2023-02-10 07:00:00,2023,2,10,SUROESTE2,1,1.4300000000000002,12.75,21.0,56.5,14.0,otra
2023-02-10 08:00:00,2023,2,10,CENTRO,1,1.61,15.8,21.0,188.0,15.41,otra
2023-02-10 08:00:00,2023,2,10,NORESTE3,0,0.8303333333333334,9.366666666666667,29.099999999999998,154.14333333333335,14.77,otra
2023-02-10 08:00:00,2023,2,10,NOROESTE3,0,1.4766666666666666,18.733333333333334,19.0,95.0,9.34,otra
2023-02-10 08:00:00,2023,2,10,NORTE2,1,0.585,16.15,23.0,272.0,14.41,otra
2023-02-10 08:00:00,2023,2,10,SUR,1,1.325,11.4,25.0,133.25,9.5,otra
2023-02-10 08:00:00,2023,2,10,SUROESTE2,1,1.475,19.25,14.5,143.5,10.5,otra
2023-02-11 07:00:00,2023,2,11,CENTRO,0,1.5,21.9,17.0,27.0,9.73,otra
2023-02-11 07:00:00,2023,2,11,NORESTE3,0,0.9473333333333334,28.8,12.066666666666668,41.333333333333336,12.215,otra
2023-02-11 07:00:00,2023,2,11,NOROESTE3,0,1.5599999999999998,26.066666666666666,4.0,55.0,14.975,otra
2023-02-11 07:00:00,2023,2,11,NORTE2,0,0.715,40.599999999999994,6.5,74.0,14.15,otra
2023-02-11 07:00:00,2023,2,11,SUR,0,1.5075,44.975,12.0,47.333333333333336,9.666666666666666,otra
2023-02-11 07:00:00,2023,2,11,SUROESTE2,0,1.62,11.4,13.0,34.0,14.5,otra
2023-02-11 08:00:00,2023,2,11,CENTRO,0,1.57,28.9,12.0,43.0,10.37,otra
2023-02-11 08:00:00,2023,2,11,NORESTE3,0,1.0833333333333333,29.099999999999998,13.233333333333334,47.666666666666664,11.86,otra
2023-02-11 08:00:00,2023,2,11,NOROESTE3,0,1.8333333333333333,27.666666666666668,4.0,67.33333333333333,22.2,otra
2023-02-11 08:00:00,2023,2,11,NORTE2,0,0.99,40.599999999999994,7.0,107.5,23.58,otra
2023-02-11 08:00:00,2023,2,11,SUR,0,1.7325,40.775,10.75,46.666666666666664,12.333333333333334,otra
2023-02-11 08:00:00,2023,2,11,SUROESTE2,0,1.825,9.450000000000001,10.5,62.0,22.0,otra
2023-02-12 07:00:00,2023,2,12,CENTRO,0,1.55,25.0,16.0,35.0,14.22,otra
2023-02-12 07:00:00,2023,2,12,NORESTE3,0,0.9093333333333332,21.566666666666663,18.599999999999998,35.666666666666664,10.2,otra
2023-02-12 07:00:00,2023,2,12,NOROESTE3,0,1.5233333333333334,20.566666666666666,17.0,63.666666666666664,21.91,otra
2023-02-12 07:00:00,2023,2,12,NORTE2,0,0.605,34.5,11.0,34.0,12.165,otra
2023-02-12 07:00:00,2023,2,12,SUR,0,1.4675,26.75,20.25,29.5,7.333333333333333,otra
2023-02-12 07:00:00,2023,2,12,SUROESTE2,0,1.45,11.6,17.5,66.0,19.0,otra
2023-02-12 08:00:00,2023,2,12,CENTRO,0,1.58,25.0,16.0,47.0,17.03,otra
2023-02-12 08:00:00,2023,2,12,NORESTE3,0,0.916,18.0,21.733333333333334,38.333333333333336,6.315,otra
2023-02-12 08:00:00,2023,2,12,NOROESTE3,0,1.6266666666666667,26.599999999999998,11.0,48.333333333333336,24.58,otra
2023-02-12 08:00:00,2023,2,12,NORTE2,0,0.65,30.6,13.0,55.5,13.02,otra
2023-02-12 08:00:00,2023,2,12,SUR,0,1.5474999999999999,30.675,17.5,31.5,10.0,otra
2023-02-12 08:00:00,2023,2,12,SUROESTE2,0,1.5,28.4,11.5,47.0,14.5,otra
2023-02-13 07:00:00,2023,2,13,CENTRO,1,1.79,26.6,6.0,49.0,21.14,otra
2023-02-13 07:00:00,2023,2,13,NORESTE3,0,1.2126666666666666,32.333333333333336,5.8,64.0,19.36,otra
2023-02-13 07:00:00,2023,2,13,NOROESTE3,0,1.9900000000000002,27.099999999999998,3.6666666666666665,55.0,31.525,otra
2023-02-13 07:00:00,2023,2,13,NORTE2,1,0.9850000000000001,37.3,6.5,52.0,16.965,otra
2023-02-13 07:00:00,2023,2,13,SUR,1,1.975,47.625,7.5,61.0,21.0,otra
2023-02-13 07:00:00,2023,2,13,SUROESTE2,1,1.96,25.5,8.0,64.0,26.0,otra
2023-02-13 08:00:00,2023,2,13,CENTRO,1,2.66,31.6,4.0,64.0,32.22,otra
2023-02-13 08:00:00,2023,2,13,NORESTE3,0,1.8256666666666668,33.333333333333336,6.466666666666666,88.33333333333333,36.325,otra
2023-02-13 08:00:00,2023,2,13,NOROESTE3,0,2.486666666666667,29.266666666666666,3.0,76.33333333333333,42.025,otra
2023-02-13 08:00:00,2023,2,13,NORTE2,1,1.42,38.25,6.5,107.0,23.795,otra
2023-02-13 08:00:00,2023,2,13,SUR,1,2.7550000000000003,52.3,5.75,82.0,28.0,otra
2023-02-13 08:00:00,2023,2,13,SUROESTE2,1,2.875,33.7,4.0,155.0,40.5,otra
2023-02-14 07:00:00,2023,2,14,CENTRO,1,2.07,24.6,3.0,51.0,,otra
2023-02-14 07:00:00,2023,2,14,NORESTE3,0,1.393,27.76666666666667,5.466666666666666,56.333333333333336,22.725,otra
2023-02-14 07:00:00,2023,2,14,NOROESTE3,0,2.06,16.3,13.0,91.5,11.09,otra
2023-02-14 07:00:00,2023,2,14,NORTE2,1,1.05,29.549999999999997,5.5,98.0,23.11,otra
2023-02-14 07:00:00,2023,2,14,SUR,1,1.9825,28.825,4.5,53.25,23.25,otra
2023-02-14 07:00:00,2023,2,14,SUROESTE2,1,1.96,24.4,3.5,91.0,32.5,otra
2023-02-14 08:00:00,2023,2,14,CENTRO,1,2.59,26.8,4.0,60.0,,otra
2023-02-14 08:00:00,2023,2,14,NORESTE3,0,2.0989999999999998,28.366666666666664,6.466666666666666,91.0,31.175,otra
2023-02-14 08:00:00,2023,2,14,NOROESTE3,0,2.5366666666666666,17.066666666666666,25.0,113.33333333333333,8.02,otra
2023-02-14 08:00:00,2023,2,14,NORTE2,1,1.75,26.75,8.0,77.0,22.665,otra
2023-02-14 08:00:00,2023,2,14,SUR,1,2.675,26.0,4.75,80.0,26.0,otra
2023-02-14 08:00:00,2023,2,14,SUROESTE2,1,2.695,28.5,3.0,97.0,28.5,otra
2023-02-15 07:00:00,2023,2,15,CENTRO,1,1.82,35.5,5.0,104.0,,otra
2023-02-15 07:00:00,2023,2,15,NORESTE3,0,1.6776666666666664,34.56666666666667,5.866666666666667,98.0,31.815,otra
2023-02-15 07:00:00,2023,2,15,NOROESTE3,0,2.02,29.399999999999995,3.0,94.33333333333333,22.53,otra
2023-02-15 07:00:00,2023,2,15,NORTE2,1,1.205,36.4,6.0,117.0,29.345,otra
2023-02-15 07:00:00,2023,2,15,SUR,1,1.9625000000000001,40.8,6.75,97.0,29.5,otra
2023-02-15 07:00:00,2023,2,15,SUROESTE2,1,1.905,30.6,7.0,70.0,21.5,otra
2023-02-15 08:00:00,2023,2,15,CENTRO,1,2.01,36.3,5.0,150.0,,otra
2023-02-15 08:00:00,2023,2,15,NORESTE3,0,2.3473333333333333,37.26666666666667,6.6000000000000005,124.0,46.93,otra
2023-02-15 08:00:00,2023,2,15,NOROESTE3,0,2.4966666666666666,30.266666666666666,3.5,131.66666666666666,23.96,otra
2023-02-15 08:00:00,2023,2,15,NORTE2,1,1.94,39.65,6.5,126.0,39.760000000000005,otra
2023-02-15 08:00:00,2023,2,15,SUR,1,2.7225,42.300000000000004,4.75,119.0,32.5,otra
2023-02-15 08:00:00,2023,2,15,SUROESTE2,1,2.425,14.05,9.0,120.0,55.5,otra
2023-02-16 07:00:00,2023,2,16,CENTRO,1,1.58,25.8,11.0,375.0,38.54,otra
2023-02-16 07:00:00,2023,2,16,NORESTE3,0,0.9369999999999999,8.866666666666667,30.366666666666664,368.3333333333333,33.055,otra
2023-02-16 07:00:00,2023,2,16,NOROESTE3,0,1.67,18.633333333333336,13.333333333333334,158.0,23.93,otra
2023-02-16 07:00:00,2023,2,16,NORTE2,1,0.58,14.7,23.5,321.96500000000003,19.505000000000003,otra
2023-02-16 07:00:00,2023,2,16,SUR,1,1.3875,10.15,23.0,246.75,25.0,otra
2023-02-16 07:00:00,2023,2,16,SUROESTE2,1,1.445,9.75,13.5,230.5,28.0,otra
2023-02-16 08:00:00,2023,2,16,CENTRO,1,1.71,29.1,9.0,239.0,27.63,otra
2023-02-16 08:00:00,2023,2,16,NORESTE3,0,0.9606666666666666,9.6,30.166666666666668,269.6666666666667,17.46,otra
2023-02-16 08:00:00,2023,2,16,NOROESTE3,0,1.8133333333333332,21.866666666666664,10.666666666666666,183.33333333333334,18.42,otra
2023-02-16 08:00:00,2023,2,16,NORTE2,1,0.625,18.5,21.5,178.695,11.61,otra
2023-02-16 08:00:00,2023,2,16,SUR,1,1.4275,11.625,23.5,202.75,19.0,otra
2023-02-16 08:00:00,2023,2,16,SUROESTE2,1,1.56,10.0,14.0,277.0,26.0,otra
2023-02-17 07:00:00,2023,2,17,CENTRO,1,1.48,10.5,26.0,31.0,5.72,otra
2023-02-17 07:00:00,2023,2,17,NORESTE3,0,0.8886666666666668,10.433333333333332,29.366666666666664,25.666666666666668,4.26,otra
2023-02-17 07:00:00,2023,2,17,NOROESTE3,0,1.36,8.833333333333334,26.0,21.333333333333332,4.775,otra
2023-02-17 07:00:00,2023,2,17,NORTE2,1,0.48000000000000004,18.85,22.0,19.5,5.0,otra
2023-02-17 07:00:00,2023,2,17,SUR,1,1.4,15.0,26.0,25.75,4.666666666666667,otra
2023-02-17 07:00:00,2023,2,17,SUROESTE2,1,1.365,8.9,26.0,19.0,4.0,otra
2023-02-17 08:00:00,2023,2,17,CENTRO,1,1.51,13.5,24.0,30.0,6.11,otra
2023-02-17 08:00:00,2023,2,17,NORESTE3,0,0.9356666666666666,12.0,27.900000000000002,28.0,4.325,otra
2023-02-17 08:00:00,2023,2,17,NOROESTE3,0,1.42,10.9,24.333333333333332,23.666666666666668,4.965,otra
2023-02-17 08:00:00,2023,2,17,NORTE2,1,0.605,21.55,20.0,28.5,3.0,otra
2023-02-17 08:00:00,2023,2,17,SUR,1,1.455,16.125,24.25,26.5,4.333333333333333,otra
2023-02-17 08:00:00,2023,2,17,SUROESTE2,1,1.53,16.3,20.0,20.0,6.5,otra
2023-02-18 07:00:00,2023,2,18,CENTRO,0,1.5,19.6,20.0,34.0,8.49,otra
2023-02-18 07:00:00,2023,2,18,NORESTE3,0,1.0533333333333335,29.599999999999998,9.466666666666667,45.666666666666664,11.925,otra
2023-02-18 07:00:00,2023,2,18,NOROESTE3,0,1.43,12.166666666666666,25.333333333333332,20.333333333333332,6.220000000000001,otra
2023-02-18 07:00:00,2023,2,18,NORTE2,0,0.615,33.3,11.0,40.0,12.0,otra
2023-02-18 07:00:00,2023,2,18,SUR,0,1.6075,41.2,11.25,42.75,22.666666666666668,otra
2023-02-18 07:00:00,2023,2,18,SUROESTE2,0,1.4049999999999998,7.4,21.0,27.0,7.0,otra
2023-02-18 08:00:00,2023,2,18,CENTRO,0,1.6,31.0,10.0,36.0,12.02,otra
2023-02-18 08:00:00,2023,2,18,NORESTE3,0,1.156,31.766666666666666,13.766666666666666,48.666666666666664,12.865,otra
2023-02-18 08:00:00,2023,2,18,NOROESTE3,0,1.4866666666666666,17.433333333333334,20.333333333333332,23.333333333333332,7.825,otra
2023-02-18 08:00:00,2023,2,18,NORTE2,0,0.775,38.65,8.5,54.0,10.0,otra
2023-02-18 08:00:00,2023,2,18,SUR,0,1.8725,32.2,10.0,61.0,23.333333333333332,otra
2023-02-18 08:00:00,2023,2,18,SUROESTE2,0,1.475,27.8,14.0,21.0,9.5,otra
2023-02-19 07:00:00,2023,2,19,CENTRO,0,1.45,38.2,4.0,94.0,54.89,otra
2023-02-19 07:00:00,2023,2,19,NORESTE3,0,1.4963333333333333,35.266666666666666,5.65,93.33333333333333,34.515,otra
2023-02-19 07:00:00,2023,2,19,NOROESTE3,0,1.6966666666666665,21.3,10.333333333333334,53.333333333333336,15.825,otra
2023-02-19 07:00:00,2023,2,19,NORTE2,0,1.185,37.55,8.0,107.5,37.5,otra
2023-02-19 07:00:00,2023,2,19,SUR,0,1.895,48.05,5.5,67.0,38.0,otra
2023-02-19 07:00:00,2023,2,19,SUROESTE2,0,1.72,19.8,9.5,61.0,31.5,otra
2023-02-19 08:00:00,2023,2,19,CENTRO,0,1.37,30.6,10.0,110.0,40.89,otra
2023-02-19 08:00:00,2023,2,19,NORESTE3,0,1.4226666666666665,31.53333333333333,9.6,92.33333333333333,31.37,otra
2023-02-19 08:00:00,2023,2,19,NOROESTE3,0,1.6766666666666667,22.066666666666666,11.0,47.333333333333336,14.285,otra
2023-02-19 08:00:00,2023,2,19,NORTE2,0,1.27,37.5,9.0,107.0,31.0,otra
2023-02-19 08:00:00,2023,2,19,SUR,0,1.9849999999999999,41.95,6.25,78.25,39.333333333333336,otra
2023-02-19 08:00:00,2023,2,19,SUROESTE2,0,1.795,19.1,14.0,65.0,28.5,otra
2023-02-20 07:00:00,2023,2,20,CENTRO,1,1.68,30.8,4.0,101.0,34.18,otra
2023-02-20 07:00:00,2023,2,20,NORESTE3,0,1.1353333333333333,18.166666666666668,7.833333333333333,43.333333333333336,16.11,otra
2023-02-20 07:00:00,2023,2,20,NOROESTE3,0,1.8966666666666665,19.433333333333334,4.666666666666667,53.0,23.285,otra
2023-02-20 07:00:00,2023,2,20,NORTE2,1,0.855,25.299999999999997,5.0,46.0,13.0,otra
2023-02-20 07:00:00,2023,2,20,SUR,1,1.7425000000000002,24.625,5.75,56.0,24.25,otra
2023-02-20 07:00:00,2023,2,20,SUROESTE2,1,2.04,26.0,9.0,87.0,29.0,otra
2023-02-20 08:00:00,2023,2,20,CENTRO,1,1.99,33.1,4.0,100.0,39.6,otra
2023-02-20 08:00:00,2023,2,20,NORESTE3,0,1.4616666666666667,22.766666666666666,6.833333333333333,58.666666666666664,18.545,otra
2023-02-20 08:00:00,2023,2,20,NOROESTE3,0,2.3733333333333335,23.366666666666664,3.6666666666666665,55.0,21.259999999999998,otra
2023-02-20 08:00:00,2023,2,20,NORTE2,1,0.94,25.549999999999997,5.0,61.5,19.0,otra
2023-02-20 08:00:00,2023,2,20,SUR,1,2.05,29.25,5.25,73.5,27.0,otra
2023-02-20 08:00:00,2023,2,20,SUROESTE2,1,2.975,35.6,4.5,75.0,28.0,otra
2023-02-21 07:00:00,2023,2,21,CENTRO,1,2.0,32.3,3.0,94.0,37.7,otra
2023-02-21 07:00:00,2023,2,21,NORESTE3,0,1.422666666666667,25.633333333333336,5.466666666666666,71.66666666666667,26.705,otra
2023-02-21 07:00:00,2023,2,21,NOROESTE3,0,2.0533333333333332,30.266666666666666,8.5,82.33333333333333,27.28,otra
2023-02-21 07:00:00,2023,2,21,NORTE2,1,1.095,29.85,3.0,76.5,24.0,otra
2023-02-21 07:00:00,2023,2,21,SUR,1,2.1125,38.85,4.25,86.0,31.5,otra
2023-02-21 07:00:00,2023,2,21,SUROESTE2,1,2.1,20.9,15.5,111.5,51.5,otra
2023-02-21 08:00:00,2023,2,21,CENTRO,1,2.6,38.5,4.0,100.0,45.44,otra
2023-02-21 08:00:00,2023,2,21,NORESTE3,0,1.6993333333333334,26.566666666666663,7.8999999999999995,115.66666666666667,31.634999999999998,otra
2023-02-21 08:00:00,2023,2,21,NOROESTE3,0,2.5066666666666664,34.06666666666667,5.5,101.5,32.885000000000005,otra
2023-02-21 08:00:00,2023,2,21,NORTE2,1,1.6,31.9,3.0,90.5,30.5,otra
2023-02-21 08:00:00,2023,2,21,SUR,1,3.015,36.45,4.5,128.0,34.75,otra
2023-02-21 08:00:00,2023,2,21,SUROESTE2,1,3.2800000000000002,47.5,4.5,129.0,47.0,otra
2023-02-22 07:00:00,2023,2,22,CENTRO,1,1.93,27.7,,82.0,32.92,otra
2023-02-22 07:00:00,2023,2,22,NORESTE3,0,1.4396666666666667,23.933333333333334,5.166666666666667,69.66666666666667,29.0,otra
2023-02-22 07:00:00,2023,2,22,NOROESTE3,0,1.9233333333333336,14.899999999999999,13.666666666666666,119.66666666666667,26.825,otra
2023-02-22 07:00:00,2023,2,22,NORTE2,1,1.02,29.75,8.0,98.5,30.0,otra
2023-02-22 07:00:00,2023,2,22,SUR,1,2.045,31.275,4.5,89.0,37.0,otra
2023-02-22 07:00:00,2023,2,22,SUROESTE2,1,2.1,27.25,4.0,92.0,33.0,otra
2023-02-22 08:00:00,2023,2,22,CENTRO,1,2.27,29.9,4.0,92.0,36.4,otra
2023-02-22 08:00:00,2023,2,22,NORESTE3,0,2.0366666666666666,27.73333333333333,6.366666666666667,113.0,42.0,otra
2023-02-22 08:00:00,2023,2,22,NOROESTE3,0,1.7933333333333332,13.0,19.666666666666668,173.0,12.925,otra
2023-02-22 08:00:00,2023,2,22,NORTE2,1,0.92,23.55,14.0,154.5,27.0,otra
2023-02-22 08:00:00,2023,2,22,SUR,1,2.58,27.15,4.0,114.5,34.75,otra
2023-02-22 08:00:00,2023,2,22,SUROESTE2,1,3.165,32.15,3.5,131.0,35.0,otra
2023-02-23 07:00:00,2023,2,23,CENTRO,1,1.5,31.4,6.0,109.0,18.05,otra
2023-02-23 07:00:00,2023,2,23,NORESTE3,0,1.2206666666666666,29.333333333333332,7.033333333333334,113.33333333333333,15.5,otra
2023-02-23 07:00:00,2023,2,23,NOROESTE3,0,1.5899999999999999,16.833333333333332,14.333333333333334,52.333333333333336,7.279999999999999,otra
2023-02-23 07:00:00,2023,2,23,NORTE2,1,0.755,18.95,16.5,85.0,7.5,otra
2023-02-23 07:00:00,2023,2,23,SUR,1,1.73,29.975,6.75,122.5,22.25,otra
2023-02-23 07:00:00,2023,2,23,SUROESTE2,1,1.48,18.7,11.5,54.5,13.5,otra
2023-02-23 08:00:00,2023,2,23,CENTRO,1,1.61,31.3,5.0,109.0,16.67,otra
2023-02-23 08:00:00,2023,2,23,NORESTE3,0,2.0296666666666665,31.0,8.133333333333333,103.33333333333333,23.5,otra
2023-02-23 08:00:00,2023,2,23,NOROESTE3,0,1.7266666666666666,20.333333333333332,11.0,37.0,5.28,otra
2023-02-23 08:00:00,2023,2,23,NORTE2,1,0.755,20.55,16.0,78.5,10.0,otra
2023-02-23 08:00:00,2023,2,23,SUR,1,1.645,25.025,9.75,108.75,20.75,otra
2023-02-23 08:00:00,2023,2,23,SUROESTE2,1,1.665,22.7,12.0,56.0,10.0,otra
2023-02-24 07:00:00,2023,2,24,CENTRO,1,1.82,33.6,3.0,72.0,36.99,otra
2023-02-24 07:00:00,2023,2,24,NORESTE3,0,1.184,21.7,9.866666666666667,63.0,24.0,otra
2023-02-24 07:00:00,2023,2,24,NOROESTE3,0,1.9266666666666667,28.13333333333333,7.0,83.66666666666667,36.405,otra
2023-02-24 07:00:00,2023,2,24,NORTE2,1,0.8200000000000001,33.0,7.0,78.5,23.0,otra
2023-02-24 07:00:00,2023,2,24,SUR,1,1.67,26.924999999999997,10.5,52.75,23.25,otra
2023-02-24 07:00:00,2023,2,24,SUROESTE2,1,2.0949999999999998,29.25,6.0,86.0,34.5,otra
2023-02-24 08:00:00,2023,2,24,CENTRO,1,2.1,31.1,3.0,94.0,35.23,otra
2023-02-24 08:00:00,2023,2,24,NORESTE3,0,1.2916666666666667,24.866666666666664,8.766666666666667,86.0,28.5,otra
2023-02-24 08:00:00,2023,2,24,NOROESTE3,0,2.0533333333333332,25.333333333333332,7.666666666666667,80.66666666666667,28.84,otra
2023-02-24 08:00:00,2023,2,24,NORTE2,1,1.0150000000000001,33.2,5.5,94.5,28.5,otra
2023-02-24 08:00:00,2023,2,24,SUR,1,1.68,25.525,10.75,66.75,25.0,otra
2023-02-24 08:00:00,2023,2,24,SUROESTE2,1,2.545,32.05,2.0,114.0,44.5,otra
2023-02-25 07:00:00,2023,2,25,CENTRO,0,1.64,14.3,6.0,63.0,33.27,otra
2023-02-25 07:00:00,2023,2,25,NORESTE3,0,0.9980000000000001,11.5,14.633333333333333,44.666666666666664,16.5,otra
2023-02-25 07:00:00,2023,2,25,NOROESTE3,0,1.6199999999999999,7.033333333333334,12.0,40.666666666666664,22.87,otra
2023-02-25 07:00:00,2023,2,25,NORTE2,0,0.715,13.2,10.5,45.5,13.0,otra
2023-02-25 07:00:00,2023,2,25,SUR,0,1.3725,10.525,11.5,39.75,18.0,otra
2023-02-25 07:00:00,2023,2,25,SUROESTE2,0,1.6099999999999999,10.45,7.0,65.0,27.0,otra
2023-02-25 08:00:00,2023,2,25,CENTRO,0,1.66,10.6,9.0,63.0,27.14,otra
2023-02-25 08:00:00,2023,2,25,NORESTE3,0,1.0286666666666666,11.199999999999998,15.4,46.333333333333336,14.0,otra
2023-02-25 08:00:00,2023,2,25,NOROESTE3,0,1.64,7.900000000000001,11.0,45.0,20.44,otra
2023-02-25 08:00:00,2023,2,25,NORTE2,0,0.725,14.1,11.0,35.5,10.5,otra
2023-02-25 08:00:00,2023,2,25,SUR,0,1.4225,10.2,11.25,40.0,17.25,otra
2023-02-25 08:00:00,2023,2,25,SUROESTE2,0,1.6600000000000001,14.5,4.0,56.5,26.5,otra
2023-02-26 07:00:00,2023,2,26,CENTRO,0,1.65,10.3,8.0,47.0,30.65,otra
2023-02-26 07:00:00,2023,2,26,NORESTE3,0,0.991,9.466666666666667,12.933333333333332,44.666666666666664,20.5,otra
2023-02-26 07:00:00,2023,2,26,NOROESTE3,0,1.6533333333333333,7.566666666666666,10.0,48.0,27.78,otra
2023-02-26 07:00:00,2023,2,26,NORTE2,0,0.725,11.25,10.5,37.5,24.0,otra
2023-02-26 07:00:00,2023,2,26,SUR,0,1.3066666666666666,9.6,12.25,37.0,19.0,otra
2023-02-26 07:00:00,2023,2,26,SUROESTE2,0,1.625,9.899999999999999,7.0,56.0,21.5,otra
2023-02-26 08:00:00,2023,2,26,CENTRO,0,1.69,14.3,5.0,56.0,33.14,otra
2023-02-26 08:00:00,2023,2,26,NORESTE3,0,0.9820000000000001,9.433333333333332,14.1,44.333333333333336,19.0,otra
2023-02-26 08:00:00,2023,2,26,NOROESTE3,0,1.6600000000000001,7.7,10.0,48.666666666666664,26.355,otra
2023-02-26 08:00:00,2023,2,26,NORTE2,0,0.755,11.5,11.0,46.0,20.0,otra
2023-02-26 08:00:00,2023,2,26,SUR,0,1.3399999999999999,9.3,11.75,38.75,21.0,otra
2023-02-26 08:00:00,2023,2,26,SUROESTE2,0,1.675,10.05,7.0,53.5,20.5,otra
2023-02-27 07:00:00,2023,2,27,CENTRO,1,2.14,29.7,4.0,88.0,32.95,otra
2023-02-27 07:00:00,2023,2,27,NORESTE3,0,1.3266666666666667,21.099999999999998,5.266666666666667,66.0,26.0,otra
2023-02-27 07:00:00,2023,2,27,NOROESTE3,0,1.8099999999999998,18.466666666666665,9.0,64.0,21.89,otra
2023-02-27 07:00:00,2023,2,27,NORTE2,1,1.26,25.799999999999997,6.0,77.0,27.0,otra
2023-02-27 07:00:00,2023,2,27,SUR,1,1.6833333333333333,25.325,5.0,74.25,27.666666666666668,otra
2023-02-27 07:00:00,2023,2,27,SUROESTE2,1,1.7850000000000001,15.700000000000001,24.0,135.0,22.0,otra
2023-02-27 08:00:00,2023,2,27,CENTRO,1,2.51,31.8,4.0,100.0,34.06,otra
2023-02-27 08:00:00,2023,2,27,NORESTE3,0,1.5579999999999998,21.7,9.7,79.33333333333333,30.0,otra
2023-02-27 08:00:00,2023,2,27,NOROESTE3,0,1.99,20.0,6.0,59.0,20.64,otra
2023-02-27 08:00:00,2023,2,27,NORTE2,1,1.65,30.0,6.5,130.0,30.0,otra
2023-02-27 08:00:00,2023,2,27,SUR,1,2.03,25.025,6.25,93.0,30.333333333333332,otra
2023-02-27 08:00:00,2023,2,27,SUROESTE2,1,2.855,23.25,11.0,83.5,26.0,otra
2023-02-28 07:00:00,2023,2,28,CENTRO,1,1.86,34.9,4.0,112.0,39.11,otra
2023-02-28 07:00:00,2023,2,28,NORESTE3,0,1.8336666666666666,34.13333333333333,4.9,133.0,43.5,otra
2023-02-28 07:00:00,2023,2,28,NOROESTE3,0,1.9066666666666665,24.633333333333336,3.6666666666666665,111.0,27.380000000000003,otra
2023-02-28 07:00:00,2023,2,28,NORTE2,1,1.08,35.35,4.0,130.5,30.0,otra
2023-02-28 07:00:00,2023,2,28,SUR,1,1.7699999999999998,44.775,6.0,89.0,32.0,otra
2023-02-28 07:00:00,2023,2,28,SUROESTE2,1,2.125,24.549999999999997,11.0,94.5,28.5,otra
2023-02-28 08:00:00,2023,2,28,CENTRO,1,2.06,35.0,5.0,149.0,34.39,otra
2023-02-28 08:00:00,2023,2,28,NORESTE3,0,2.244333333333333,38.233333333333334,8.1,176.66666666666666,50.0,otra
2023-02-28 08:00:00,2023,2,28,NOROESTE3,0,2.09,25.166666666666668,4.333333333333333,103.5,23.869999999999997,otra
2023-02-28 08:00:00,2023,2,28,NORTE2,1,1.4849999999999999,34.25,4.0,154.0,32.0,otra
2023-02-28 08:00:00,2023,2,28,SUR,1,2.0966666666666667,38.2,6.0,120.25,40.333333333333336,otra
2023-02-28 08:00:00,2023,2,28,SUROESTE2,1,2.9,30.15,4.0,120.5,38.0,otra
2023-03-01 07:00:00,2023,3,1,CENTRO,1,2.11,19.8,,83.0,44.06,otra
2023-03-01 07:00:00,2023,3,1,NORESTE3,0,1.5313333333333334,19.599999999999998,5.233333333333333,71.66666666666667,34.0,otra
2023-03-01 07:00:00,2023,3,1,NOROESTE3,0,2.0833333333333335,20.666666666666668,2.6666666666666665,92.33333333333333,37.0,otra
2023-03-01 07:00:00,2023,3,1,NORTE2,1,1.075,22.4,5.5,77.0,31.5,otra
2023-03-01 07:00:00,2023,3,1,SUR,1,1.9666666666666668,23.975,3.3333333333333335,101.75,35.75,otra
2023-03-01 07:00:00,2023,3,1,SUROESTE2,1,2.18,25.1,4.5,99.0,35.5,otra
2023-03-01 08:00:00,2023,3,1,CENTRO,1,2.59,22.8,,92.0,36.24,otra
2023-03-01 08:00:00,2023,3,1,NORESTE3,0,1.9030000000000002,22.400000000000002,6.966666666666666,98.0,42.0,otra
2023-03-01 08:00:00,2023,3,1,NOROESTE3,0,2.796666666666667,20.866666666666664,3.6666666666666665,104.66666666666667,29.0,otra
2023-03-01 08:00:00,2023,3,1,NORTE2,1,1.8850000000000002,25.7,6.0,122.0,37.0,otra
2023-03-01 08:00:00,2023,3,1,SUR,1,2.4499999999999997,21.25,5.333333333333333,118.75,38.25,otra
2023-03-01 08:00:00,2023,3,1,SUROESTE2,1,2.75,28.450000000000003,6.0,124.5,38.5,otra
2023-03-02 07:00:00,2023,3,2,CENTRO,1,1.91,33.6,5.0,74.0,16.03,otra
2023-03-02 07:00:00,2023,3,2,NORESTE3,0,1.25,23.03333333333333,9.933333333333334,76.66666666666667,12.5,otra
2023-03-02 07:00:00,2023,3,2,NOROESTE3,0,1.6333333333333335,11.0,17.666666666666668,70.33333333333333,33.3,otra
2023-03-02 07:00:00,2023,3,2,NORTE2,1,1.02,21.1,13.5,58.0,16.0,otra
2023-03-02 07:00:00,2023,3,2,SUR,1,1.6333333333333335,27.1,5.25,88.75,26.0,otra
2023-03-02 07:00:00,2023,3,2,SUROESTE2,1,1.575,19.450000000000003,8.5,78.0,7.0,otra
2023-03-02 08:00:00,2023,3,2,CENTRO,1,1.93,29.1,5.0,75.0,15.1,otra
2023-03-02 08:00:00,2023,3,2,NORESTE3,0,1.4933333333333334,24.333333333333332,9.733333333333333,98.66666666666667,16.5,otra
2023-03-02 08:00:00,2023,3,2,NOROESTE3,0,1.6600000000000001,11.966666666666667,18.0,75.33333333333333,29.01,otra
2023-03-02 08:00:00,2023,3,2,NORTE2,1,0.98,23.200000000000003,12.5,67.0,13.5,otra
2023-03-02 08:00:00,2023,3,2,SUR,1,1.87,23.55,6.75,90.25,31.333333333333332,otra
2023-03-02 08:00:00,2023,3,2,SUROESTE2,1,1.63,18.65,9.0,53.0,11.5,otra
2023-03-03 07:00:00,2023,3,3,CENTRO,1,1.55,10.3,27.0,254.0,40.58,otra
2023-03-03 07:00:00,2023,3,3,NORESTE3,0,1.1503333333333334,20.133333333333336,29.5,107.33333333333333,10.0,otra
2023-03-03 07:00:00,2023,3,3,NOROESTE3,0,1.5566666666666666,11.700000000000001,39.0,173.66666666666666,14.815,otra
2023-03-03 07:00:00,2023,3,3,NORTE2,1,0.725,33.7,15.5,170.5,18.0,otra
2023-03-03 07:00:00,2023,3,3,SUR,1,1.61,17.55,21.25,178.25,24.5,otra
2023-03-03 07:00:00,2023,3,3,SUROESTE2,1,1.57,23.15,18.5,231.0,24.5,otra
2023-03-03 08:00:00,2023,3,3,CENTRO,1,1.61,13.5,26.0,206.0,30.68,otra
2023-03-03 08:00:00,2023,3,3,NORESTE3,0,1.4133333333333333,29.099999999999998,26.166666666666668,98.0,13.5,otra
2023-03-03 08:00:00,2023,3,3,NOROESTE3,0,1.6366666666666667,19.933333333333334,26.0,119.0,14.5,otra
2023-03-03 08:00:00,2023,3,3,NORTE2,1,0.86,41.0,11.0,145.0,14.5,otra
2023-03-03 08:00:00,2023,3,3,SUR,1,1.71,22.2,19.75,154.25,21.5,otra
2023-03-03 08:00:00,2023,3,3,SUROESTE2,1,1.885,26.65,11.5,193.0,29.0,otra
2023-03-04 07:00:00,2023,3,4,CENTRO,0,2.15,37.6,4.0,96.0,37.84,otra
2023-03-04 07:00:00,2023,3,4,NORESTE3,0,1.281,34.266666666666666,6.733333333333333,80.0,19.5,otra
2023-03-04 07:00:00,2023,3,4,NOROESTE3,0,1.8866666666666667,31.400000000000002,6.333333333333333,108.33333333333333,17.295,otra
2023-03-04 07:00:00,2023,3,4,NORTE2,0,0.995,41.599999999999994,6.5,99.0,18.0,otra
2023-03-04 07:00:00,2023,3,4,SUR,0,1.9400000000000002,56.125,5.25,91.75,26.333333333333332,otra
2023-03-04 07:00:00,2023,3,4,SUROESTE2,0,1.8900000000000001,25.4,16.0,101.5,29.5,otra
2023-03-04 08:00:00,2023,3,4,CENTRO,0,1.97,34.8,6.0,88.0,29.55,otra
2023-03-04 08:00:00,2023,3,4,NORESTE3,0,1.519,36.6,8.799999999999999,110.66666666666667,24.0,otra
2023-03-04 08:00:00,2023,3,4,NOROESTE3,0,2.1566666666666667,31.399999999999995,4.0,113.66666666666667,20.384999999999998,otra
2023-03-04 08:00:00,2023,3,4,NORTE2,0,1.245,41.099999999999994,7.0,112.0,23.5,otra
2023-03-04 08:00:00,2023,3,4,SUR,0,2.19,48.4,6.333333333333333,121.75,31.0,otra
2023-03-04 08:00:00,2023,3,4,SUROESTE2,0,2.145,29.75,13.5,110.5,33.0,otra
2023-03-05 07:00:00,2023,3,5,CENTRO,0,2.09,20.9,13.0,52.0,21.97,otra
2023-03-05 07:00:00,2023,3,5,NORESTE3,0,1.115,16.233333333333334,19.633333333333333,39.0,11.5,otra
2023-03-05 07:00:00,2023,3,5,NOROESTE3,0,1.6900000000000002,17.866666666666667,16.333333333333332,43.0,21.155,otra
2023-03-05 07:00:00,2023,3,5,NORTE2,0,0.65,22.75,16.5,36.0,7.0,otra
2023-03-05 07:00:00,2023,3,5,SUR,0,1.6666666666666667,26.4,13.25,54.0,22.666666666666668,otra
2023-03-05 07:00:00,2023,3,5,SUROESTE2,0,1.81,21.45,8.5,47.0,19.5,otra
2023-03-05 08:00:00,2023,3,5,CENTRO,0,2.06,22.7,13.0,55.0,25.29,otra
2023-03-05 08:00:00,2023,3,5,NORESTE3,0,1.0696666666666668,15.1,28.133333333333336,45.666666666666664,11.5,otra
2023-03-05 08:00:00,2023,3,5,NOROESTE3,0,1.8633333333333333,26.099999999999998,5.666666666666667,37.0,20.58,otra
2023-03-05 08:00:00,2023,3,5,NORTE2,0,0.6950000000000001,23.75,17.0,42.5,8.5,otra
2023-03-05 08:00:00,2023,3,5,SUR,0,1.76,25.45,14.5,45.0,11.0,otra
2023-03-05 08:00:00,2023,3,5,SUROESTE2,0,1.9049999999999998,22.299999999999997,7.5,67.5,23.0,otra
2023-03-06 07:00:00,2023,3,6,CENTRO,1,2.1,28.0,4.0,80.0,57.57,otra
2023-03-06 07:00:00,2023,3,6,NORESTE3,0,1.1576666666666666,16.633333333333333,12.700000000000001,52.333333333333336,18.5,otra
2023-03-06 07:00:00,2023,3,6,NOROESTE3,0,1.7766666666666666,16.46666666666667,7.0,56.666666666666664,21.58,otra
2023-03-06 07:00:00,2023,3,6,NORTE2,1,0.7949999999999999,16.75,12.5,50.0,15.0,otra
2023-03-06 07:00:00,2023,3,6,SUR,1,1.5933333333333335,19.799999999999997,10.5,45.25,19.5,otra
2023-03-06 07:00:00,2023,3,6,SUROESTE2,1,1.855,18.6,8.5,80.5,25.5,otra
2023-03-06 08:00:00,2023,3,6,CENTRO,1,2.31,33.1,5.0,124.0,57.13,otra
2023-03-06 08:00:00,2023,3,6,NORESTE3,0,1.3273333333333335,19.266666666666666,12.066666666666668,57.666666666666664,19.5,otra
2023-03-06 08:00:00,2023,3,6,NOROESTE3,0,1.9933333333333332,20.599999999999998,3.6666666666666665,74.0,25.555,otra
2023-03-06 08:00:00,2023,3,6,NORTE2,1,0.97,24.0,7.0,53.5,25.0,otra
2023-03-06 08:00:00,2023,3,6,SUR,1,1.6600000000000001,18.55,10.5,51.25,17.25,otra
2023-03-06 08:00:00,2023,3,6,SUROESTE2,1,2.195,19.5,20.0,73.0,27.5,otra
2023-03-07 07:00:00,2023,3,7,CENTRO,1,2.07,15.7,7.0,78.0,47.97,otra
2023-03-07 07:00:00,2023,3,7,NORESTE3,0,1.1833333333333333,13.933333333333332,10.6,62.333333333333336,27.5,otra
2023-03-07 07:00:00,2023,3,7,NOROESTE3,0,1.8066666666666666,15.600000000000001,4.333333333333333,70.66666666666667,27.384999999999998,otra
2023-03-07 07:00:00,2023,3,7,NORTE2,1,0.875,20.1,7.0,64.5,29.5,otra
2023-03-07 07:00:00,2023,3,7,SUR,1,1.655,20.425,8.333333333333334,66.5,29.333333333333332,otra
2023-03-07 07:00:00,2023,3,7,SUROESTE2,1,1.9449999999999998,16.95,3.0,115.0,38.5,otra
2023-03-07 08:00:00,2023,3,7,CENTRO,1,2.19,21.2,4.0,84.0,45.17,otra
2023-03-07 08:00:00,2023,3,7,NORESTE3,0,1.495,16.85,9.0,68.5,29.0,otra
2023-03-07 08:00:00,2023,3,7,NOROESTE3,0,1.9166666666666667,17.099999999999998,3.3333333333333335,116.33333333333333,33.71,otra
2023-03-07 08:00:00,2023,3,7,NORTE2,1,0.95,20.05,8.5,76.0,33.0,otra
2023-03-07 08:00:00,2023,3,7,SUR,1,1.7425,19.200000000000003,9.666666666666666,74.25,32.0,otra
2023-03-07 08:00:00,2023,3,7,SUROESTE2,1,2.665,24.0,3.5,86.0,47.0,otra
2023-03-08 07:00:00,2023,3,8,CENTRO,1,2.13,18.5,3.0,62.0,34.74,otra
2023-03-08 07:00:00,2023,3,8,NORESTE3,0,1.242333333333333,15.266666666666666,7.766666666666667,47.666666666666664,20.0,otra
2023-03-08 07:00:00,2023,3,8,NOROESTE3,0,1.8366666666666667,16.366666666666667,2.6666666666666665,52.666666666666664,27.0,otra
2023-03-08 07:00:00,2023,3,8,NORTE2,1,1.0699999999999998,21.15,5.5,43.0,15.5,otra
2023-03-08 07:00:00,2023,3,8,SUR,1,1.5375,16.45,7.25,43.0,18.333333333333332,otra
2023-03-08 07:00:00,2023,3,8,SUROESTE2,1,1.91,15.8,,63.0,24.5,otra
2023-03-08 08:00:00,2023,3,8,CENTRO,1,2.17,19.1,4.0,67.0,34.45,otra
2023-03-08 08:00:00,2023,3,8,NORESTE3,0,1.2976666666666665,15.9,9.266666666666667,54.666666666666664,21.0,otra
2023-03-08 08:00:00,2023,3,8,NOROESTE3,0,1.87,16.066666666666666,3.3333333333333335,53.0,22.0,otra
2023-03-08 08:00:00,2023,3,8,NORTE2,1,1.135,18.15,7.5,58.5,20.5,otra
2023-03-08 08:00:00,2023,3,8,SUR,1,1.6949999999999998,16.175,6.5,48.0,18.0,otra
2023-03-08 08:00:00,2023,3,8,SUROESTE2,1,2.2199999999999998,16.75,5.0,76.0,28.0,otra
2023-03-09 07:00:00,2023,3,9,NORESTE3,0,1.3096666666666668,18.3,10.166666666666666,45.666666666666664,21.5,otra
2023-03-09 07:00:00,2023,3,9,NOROESTE3,0,1.82,13.933333333333332,7.0,42.666666666666664,24.33,otra
2023-03-09 07:00:00,2023,3,9,NORTE2,1,0.87,19.1,8.0,43.0,18.0,otra
2023-03-09 07:00:00,2023,3,9,SUR,1,1.555,19.05,9.25,40.25,22.0,otra
2023-03-09 07:00:00,2023,3,9,SUROESTE2,1,1.85,15.55,4.5,53.5,27.0,otra
2023-03-09 08:00:00,2023,3,9,NORESTE3,0,1.3733333333333333,18.3,11.433333333333332,56.0,23.0,otra
2023-03-09 08:00:00,2023,3,9,NOROESTE3,0,1.8933333333333333,15.666666666666666,5.666666666666667,50.333333333333336,27.355,otra
2023-03-09 08:00:00,2023,3,9,NORTE2,1,1.03,20.65,7.5,48.5,18.0,otra
2023-03-09 08:00:00,2023,3,9,SUR,1,1.6675,21.275,7.75,48.5,25.0,otra
2023-03-09 08:00:00,2023,3,9,SUROESTE2,1,2.085,18.85,4.0,62.5,34.0,otra
2023-03-10 07:00:00,2023,3,10,CENTRO,1,1.87,17.7,4.0,47.0,33.05,otra
2023-03-10 07:00:00,2023,3,10,NORESTE3,0,1.2733333333333332,16.900000000000002,6.266666666666667,55.333333333333336,16.0,otra
2023-03-10 07:00:00,2023,3,10,NOROESTE3,0,1.8499999999999999,16.933333333333334,3.6666666666666665,53.0,23.855,otra
2023-03-10 07:00:00,2023,3,10,NORTE2,1,1.12,24.1,6.0,51.0,16.0,otra
2023-03-10 07:00:00,2023,3,10,SUR,1,1.655,24.925,5.25,51.0,19.666666666666668,otra
2023-03-10 07:00:00,2023,3,10,SUROESTE2,1,1.835,17.35,2.5,50.0,24.5,otra
2023-03-10 08:00:00,2023,3,10,CENTRO,1,2.03,19.8,4.0,66.0,34.77,otra
2023-03-10 08:00:00,2023,3,10,NORESTE3,0,1.4966666666666668,18.333333333333332,8.4,62.333333333333336,19.5,otra
2023-03-10 08:00:00,2023,3,10,NOROESTE3,0,2.26,17.599999999999998,3.0,64.0,26.18,otra
2023-03-10 08:00:00,2023,3,10,NORTE2,1,1.3399999999999999,24.65,6.5,72.0,20.0,otra
2023-03-10 08:00:00,2023,3,10,SUR,1,1.94,26.5,5.0,57.75,21.0,otra
2023-03-10 08:00:00,2023,3,10,SUROESTE2,1,2.0949999999999998,17.9,3.5,65.0,28.0,otra
2023-03-11 07:00:00,2023,3,11,CENTRO,0,1.92,19.2,3.0,71.0,49.12,otra
2023-03-11 07:00:00,2023,3,11,NORESTE3,0,1.343,16.4,5.6000000000000005,59.333333333333336,30.5,otra
2023-03-11 07:00:00,2023,3,11,NOROESTE3,0,1.9666666666666668,16.766666666666666,3.5,71.33333333333333,32.445,otra
2023-03-11 07:00:00,2023,3,11,NORTE2,0,1.135,22.0,6.0,62.0,33.0,otra
2023-03-11 07:00:00,2023,3,11,SUR,0,2.4,25.45,4.0,64.5,37.666666666666664,otra
2023-03-11 07:00:00,2023,3,11,SUROESTE2,0,2.08,18.1,2.0,83.5,39.5,otra
2023-03-11 08:00:00,2023,3,11,CENTRO,0,2.04,19.9,4.0,76.0,49.11,otra
2023-03-11 08:00:00,2023,3,11,NORESTE3,0,1.4343333333333332,16.933333333333334,8.633333333333333,68.66666666666667,30.0,otra
2023-03-11 08:00:00,2023,3,11,NOROESTE3,0,2.17,17.033333333333335,3.5,76.33333333333333,34.225,otra
2023-03-11 08:00:00,2023,3,11,NORTE2,0,1.36,24.45,6.0,95.5,36.0,otra
2023-03-11 08:00:00,2023,3,11,SUR,0,2.5975,24.1,3.3333333333333335,88.0,43.0,otra
2023-03-11 08:00:00,2023,3,11,SUROESTE2,0,2.255,18.3,5.0,102.5,40.5,otra
2023-03-12 07:00:00,2023,3,12,CENTRO,0,1.73,22.8,10.0,75.0,30.66,otra
2023-03-12 07:00:00,2023,3,12,NORESTE3,0,1.5343333333333333,24.666666666666668,10.9,121.33333333333333,47.0,otra
2023-03-12 07:00:00,2023,3,12,NOROESTE3,0,2.013333333333333,20.566666666666666,10.0,86.66666666666667,29.564999999999998,otra
2023-03-12 07:00:00,2023,3,12,NORTE2,0,1.425,35.0,8.0,179.5,42.0,otra
2023-03-12 07:00:00,2023,3,12,SUR,0,2.6975000000000002,40.475,8.333333333333334,79.25,32.0,otra
2023-03-12 07:00:00,2023,3,12,SUROESTE2,0,1.855,19.25,17.0,92.0,27.0,otra
2023-03-12 08:00:00,2023,3,12,CENTRO,0,2.14,29.3,6.0,86.0,41.79,otra
2023-03-12 08:00:00,2023,3,12,NORESTE3,0,1.469,22.133333333333336,15.533333333333333,108.5,47.5,otra
2023-03-12 08:00:00,2023,3,12,NOROESTE3,0,1.8966666666666667,15.699999999999998,15.0,75.0,26.689999999999998,otra
2023-03-12 08:00:00,2023,3,12,NORTE2,0,1.345,34.75,8.0,166.0,38.0,otra
2023-03-12 08:00:00,2023,3,12,SUR,0,2.7975,31.55,8.25,99.25,34.0,otra
2023-03-12 08:00:00,2023,3,12,SUROESTE2,0,2.005,17.05,21.0,104.5,19.5,otra
2023-03-13 07:00:00,2023,3,13,CENTRO,1,1.91,8.5,26.0,44.0,19.6,otra
2023-03-13 07:00:00,2023,3,13,NORESTE3,0,1.2043333333333335,13.266666666666667,24.133333333333336,41.333333333333336,16.0,otra
2023-03-13 07:00:00,2023,3,13,NOROESTE3,0,1.8099999999999998,8.233333333333333,27.333333333333332,33.666666666666664,18.735,otra
2023-03-13 07:00:00,2023,3,13,NORTE2,1,0.835,14.9,23.0,29.0,11.0,otra
2023-03-13 07:00:00,2023,3,13,SUR,1,2.2975,9.5,24.0,35.0,15.0,otra
2023-03-13 07:00:00,2023,3,13,SUROESTE2,1,1.7149999999999999,9.7,23.5,45.0,13.5,otra
2023-03-13 08:00:00,2023,3,13,NORESTE3,0,1.315,15.266666666666667,22.266666666666666,46.0,9.0,otra
2023-03-13 08:00:00,2023,3,13,NOROESTE3,0,1.88,10.233333333333333,22.333333333333332,33.666666666666664,20.335,otra
2023-03-13 08:00:00,2023,3,13,NORTE2,1,0.85,18.75,17.0,46.5,13.0,otra
2023-03-13 08:00:00,2023,3,13,SUR,1,2.4025,13.1,18.75,38.5,17.5,otra
2023-03-13 08:00:00,2023,3,13,SUROESTE2,1,1.875,15.2,16.5,27.0,12.0,otra
2023-03-14 07:00:00,2023,3,14,CENTRO,1,2.0,20.2,9.0,23.0,12.09,otra
2023-03-14 07:00:00,2023,3,14,NORESTE3,0,1.505,19.8,16.0,25.5,8.5,otra
2023-03-14 07:00:00,2023,3,14,NOROESTE3,0,1.8333333333333333,10.799999999999999,16.0,20.666666666666668,14.8,otra
2023-03-14 07:00:00,2023,3,14,NORTE2,1,0.905,19.15,15.5,12.5,6.5,otra
2023-03-14 07:00:00,2023,3,14,SUR,1,1.4849999999999999,13.5,16.5,18.333333333333332,4.666666666666667,otra
2023-03-14 07:00:00,2023,3,14,SUROESTE2,1,1.73,10.55,15.0,14.5,7.5,otra
2023-03-14 08:00:00,2023,3,14,CENTRO,1,2.17,20.7,9.0,25.0,9.02,otra
2023-03-14 08:00:00,2023,3,14,NORESTE3,0,1.3576666666666668,18.966666666666665,14.1,20.666666666666668,8.5,otra
2023-03-14 08:00:00,2023,3,14,NOROESTE3,0,1.9733333333333334,11.966666666666667,14.666666666666666,25.666666666666668,14.04,otra
2023-03-14 08:00:00,2023,3,14,NORTE2,1,1.035,21.700000000000003,13.0,15.0,5.5,otra
2023-03-14 08:00:00,2023,3,14,SUR,1,1.565,27.125,12.75,16.0,5.5,otra
2023-03-14 08:00:00,2023,3,14,SUROESTE2,1,1.9500000000000002,18.45,8.0,17.5,11.0,otra
2023-03-15 07:00:00,2023,3,15,CENTRO,1,2.05,16.8,11.0,23.0,18.48,otra
2023-03-15 07:00:00,2023,3,15,NORESTE3,0,1.2236666666666667,17.433333333333334,18.0,18.666666666666668,8.0,otra
2023-03-15 07:00:00,2023,3,15,NOROESTE3,0,1.79,10.433333333333334,15.666666666666666,8.0,,otra
2023-03-15 07:00:00,2023,3,15,NORTE2,1,0.845,23.25,8.5,20.0,5.0,otra
2023-03-15 07:00:00,2023,3,15,SUR,1,1.425,13.025,18.0,19.666666666666668,12.0,otra
2023-03-15 07:00:00,2023,3,15,SUROESTE2,1,1.76,17.65,9.5,18.0,13.0,otra
2023-03-15 08:00:00,2023,3,15,CENTRO,1,2.23,20.0,9.0,27.0,22.19,otra
2023-03-15 08:00:00,2023,3,15,NORESTE3,0,1.513,20.033333333333335,16.533333333333335,17.666666666666668,8.0,otra
2023-03-15 08:00:00,2023,3,15,NOROESTE3,0,1.8966666666666665,13.699999999999998,10.666666666666666,7.666666666666667,6.0,otra
2023-03-15 08:00:00,2023,3,15,NORTE2,1,1.055,25.25,8.5,25.0,8.0,otra
2023-03-15 08:00:00,2023,3,15,SUR,1,1.5825,17.85,14.25,18.25,7.666666666666667,otra
2023-03-15 08:00:00,2023,3,15,SUROESTE2,1,1.9949999999999999,22.15,5.0,24.5,16.5,otra
2023-03-16 07:00:00,2023,3,16,CENTRO,1,2.3,16.9,3.0,36.0,24.76,otra
2023-03-16 07:00:00,2023,3,16,NORESTE3,0,1.2216666666666667,17.433333333333334,10.466666666666667,47.666666666666664,11.0,otra
2023-03-16 07:00:00,2023,3,16,NOROESTE3,0,1.8666666666666665,12.466666666666667,7.333333333333333,33.5,5.51,otra
2023-03-16 07:00:00,2023,3,16,NORTE2,1,1.0899999999999999,20.6,8.0,70.0,17.0,otra
2023-03-16 07:00:00,2023,3,16,SUR,1,1.495,17.9,7.75,36.75,13.666666666666666,otra
2023-03-16 07:00:00,2023,3,16,SUROESTE2,1,2.005,16.549999999999997,3.0,42.5,24.5,otra
2023-03-16 08:00:00,2023,3,16,CENTRO,1,2.51,19.2,4.0,49.0,41.05,otra
2023-03-16 08:00:00,2023,3,16,NORESTE3,0,1.3876666666666668,16.566666666666666,12.266666666666666,47.333333333333336,11.0,otra
2023-03-16 08:00:00,2023,3,16,NOROESTE3,0,2.0933333333333333,14.733333333333334,6.666666666666667,27.333333333333332,5.87,otra
2023-03-16 08:00:00,2023,3,16,NORTE2,1,1.37,22.45,6.5,104.0,17.5,otra
2023-03-16 08:00:00,2023,3,16,SUR,1,1.7225000000000001,17.875,6.75,43.0,13.0,otra
2023-03-16 08:00:00,2023,3,16,SUROESTE2,1,2.6399999999999997,17.35,3.0,58.5,29.5,otra
2023-03-17 07:00:00,2023,3,17,NORESTE3,0,0.85,8.4,24.0,104.0,14.0,otra
2023-03-17 07:00:00,2023,3,17,NOROESTE3,0,1.7366666666666666,12.200000000000001,19.666666666666668,131.0,12.35,otra
2023-03-17 07:00:00,2023,3,17,NORTE2,1,0.685,12.1,23.0,117.0,8.5,otra
2023-03-17 07:00:00,2023,3,17,SUR,1,1.3250000000000002,13.633333333333333,23.5,113.5,17.666666666666668,otra
2023-03-17 07:00:00,2023,3,17,SUROESTE2,1,1.66,6.75,24.0,117.5,12.48,otra
2023-03-17 08:00:00,2023,3,17,CENTRO,1,0.78,5.0,9.0,31.0,,otra
2023-03-17 08:00:00,2023,3,17,NORESTE3,0,2.903,5.35,23.0,82.0,14.0,otra
2023-03-17 08:00:00,2023,3,17,NOROESTE3,0,1.7433333333333332,7.5,23.333333333333332,100.33333333333333,14.905,otra
2023-03-17 08:00:00,2023,3,17,NORTE2,1,0.8,15.55,20.0,83.0,8.5,otra
2023-03-17 08:00:00,2023,3,17,SUR,1,1.345,12.225,22.5,92.5,15.0,otra
2023-03-17 08:00:00,2023,3,17,SUROESTE2,1,1.72,10.100000000000001,20.5,80.5,11.205,otra
2023-03-18 07:00:00,2023,3,18,CENTRO,0,1.96,11.4,24.0,32.0,7.43,otra
2023-03-18 07:00:00,2023,3,18,NORESTE3,0,0.7464999999999999,12.366666666666667,28.266666666666666,21.666666666666668,7.0,otra
2023-03-18 07:00:00,2023,3,18,NOROESTE3,0,1.6366666666666667,7.400000000000001,27.333333333333332,19.0,8.0,otra
2023-03-18 07:00:00,2023,3,18,NORTE2,0,0.61,19.1,20.0,34.5,7.0,otra
2023-03-18 07:00:00,2023,3,18,SUR,0,1.4,11.95,26.0,23.5,6.0,otra
2023-03-18 07:00:00,2023,3,18,SUROESTE2,0,1.585,10.7,23.0,18.0,7.0,otra
2023-03-18 08:00:00,2023,3,18,CENTRO,0,2.06,13.7,23.0,32.0,10.67,otra
2023-03-18 08:00:00,2023,3,18,NORESTE3,0,0.7705,12.699999999999998,30.099999999999998,36.333333333333336,7.0,otra
2023-03-18 08:00:00,2023,3,18,NOROESTE3,0,1.6866666666666668,7.933333333333334,27.666666666666668,20.0,10.305,otra
2023-03-18 08:00:00,2023,3,18,NORTE2,0,0.715,22.1,18.5,44.0,5.5,otra
2023-03-18 08:00:00,2023,3,18,SUR,0,1.495,12.65,24.75,26.25,7.666666666666667,otra
2023-03-18 08:00:00,2023,3,18,SUROESTE2,0,1.625,13.5,21.0,25.5,6.0,otra
2023-03-19 07:00:00,2023,3,19,CENTRO,0,2.11,14.5,23.0,38.0,15.2,otra
2023-03-19 07:00:00,2023,3,19,NORESTE3,0,0.714,6.6000000000000005,30.53333333333333,27.0,5.0,otra
2023-03-19 07:00:00,2023,3,19,NOROESTE3,0,1.6466666666666667,4.3999999999999995,29.666666666666668,11.333333333333334,5.08,otra
2023-03-19 07:00:00,2023,3,19,NORTE2,0,0.635,12.1,24.0,22.0,12.0,otra
2023-03-19 07:00:00,2023,3,19,SUR,0,1.3775,7.0,27.75,21.5,8.333333333333334,otra
2023-03-19 07:00:00,2023,3,19,SUROESTE2,0,1.62,10.75,23.0,20.5,13.0,otra
2023-03-19 08:00:00,2023,3,19,CENTRO,0,2.14,13.5,22.0,32.0,17.56,otra
2023-03-19 08:00:00,2023,3,19,NORESTE3,0,0.733,8.0,27.633333333333336,23.0,7.5,otra
2023-03-19 08:00:00,2023,3,19,NOROESTE3,0,1.6500000000000001,4.433333333333334,29.0,10.0,8.235,otra
2023-03-19 08:00:00,2023,3,19,NORTE2,0,0.7050000000000001,11.649999999999999,24.0,25.0,12.0,otra
2023-03-19 08:00:00,2023,3,19,SUR,0,1.4175,13.275,25.75,24.75,8.666666666666666,otra
2023-03-19 08:00:00,2023,3,19,SUROESTE2,0,1.74,13.7,20.0,22.0,13.0,otra
2023-03-20 07:00:00,2023,3,20,CENTRO,1,2.29,12.0,17.0,31.0,,otra
2023-03-20 07:00:00,2023,3,20,NORESTE3,0,0.758,11.233333333333334,25.2,15.333333333333334,7.0,otra
2023-03-20 07:00:00,2023,3,20,NOROESTE3,0,1.7833333333333332,9.9,16.0,24.333333333333332,7.56,otra
2023-03-20 07:00:00,2023,3,20,NORTE2,1,0.75,17.200000000000003,15.5,15.0,10.0,otra
2023-03-20 07:00:00,2023,3,20,SUR,1,1.405,23.625,21.0,16.25,8.5,otra
2023-03-20 07:00:00,2023,3,20,SUROESTE2,1,1.655,10.9,14.0,29.5,21.0,otra
2023-03-20 08:00:00,2023,3,20,CENTRO,1,2.29,12.5,15.0,34.0,,otra
2023-03-20 08:00:00,2023,3,20,NORESTE3,0,0.7689999999999999,11.333333333333334,24.2,13.666666666666666,8.5,otra
2023-03-20 08:00:00,2023,3,20,NOROESTE3,0,1.8333333333333333,9.833333333333334,15.333333333333334,22.666666666666668,6.46,otra
2023-03-20 08:00:00,2023,3,20,NORTE2,1,0.815,18.5,14.0,16.5,12.5,otra
2023-03-20 08:00:00,2023,3,20,SUR,1,1.435,21.6,18.5,20.0,8.333333333333334,otra
2023-03-20 08:00:00,2023,3,20,SUROESTE2,1,1.69,13.5,12.0,34.5,25.5,otra
2023-03-21 07:00:00,2023,3,21,CENTRO,1,2.61,22.8,4.0,93.0,80.96,otra
2023-03-21 07:00:00,2023,3,21,NORESTE3,0,1.093,25.066666666666666,6.466666666666666,55.666666666666664,25.5,otra
2023-03-21 07:00:00,2023,3,21,NOROESTE3,0,2.0366666666666666,19.133333333333336,6.333333333333333,54.666666666666664,33.29,otra
2023-03-21 07:00:00,2023,3,21,NORTE2,1,1.095,24.65,10.0,57.0,30.0,otra
2023-03-21 07:00:00,2023,3,21,SUR,1,1.84,39.375,5.75,58.5,33.333333333333336,otra
2023-03-21 07:00:00,2023,3,21,SUROESTE2,1,2.035,16.8,5.5,68.0,34.0,otra
2023-03-21 08:00:00,2023,3,21,CENTRO,1,2.79,22.6,4.0,87.0,79.59,otra
2023-03-21 08:00:00,2023,3,21,NORESTE3,0,1.374,24.2,8.666666666666666,74.33333333333333,33.5,otra
2023-03-21 08:00:00,2023,3,21,NOROESTE3,0,2.1966666666666668,18.96666666666667,7.0,51.333333333333336,31.57,otra
2023-03-21 08:00:00,2023,3,21,NORTE2,1,1.08,23.75,10.5,58.5,24.0,otra
2023-03-21 08:00:00,2023,3,21,SUR,1,2.1075,31.575,6.75,85.25,47.333333333333336,otra
2023-03-21 08:00:00,2023,3,21,SUROESTE2,1,2.66,22.15,4.0,76.0,57.5,otra
2023-03-22 07:00:00,2023,3,22,CENTRO,1,2.86,21.6,4.0,55.0,37.1,otra
2023-03-22 07:00:00,2023,3,22,NORESTE3,0,1.2225,20.133333333333336,5.266666666666667,66.66666666666667,23.0,otra
2023-03-22 07:00:00,2023,3,22,NOROESTE3,0,2.1766666666666663,19.4,2.6666666666666665,62.0,32.325,otra
2023-03-22 07:00:00,2023,3,22,NORTE2,1,1.49,27.5,6.0,70.0,19.0,otra
2023-03-22 07:00:00,2023,3,22,SUR,1,1.9075,27.225,5.0,61.75,22.75,otra
2023-03-22 07:00:00,2023,3,22,SUROESTE2,1,2.315,23.6,4.0,66.5,27.5,otra
2023-03-22 08:00:00,2023,3,22,CENTRO,1,2.99,22.4,4.0,78.0,47.34,otra
2023-03-22 08:00:00,2023,3,22,NORESTE3,0,1.361,22.8,6.833333333333333,87.0,23.5,otra
2023-03-22 08:00:00,2023,3,22,NOROESTE3,0,2.3966666666666665,19.533333333333335,3.3333333333333335,74.0,38.235,otra
2023-03-22 08:00:00,2023,3,22,NORTE2,1,1.53,27.0,6.0,76.0,20.0,otra
2023-03-22 08:00:00,2023,3,22,SUR,1,2.2425,25.049999999999997,5.75,82.25,32.25,otra
2023-03-22 08:00:00,2023,3,22,SUROESTE2,1,3.125,31.15,3.0,89.5,43.0,otra
2023-03-23 07:00:00,2023,3,23,CENTRO,1,2.18,18.2,7.0,66.0,,otra
2023-03-23 07:00:00,2023,3,23,NORESTE3,0,0.964,14.299999999999999,13.6,52.666666666666664,20.5,otra
2023-03-23 07:00:00,2023,3,23,NOROESTE3,0,1.9633333333333336,13.399999999999999,8.333333333333334,59.0,30.935,otra
2023-03-23 07:00:00,2023,3,23,NORTE2,1,0.965,16.85,13.5,43.0,22.5,otra
2023-03-23 07:00:00,2023,3,23,SUR,1,1.48,17.575,10.0,47.0,24.75,otra
2023-03-23 07:00:00,2023,3,23,SUROESTE2,1,2.005,18.299999999999997,3.5,63.5,35.5,otra
2023-03-23 08:00:00,2023,3,23,CENTRO,1,2.26,17.2,8.0,68.0,,otra
2023-03-23 08:00:00,2023,3,23,NORESTE3,0,1.0105,14.0,15.266666666666666,66.0,24.5,otra
2023-03-23 08:00:00,2023,3,23,NOROESTE3,0,1.9666666666666668,13.666666666666666,8.0,64.33333333333333,27.635,otra
2023-03-23 08:00:00,2023,3,23,NORTE2,1,1.15,17.4,13.0,59.0,28.0,otra
2023-03-23 08:00:00,2023,3,23,SUR,1,1.5975,19.8,10.0,57.5,30.5,otra
2023-03-23 08:00:00,2023,3,23,SUROESTE2,1,2.09,18.8,4.0,88.0,38.5,otra
2023-03-24 07:00:00,2023,3,24,CENTRO,1,2.54,23.8,4.0,68.0,44.0,otra
2023-03-24 07:00:00,2023,3,24,NORESTE3,0,1.266,21.2,6.0,65.66666666666667,25.5,otra
2023-03-24 07:00:00,2023,3,24,NOROESTE3,0,2.2733333333333334,14.299999999999999,9.333333333333334,80.0,35.53,otra
2023-03-24 07:00:00,2023,3,24,NORTE2,1,1.22,22.950000000000003,6.0,91.0,29.5,otra
2023-03-24 07:00:00,2023,3,24,SUR,1,2.0275,31.45,4.0,80.75,32.666666666666664,otra
2023-03-24 07:00:00,2023,3,24,SUROESTE2,1,2.325,25.3,2.0,139.0,33.5,otra
2023-03-24 08:00:00,2023,3,24,CENTRO,1,2.89,29.1,5.0,101.0,52.0,otra
2023-03-24 08:00:00,2023,3,24,NORESTE3,0,1.479,23.8,7.633333333333333,100.0,30.0,otra
2023-03-24 08:00:00,2023,3,24,NOROESTE3,0,2.89,17.8,13.0,94.0,41.33,otra
2023-03-24 08:00:00,2023,3,24,NORTE2,1,1.98,28.65,6.0,102.0,29.0,otra
2023-03-24 08:00:00,2023,3,24,SUR,1,2.5,27.325,5.0,119.25,39.0,otra
2023-03-24 08:00:00,2023,3,24,SUROESTE2,1,3.3099999999999996,30.200000000000003,4.0,118.5,31.5,otra
2023-03-25 07:00:00,2023,3,25,CENTRO,0,2.13,30.0,10.0,66.0,15.92,otra
2023-03-25 07:00:00,2023,3,25,NORESTE3,0,0.751,9.666666666666666,34.233333333333334,55.666666666666664,7.0,otra
2023-03-25 07:00:00,2023,3,25,NOROESTE3,0,2.03,20.166666666666668,12.0,81.0,8.045,otra
2023-03-25 07:00:00,2023,3,25,NORTE2,0,0.75,18.35,21.5,63.0,7.5,otra
2023-03-25 07:00:00,2023,3,25,SUR,0,1.4625,14.899999999999999,25.75,56.0,10.333333333333334,otra
2023-03-25 07:00:00,2023,3,25,SUROESTE2,0,1.7650000000000001,20.15,14.5,62.0,19.5,otra
2023-03-25 08:00:00,2023,3,25,CENTRO,0,2.19,24.4,17.0,64.0,12.77,otra
2023-03-25 08:00:00,2023,3,25,NORESTE3,0,0.749,9.966666666666667,36.199999999999996,64.66666666666667,8.0,otra
2023-03-25 08:00:00,2023,3,25,NOROESTE3,0,1.8800000000000001,15.033333333333333,21.0,63.333333333333336,7.29,otra
2023-03-25 08:00:00,2023,3,25,NORTE2,0,0.835,18.35,25.0,56.5,5.0,otra
2023-03-25 08:00:00,2023,3,25,SUR,0,1.4675,11.375,30.5,54.5,7.0,otra
2023-03-25 08:00:00,2023,3,25,SUROESTE2,0,1.87,21.2,15.5,53.5,12.0,otra
2023-03-26 07:00:00,2023,3,26,CENTRO,0,2.34,23.2,7.0,68.0,36.52,otra
2023-03-26 07:00:00,2023,3,26,NORESTE3,0,0.5756666666666667,7.933333333333333,16.033333333333335,58.666666666666664,32.5,otra
2023-03-26 07:00:00,2023,3,26,NOROESTE3,0,2.0566666666666666,16.7,6.0,65.0,37.205,otra
2023-03-26 07:00:00,2023,3,26,NORTE2,0,0.9199999999999999,18.4,7.0,74.0,27.5,otra
2023-03-26 07:00:00,2023,3,26,SUR,0,1.2449999999999999,23.45,9.25,63.75,34.666666666666664,otra
2023-03-26 07:00:00,2023,3,26,SUROESTE2,0,1.75,13.0,18.0,45.5,19.5,otra
2023-03-26 08:00:00,2023,3,26,CENTRO,0,2.33,22.7,11.0,71.0,35.59,otra
2023-03-26 08:00:00,2023,3,26,NORESTE3,0,0.9359999999999999,12.299999999999999,14.166666666666666,60.666666666666664,33.0,otra
2023-03-26 08:00:00,2023,3,26,NOROESTE3,0,2.11,15.633333333333333,8.0,66.0,23.35,otra
2023-03-26 08:00:00,2023,3,26,NORTE2,0,1.0,18.4,8.5,86.5,30.5,otra
2023-03-26 08:00:00,2023,3,26,SUR,0,1.5633333333333332,16.875,12.75,73.0,36.0,otra
2023-03-26 08:00:00,2023,3,26,SUROESTE2,0,1.865,18.4,14.0,58.5,21.5,otra
2023-03-27 07:00:00,2023,3,27,CENTRO,1,2.57,14.9,6.0,61.0,42.91,otra
2023-03-27 07:00:00,2023,3,27,NORESTE3,0,0.977,16.7,7.966666666666666,75.33333333333333,27.5,otra
2023-03-27 07:00:00,2023,3,27,NOROESTE3,0,2.09,16.066666666666666,5.333333333333333,60.666666666666664,30.175,otra
2023-03-27 07:00:00,2023,3,27,NORTE2,1,1.24,22.5,8.0,84.0,31.595,otra
2023-03-27 07:00:00,2023,3,27,SUR,1,1.6233333333333333,23.725,8.0,65.75,35.0,otra
2023-03-27 07:00:00,2023,3,27,SUROESTE2,1,1.975,20.25,8.5,62.0,28.5,otra
2023-03-27 08:00:00,2023,3,27,CENTRO,1,2.62,28.7,6.0,66.0,52.58,otra
2023-03-27 08:00:00,2023,3,27,NORESTE3,0,1.0655000000000001,15.166666666666666,10.033333333333333,73.0,31.5,otra
2023-03-27 08:00:00,2023,3,27,NOROESTE3,0,2.223333333333333,15.866666666666665,4.666666666666667,69.0,34.465,otra
2023-03-27 08:00:00,2023,3,27,NORTE2,1,1.32,22.55,7.5,102.0,35.305,otra
2023-03-27 08:00:00,2023,3,27,SUR,1,1.7166666666666668,19.15,8.0,72.75,39.0,otra
2023-03-27 08:00:00,2023,3,27,SUROESTE2,1,2.285,24.15,8.0,68.5,28.0,otra
2023-03-28 07:00:00,2023,3,28,CENTRO,1,2.9,11.9,9.0,61.0,40.78,otra
2023-03-28 07:00:00,2023,3,28,NORESTE3,0,0.9239999999999999,13.166666666666666,10.6,59.333333333333336,29.0,otra
2023-03-28 07:00:00,2023,3,28,NOROESTE3,0,1.9066666666666665,8.666666666666666,12.666666666666666,54.333333333333336,29.97,otra
2023-03-28 07:00:00,2023,3,28,NORTE2,1,1.005,17.65,8.0,58.0,26.0,otra
2023-03-28 07:00:00,2023,3,28,SUR,1,1.43,8.95,11.5,55.25,30.333333333333332,otra
2023-03-28 07:00:00,2023,3,28,SUROESTE2,1,1.9,14.6,6.0,67.0,30.5,otra
2023-03-28 08:00:00,2023,3,28,CENTRO,1,3.06,14.6,5.0,69.0,41.4,otra
2023-03-28 08:00:00,2023,3,28,NORESTE3,0,1.011,11.9,11.833333333333334,63.0,23.0,otra
2023-03-28 08:00:00,2023,3,28,NOROESTE3,0,1.9566666666666668,8.266666666666667,11.333333333333334,55.666666666666664,32.129999999999995,otra
2023-03-28 08:00:00,2023,3,28,NORTE2,1,1.095,16.95,8.0,59.5,26.5,otra
2023-03-28 08:00:00,2023,3,28,SUR,1,1.46,13.425,10.75,59.0,24.5,otra
2023-03-28 08:00:00,2023,3,28,SUROESTE2,1,2.0700000000000003,14.6,6.0,67.0,31.0,otra
2023-03-29 07:00:00,2023,3,29,CENTRO,1,2.9,22.5,20.0,57.0,39.63,otra
2023-03-29 07:00:00,2023,3,29,NORESTE3,0,1.0203333333333333,20.133333333333333,17.7,40.333333333333336,15.0,otra
2023-03-29 07:00:00,2023,3,29,NOROESTE3,0,1.9833333333333334,16.0,22.666666666666668,29.333333333333332,23.11,otra
2023-03-29 07:00:00,2023,3,29,NORTE2,1,0.97,31.799999999999997,17.5,47.0,17.0,otra
2023-03-29 07:00:00,2023,3,29,SUR,1,1.7133333333333336,25.2,15.5,42.0,21.5,otra
2023-03-29 07:00:00,2023,3,29,SUROESTE2,1,2.0949999999999998,18.5,18.5,50.0,25.5,otra
2023-03-29 08:00:00,2023,3,29,CENTRO,1,2.95,26.9,14.0,67.0,44.89,otra
2023-03-29 08:00:00,2023,3,29,NORESTE3,0,1.2093333333333334,25.866666666666664,15.866666666666667,40.333333333333336,18.0,otra
2023-03-29 08:00:00,2023,3,29,NOROESTE3,0,2.103333333333333,19.5,19.0,37.666666666666664,26.005000000000003,otra
2023-03-29 08:00:00,2023,3,29,NORTE2,1,0.97,28.25,18.5,61.0,18.0,otra
2023-03-29 08:00:00,2023,3,29,SUR,1,1.79,25.825,15.0,50.25,34.666666666666664,otra
2023-03-29 08:00:00,2023,3,29,SUROESTE2,1,2.185,27.35,9.5,50.5,28.0,otra
2023-03-30 07:00:00,2023,3,30,CENTRO,1,3.21,26.3,4.0,56.0,45.75,otra
2023-03-30 07:00:00,2023,3,30,NORESTE3,0,1.1323333333333332,17.03333333333333,13.866666666666667,32.666666666666664,35.0,otra
2023-03-30 07:00:00,2023,3,30,NOROESTE3,0,2.1966666666666668,20.566666666666666,3.3333333333333335,38.0,20.34,otra
2023-03-30 07:00:00,2023,3,30,NORTE2,1,1.9,35.5,8.0,153.0,48.0,otra
2023-03-30 07:00:00,2023,3,30,SUR,1,1.89,23.375,7.75,43.25,23.333333333333332,otra
2023-03-30 07:00:00,2023,3,30,SUROESTE2,1,2.29,22.7,3.0,74.0,37.0,otra
2023-03-30 08:00:00,2023,3,30,CENTRO,1,3.49,28.4,,58.0,50.21,otra
2023-03-30 08:00:00,2023,3,30,NORESTE3,0,1.351,21.633333333333336,12.1,38.0,25.5,otra
2023-03-30 08:00:00,2023,3,30,NOROESTE3,0,2.2600000000000002,19.96666666666667,3.6666666666666665,46.333333333333336,25.11,otra
2023-03-30 08:00:00,2023,3,30,NORTE2,1,2.17,33.8,8.0,166.0,40.0,otra
2023-03-30 08:00:00,2023,3,30,SUR,1,2.106666666666667,24.225,6.75,50.75,37.666666666666664,otra
2023-03-30 08:00:00,2023,3,30,SUROESTE2,1,2.61,23.200000000000003,3.5,61.0,32.5,otra
2023-03-31 07:00:00,2023,3,31,CENTRO,1,3.55,22.5,4.0,90.0,66.53,otra
2023-03-31 07:00:00,2023,3,31,NORESTE3,0,2.2310000000000003,22.96666666666667,5.6,121.33333333333333,42.0,otra
2023-03-31 07:00:00,2023,3,31,NOROESTE3,0,2.73,19.066666666666666,3.0,79.0,25.25,otra
2023-03-31 07:00:00,2023,3,31,NORTE2,1,1.8800000000000001,25.6,4.0,116.0,39.0,otra
2023-03-31 07:00:00,2023,3,31,SUR,1,2.42,33.575,3.0,106.5,53.333333333333336,otra
2023-03-31 07:00:00,2023,3,31,SUROESTE2,1,2.8899999999999997,20.0,2.0,112.5,52.0,otra
2023-03-31 08:00:00,2023,3,31,CENTRO,1,4.17,23.9,4.0,100.0,65.24,otra
2023-03-31 08:00:00,2023,3,31,NORESTE3,0,2.576,28.400000000000002,8.7,150.33333333333334,47.5,otra
2023-03-31 08:00:00,2023,3,31,NOROESTE3,0,2.8866666666666667,21.7,2.0,84.33333333333333,37.47,otra
2023-03-31 08:00:00,2023,3,31,NORTE2,1,2.695,27.55,10.0,133.0,40.0,otra
2023-03-31 08:00:00,2023,3,31,SUR,1,2.643333333333333,29.725,3.5,162.75,65.0,otra
2023-03-31 08:00:00,2023,3,31,SUROESTE2,1,3.41,24.8,2.0,115.5,48.0,otra
2023-04-01 07:00:00,2023,4,1,CENTRO,0,3.22,17.0,3.0,75.0,,otra
2023-04-01 07:00:00,2023,4,1,NORESTE3,0,1.2336666666666667,17.333333333333332,7.066666666666666,73.33333333333333,26.5,otra
2023-04-01 07:00:00,2023,4,1,NOROESTE3,0,2.466666666666667,18.866666666666664,3.3333333333333335,75.33333333333333,,otra
2023-04-01 07:00:00,2023,4,1,NORTE2,0,1.3650000000000002,19.85,6.5,87.0,28.0,otra
2023-04-01 07:00:00,2023,4,1,SUR,0,1.9125,26.275,4.666666666666667,66.25,35.0,otra
2023-04-01 07:00:00,2023,4,1,SUROESTE2,0,2.17,22.1,2.5,83.0,30.0,otra
2023-04-01 08:00:00,2023,4,1,CENTRO,0,3.38,19.4,,79.0,,otra
2023-04-01 08:00:00,2023,4,1,NORESTE3,0,1.4056666666666668,18.733333333333334,7.633333333333333,83.33333333333333,31.0,otra
2023-04-01 08:00:00,2023,4,1,NOROESTE3,0,2.7133333333333334,22.53333333333333,3.0,81.33333333333333,,otra
2023-04-01 08:00:00,2023,4,1,NORTE2,0,1.635,26.45,6.0,123.5,33.5,otra
2023-04-01 08:00:00,2023,4,1,SUR,0,1.9575,20.625,9.0,84.75,33.5,otra
2023-04-01 08:00:00,2023,4,1,SUROESTE2,0,2.535,24.9,3.5,79.0,33.5,otra
2023-04-02 07:00:00,2023,4,2,CENTRO,0,3.04,8.6,10.0,58.0,30.68,otra
2023-04-02 07:00:00,2023,4,2,NORESTE3,0,1.02,7.666666666666667,14.166666666666666,40.0,21.0,otra
2023-04-02 07:00:00,2023,4,2,NOROESTE3,0,2.0366666666666666,6.233333333333333,10.0,38.333333333333336,14.575,otra
2023-04-02 07:00:00,2023,4,2,NORTE2,0,0.84,9.2,12.0,42.5,21.5,otra
2023-04-02 07:00:00,2023,4,2,SUR,0,1.585,11.375,12.25,31.0,18.235,otra
2023-04-02 07:00:00,2023,4,2,SUROESTE2,0,1.87,11.100000000000001,6.5,57.0,25.5,otra
2023-04-02 08:00:00,2023,4,2,CENTRO,0,3.09,12.4,7.0,51.0,34.21,otra
2023-04-02 08:00:00,2023,4,2,NORESTE3,0,1.0963333333333332,8.233333333333333,15.066666666666668,41.0,19.0,otra
2023-04-02 08:00:00,2023,4,2,NOROESTE3,0,2.016666666666667,6.8999999999999995,9.333333333333334,30.333333333333332,17.67,otra
2023-04-02 08:00:00,2023,4,2,NORTE2,0,0.905,10.35,12.0,45.0,28.0,otra
2023-04-02 08:00:00,2023,4,2,SUR,0,1.63,13.225,11.25,34.5,24.026666666666667,otra
2023-04-02 08:00:00,2023,4,2,SUROESTE2,0,1.9249999999999998,11.899999999999999,6.0,52.0,27.0,otra
2023-04-03 07:00:00,2023,4,3,CENTRO,1,3.51,19.3,4.0,67.0,45.81,otra
2023-04-03 07:00:00,2023,4,3,NORESTE3,0,1.3726666666666667,19.466666666666665,6.2,81.0,29.0,otra
2023-04-03 07:00:00,2023,4,3,NOROESTE3,0,2.513333333333333,17.133333333333333,5.0,74.66666666666667,30.75,otra
2023-04-03 07:00:00,2023,4,3,NORTE2,1,1.24,22.1,8.0,69.5,28.0,otra
2023-04-03 07:00:00,2023,4,3,SUR,1,2.27,23.925,4.5,105.25,58.0,otra
2023-04-03 07:00:00,2023,4,3,SUROESTE2,1,2.29,20.9,10.0,69.0,30.0,otra
2023-04-03 08:00:00,2023,4,3,CENTRO,1,3.64,25.8,5.0,76.0,44.78,otra
2023-04-03 08:00:00,2023,4,3,NORESTE3,0,1.4959999999999998,20.900000000000002,9.200000000000001,114.33333333333333,35.5,otra
2023-04-03 08:00:00,2023,4,3,NOROESTE3,0,2.7000000000000006,18.233333333333334,7.5,91.0,28.53,otra
2023-04-03 08:00:00,2023,4,3,NORTE2,1,1.665,24.65,9.0,87.5,30.0,otra
2023-04-03 08:00:00,2023,4,3,SUR,1,2.2,21.85,7.5,117.0,49.5,otra
2023-04-03 08:00:00,2023,4,3,SUROESTE2,1,2.545,23.45,11.5,110.5,32.0,otra
2023-04-04 07:00:00,2023,4,4,CENTRO,1,3.41,17.7,3.0,74.0,47.25,otra
2023-04-04 07:00:00,2023,4,4,NORESTE3,0,1.2676666666666667,20.599999999999998,8.200000000000001,70.66666666666667,31.5,otra
2023-04-04 07:00:00,2023,4,4,NOROESTE3,0,2.3766666666666665,18.266666666666666,3.0,110.33333333333333,34.79,otra
2023-04-04 07:00:00,2023,4,4,NORTE2,1,1.3050000000000002,26.45,5.5,85.5,29.0,otra
2023-04-04 07:00:00,2023,4,4,SUR,1,1.8074999999999999,23.95,7.75,68.75,41.5,otra
2023-04-04 07:00:00,2023,4,4,SUROESTE2,1,2.3049999999999997,21.4,13.0,78.0,31.5,otra
2023-04-04 08:00:00,2023,4,4,CENTRO,1,3.74,22.0,4.0,78.0,46.53,otra
2023-04-04 08:00:00,2023,4,4,NORESTE3,0,1.3776666666666666,22.166666666666668,11.966666666666667,82.66666666666667,38.5,otra
2023-04-04 08:00:00,2023,4,4,NOROESTE3,0,2.58,19.066666666666666,6.0,102.66666666666667,33.65,otra
2023-04-04 08:00:00,2023,4,4,NORTE2,1,1.465,29.75,6.0,109.0,35.5,otra
2023-04-04 08:00:00,2023,4,4,SUR,1,1.9225,24.875,8.25,81.25,41.5,otra
2023-04-04 08:00:00,2023,4,4,SUROESTE2,1,2.8449999999999998,29.15,5.0,107.0,34.5,otra
2023-04-05 07:00:00,2023,4,5,CENTRO,1,3.8,34.1,4.0,101.0,60.21,otra
2023-04-05 07:00:00,2023,4,5,NORESTE3,0,1.204,17.266666666666666,9.566666666666666,78.0,37.0,otra
2023-04-05 07:00:00,2023,4,5,NOROESTE3,0,2.6766666666666663,26.5,3.0,163.33333333333334,56.75,otra
2023-04-05 07:00:00,2023,4,5,NORTE2,1,1.4849999999999999,27.25,6.0,120.0,50.0,otra
2023-04-05 07:00:00,2023,4,5,SUR,1,2.155,27.075,5.0,93.25,46.876666666666665,otra
2023-04-05 07:00:00,2023,4,5,SUROESTE2,1,2.5700000000000003,35.650000000000006,3.5,142.5,42.5,otra
2023-04-05 08:00:00,2023,4,5,CENTRO,1,4.2,34.4,,106.0,60.25,otra
2023-04-05 08:00:00,2023,4,5,NORESTE3,0,1.287,19.266666666666666,13.266666666666666,88.66666666666667,37.5,otra
2023-04-05 08:00:00,2023,4,5,NOROESTE3,0,2.78,25.53333333333333,4.5,155.0,52.51,otra
2023-04-05 08:00:00,2023,4,5,NORTE2,1,1.525,30.299999999999997,6.0,125.5,46.0,otra
2023-04-05 08:00:00,2023,4,5,SUR,1,2.19,24.475,7.5,126.25,49.45333333333334,otra
2023-04-05 08:00:00,2023,4,5,SUROESTE2,1,2.8499999999999996,36.95,4.5,139.5,49.0,otra
2023-04-06 07:00:00,2023,4,6,CENTRO,1,3.32,27.3,14.0,45.0,22.4,otra
2023-04-06 07:00:00,2023,4,6,NORESTE3,0,0.9486666666666667,17.866666666666667,22.7,32.0,12.0,otra
2023-04-06 07:00:00,2023,4,6,NOROESTE3,0,2.0433333333333334,15.0,19.666666666666668,28.5,19.619999999999997,otra
2023-04-06 07:00:00,2023,4,6,NORTE2,1,0.81,21.5,20.5,26.835,6.085,otra
2023-04-06 07:00:00,2023,4,6,SUR,1,1.6300000000000001,27.675,20.25,39.0,13.32,otra
2023-04-06 07:00:00,2023,4,6,SUROESTE2,1,2.0549999999999997,17.049999999999997,18.0,54.5,20.439999999999998,otra
2023-04-06 08:00:00,2023,4,6,CENTRO,1,3.25,25.4,16.0,49.0,25.28,otra
2023-04-06 08:00:00,2023,4,6,NORESTE3,0,0.9500000000000001,15.5,27.5,33.666666666666664,11.0,otra
2023-04-06 08:00:00,2023,4,6,NOROESTE3,0,2.1,17.166666666666668,18.333333333333332,30.0,10.105,otra
2023-04-06 08:00:00,2023,4,6,NORTE2,1,0.8500000000000001,24.200000000000003,19.0,27.965,7.8,otra
2023-04-06 08:00:00,2023,4,6,SUR,1,1.67,29.525000000000002,17.5,37.25,12.445,otra
2023-04-06 08:00:00,2023,4,6,SUROESTE2,1,2.0949999999999998,26.799999999999997,10.5,40.0,21.145,otra
2023-04-07 07:00:00,2023,4,7,CENTRO,1,3.23,15.0,19.0,49.0,13.41,otra
2023-04-07 07:00:00,2023,4,7,NORESTE3,0,0.7993333333333333,9.766666666666666,24.566666666666666,21.0,17.0,otra
2023-04-07 07:00:00,2023,4,7,NOROESTE3,0,1.4733333333333334,12.033333333333333,19.333333333333332,27.333333333333332,8.085,otra
2023-04-07 07:00:00,2023,4,7,NORTE2,1,0.745,21.5,20.0,25.42,5.95,otra
2023-04-07 07:00:00,2023,4,7,SUR,1,1.51,17.525,20.5,28.25,5.625,otra
2023-04-07 07:00:00,2023,4,7,SUROESTE2,1,2.015,14.45,17.0,25.0,9.92,otra
2023-04-07 08:00:00,2023,4,7,CENTRO,1,3.33,17.4,17.0,41.0,12.46,otra
2023-04-07 08:00:00,2023,4,7,NORESTE3,0,0.7919999999999999,9.566666666666668,24.8,23.666666666666668,9.5,otra
2023-04-07 08:00:00,2023,4,7,NOROESTE3,0,1.4933333333333334,12.4,18.333333333333332,28.666666666666668,14.205,otra
2023-04-07 08:00:00,2023,4,7,NORTE2,1,0.8200000000000001,17.35,18.5,30.205,6.390000000000001,otra
2023-04-07 08:00:00,2023,4,7,SUR,1,1.555,16.975,19.5,28.75,8.463333333333333,otra
2023-04-07 08:00:00,2023,4,7,SUROESTE2,1,2.04,15.6,15.5,33.0,10.775,otra
2023-04-08 07:00:00,2023,4,8,CENTRO,0,3.14,12.1,11.0,25.0,10.15,otra
2023-04-08 07:00:00,2023,4,8,NORESTE3,0,0.8430000000000001,9.333333333333334,14.366666666666667,16.666666666666668,5.5,otra
2023-04-08 07:00:00,2023,4,8,NOROESTE3,0,1.5766666666666669,9.433333333333334,10.666666666666666,7.0,,otra
2023-04-08 07:00:00,2023,4,8,NORTE2,0,0.805,13.1,12.5,13.66,8.045,otra
2023-04-08 07:00:00,2023,4,8,SUR,0,1.5433333333333332,21.5,11.5,17.75,9.5,otra
2023-04-08 07:00:00,2023,4,8,SUROESTE2,0,2.075,13.05,7.0,14.5,8.0,otra
2023-04-08 08:00:00,2023,4,8,CENTRO,0,3.21,15.5,8.0,26.0,13.87,otra
2023-04-08 08:00:00,2023,4,8,NORESTE3,0,0.8483333333333333,8.966666666666667,15.700000000000001,18.666666666666668,6.5,otra
2023-04-08 08:00:00,2023,4,8,NOROESTE3,0,1.6566666666666665,10.433333333333334,9.333333333333334,9.0,7.95,otra
2023-04-08 08:00:00,2023,4,8,NORTE2,0,0.885,13.85,11.0,12.8,5.27,otra
2023-04-08 08:00:00,2023,4,8,SUR,0,1.5833333333333333,20.525,11.25,18.5,8.205,otra
2023-04-08 08:00:00,2023,4,8,SUROESTE2,0,2.0,14.5,6.0,24.5,14.58,otra
2023-04-09 07:00:00,2023,4,9,CENTRO,0,3.22,9.4,17.0,36.0,20.85,otra
2023-04-09 07:00:00,2023,4,9,NORESTE3,0,0.86,8.833333333333334,21.766666666666666,17.666666666666668,6.5,otra
2023-04-09 07:00:00,2023,4,9,NOROESTE3,0,1.6033333333333335,8.833333333333334,16.333333333333332,15.333333333333334,13.23,otra
2023-04-09 07:00:00,2023,4,9,NORTE2,0,0.815,13.95,18.5,14.17,6.895,otra
2023-04-09 07:00:00,2023,4,9,SUR,0,1.5433333333333332,17.175,20.0,13.75,5.666666666666667,otra
2023-04-09 07:00:00,2023,4,9,SUROESTE2,0,1.905,11.850000000000001,13.0,21.0,15.094999999999999,otra
2023-04-09 08:00:00,2023,4,9,CENTRO,0,3.25,11.4,14.0,27.0,12.3,otra
2023-04-09 08:00:00,2023,4,9,NORESTE3,0,0.8686666666666666,9.166666666666666,19.266666666666666,15.333333333333334,7.0,otra
2023-04-09 08:00:00,2023,4,9,NOROESTE3,0,1.62,8.799999999999999,17.0,19.0,19.08,otra
2023-04-09 08:00:00,2023,4,9,NORTE2,0,0.9349999999999999,15.6,14.5,18.295,6.05,otra
2023-04-09 08:00:00,2023,4,9,SUR,0,1.5533333333333335,16.55,20.5,14.5,8.0,otra
2023-04-09 08:00:00,2023,4,9,SUROESTE2,0,1.895,14.950000000000001,9.5,22.0,16.0,otra
2023-04-10 07:00:00,2023,4,10,CENTRO,1,3.35,14.6,9.0,16.0,2.52,otra
2023-04-10 07:00:00,2023,4,10,NORESTE3,0,0.9979999999999999,14.733333333333333,16.833333333333332,17.0,3.5,otra
2023-04-10 07:00:00,2023,4,10,NOROESTE3,0,1.8433333333333335,8.366666666666667,17.333333333333332,4.0,,otra
2023-04-10 07:00:00,2023,4,10,NORTE2,1,0.99,19.2,11.0,10.67,8.185,otra
2023-04-10 07:00:00,2023,4,10,SUR,1,1.6466666666666665,13.55,12.5,17.666666666666668,3.3333333333333335,otra
2023-04-10 07:00:00,2023,4,10,SUROESTE2,1,1.85,11.55,11.5,16.0,5.365,otra
2023-04-10 08:00:00,2023,4,10,CENTRO,1,3.5,20.3,6.0,17.0,3.53,otra
2023-04-10 08:00:00,2023,4,10,NORESTE3,0,1.2193333333333334,16.8,16.266666666666666,17.0,5.5,otra
2023-04-10 08:00:00,2023,4,10,NOROESTE3,0,1.8233333333333333,11.066666666666668,13.0,8.333333333333334,2.12,otra
2023-04-10 08:00:00,2023,4,10,NORTE2,1,1.315,22.75,9.0,14.915,3.8449999999999998,otra
2023-04-10 08:00:00,2023,4,10,SUR,1,1.7033333333333334,20.75,12.5,13.25,5.0,otra
2023-04-10 08:00:00,2023,4,10,SUROESTE2,1,1.94,15.95,8.5,12.5,6.529999999999999,otra
2023-04-11 07:00:00,2023,4,11,CENTRO,1,3.41,16.8,8.0,36.0,18.28,otra
2023-04-11 07:00:00,2023,4,11,NORESTE3,0,1.1033333333333333,24.599999999999998,6.933333333333334,29.333333333333332,11.5,otra
2023-04-11 07:00:00,2023,4,11,NOROESTE3,0,1.8233333333333335,18.333333333333332,8.333333333333334,25.333333333333332,14.53,otra
2023-04-11 07:00:00,2023,4,11,NORTE2,1,1.0150000000000001,27.0,6.5,25.995,14.45,otra
2023-04-11 07:00:00,2023,4,11,SUR,1,1.7233333333333334,25.799999999999997,7.0,29.0,18.7225,otra
2023-04-11 07:00:00,2023,4,11,SUROESTE2,1,2.0,17.049999999999997,9.5,32.5,17.845,otra
2023-04-11 08:00:00,2023,4,11,CENTRO,1,3.52,21.1,8.0,43.0,22.07,otra
2023-04-11 08:00:00,2023,4,11,NORESTE3,0,1.1963333333333332,22.866666666666664,11.066666666666668,31.333333333333332,14.5,otra
2023-04-11 08:00:00,2023,4,11,NOROESTE3,0,1.8699999999999999,23.7,5.333333333333333,25.333333333333332,16.49,otra
2023-04-11 08:00:00,2023,4,11,NORTE2,1,1.24,27.75,8.0,29.86,8.05,otra
2023-04-11 08:00:00,2023,4,11,SUR,1,1.8533333333333335,22.925,9.25,34.25,17.425,otra
2023-04-11 08:00:00,2023,4,11,SUROESTE2,1,2.13,18.1,10.5,49.5,28.645,otra
2023-04-12 07:00:00,2023,4,12,CENTRO,1,3.36,20.6,17.0,50.0,28.08,otra
2023-04-12 07:00:00,2023,4,12,NORESTE3,0,1.0839999999999999,23.266666666666666,17.766666666666666,70.0,20.5,otra
2023-04-12 07:00:00,2023,4,12,NOROESTE3,0,1.7366666666666666,16.166666666666668,14.666666666666666,38.333333333333336,21.66,otra
2023-04-12 07:00:00,2023,4,12,NORTE2,1,1.0050000000000001,31.75,11.0,36.235,14.004999999999999,otra
2023-04-12 07:00:00,2023,4,12,SUR,1,1.77,17.725,17.0,40.5,16.695,otra
2023-04-12 07:00:00,2023,4,12,SUROESTE2,1,1.9249999999999998,12.350000000000001,17.5,40.5,17.884999999999998,otra
2023-04-12 08:00:00,2023,4,12,CENTRO,1,3.49,26.6,11.0,56.0,29.12,otra
2023-04-12 08:00:00,2023,4,12,NORESTE3,0,1.0983333333333334,21.833333333333332,23.53333333333333,81.33333333333333,21.0,otra
2023-04-12 08:00:00,2023,4,12,NOROESTE3,0,1.7700000000000002,19.666666666666668,13.0,48.666666666666664,27.6,otra
2023-04-12 08:00:00,2023,4,12,NORTE2,1,1.08,29.3,11.5,74.055,21.314999999999998,otra
2023-04-12 08:00:00,2023,4,12,SUR,1,1.905,17.425,19.75,44.75,14.692499999999999,otra
2023-04-12 08:00:00,2023,4,12,SUROESTE2,1,1.99,16.35,18.5,37.0,16.64,otra
2023-04-13 07:00:00,2023,4,13,CENTRO,1,3.36,26.6,9.0,65.0,32.58,otra
2023-04-13 07:00:00,2023,4,13,NORESTE3,0,1.0753333333333333,22.066666666666666,17.233333333333334,51.666666666666664,13.0,otra
2023-04-13 07:00:00,2023,4,13,NOROESTE3,0,1.8766666666666667,19.066666666666666,10.0,39.333333333333336,20.06,otra
2023-04-13 07:00:00,2023,4,13,NORTE2,1,1.0150000000000001,25.25,15.0,38.58,12.42,otra
2023-04-13 07:00:00,2023,4,13,SUR,1,1.71,23.6,18.5,43.5,10.7025,otra
2023-04-13 07:00:00,2023,4,13,SUROESTE2,1,1.915,19.5,11.0,49.5,21.735,otra
2023-04-13 08:00:00,2023,4,13,CENTRO,1,3.55,25.0,12.0,83.0,37.39,otra
2023-04-13 08:00:00,2023,4,13,NORESTE3,0,1.0653333333333332,22.566666666666666,22.233333333333334,73.66666666666667,18.5,otra
2023-04-13 08:00:00,2023,4,13,NOROESTE3,0,1.8399999999999999,18.366666666666667,11.666666666666666,41.0,20.17,otra
2023-04-13 08:00:00,2023,4,13,NORTE2,1,1.0699999999999998,24.85,18.5,59.54,9.405000000000001,otra
2023-04-13 08:00:00,2023,4,13,SUR,1,1.81,21.525,20.25,47.25,14.623333333333333,otra
2023-04-13 08:00:00,2023,4,13,SUROESTE2,1,2.0300000000000002,18.6,13.0,51.0,22.175,otra
2023-04-14 07:00:00,2023,4,14,CENTRO,1,3.64,20.4,4.0,54.0,25.32,otra
2023-04-14 07:00:00,2023,4,14,NORESTE3,0,1.104,20.233333333333334,7.166666666666667,77.33333333333333,16.5,otra
2023-04-14 07:00:00,2023,4,14,NOROESTE3,0,2.183333333333333,18.03333333333333,3.0,58.0,20.85,otra
2023-04-14 07:00:00,2023,4,14,NORTE2,1,1.215,25.45,6.0,70.62,13.835,otra
2023-04-14 07:00:00,2023,4,14,SUR,1,1.87,23.4,4.75,49.75,22.28,otra
2023-04-14 07:00:00,2023,4,14,SUROESTE2,1,2.23,20.200000000000003,3.5,86.0,24.67,otra
2023-04-14 08:00:00,2023,4,14,CENTRO,1,3.91,26.2,5.0,69.0,28.33,otra
2023-04-14 08:00:00,2023,4,14,NORESTE3,0,1.1846666666666665,20.5,11.266666666666666,74.33333333333333,21.5,otra
2023-04-14 08:00:00,2023,4,14,NOROESTE3,0,2.733333333333333,20.666666666666668,3.3333333333333335,78.33333333333333,24.09,otra
2023-04-14 08:00:00,2023,4,14,NORTE2,1,1.315,28.7,7.5,78.965,14.125,otra
2023-04-14 08:00:00,2023,4,14,SUR,1,2.16,22.925,5.75,90.0,26.78333333333333,otra
2023-04-14 08:00:00,2023,4,14,SUROESTE2,1,2.41,21.7,6.0,83.5,24.54,otra
2023-04-15 07:00:00,2023,4,15,CENTRO,0,3.51,27.6,4.0,85.0,31.7,otra
2023-04-15 07:00:00,2023,4,15,NORESTE3,0,1.2826666666666666,25.2,7.25,101.0,27.5,otra
2023-04-15 07:00:00,2023,4,15,NOROESTE3,0,1.83,13.666666666666666,14.0,58.0,6.81,otra
2023-04-15 07:00:00,2023,4,15,NORTE2,0,0.825,24.25,12.0,70.08,19.2,otra
2023-04-15 07:00:00,2023,4,15,SUR,0,1.9300000000000002,37.6,4.75,72.25,22.735,otra
2023-04-15 07:00:00,2023,4,15,SUROESTE2,0,1.71,20.25,9.0,83.445,8.785,otra
2023-04-15 08:00:00,2023,4,15,CENTRO,0,3.35,20.1,12.0,83.0,25.32,otra
2023-04-15 08:00:00,2023,4,15,NORESTE3,0,1.0713333333333332,16.966666666666665,16.033333333333335,127.0,17.0,otra
2023-04-15 08:00:00,2023,4,15,NOROESTE3,0,2.0066666666666664,16.866666666666667,11.0,58.0,8.48,otra
2023-04-15 08:00:00,2023,4,15,NORTE2,0,0.845,16.55,18.5,58.260000000000005,10.08,otra
2023-04-15 08:00:00,2023,4,15,SUR,0,2.04,26.175,8.0,77.5,24.689999999999998,otra
2023-04-15 08:00:00,2023,4,15,SUROESTE2,0,1.7550000000000001,17.75,13.0,69.34,8.415,otra
2023-04-16 07:00:00,2023,4,16,CENTRO,0,3.41,7.1,25.0,60.0,26.23,otra
2023-04-16 07:00:00,2023,4,16,NORESTE3,0,0.866,6.0,29.099999999999998,60.0,27.5,otra
2023-04-16 07:00:00,2023,4,16,NOROESTE3,0,1.8500000000000003,7.3999999999999995,25.0,51.333333333333336,12.37,otra
2023-04-16 07:00:00,2023,4,16,NORTE2,0,0.79,7.95,25.0,48.66,16.205,otra
2023-04-16 07:00:00,2023,4,16,SUR,0,1.72,11.225000000000001,20.0,66.66666666666667,22.333333333333332,otra
2023-04-16 07:00:00,2023,4,16,SUROESTE2,0,1.77,4.949999999999999,25.0,55.735,15.455,otra
2023-04-16 08:00:00,2023,4,16,CENTRO,0,3.41,6.4,27.0,64.0,26.49,otra
2023-04-16 08:00:00,2023,4,16,NORESTE3,0,0.8773333333333334,7.7,30.03333333333333,54.0,26.5,otra
2023-04-16 08:00:00,2023,4,16,NOROESTE3,0,1.8766666666666667,4.566666666666667,26.333333333333332,61.666666666666664,15.3,otra
2023-04-16 08:00:00,2023,4,16,NORTE2,0,0.8099999999999999,12.3,27.5,75.505,14.77,otra
2023-04-16 08:00:00,2023,4,16,SUR,0,1.6749999999999998,8.7,28.0,55.666666666666664,22.666666666666668,otra
2023-04-16 08:00:00,2023,4,16,SUROESTE2,0,1.75,5.15,25.5,51.4,21.905,otra
2023-04-17 07:00:00,2023,4,17,CENTRO,1,3.39,17.7,21.0,51.0,24.72,otra
2023-04-17 07:00:00,2023,4,17,NORESTE3,0,1.046,18.966666666666665,26.933333333333334,41.0,13.5,otra
2023-04-17 07:00:00,2023,4,17,NOROESTE3,0,2.0500000000000003,13.066666666666668,21.0,42.333333333333336,19.44,otra
2023-04-17 07:00:00,2023,4,17,NORTE2,1,0.9249999999999999,24.049999999999997,21.0,36.29,8.24,otra
2023-04-17 07:00:00,2023,4,17,SUR,1,1.705,18.575000000000003,25.25,38.5,3.5,otra
2023-04-17 07:00:00,2023,4,17,SUROESTE2,1,1.965,16.6,17.0,51.935,19.45,otra
2023-04-17 08:00:00,2023,4,17,CENTRO,1,3.44,20.4,20.0,64.0,33.34,otra
2023-04-17 08:00:00,2023,4,17,NORESTE3,0,1.2863333333333333,19.933333333333334,28.099999999999998,54.666666666666664,17.0,otra
2023-04-17 08:00:00,2023,4,17,NOROESTE3,0,2.01,11.666666666666666,23.333333333333332,40.666666666666664,21.44,otra
2023-04-17 08:00:00,2023,4,17,NORTE2,1,1.0150000000000001,20.6,23.0,46.285,14.235,otra
2023-04-17 08:00:00,2023,4,17,SUR,1,1.75,21.15,25.5,46.0,15.0,otra
2023-04-17 08:00:00,2023,4,17,SUROESTE2,1,2.085,18.85,15.5,64.16499999999999,29.235,otra
2023-04-18 07:00:00,2023,4,18,CENTRO,1,3.52,19.5,14.0,49.0,27.54,otra
2023-04-18 07:00:00,2023,4,18,NORESTE3,0,1.0023333333333333,15.066666666666668,20.333333333333332,45.0,14.5,otra
2023-04-18 07:00:00,2023,4,18,NOROESTE3,0,2.1166666666666667,12.766666666666667,16.0,22.0,15.9,otra
2023-04-18 07:00:00,2023,4,18,NORTE2,1,1.2,25.7,13.5,30.225,14.684999999999999,otra
2023-04-18 07:00:00,2023,4,18,SUR,1,1.7199999999999998,13.925,20.25,36.75,14.315,otra
2023-04-18 07:00:00,2023,4,18,SUROESTE2,1,1.955,13.0,14.5,48.93,23.1,otra
2023-04-18 08:00:00,2023,4,18,CENTRO,1,3.77,22.5,11.0,50.0,29.7,otra
2023-04-18 08:00:00,2023,4,18,NORESTE3,0,0.9963333333333333,11.833333333333334,23.53333333333333,46.333333333333336,15.5,otra
2023-04-18 08:00:00,2023,4,18,NOROESTE3,0,2.1466666666666665,12.466666666666669,16.0,30.666666666666668,16.82,otra
2023-04-18 08:00:00,2023,4,18,NORTE2,1,1.375,25.55,12.5,35.75,12.275,otra
2023-04-18 08:00:00,2023,4,18,SUR,1,1.8450000000000002,18.35,16.25,47.0,18.11,otra
2023-04-18 08:00:00,2023,4,18,SUROESTE2,1,2.085,17.05,10.5,60.14,23.43,otra
2023-04-19 07:00:00,2023,4,19,CENTRO,1,3.49,12.3,14.0,39.0,16.83,otra
2023-04-19 07:00:00,2023,4,19,NORESTE3,0,1.131,14.0,18.266666666666666,40.333333333333336,17.0,otra
2023-04-19 07:00:00,2023,4,19,NOROESTE3,0,2.2433333333333336,10.700000000000001,12.333333333333334,37.0,17.25,otra
2023-04-19 07:00:00,2023,4,19,NORTE2,1,0.995,17.35,14.0,36.74,13.805,otra
2023-04-19 07:00:00,2023,4,19,SUR,1,1.7425,13.35,16.0,36.25,14.75,otra
2023-04-19 07:00:00,2023,4,19,SUROESTE2,1,2.54,16.0,8.0,33.05,18.38,otra
2023-04-19 08:00:00,2023,4,19,CENTRO,1,3.67,16.8,10.0,46.0,20.97,otra
2023-04-19 08:00:00,2023,4,19,NORESTE3,0,1.2253333333333334,15.633333333333333,18.166666666666668,52.666666666666664,21.5,otra
2023-04-19 08:00:00,2023,4,19,NOROESTE3,0,2.2966666666666664,11.700000000000001,11.666666666666666,45.666666666666664,20.4,otra
2023-04-19 08:00:00,2023,4,19,NORTE2,1,1.09,17.35,14.5,47.185,14.370000000000001,otra
2023-04-19 08:00:00,2023,4,19,SUR,1,1.775,14.625,16.75,43.0,17.8675,otra
2023-04-19 08:00:00,2023,4,19,SUROESTE2,1,2.58,12.6,15.0,38.6,17.66,otra
2023-04-20 07:00:00,2023,4,20,CENTRO,1,3.53,16.1,12.0,55.0,28.43,otra
2023-04-20 07:00:00,2023,4,20,NORESTE3,0,1.1036666666666666,13.366666666666667,18.866666666666667,51.666666666666664,18.5,otra
2023-04-20 07:00:00,2023,4,20,NOROESTE3,0,2.3333333333333335,13.299999999999999,11.0,56.666666666666664,24.8,otra
2023-04-20 07:00:00,2023,4,20,NORTE2,1,0.98,14.549999999999999,16.5,52.64,16.945,otra
2023-04-20 07:00:00,2023,4,20,SUR,1,1.635,14.475000000000001,18.25,44.0,17.47,otra
2023-04-20 07:00:00,2023,4,20,SUROESTE2,1,1.96,17.3,6.0,74.58500000000001,25.130000000000003,otra
2023-04-20 08:00:00,2023,4,20,CENTRO,1,3.69,19.0,11.0,60.0,29.46,otra
2023-04-20 08:00:00,2023,4,20,NORESTE3,0,1.2943333333333333,15.966666666666667,15.866666666666667,55.333333333333336,22.0,otra
2023-04-20 08:00:00,2023,4,20,NOROESTE3,0,2.4166666666666665,14.766666666666666,9.666666666666666,61.0,26.17,otra
2023-04-20 08:00:00,2023,4,20,NORTE2,1,1.12,19.450000000000003,13.5,51.745,15.54,otra
2023-04-20 08:00:00,2023,4,20,SUR,1,1.7475,13.649999999999999,16.75,44.25,18.71,otra
2023-04-20 08:00:00,2023,4,20,SUROESTE2,1,2.09,15.4,9.5,74.4,25.025,otra
2023-04-21 07:00:00,2023,4,21,CENTRO,1,3.77,17.7,4.0,62.0,44.03,otra
2023-04-21 07:00:00,2023,4,21,NORESTE3,0,1.1039999999999999,18.233333333333334,9.033333333333333,68.33333333333333,29.38,otra
2023-04-21 07:00:00,2023,4,21,NOROESTE3,0,2.5533333333333332,15.033333333333333,4.0,76.66666666666667,34.75,otra
2023-04-21 07:00:00,2023,4,21,NORTE2,1,1.31,23.55,6.0,99.02,28.925,otra
2023-04-21 07:00:00,2023,4,21,SUR,1,1.85,21.475,6.25,72.5,30.2925,otra
2023-04-21 07:00:00,2023,4,21,SUROESTE2,1,2.145,20.700000000000003,6.0,85.0,27.0,otra
2023-04-21 08:00:00,2023,4,21,CENTRO,1,4.01,20.8,6.0,76.0,40.25,otra
2023-04-21 08:00:00,2023,4,21,NORESTE3,0,1.1393333333333333,14.533333333333333,14.233333333333334,87.33333333333333,34.705,otra
2023-04-21 08:00:00,2023,4,21,NOROESTE3,0,2.85,16.333333333333332,5.666666666666667,80.66666666666667,34.08,otra
2023-04-21 08:00:00,2023,4,21,NORTE2,1,1.58,21.25,8.5,103.41499999999999,29.84,otra
2023-04-21 08:00:00,2023,4,21,SUR,1,1.97,20.0,9.5,93.25,34.2375,otra
2023-04-21 08:00:00,2023,4,21,SUROESTE2,1,2.34,25.1,6.5,143.5,29.0,otra
2023-04-22 07:00:00,2023,4,22,CENTRO,0,3.51,13.3,18.0,51.0,24.8,otra
2023-04-22 07:00:00,2023,4,22,NORESTE3,0,1.0386666666666666,15.466666666666667,18.166666666666668,36.666666666666664,15.0,otra
2023-04-22 07:00:00,2023,4,22,NOROESTE3,0,2.4566666666666666,12.9,17.0,46.333333333333336,20.08,otra
2023-04-22 07:00:00,2023,4,22,NORTE2,0,0.9199999999999999,18.05,18.5,25.985,8.35,otra
2023-04-22 07:00:00,2023,4,22,SUR,0,1.4925,18.075,17.5,34.0,13.85,otra
2023-04-22 07:00:00,2023,4,22,SUROESTE2,0,1.7850000000000001,18.700000000000003,11.5,53.0,19.84,otra
2023-04-22 08:00:00,2023,4,22,CENTRO,0,3.61,23.5,12.0,43.0,20.65,otra
2023-04-22 08:00:00,2023,4,22,NORESTE3,0,1.082,14.866666666666667,21.099999999999998,40.0,15.0,otra
2023-04-22 08:00:00,2023,4,22,NOROESTE3,0,2.49,11.733333333333334,19.0,41.333333333333336,20.02,otra
2023-04-22 08:00:00,2023,4,22,NORTE2,0,0.955,19.15,19.0,39.37,9.129999999999999,otra
2023-04-22 08:00:00,2023,4,22,SUR,0,1.5225,15.525,18.75,40.0,12.695,otra
2023-04-22 08:00:00,2023,4,22,SUROESTE2,0,1.835,16.15,14.0,50.0,19.45,otra
2023-04-23 07:00:00,2023,4,23,CENTRO,0,3.81,9.7,16.0,49.0,31.0,otra
2023-04-23 07:00:00,2023,4,23,NORESTE3,0,0.9846666666666666,7.566666666666667,19.8,33.666666666666664,19.0,otra
2023-04-23 07:00:00,2023,4,23,NOROESTE3,0,2.3766666666666665,9.2,12.666666666666666,39.333333333333336,24.07,otra
2023-04-23 07:00:00,2023,4,23,NORTE2,0,0.86,9.85,18.0,40.0,16.5,otra
2023-04-23 07:00:00,2023,4,23,SUR,0,1.4525000000000001,11.675,15.75,43.0,21.634999999999998,otra
2023-04-23 07:00:00,2023,4,23,SUROESTE2,0,1.96,15.7,7.5,54.0,29.5,otra
2023-04-23 08:00:00,2023,4,23,CENTRO,0,3.82,9.5,16.0,46.0,29.0,otra
2023-04-23 08:00:00,2023,4,23,NORESTE3,0,0.9823333333333334,7.0,20.400000000000002,38.333333333333336,21.0,otra
2023-04-23 08:00:00,2023,4,23,NOROESTE3,0,2.4,9.5,14.333333333333334,46.333333333333336,26.03,otra
2023-04-23 08:00:00,2023,4,23,NORTE2,0,0.91,12.35,16.5,40.0,18.5,otra
2023-04-23 08:00:00,2023,4,23,SUR,0,1.4975,11.75,14.5,47.25,22.015,otra
2023-04-23 08:00:00,2023,4,23,SUROESTE2,0,1.8250000000000002,10.9,12.5,75.5,29.5,otra
2023-04-24 07:00:00,2023,4,24,CENTRO,1,3.57,13.5,16.0,28.0,19.0,otra
2023-04-24 07:00:00,2023,4,24,NORESTE3,0,0.988,11.233333333333334,19.8,26.333333333333332,13.0,otra
2023-04-24 07:00:00,2023,4,24,NOROESTE3,0,2.32,8.333333333333334,19.333333333333332,9.0,,otra
2023-04-24 07:00:00,2023,4,24,NORTE2,1,0.915,16.7,16.0,13.5,9.5,otra
2023-04-24 07:00:00,2023,4,24,SUR,1,1.5350000000000001,22.325,15.25,17.75,13.666666666666666,otra
2023-04-24 07:00:00,2023,4,24,SUROESTE2,1,2.1100000000000003,13.7,12.5,12.5,6.0,otra
2023-04-24 08:00:00,2023,4,24,CENTRO,1,4.08,17.6,14.0,27.0,25.0,otra
2023-04-24 08:00:00,2023,4,24,NORESTE3,0,1.0446666666666666,11.933333333333332,19.833333333333332,26.0,9.0,otra
2023-04-24 08:00:00,2023,4,24,NOROESTE3,0,2.43,9.033333333333333,18.333333333333332,9.333333333333334,9.01,otra
2023-04-24 08:00:00,2023,4,24,NORTE2,1,0.795,17.05,16.0,16.5,6.0,otra
2023-04-24 08:00:00,2023,4,24,SUR,1,1.64,22.25,14.5,22.0,11.3125,otra
2023-04-24 08:00:00,2023,4,24,SUROESTE2,1,2.275,17.65,9.0,21.0,14.0,otra
2023-04-25 07:00:00,2023,4,25,CENTRO,1,0.57,18.4,8.0,40.0,26.43,otra
2023-04-25 07:00:00,2023,4,25,NORESTE3,0,0.7613333333333334,16.066666666666666,11.35,31.0,15.0,otra
2023-04-25 07:00:00,2023,4,25,NOROESTE3,0,2.473333333333333,15.299999999999999,8.333333333333334,34.666666666666664,21.18,otra
2023-04-25 07:00:00,2023,4,25,NORTE2,1,0.7,26.0,7.0,53.0,18.5,otra
2023-04-25 07:00:00,2023,4,25,SUR,1,1.04,24.6,13.5,27.25,10.682500000000001,otra
2023-04-25 07:00:00,2023,4,25,SUROESTE2,1,1.41,16.5,7.0,43.0,16.5,otra
2023-04-25 08:00:00,2023,4,25,CENTRO,1,0.7,21.6,6.0,47.0,27.06,otra
2023-04-25 08:00:00,2023,4,25,NORESTE3,0,0.8873333333333333,16.7,12.7,31.666666666666668,13.0,otra
2023-04-25 08:00:00,2023,4,25,NOROESTE3,0,2.52,17.2,7.333333333333333,40.333333333333336,17.27,otra
2023-04-25 08:00:00,2023,4,25,NORTE2,1,0.95,27.3,7.5,65.0,22.5,otra
2023-04-25 08:00:00,2023,4,25,SUR,1,1.185,23.75,11.0,34.25,12.5475,otra
2023-04-25 08:00:00,2023,4,25,SUROESTE2,1,1.43,15.55,9.5,49.5,16.0,otra
2023-04-26 07:00:00,2023,4,26,CENTRO,1,0.82,25.1,4.0,92.0,36.06,otra
2023-04-26 07:00:00,2023,4,26,NORESTE3,0,1.0056666666666667,18.73333333333333,8.633333333333333,44.666666666666664,17.5,otra
2023-04-26 07:00:00,2023,4,26,NOROESTE3,0,0.91,18.866666666666667,3.5,63.666666666666664,26.6,otra
2023-04-26 07:00:00,2023,4,26,NORTE2,1,1.1600000000000001,27.700000000000003,8.0,105.0,24.5,otra
2023-04-26 07:00:00,2023,4,26,SUR,1,1.415,25.25,4.75,69.75,29.13,otra
2023-04-26 07:00:00,2023,4,26,SUROESTE2,1,0.815,21.549999999999997,7.0,58.0,29.0,otra
2023-04-26 08:00:00,2023,4,26,CENTRO,1,1.0,27.8,6.0,85.0,33.81,otra
2023-04-26 08:00:00,2023,4,26,NORESTE3,0,0.993,16.866666666666667,15.0,64.66666666666667,17.0,otra
2023-04-26 08:00:00,2023,4,26,NOROESTE3,0,1.0599999999999998,19.933333333333334,4.666666666666667,81.66666666666667,37.52,otra
2023-04-26 08:00:00,2023,4,26,NORTE2,1,1.18,30.85,7.0,102.5,22.5,otra
2023-04-26 08:00:00,2023,4,26,SUR,1,1.5,24.45,7.75,90.25,28.245,otra
2023-04-26 08:00:00,2023,4,26,SUROESTE2,1,0.8799999999999999,21.9,9.5,109.5,29.0,otra
2023-04-27 07:00:00,2023,4,27,CENTRO,1,0.94,27.2,4.0,60.0,33.18,otra
2023-04-27 07:00:00,2023,4,27,NORESTE3,0,0.8936666666666667,18.8,8.566666666666666,56.666666666666664,24.5,otra
2023-04-27 07:00:00,2023,4,27,NOROESTE3,0,0.7166666666666667,17.5,3.6666666666666665,65.33333333333333,30.95,otra
2023-04-27 07:00:00,2023,4,27,NORTE2,1,1.06,24.5,5.5,79.5,27.0,otra
2023-04-27 07:00:00,2023,4,27,SUR,1,0.61,24.625,6.0,75.5,28.1325,otra
2023-04-27 07:00:00,2023,4,27,SUROESTE2,1,0.8999999999999999,27.8,5.0,130.0,39.0,otra
2023-04-27 08:00:00,2023,4,27,CENTRO,1,1.35,34.6,6.0,111.0,45.58,otra
2023-04-27 08:00:00,2023,4,27,NORESTE3,0,1.0823333333333334,17.766666666666666,14.4,71.33333333333333,28.5,otra
2023-04-27 08:00:00,2023,4,27,NOROESTE3,0,0.9433333333333334,20.033333333333335,6.666666666666667,81.0,37.4,otra
2023-04-27 08:00:00,2023,4,27,NORTE2,1,1.105,25.549999999999997,9.0,107.0,22.5,otra
2023-04-27 08:00:00,2023,4,27,SUR,1,0.675,25.200000000000003,10.25,81.75,31.3725,otra
2023-04-27 08:00:00,2023,4,27,SUROESTE2,1,0.9199999999999999,24.6,13.5,132.0,42.0,otra
2023-04-28 07:00:00,2023,4,28,CENTRO,1,0.78,19.3,5.0,42.0,19.11,otra
2023-04-28 07:00:00,2023,4,28,NORESTE3,0,0.9493333333333333,20.0,9.766666666666667,55.0,17.5,otra
2023-04-28 07:00:00,2023,4,28,NOROESTE3,0,0.65,19.033333333333335,4.0,65.66666666666667,25.34,otra
2023-04-28 07:00:00,2023,4,28,NORTE2,1,0.9,29.3,6.0,64.5,18.0,otra
2023-04-28 07:00:00,2023,4,28,SUR,1,0.675,28.5,5.25,54.0,14.225,otra
2023-04-28 07:00:00,2023,4,28,SUROESTE2,1,0.7899999999999999,16.95,8.0,76.5,10.0,otra
2023-04-28 08:00:00,2023,4,28,CENTRO,1,0.8,21.3,10.0,46.0,20.07,otra
2023-04-28 08:00:00,2023,4,28,NORESTE3,0,0.9476666666666667,18.099999999999998,17.833333333333332,57.333333333333336,20.5,otra
2023-04-28 08:00:00,2023,4,28,NOROESTE3,0,0.7200000000000001,17.8,7.333333333333333,59.0,24.83,otra
2023-04-28 08:00:00,2023,4,28,NORTE2,1,1.115,31.849999999999998,8.5,84.0,19.5,otra
2023-04-28 08:00:00,2023,4,28,SUR,1,0.5725,21.875,11.25,57.75,15.545,otra
2023-04-28 08:00:00,2023,4,28,SUROESTE2,1,0.715,21.15,12.0,80.0,12.0,otra
2023-04-29 07:00:00,2023,4,29,CENTRO,0,0.59,12.2,21.0,54.0,10.36,otra
2023-04-29 07:00:00,2023,4,29,NORESTE3,0,0.4165,7.6,33.55,38.5,6.0,otra
2023-04-29 07:00:00,2023,4,29,NOROESTE3,0,0.27666666666666667,5.233333333333333,27.0,72.33333333333333,9.87,otra
2023-04-29 07:00:00,2023,4,29,NORTE2,0,0.365,12.6,22.5,55.0,4.0,otra
2023-04-29 07:00:00,2023,4,29,SUR,0,0.2175,10.575,25.25,44.0,8.325,otra
2023-04-29 07:00:00,2023,4,29,SUROESTE2,0,0.29500000000000004,10.8,20.0,70.5,,otra
2023-04-29 08:00:00,2023,4,29,CENTRO,0,0.54,19.8,17.0,55.0,11.35,otra
2023-04-29 08:00:00,2023,4,29,NORESTE3,0,0.4245,7.449999999999999,36.9,39.5,6.0,otra
2023-04-29 08:00:00,2023,4,29,NOROESTE3,0,0.31666666666666665,6.666666666666667,27.333333333333332,63.0,8.75,otra
2023-04-29 08:00:00,2023,4,29,NORTE2,0,0.53,17.8,22.0,59.5,4.0,otra
2023-04-29 08:00:00,2023,4,29,SUR,0,0.2375,10.3,27.75,37.25,6.795,otra
2023-04-29 08:00:00,2023,4,29,SUROESTE2,0,0.28500000000000003,8.35,24.0,96.5,5.0,otra
2023-04-30 07:00:00,2023,4,30,CENTRO,0,0.47,21.7,14.0,51.0,23.59,otra
2023-04-30 07:00:00,2023,4,30,NORESTE3,0,0.905,27.4,9.75,535.0,24.0,otra
2023-04-30 07:00:00,2023,4,30,NOROESTE3,0,0.6666666666666666,23.866666666666664,5.0,104.33333333333333,25.49,otra
2023-04-30 07:00:00,2023,4,30,NORTE2,0,0.735,34.45,7.5,80.0,21.0,otra
2023-04-30 07:00:00,2023,4,30,SUR,0,0.835,33.425,9.5,92.33333333333333,26.6525,otra
2023-04-30 07:00:00,2023,4,30,SUROESTE2,0,0.54,18.35,20.0,62.5,17.165,otra
2023-04-30 08:00:00,2023,4,30,CENTRO,0,0.48,20.9,19.0,63.0,24.81,otra
2023-04-30 08:00:00,2023,4,30,NORESTE3,0,0.8675,27.15,20.1,65.0,27.0,otra
2023-04-30 08:00:00,2023,4,30,NOROESTE3,0,0.8333333333333334,23.166666666666668,9.0,108.33333333333333,20.11,otra
2023-04-30 08:00:00,2023,4,30,NORTE2,0,0.855,31.650000000000002,14.0,93.5,16.0,otra
2023-04-30 08:00:00,2023,4,30,SUR,0,0.6399999999999999,20.925,21.0,116.66666666666667,22.905,otra
2023-04-30 08:00:00,2023,4,30,SUROESTE2,0,0.495,18.9,17.5,72.0,20.08,otra
2023-05-01 07:00:00,2023,5,1,CENTRO,1,0.63,23.0,9.0,54.0,23.09,otra
2023-05-01 07:00:00,2023,5,1,NORESTE3,0,0.6020000000000001,22.05,16.25,40.0,13.0,otra
2023-05-01 07:00:00,2023,5,1,NOROESTE3,0,0.5566666666666666,18.3,11.0,52.333333333333336,14.39,otra
2023-05-01 07:00:00,2023,5,1,NORTE2,1,0.645,33.85,8.5,55.0,15.0,otra
2023-05-01 07:00:00,2023,5,1,SUR,1,0.605,33.575,7.75,84.33333333333333,15.5725,otra
2023-05-01 07:00:00,2023,5,1,SUROESTE2,1,0.5449999999999999,23.85,13.0,44.5,15.91,otra
2023-05-01 08:00:00,2023,5,1,CENTRO,1,0.7,22.6,16.0,54.0,26.4,otra
2023-05-01 08:00:00,2023,5,1,NORESTE3,0,0.5389999999999999,16.6,30.15,52.5,12.0,otra
2023-05-01 08:00:00,2023,5,1,NOROESTE3,0,0.63,18.5,13.333333333333334,59.333333333333336,14.31,otra
2023-05-01 08:00:00,2023,5,1,NORTE2,1,0.69,28.25,16.0,74.5,8.5,otra
2023-05-01 08:00:00,2023,5,1,SUR,1,0.5775,23.925,15.5,80.33333333333333,18.4675,otra
2023-05-01 08:00:00,2023,5,1,SUROESTE2,1,0.595,25.4,17.5,55.0,16.615000000000002,otra
2023-05-02 07:00:00,2023,5,2,CENTRO,1,0.76,15.6,14.0,53.0,20.23,otra
2023-05-02 07:00:00,2023,5,2,NORESTE3,0,0.47,11.8,17.0,29.0,,otra
2023-05-02 07:00:00,2023,5,2,NOROESTE3,0,0.6133333333333333,18.066666666666666,8.666666666666666,56.666666666666664,16.97,otra
2023-05-02 07:00:00,2023,5,2,NORTE2,1,0.7549999999999999,22.5,12.5,50.5,10.0,otra
2023-05-02 07:00:00,2023,5,2,SUR,1,0.43,20.5,15.666666666666666,49.333333333333336,18.866666666666667,otra
2023-05-02 07:00:00,2023,5,2,SUROESTE2,1,0.61,19.8,6.0,64.5,15.845,otra
2023-05-02 08:00:00,2023,5,2,CENTRO,1,0.82,17.7,12.0,57.0,29.87,otra
2023-05-02 08:00:00,2023,5,2,NORESTE3,0,0.411,8.0,26.4,46.0,,otra
2023-05-02 08:00:00,2023,5,2,NOROESTE3,0,0.5966666666666667,17.2,11.333333333333334,53.666666666666664,17.2,otra
2023-05-02 08:00:00,2023,5,2,NORTE2,1,0.825,23.200000000000003,13.0,62.5,15.5,otra
2023-05-02 08:00:00,2023,5,2,SUR,1,0.5366666666666667,20.433333333333334,16.0,55.0,18.233333333333334,otra
2023-05-02 08:00:00,2023,5,2,SUROESTE2,1,0.75,21.55,7.5,81.5,21.755000000000003,otra
2023-05-03 07:00:00,2023,5,3,CENTRO,1,0.68,12.2,16.0,45.0,24.45,otra
2023-05-03 07:00:00,2023,5,3,NORESTE3,0,0.6165,13.566666666666668,17.733333333333334,42.0,17.0,otra
2023-05-03 07:00:00,2023,5,3,NOROESTE3,0,0.5633333333333334,9.766666666666666,16.666666666666668,59.333333333333336,25.21,otra
2023-05-03 07:00:00,2023,5,3,NORTE2,1,0.7649999999999999,18.15,15.0,35.0,18.0,otra
2023-05-03 07:00:00,2023,5,3,SUR,1,0.34,10.966666666666667,18.333333333333332,33.666666666666664,18.55333333333333,otra
2023-05-03 07:00:00,2023,5,3,SUROESTE2,1,0.485,15.4,11.5,47.5,22.560000000000002,otra
2023-05-03 08:00:00,2023,5,3,CENTRO,1,0.8,16.8,13.0,52.0,29.01,otra
2023-05-03 08:00:00,2023,5,3,NORESTE3,0,0.6745,15.233333333333334,17.2,36.0,13.0,otra
2023-05-03 08:00:00,2023,5,3,NOROESTE3,0,0.47000000000000003,10.233333333333333,17.0,52.333333333333336,23.81,otra
2023-05-03 08:00:00,2023,5,3,NORTE2,1,0.83,18.95,14.0,42.5,22.5,otra
2023-05-03 08:00:00,2023,5,3,SUR,1,0.42333333333333334,11.466666666666667,17.0,32.666666666666664,16.633333333333333,otra
2023-05-03 08:00:00,2023,5,3,SUROESTE2,1,0.635,18.55,10.0,57.0,24.105,otra
2023-05-04 07:00:00,2023,5,4,CENTRO,1,0.69,9.4,16.0,51.0,32.48,otra
2023-05-04 07:00:00,2023,5,4,NORESTE3,0,0.846,15.266666666666666,16.733333333333334,55.666666666666664,34.0,otra
2023-05-04 07:00:00,2023,5,4,NOROESTE3,0,0.5766666666666667,9.299999999999999,15.666666666666666,61.0,30.15,otra
2023-05-04 07:00:00,2023,5,4,NORTE2,1,0.64,15.55,14.5,40.0,27.0,otra
2023-05-04 07:00:00,2023,5,4,SUR,1,0.4175,13.625,15.0,52.25,29.9175,otra
2023-05-04 07:00:00,2023,5,4,SUROESTE2,1,0.565,16.5,9.0,59.215,27.965,otra
2023-05-04 08:00:00,2023,5,4,CENTRO,1,0.86,22.4,6.0,72.0,32.99,otra
2023-05-04 08:00:00,2023,5,4,NORESTE3,0,1.0110000000000001,16.3,16.333333333333332,68.0,33.0,otra
2023-05-04 08:00:00,2023,5,4,NOROESTE3,0,0.6566666666666666,11.9,12.333333333333334,54.666666666666664,25.8,otra
2023-05-04 08:00:00,2023,5,4,NORTE2,1,0.815,18.299999999999997,13.0,44.0,24.5,otra
2023-05-04 08:00:00,2023,5,4,SUR,1,0.4625,12.05,15.75,59.25,28.12,otra
2023-05-04 08:00:00,2023,5,4,SUROESTE2,1,0.6950000000000001,17.75,8.0,56.585,28.165,otra
2023-05-05 07:00:00,2023,5,5,CENTRO,1,0.89,13.5,4.0,70.0,43.29,otra
2023-05-05 07:00:00,2023,5,5,NORESTE3,0,0.861,13.833333333333334,12.9,56.666666666666664,28.0,otra
2023-05-05 07:00:00,2023,5,5,NOROESTE3,0,0.6166666666666667,11.933333333333332,6.666666666666667,75.66666666666667,36.08,otra
2023-05-05 07:00:00,2023,5,5,NORTE2,1,0.675,18.15,9.0,60.0,27.0,otra
2023-05-05 07:00:00,2023,5,5,SUR,1,0.5800000000000001,17.3,8.0,66.75,32.75,otra
2023-05-05 07:00:00,2023,5,5,SUROESTE2,1,0.655,14.75,6.5,82.495,36.1,otra
2023-05-05 08:00:00,2023,5,5,CENTRO,1,0.99,18.6,6.0,78.0,46.25,otra
2023-05-05 08:00:00,2023,5,5,NORESTE3,0,0.9605,15.633333333333333,12.766666666666666,72.33333333333333,33.0,otra
2023-05-05 08:00:00,2023,5,5,NOROESTE3,0,0.7000000000000001,12.066666666666668,7.0,85.33333333333333,42.99,otra
2023-05-05 08:00:00,2023,5,5,NORTE2,1,0.745,17.6,11.0,71.0,33.5,otra
2023-05-05 08:00:00,2023,5,5,SUR,1,0.675,16.299999999999997,9.5,81.5,32.0,otra
2023-05-05 08:00:00,2023,5,5,SUROESTE2,1,0.6950000000000001,16.55,8.5,85.34,34.16,otra
2023-05-06 07:00:00,2023,5,6,CENTRO,0,1.05,19.5,4.0,76.0,47.2,otra
2023-05-06 07:00:00,2023,5,6,NORESTE3,0,0.89,15.166666666666666,8.200000000000001,68.66666666666667,41.0,otra
2023-05-06 07:00:00,2023,5,6,NOROESTE3,0,0.8266666666666667,18.666666666666668,3.3333333333333335,86.66666666666667,46.35,otra
2023-05-06 07:00:00,2023,5,6,NORTE2,0,0.91,20.200000000000003,8.0,68.0,38.5,otra
2023-05-06 07:00:00,2023,5,6,SUR,0,0.6425000000000001,16.575,6.0,81.5,40.2875,otra
2023-05-06 07:00:00,2023,5,6,SUROESTE2,0,1.08,27.5,3.5,137.68,41.845,otra
2023-05-06 08:00:00,2023,5,6,CENTRO,0,1.03,20.9,5.0,82.0,49.13,otra
2023-05-06 08:00:00,2023,5,6,NORESTE3,0,0.8475,14.533333333333333,12.0,78.0,40.0,otra
2023-05-06 08:00:00,2023,5,6,NOROESTE3,0,0.86,18.0,5.333333333333333,97.0,46.17,otra
2023-05-06 08:00:00,2023,5,6,NORTE2,0,1.0150000000000001,19.65,9.0,82.5,42.0,otra
2023-05-06 08:00:00,2023,5,6,SUR,0,0.74,17.675,9.5,88.75,49.32,otra
2023-05-06 08:00:00,2023,5,6,SUROESTE2,0,1.21,31.35,2.0,181.925,46.980000000000004,otra
2023-05-07 07:00:00,2023,5,7,CENTRO,0,0.87,13.1,12.0,94.0,68.18,otra
2023-05-07 07:00:00,2023,5,7,NORESTE3,0,0.7855000000000001,9.966666666666667,18.066666666666666,67.0,,otra
2023-05-07 07:00:00,2023,5,7,NOROESTE3,0,0.8666666666666667,15.733333333333334,5.333333333333333,81.66666666666667,49.56,otra
2023-05-07 07:00:00,2023,5,7,NORTE2,0,0.6799999999999999,12.8,16.5,56.0,35.0,otra
2023-05-07 07:00:00,2023,5,7,SUR,0,0.6,11.425,14.5,73.5,40.2675,otra
2023-05-07 07:00:00,2023,5,7,SUROESTE2,0,0.8049999999999999,19.95,6.0,99.61500000000001,45.97,otra
2023-05-07 08:00:00,2023,5,7,CENTRO,0,0.83,12.0,16.0,72.0,60.01,otra
2023-05-07 08:00:00,2023,5,7,NORESTE3,0,0.788,8.733333333333333,22.766666666666666,68.0,40.0,otra
2023-05-07 08:00:00,2023,5,7,NOROESTE3,0,0.7766666666666667,12.566666666666668,10.666666666666666,84.66666666666667,52.89,otra
2023-05-07 08:00:00,2023,5,7,NORTE2,0,0.675,9.95,22.0,53.0,30.0,otra
2023-05-07 08:00:00,2023,5,7,SUR,0,0.5549999999999999,7.875,18.5,67.25,37.1175,otra
2023-05-07 08:00:00,2023,5,7,SUROESTE2,0,0.7649999999999999,19.7,10.0,101.37,48.1,otra
2023-05-08 07:00:00,2023,5,8,CENTRO,1,0.73,12.4,12.0,60.0,34.43,otra
2023-05-08 07:00:00,2023,5,8,NORESTE3,0,0.7184999999999999,11.866666666666667,12.133333333333333,47.0,17.0,otra
2023-05-08 07:00:00,2023,5,8,NOROESTE3,0,0.6166666666666667,12.333333333333334,8.666666666666666,55.0,31.2,otra
2023-05-08 07:00:00,2023,5,8,NORTE2,1,0.785,18.85,10.5,46.0,16.0,otra
2023-05-08 07:00:00,2023,5,8,SUR,1,0.5925,17.65,7.25,58.0,22.1025,otra
2023-05-08 07:00:00,2023,5,8,SUROESTE2,1,0.62,12.85,8.5,76.0,24.805,otra
2023-05-08 08:00:00,2023,5,8,CENTRO,1,0.85,16.3,10.0,51.0,34.88,otra
2023-05-08 08:00:00,2023,5,8,NORESTE3,0,0.868,15.266666666666667,11.799999999999999,50.333333333333336,18.0,otra
2023-05-08 08:00:00,2023,5,8,NOROESTE3,0,0.62,12.933333333333332,9.333333333333334,55.333333333333336,29.84,otra
2023-05-08 08:00:00,2023,5,8,NORTE2,1,0.625,19.6,10.5,53.5,20.0,otra
2023-05-08 08:00:00,2023,5,8,SUR,1,0.6375,15.424999999999999,8.5,65.25,24.7575,otra
2023-05-08 08:00:00,2023,5,8,SUROESTE2,1,0.685,13.85,8.5,73.5,24.9,otra
2023-05-09 07:00:00,2023,5,9,CENTRO,1,0.84,17.6,21.0,51.0,25.57,otra
2023-05-09 07:00:00,2023,5,9,NORESTE3,0,0.7065,17.96666666666667,15.433333333333332,48.666666666666664,18.0,otra
2023-05-09 07:00:00,2023,5,9,NOROESTE3,0,0.6666666666666666,19.566666666666666,11.0,64.0,25.16,otra
2023-05-09 07:00:00,2023,5,9,NORTE2,1,0.6799999999999999,25.950000000000003,14.5,47.5,12.5,otra
2023-05-09 07:00:00,2023,5,9,SUR,1,0.495,19.3,15.25,41.75,15.61,otra
2023-05-09 07:00:00,2023,5,9,SUROESTE2,1,0.635,21.25,12.5,67.0,22.744999999999997,otra
2023-05-09 08:00:00,2023,5,9,CENTRO,1,0.8,15.2,19.0,50.0,20.25,otra
2023-05-09 08:00:00,2023,5,9,NORESTE3,0,0.835,19.5,15.6,41.0,16.0,otra
2023-05-09 08:00:00,2023,5,9,NOROESTE3,0,0.66,17.2,13.333333333333334,54.0,20.64,otra
2023-05-09 08:00:00,2023,5,9,NORTE2,1,0.5800000000000001,17.25,19.0,46.5,17.0,otra
2023-05-09 08:00:00,2023,5,9,SUR,1,0.6575,20.975,13.25,47.75,17.3375,otra
2023-05-09 08:00:00,2023,5,9,SUROESTE2,1,0.73,20.65,15.0,53.5,21.314999999999998,otra
2023-05-10 07:00:00,2023,5,10,CENTRO,1,0.98,23.4,11.0,30.0,15.42,otra
2023-05-10 07:00:00,2023,5,10,NORESTE3,0,0.7915000000000001,16.633333333333333,20.566666666666666,36.333333333333336,5.0,otra
2023-05-10 07:00:00,2023,5,10,NOROESTE3,0,0.6266666666666666,16.066666666666666,13.0,41.0,18.69,otra
2023-05-10 07:00:00,2023,5,10,NORTE2,1,0.78,26.25,12.0,32.5,13.5,otra
2023-05-10 07:00:00,2023,5,10,SUR,1,0.7325,25.8,12.25,35.75,15.975,otra
2023-05-10 07:00:00,2023,5,10,SUROESTE2,1,0.62,19.950000000000003,8.5,81.5,23.735,otra
2023-05-10 08:00:00,2023,5,10,CENTRO,1,1.79,30.1,10.0,59.0,22.09,otra
2023-05-10 08:00:00,2023,5,10,NORESTE3,0,0.751,14.933333333333335,27.133333333333336,45.333333333333336,13.0,otra
2023-05-10 08:00:00,2023,5,10,NOROESTE3,0,0.7400000000000001,16.866666666666667,12.666666666666666,47.0,25.96,otra
2023-05-10 08:00:00,2023,5,10,NORTE2,1,0.8300000000000001,24.450000000000003,16.5,47.0,10.0,otra
2023-05-10 08:00:00,2023,5,10,SUR,1,0.7925,24.65,13.5,55.75,12.8575,otra
2023-05-10 08:00:00,2023,5,10,SUROESTE2,1,0.725,21.4,12.0,73.5,24.07,otra
2023-05-11 07:00:00,2023,5,11,CENTRO,1,0.91,26.7,8.0,80.0,39.82,otra
2023-05-11 07:00:00,2023,5,11,NORESTE3,0,0.8354999999999999,19.400000000000002,15.1,51.333333333333336,33.0,otra
2023-05-11 07:00:00,2023,5,11,NOROESTE3,0,0.8333333333333334,20.433333333333334,7.0,72.0,34.66,otra
2023-05-11 07:00:00,2023,5,11,NORTE2,1,0.675,17.7,14.0,48.0,25.5,otra
2023-05-11 07:00:00,2023,5,11,SUR,1,0.67,21.8,10.0,67.75,28.1675,otra
2023-05-11 07:00:00,2023,5,11,SUROESTE2,1,0.575,17.65,11.5,45.0,17.8,otra
2023-05-11 08:00:00,2023,5,11,CENTRO,1,0.96,25.3,10.0,89.0,39.93,otra
2023-05-11 08:00:00,2023,5,11,NORESTE3,0,0.9285000000000001,15.966666666666667,20.166666666666668,66.0,29.0,otra
2023-05-11 08:00:00,2023,5,11,NOROESTE3,0,0.68,14.166666666666666,12.333333333333334,82.0,37.96,otra
2023-05-11 08:00:00,2023,5,11,NORTE2,1,0.665,18.6,15.5,54.5,24.5,otra
2023-05-11 08:00:00,2023,5,11,SUR,1,0.65,15.35,16.75,69.5,27.68,otra
2023-05-11 08:00:00,2023,5,11,SUROESTE2,1,0.8300000000000001,22.950000000000003,13.0,57.5,21.445,otra
2023-05-12 07:00:00,2023,5,12,CENTRO,1,0.86,10.3,12.0,72.0,45.0,otra
2023-05-12 07:00:00,2023,5,12,NORESTE3,0,0.816,11.766666666666667,18.833333333333332,67.66666666666667,46.0,otra
2023-05-12 07:00:00,2023,5,12,NOROESTE3,0,0.5633333333333334,7.733333333333333,18.0,65.33333333333333,39.08,otra
2023-05-12 07:00:00,2023,5,12,NORTE2,1,0.605,14.0,17.5,52.0,40.5,otra
2023-05-12 07:00:00,2023,5,12,SUR,1,0.5599999999999999,7.475,16.75,68.0,35.2975,otra
2023-05-12 07:00:00,2023,5,12,SUROESTE2,1,0.565,13.649999999999999,10.0,73.5,36.28,otra
2023-05-12 08:00:00,2023,5,12,CENTRO,1,0.99,13.5,11.0,85.0,46.0,otra
2023-05-12 08:00:00,2023,5,12,NORESTE3,0,0.8494999999999999,11.200000000000001,20.3,73.66666666666667,44.0,otra
2023-05-12 08:00:00,2023,5,12,NOROESTE3,0,0.6266666666666666,8.933333333333334,16.666666666666668,65.66666666666667,39.21,otra
2023-05-12 08:00:00,2023,5,12,NORTE2,1,0.675,15.7,18.0,61.0,35.0,otra
2023-05-12 08:00:00,2023,5,12,SUR,1,0.6425000000000001,9.325,16.25,72.75,38.582499999999996,otra
2023-05-12 08:00:00,2023,5,12,SUROESTE2,1,0.77,17.3,9.0,68.5,36.8,otra
2023-05-13 07:00:00,2023,5,13,CENTRO,0,0.89,12.9,24.0,50.0,26.31,otra
2023-05-13 07:00:00,2023,5,13,NORESTE3,0,0.794,12.966666666666667,23.03333333333333,27.333333333333332,11.0,otra
2023-05-13 07:00:00,2023,5,13,NOROESTE3,0,0.5933333333333333,12.166666666666666,25.0,43.666666666666664,21.22,otra
2023-05-13 07:00:00,2023,5,13,NORTE2,0,0.7849999999999999,27.75,14.5,55.0,23.5,otra
2023-05-13 07:00:00,2023,5,13,SUR,0,0.63,20.2,17.25,43.25,26.2925,otra
2023-05-13 07:00:00,2023,5,13,SUROESTE2,0,0.63,21.85,11.5,56.5,31.68,otra
2023-05-13 08:00:00,2023,5,13,CENTRO,0,1.02,21.3,17.0,47.0,31.17,otra
2023-05-13 08:00:00,2023,5,13,NORESTE3,0,0.8879999999999999,18.566666666666666,22.8,26.333333333333332,16.0,otra
2023-05-13 08:00:00,2023,5,13,NOROESTE3,0,0.6833333333333332,16.766666666666666,18.333333333333332,39.0,21.81,otra
2023-05-13 08:00:00,2023,5,13,NORTE2,0,0.665,25.9,18.5,103.5,24.5,otra
2023-05-13 08:00:00,2023,5,13,SUR,0,0.7125,18.55,19.25,44.0,26.822499999999998,otra
2023-05-13 08:00:00,2023,5,13,SUROESTE2,0,0.655,17.950000000000003,16.5,56.5,28.119999999999997,otra
2023-05-14 07:00:00,2023,5,14,CENTRO,0,0.7,3.7,36.0,22.0,9.08,otra
2023-05-14 07:00:00,2023,5,14,NORESTE3,0,0.8326666666666668,12.133333333333333,24.400000000000002,34.333333333333336,13.0,otra
2023-05-14 07:00:00,2023,5,14,NOROESTE3,0,0.45999999999999996,6.5,30.666666666666668,25.0,10.32,otra
2023-05-14 07:00:00,2023,5,14,NORTE2,0,0.64,20.299999999999997,15.5,27.5,15.0,otra
2023-05-14 07:00:00,2023,5,14,SUR,0,0.5725,13.649999999999999,20.5,27.0,11.333333333333334,otra
2023-05-14 07:00:00,2023,5,14,SUROESTE2,0,0.39,4.05,36.5,18.0,5.9399999999999995,otra
2023-05-14 08:00:00,2023,5,14,CENTRO,0,0.71,5.4,38.0,20.0,8.87,otra
2023-05-14 08:00:00,2023,5,14,NORESTE3,0,0.8029999999999999,10.133333333333333,27.599999999999998,34.666666666666664,19.0,otra
2023-05-14 08:00:00,2023,5,14,NOROESTE3,0,0.52,7.466666666666666,29.666666666666668,21.0,11.25,otra
2023-05-14 08:00:00,2023,5,14,NORTE2,0,0.5549999999999999,17.049999999999997,19.0,30.5,19.0,otra
2023-05-14 08:00:00,2023,5,14,SUR,0,0.6799999999999999,12.075,23.0,29.75,13.333333333333334,otra
2023-05-14 08:00:00,2023,5,14,SUROESTE2,0,0.42500000000000004,6.15,34.0,14.5,6.385,otra
2023-05-15 07:00:00,2023,5,15,CENTRO,0,1.08,25.8,6.0,40.0,21.0,otra
2023-05-15 07:00:00,2023,5,15,NORESTE3,0,1.3343333333333334,23.96666666666667,11.5,64.0,29.0,otra
2023-05-15 07:00:00,2023,5,15,NOROESTE3,0,1.2333333333333334,22.8,3.0,72.19666666666667,31.02,otra
2023-05-15 07:00:00,2023,5,15,NORTE2,1,1.115,33.0,8.0,63.0,20.5,otra
2023-05-15 07:00:00,2023,5,15,SUR,1,1.1075,23.325000000000003,6.5,64.25,25.0,otra
2023-05-15 07:00:00,2023,5,15,SUROESTE2,0,0.9650000000000001,22.0,5.0,51.0,18.68,otra
2023-05-15 08:00:00,2023,5,15,CENTRO,0,1.14,25.7,12.0,61.0,25.12,otra
2023-05-15 08:00:00,2023,5,15,NORESTE3,0,1.4066666666666665,30.799999999999997,21.066666666666666,78.33333333333333,46.0,otra
2023-05-15 08:00:00,2023,5,15,NOROESTE3,0,1.1833333333333333,25.366666666666664,7.0,94.85666666666667,33.76,otra
2023-05-15 08:00:00,2023,5,15,NORTE2,1,0.9849999999999999,26.9,19.5,51.0,15.0,otra
2023-05-15 08:00:00,2023,5,15,SUR,1,1.025,21.475,13.5,69.5,23.0,otra
2023-05-15 08:00:00,2023,5,15,SUROESTE2,0,1.0350000000000001,23.700000000000003,11.0,79.0,19.025,otra
2023-05-16 07:00:00,2023,5,16,CENTRO,0,0.97,22.1,7.0,48.0,19.67,otra
2023-05-16 07:00:00,2023,5,16,NORESTE3,0,1.0733333333333335,23.733333333333334,8.6,48.666666666666664,24.0,otra
2023-05-16 07:00:00,2023,5,16,NOROESTE3,0,0.7333333333333334,17.599999999999998,5.666666666666667,58.666666666666664,28.56,otra
2023-05-16 07:00:00,2023,5,16,NORTE2,1,0.565,25.799999999999997,9.5,63.5,16.0,otra
2023-05-16 07:00:00,2023,5,16,SUR,1,0.9375,20.775,7.25,49.5,17.872500000000002,otra
2023-05-16 07:00:00,2023,5,16,SUROESTE2,0,0.62,17.15,10.0,34.5,11.48,otra
2023-05-16 08:00:00,2023,5,16,CENTRO,0,0.94,20.4,14.0,48.0,18.34,otra
2023-05-16 08:00:00,2023,5,16,NORESTE3,0,1.1363333333333332,20.066666666666666,14.366666666666667,58.0,29.0,otra
2023-05-16 08:00:00,2023,5,16,NOROESTE3,0,0.9,17.8,9.333333333333334,68.33333333333333,28.05,otra
2023-05-16 08:00:00,2023,5,16,NORTE2,1,0.7050000000000001,26.4,12.5,46.5,17.5,otra
2023-05-16 08:00:00,2023,5,16,SUR,1,1.0075,19.025,11.0,56.0,18.285,otra
2023-05-16 08:00:00,2023,5,16,SUROESTE2,0,0.715,20.9,13.5,48.0,11.030000000000001,otra
2023-05-17 07:00:00,2023,5,17,CENTRO,0,1.21,27.9,5.0,70.0,29.5,otra
2023-05-17 07:00:00,2023,5,17,NORESTE3,0,0.9693333333333333,19.933333333333334,10.299999999999999,59.0,24.5,otra
2023-05-17 07:00:00,2023,5,17,NOROESTE3,0,0.81,20.6,7.333333333333333,64.33333333333333,23.65,otra
2023-05-17 07:00:00,2023,5,17,NORTE2,1,0.7150000000000001,27.8,10.0,54.5,9.5,otra
2023-05-17 07:00:00,2023,5,17,SUR,1,1.035,25.424999999999997,6.0,72.75,20.7425,otra
2023-05-17 07:00:00,2023,5,17,SUROESTE2,0,0.77,25.5,11.0,77.5,21.32,otra
2023-05-17 08:00:00,2023,5,17,CENTRO,0,1.24,29.5,10.0,69.0,28.91,otra
2023-05-17 08:00:00,2023,5,17,NORESTE3,0,0.945,16.5,19.866666666666667,74.66666666666667,24.5,otra
2023-05-17 08:00:00,2023,5,17,NOROESTE3,0,0.8766666666666666,19.400000000000002,11.0,76.66666666666667,22.99,otra
2023-05-17 08:00:00,2023,5,17,NORTE2,1,0.72,23.4,17.5,55.5,8.0,otra
2023-05-17 08:00:00,2023,5,17,SUR,1,1.065,24.2,11.25,92.5,20.32,otra
2023-05-17 08:00:00,2023,5,17,SUROESTE2,0,0.78,24.65,15.5,77.0,24.265,otra
2023-05-18 07:00:00,2023,5,18,CENTRO,0,1.0,27.8,8.0,46.0,19.04,otra
2023-05-18 07:00:00,2023,5,18,NORESTE3,0,1.0143333333333333,20.833333333333332,16.599999999999998,46.666666666666664,17.0,otra
2023-05-18 07:00:00,2023,5,18,NOROESTE3,0,0.66,18.233333333333334,6.0,47.666666666666664,23.78,otra
2023-05-18 07:00:00,2023,5,18,NORTE2,1,0.68,25.55,16.0,37.5,14.5,otra
2023-05-18 07:00:00,2023,5,18,SUR,1,0.7450000000000001,17.025,16.25,50.25,13.3625,otra
2023-05-18 07:00:00,2023,5,18,SUROESTE2,0,0.895,23.049999999999997,8.0,86.0,24.595,otra
2023-05-18 08:00:00,2023,5,18,CENTRO,0,1.18,31.6,7.0,56.0,24.62,otra
2023-05-18 08:00:00,2023,5,18,NORESTE3,0,1.0523333333333333,19.466666666666665,20.266666666666666,63.0,22.5,otra
2023-05-18 08:00:00,2023,5,18,NOROESTE3,0,0.7933333333333333,21.166666666666668,7.666666666666667,54.333333333333336,21.13,otra
2023-05-18 08:00:00,2023,5,18,NORTE2,1,0.765,26.75,15.5,44.0,13.5,otra
2023-05-18 08:00:00,2023,5,18,SUR,1,0.8025,17.275,19.25,45.5,13.473333333333334,otra
2023-05-18 08:00:00,2023,5,18,SUROESTE2,0,0.95,25.3,11.0,62.5,18.485,otra
2023-05-19 07:00:00,2023,5,19,CENTRO,0,1.19,20.4,5.0,55.0,22.81,otra
2023-05-19 07:00:00,2023,5,19,NORESTE3,0,1.075,17.833333333333332,8.933333333333334,58.0,26.5,otra
2023-05-19 07:00:00,2023,5,19,NOROESTE3,0,1.0999999999999999,23.266666666666666,4.0,79.33333333333333,29.96,otra
2023-05-19 07:00:00,2023,5,19,NORTE2,1,1.005,30.599999999999998,7.0,69.5,24.0,otra
2023-05-19 07:00:00,2023,5,19,SUR,1,0.6966666666666667,22.45,5.5,45.25,15.585,otra
2023-05-19 07:00:00,2023,5,19,SUROESTE2,0,0.8700000000000001,21.85,5.5,37.5,13.18,otra
2023-05-19 08:00:00,2023,5,19,CENTRO,0,1.18,23.3,12.0,68.0,26.51,otra
2023-05-19 08:00:00,2023,5,19,NORESTE3,0,1.088,19.366666666666664,15.5,83.66666666666667,32.0,otra
2023-05-19 08:00:00,2023,5,19,NOROESTE3,0,1.4633333333333332,26.900000000000002,5.666666666666667,92.0,28.47,otra
2023-05-19 08:00:00,2023,5,19,NORTE2,1,1.095,32.05,10.5,71.0,16.5,otra
2023-05-19 08:00:00,2023,5,19,SUR,1,0.7166666666666667,22.275,9.75,60.5,18.645,otra
2023-05-19 08:00:00,2023,5,19,SUROESTE2,0,0.885,22.55,10.0,87.0,25.28,otra
2023-05-20 07:00:00,2023,5,20,CENTRO,0,0.97,14.5,4.0,58.0,27.86,otra
2023-05-20 07:00:00,2023,5,20,NORESTE3,0,0.8970000000000001,12.866666666666667,8.866666666666667,39.333333333333336,17.5,otra
2023-05-20 07:00:00,2023,5,20,NOROESTE3,0,0.6333333333333333,12.866666666666667,3.6666666666666665,41.333333333333336,18.34,otra
2023-05-20 07:00:00,2023,5,20,NORTE2,0,0.53,18.1,7.5,39.0,15.5,otra
2023-05-20 07:00:00,2023,5,20,SUR,0,0.7324999999999999,14.975,6.25,51.25,20.15,otra
2023-05-20 07:00:00,2023,5,20,SUROESTE2,0,0.735,16.299999999999997,4.0,56.0,27.895,otra
2023-05-20 08:00:00,2023,5,20,CENTRO,0,1.03,15.7,5.0,68.0,29.94,otra
2023-05-20 08:00:00,2023,5,20,NORESTE3,0,0.9289999999999999,14.299999999999999,10.066666666666666,50.333333333333336,21.5,otra
2023-05-20 08:00:00,2023,5,20,NOROESTE3,0,0.7366666666666667,13.133333333333335,4.333333333333333,54.0,22.46,otra
2023-05-20 08:00:00,2023,5,20,NORTE2,0,0.73,21.0,7.5,37.5,18.0,otra
2023-05-20 08:00:00,2023,5,20,SUR,0,0.8625,13.799999999999999,6.5,73.25,23.44,otra
2023-05-20 08:00:00,2023,5,20,SUROESTE2,0,0.8049999999999999,19.25,5.0,84.5,29.445,otra
2023-05-21 07:00:00,2023,5,21,CENTRO,0,1.05,12.7,6.0,40.0,24.36,otra
2023-05-21 07:00:00,2023,5,21,NORESTE3,0,0.9426666666666668,15.6,12.0,29.0,10.5,otra
2023-05-21 07:00:00,2023,5,21,NOROESTE3,0,0.5399999999999999,10.233333333333333,12.0,20.666666666666668,9.84,otra
2023-05-21 07:00:00,2023,5,21,NORTE2,0,0.8899999999999999,23.45,8.0,26.0,14.5,otra
2023-05-21 07:00:00,2023,5,21,SUR,0,0.885,21.975,7.0,36.25,15.7725,otra
2023-05-21 07:00:00,2023,5,21,SUROESTE2,0,0.895,17.4,6.0,69.0,28.27,otra
2023-05-21 08:00:00,2023,5,21,CENTRO,0,0.99,14.5,8.0,41.0,24.1,otra
2023-05-21 08:00:00,2023,5,21,NORESTE3,0,0.9373333333333332,15.466666666666667,15.0,32.666666666666664,12.5,otra
2023-05-21 08:00:00,2023,5,21,NOROESTE3,0,0.6066666666666666,11.066666666666668,11.333333333333334,20.666666666666668,15.0,otra
2023-05-21 08:00:00,2023,5,21,NORTE2,0,0.75,22.55,11.0,32.5,13.0,otra
2023-05-21 08:00:00,2023,5,21,SUR,0,0.8475,20.825,9.75,44.0,16.8675,otra
2023-05-21 08:00:00,2023,5,21,SUROESTE2,0,0.885,17.8,7.0,72.0,31.455,otra
2023-05-22 07:00:00,2023,5,22,CENTRO,0,,18.1,7.0,34.0,21.12,otra
2023-05-22 07:00:00,2023,5,22,NORESTE3,0,0.9046666666666666,15.5,13.4,47.0,16.0,otra
2023-05-22 07:00:00,2023,5,22,NOROESTE3,0,0.8066666666666666,15.466666666666667,3.6666666666666665,82.33333333333333,35.69,otra
2023-05-22 07:00:00,2023,5,22,NORTE2,1,1.105,27.5,7.5,54.0,18.0,otra
2023-05-22 07:00:00,2023,5,22,SUR,1,0.9125,19.95,7.5,65.5,15.74,otra
2023-05-22 07:00:00,2023,5,22,SUROESTE2,0,0.7949999999999999,18.65,5.5,48.5,18.4,otra
2023-05-22 08:00:00,2023,5,22,CENTRO,0,0.11,25.7,8.0,45.0,20.58,otra
2023-05-22 08:00:00,2023,5,22,NORESTE3,0,0.934,14.366666666666667,16.900000000000002,48.333333333333336,17.5,otra
2023-05-22 08:00:00,2023,5,22,NOROESTE3,0,0.98,19.933333333333334,6.0,111.33333333333333,32.59,otra
2023-05-22 08:00:00,2023,5,22,NORTE2,1,0.91,28.4,8.5,79.0,22.0,otra
2023-05-22 08:00:00,2023,5,22,SUR,1,0.94,18.825,13.0,107.75,18.94,otra
2023-05-22 08:00:00,2023,5,22,SUROESTE2,0,1.115,26.9,7.0,66.0,23.67,otra
2023-05-23 07:00:00,2023,5,23,CENTRO,0,1.07,20.4,7.0,46.0,19.47,otra
2023-05-23 07:00:00,2023,5,23,NORESTE3,0,0.9603333333333333,14.0,12.333333333333334,44.666666666666664,13.0,otra
2023-05-23 07:00:00,2023,5,23,NOROESTE3,0,0.6233333333333334,13.4,5.333333333333333,51.333333333333336,16.09,otra
2023-05-23 07:00:00,2023,5,23,NORTE2,1,0.8250000000000001,19.4,8.5,54.0,15.0,otra
2023-05-23 07:00:00,2023,5,23,SUR,1,0.755,16.3,9.25,43.05,16.3375,otra
2023-05-23 07:00:00,2023,5,23,SUROESTE2,0,0.665,16.55,6.0,73.5,18.17,otra
2023-05-23 08:00:00,2023,5,23,CENTRO,0,1.21,20.9,9.0,72.0,26.34,otra
2023-05-23 08:00:00,2023,5,23,NORESTE3,0,0.8885000000000001,14.2,16.65,52.0,18.0,otra
2023-05-23 08:00:00,2023,5,23,NOROESTE3,0,0.63,12.1,7.0,48.666666666666664,18.63,otra
2023-05-23 08:00:00,2023,5,23,NORTE2,1,0.895,16.35,14.0,57.0,17.0,otra
2023-05-23 08:00:00,2023,5,23,SUR,1,0.8200000000000001,14.2,12.5,51.355000000000004,14.185,otra
2023-05-23 08:00:00,2023,5,23,SUROESTE2,0,0.865,18.4,6.0,55.0,20.240000000000002,otra
2023-05-24 07:00:00,2023,5,24,CENTRO,0,1.07,17.5,9.0,43.0,19.82,otra
2023-05-24 07:00:00,2023,5,24,NORESTE3,0,0.9573333333333335,12.799999999999999,12.333333333333334,33.0,10.5,otra
2023-05-24 07:00:00,2023,5,24,NOROESTE3,0,0.6,14.299999999999999,5.333333333333333,42.666666666666664,13.77,otra
2023-05-24 07:00:00,2023,5,24,NORTE2,1,0.54,17.9,9.0,24.5,8.5,otra
2023-05-24 07:00:00,2023,5,24,SUR,1,0.76,17.5,8.25,45.1875,10.75,otra
2023-05-24 07:00:00,2023,5,24,SUROESTE2,0,0.565,16.2,5.0,45.0,15.23,otra
2023-05-24 08:00:00,2023,5,24,CENTRO,0,1.1,16.2,12.0,51.0,23.74,otra
2023-05-24 08:00:00,2023,5,24,NORESTE3,0,1.071,14.6,16.066666666666666,45.0,14.5,otra
2023-05-24 08:00:00,2023,5,24,NOROESTE3,0,0.6533333333333333,14.633333333333333,6.0,48.666666666666664,15.75,otra
2023-05-24 08:00:00,2023,5,24,NORTE2,1,0.74,20.4,10.0,55.0,12.5,otra
2023-05-24 08:00:00,2023,5,24,SUR,1,0.8225,12.225,11.75,64.19,10.965,otra
2023-05-24 08:00:00,2023,5,24,SUROESTE2,0,0.645,15.600000000000001,7.0,49.0,18.66,otra
2023-05-25 07:00:00,2023,5,25,CENTRO,0,1.04,15.4,8.0,36.0,21.86,otra
2023-05-25 07:00:00,2023,5,25,NORESTE3,0,0.9906666666666667,12.1,11.066666666666668,32.0,11.5,otra
2023-05-25 07:00:00,2023,5,25,NOROESTE3,0,0.5533333333333333,9.233333333333333,9.5,27.666666666666668,15.51,otra
2023-05-25 07:00:00,2023,5,25,NORTE2,1,0.61,14.549999999999999,10.0,29.0,13.0,otra
2023-05-25 07:00:00,2023,5,25,SUR,1,0.445,10.95,11.25,18.75,9.0,otra
2023-05-25 07:00:00,2023,5,25,SUROESTE2,0,0.55,10.8,8.5,36.0,16.32,otra
2023-05-25 08:00:00,2023,5,25,CENTRO,0,1.17,15.8,10.0,54.0,30.6,otra
2023-05-25 08:00:00,2023,5,25,NORESTE3,0,1.0236666666666665,9.633333333333333,14.333333333333334,55.5,14.0,otra
2023-05-25 08:00:00,2023,5,25,NOROESTE3,0,0.52,10.666666666666666,9.666666666666666,30.666666666666668,16.28,otra
2023-05-25 08:00:00,2023,5,25,NORTE2,1,0.76,13.9,12.0,41.0,11.0,otra
2023-05-25 08:00:00,2023,5,25,SUR,1,0.49750000000000005,10.375,13.0,26.75,8.0875,otra
2023-05-25 08:00:00,2023,5,25,SUROESTE2,0,0.715,13.399999999999999,8.0,37.0,18.265,otra
2023-05-26 07:00:00,2023,5,26,CENTRO,0,1.01,14.7,9.0,43.0,14.04,otra
2023-05-26 07:00:00,2023,5,26,NORESTE3,0,0.973,11.899999999999999,13.266666666666666,38.666666666666664,12.0,otra
2023-05-26 07:00:00,2023,5,26,NOROESTE3,0,0.6633333333333332,14.4,5.333333333333333,37.0,13.26,otra
2023-05-26 07:00:00,2023,5,26,NORTE2,1,0.6,15.5,9.5,37.5,11.0,otra
2023-05-26 07:00:00,2023,5,26,SUR,1,0.4475,11.975000000000001,11.5,25.25,9.333333333333334,otra
2023-05-26 07:00:00,2023,5,26,SUROESTE2,0,0.685,15.25,6.5,35.5,10.775,otra
2023-05-26 08:00:00,2023,5,26,CENTRO,0,1.1,16.3,9.0,49.0,16.71,otra
2023-05-26 08:00:00,2023,5,26,NORESTE3,0,1.014,10.1,15.933333333333332,49.5,13.5,otra
2023-05-26 08:00:00,2023,5,26,NOROESTE3,0,0.5933333333333333,11.266666666666666,8.666666666666666,45.333333333333336,13.57,otra
2023-05-26 08:00:00,2023,5,26,NORTE2,1,0.575,13.100000000000001,11.5,38.5,14.5,otra
2023-05-26 08:00:00,2023,5,26,SUR,1,0.485,9.8,15.0,27.5,15.0,otra
2023-05-26 08:00:00,2023,5,26,SUROESTE2,0,0.6699999999999999,14.75,6.5,42.0,17.045,otra
2023-05-27 07:00:00,2023,5,27,CENTRO,0,1.09,9.2,37.0,28.0,22.0,otra
2023-05-27 07:00:00,2023,5,27,NORESTE3,0,1.0713333333333332,12.833333333333334,33.56666666666667,37.0,17.5,otra
2023-05-27 07:00:00,2023,5,27,NOROESTE3,0,0.6033333333333334,7.599999999999999,27.0,33.666666666666664,19.61,otra
2023-05-27 07:00:00,2023,5,27,NORTE2,0,0.51,13.75,32.0,27.0,15.5,otra
2023-05-27 07:00:00,2023,5,27,SUR,0,0.49749999999999994,7.525,34.5,31.5,17.666666666666668,otra
2023-05-27 07:00:00,2023,5,27,SUROESTE2,0,0.475,17.0,18.5,32.5,18.17,otra
2023-05-27 08:00:00,2023,5,27,CENTRO,0,1.12,10.1,36.0,37.0,23.75,otra
2023-05-27 08:00:00,2023,5,27,NORESTE3,0,1.1466666666666667,12.399999999999999,35.4,39.333333333333336,19.0,otra
2023-05-27 08:00:00,2023,5,27,NOROESTE3,0,0.6699999999999999,8.666666666666666,26.333333333333332,36.666666666666664,20.77,otra
2023-05-27 08:00:00,2023,5,27,NORTE2,0,0.61,13.6,32.5,28.0,12.0,otra
2023-05-27 08:00:00,2023,5,27,SUR,0,0.575,8.7,34.0,33.5,15.666666666666666,otra
2023-05-27 08:00:00,2023,5,27,SUROESTE2,0,0.5449999999999999,20.4,15.5,38.0,21.05,otra
2023-05-28 07:00:00,2023,5,28,CENTRO,0,0.97,7.3,39.0,25.0,13.58,otra
2023-05-28 07:00:00,2023,5,28,NORESTE3,0,0.9143333333333333,5.366666666666667,38.13333333333333,27.666666666666668,2.0,otra
2023-05-28 07:00:00,2023,5,28,NOROESTE3,0,0.45333333333333337,5.3,24.666666666666668,15.0,11.85,otra
2023-05-28 07:00:00,2023,5,28,NORTE2,0,0.42000000000000004,9.5,33.5,18.0,3.5,otra
2023-05-28 07:00:00,2023,5,28,SUR,0,0.4275,10.433333333333334,38.0,18.0,7.5,otra
2023-05-28 07:00:00,2023,5,28,SUROESTE2,0,0.41000000000000003,5.2,26.5,26.0,9.765,otra
2023-05-28 08:00:00,2023,5,28,CENTRO,0,0.99,8.2,35.0,25.0,6.62,otra
2023-05-28 08:00:00,2023,5,28,NORESTE3,0,0.9236666666666666,7.8,36.53333333333333,18.666666666666668,2.0,otra
2023-05-28 08:00:00,2023,5,28,NOROESTE3,0,0.51,6.733333333333333,27.0,12.666666666666666,7.12,otra
2023-05-28 08:00:00,2023,5,28,NORTE2,0,0.425,7.1499999999999995,37.5,6.0,1.0,otra
2023-05-28 08:00:00,2023,5,28,SUR,0,0.4875,8.6,34.25,18.0,4.5,otra
2023-05-28 08:00:00,2023,5,28,SUROESTE2,0,0.425,7.7,26.0,14.5,6.805,otra
2023-05-29 07:00:00,2023,5,29,CENTRO,0,1.65,27.3,10.0,38.0,17.14,otra
2023-05-29 07:00:00,2023,5,29,NORESTE3,0,0.873,18.2,14.6,37.5,11.0,otra
2023-05-29 07:00:00,2023,5,29,NOROESTE3,0,0.79,18.566666666666666,10.0,28.333333333333332,,otra
2023-05-29 07:00:00,2023,5,29,NORTE2,1,1.52,15.8,8.5,28.5,8.0,otra
2023-05-29 07:00:00,2023,5,29,SUR,1,0.625,20.2,18.75,27.75,8.666666666666666,otra
2023-05-29 07:00:00,2023,5,29,SUROESTE2,0,0.47000000000000003,16.8,11.5,43.5,14.86,otra
2023-05-29 08:00:00,2023,5,29,CENTRO,0,1.55,27.0,15.0,53.0,19.94,otra
2023-05-29 08:00:00,2023,5,29,NORESTE3,0,1.1685,22.0,18.05,34.0,18.0,otra
2023-05-29 08:00:00,2023,5,29,NOROESTE3,0,0.87,19.166666666666668,11.0,37.666666666666664,,otra
2023-05-29 08:00:00,2023,5,29,NORTE2,1,1.39,18.5,15.5,44.5,6.5,otra
2023-05-29 08:00:00,2023,5,29,SUR,1,0.6599999999999999,16.45,26.25,30.0,12.5,otra
2023-05-29 08:00:00,2023,5,29,SUROESTE2,0,0.655,23.4,13.0,41.5,13.86,otra
2023-05-30 07:00:00,2023,5,30,CENTRO,0,1.49,25.6,10.0,41.0,19.08,otra
2023-05-30 07:00:00,2023,5,30,NORESTE3,0,1.044,18.866666666666664,11.5,40.0,18.0,otra
2023-05-30 07:00:00,2023,5,30,NOROESTE3,0,0.7200000000000001,19.866666666666667,7.333333333333333,48.0,20.27,otra
2023-05-30 07:00:00,2023,5,30,NORTE2,1,1.6,31.3,11.0,50.0,22.0,otra
2023-05-30 07:00:00,2023,5,30,SUR,1,0.8025,20.825,8.5,64.0,20.0,otra
2023-05-30 07:00:00,2023,5,30,SUROESTE2,0,0.8400000000000001,24.4,5.0,92.5,25.03,otra
2023-05-30 08:00:00,2023,5,30,CENTRO,0,1.48,26.7,17.0,48.0,19.49,otra
2023-05-30 08:00:00,2023,5,30,NORESTE3,0,1.0253333333333334,17.866666666666667,17.5,59.333333333333336,26.5,otra
2023-05-30 08:00:00,2023,5,30,NOROESTE3,0,0.9533333333333335,22.433333333333334,10.333333333333334,53.333333333333336,23.28,otra
2023-05-30 08:00:00,2023,5,30,NORTE2,1,1.99,32.7,16.0,94.0,26.0,otra
2023-05-30 08:00:00,2023,5,30,SUR,1,0.91,22.125,14.0,72.0,19.333333333333332,otra
2023-05-30 08:00:00,2023,5,30,SUROESTE2,0,0.9199999999999999,27.35,9.5,89.5,24.545,otra
2023-05-31 07:00:00,2023,5,31,CENTRO,0,1.31,22.5,11.0,48.0,20.62,otra
2023-05-31 07:00:00,2023,5,31,NORESTE3,0,0.9756666666666667,14.0,19.5,41.0,13.5,otra
2023-05-31 07:00:00,2023,5,31,NOROESTE3,0,0.7266666666666667,19.366666666666667,6.666666666666667,52.0,23.21,otra
2023-05-31 07:00:00,2023,5,31,NORTE2,1,1.31,22.65,13.0,35.0,14.0,otra
2023-05-31 07:00:00,2023,5,31,SUR,1,0.67,15.674999999999999,16.25,31.5,12.845,otra
2023-05-31 07:00:00,2023,5,31,SUROESTE2,0,0.49,16.1,10.0,61.0,15.78,otra
2023-05-31 08:00:00,2023,5,31,CENTRO,0,1.44,25.2,12.0,57.0,23.79,otra
2023-05-31 08:00:00,2023,5,31,NORESTE3,0,0.9550000000000001,16.733333333333334,16.0,41.0,17.5,otra
2023-05-31 08:00:00,2023,5,31,NOROESTE3,0,0.77,20.333333333333332,10.0,63.333333333333336,16.62,otra
2023-05-31 08:00:00,2023,5,31,NORTE2,1,1.62,20.45,16.5,42.5,17.5,otra
2023-05-31 08:00:00,2023,5,31,SUR,1,0.725,14.1,19.0,37.5,13.735,otra
2023-05-31 08:00:00,2023,5,31,SUROESTE2,0,0.615,22.3,10.5,50.5,16.42,otra
2023-06-01 07:00:00,2023,6,1,CENTRO,0,1.16,9.5,20.0,27.0,10.08,otra
2023-06-01 07:00:00,2023,6,1,NORESTE3,0,1.1173333333333335,15.2,17.8,35.0,10.5,otra
2023-06-01 07:00:00,2023,6,1,NOROESTE3,0,0.5833333333333334,7.833333333333333,20.0,24.666666666666668,,otra
2023-06-01 07:00:00,2023,6,1,NORTE2,1,0.85,13.9,16.0,17.5,12.0,otra
2023-06-01 07:00:00,2023,6,1,SUR,1,0.5549999999999999,7.925000000000001,19.25,18.5,7.666666666666667,otra
2023-06-01 07:00:00,2023,6,1,SUROESTE2,0,0.4,13.55,11.0,26.5,11.175,otra
2023-06-01 08:00:00,2023,6,1,CENTRO,0,1.25,15.5,14.0,30.0,10.28,otra
2023-06-01 08:00:00,2023,6,1,NORESTE3,0,1.3653333333333333,17.450000000000003,16.5,26.666666666666668,13.5,otra
2023-06-01 08:00:00,2023,6,1,NOROESTE3,0,0.59,9.0,18.333333333333332,27.0,,otra
2023-06-01 08:00:00,2023,6,1,NORTE2,1,1.0,15.5,13.5,21.5,12.5,otra
2023-06-01 08:00:00,2023,6,1,SUR,1,0.6175,9.65,18.0,21.5,7.666666666666667,otra
2023-06-01 08:00:00,2023,6,1,SUROESTE2,0,0.485,12.15,13.0,30.5,11.184999999999999,otra
2023-06-02 07:00:00,2023,6,2,CENTRO,0,1.11,8.4,16.0,27.0,11.1,otra
2023-06-02 07:00:00,2023,6,2,NORESTE3,0,1.0003333333333333,13.2,16.3,32.333333333333336,11.0,otra
2023-06-02 07:00:00,2023,6,2,NOROESTE3,0,0.5833333333333334,7.3999999999999995,12.666666666666666,26.333333333333332,18.86,otra
2023-06-02 07:00:00,2023,6,2,NORTE2,1,0.93,12.65,14.0,22.0,12.5,otra
2023-06-02 07:00:00,2023,6,2,SUR,1,0.58,6.875,16.25,19.5,6.45,otra
2023-06-02 07:00:00,2023,6,2,SUROESTE2,0,0.425,11.850000000000001,7.0,37.5,15.505,otra
2023-06-02 08:00:00,2023,6,2,CENTRO,0,1.31,13.3,11.0,22.0,7.9,otra
2023-06-02 08:00:00,2023,6,2,NORESTE3,0,1.242,15.55,15.133333333333333,37.666666666666664,11.0,otra
2023-06-02 08:00:00,2023,6,2,NOROESTE3,0,0.6366666666666666,9.9,10.666666666666666,24.0,16.95,otra
2023-06-02 08:00:00,2023,6,2,NORTE2,1,1.09,14.55,13.0,25.5,7.5,otra
2023-06-02 08:00:00,2023,6,2,SUR,1,0.6125,7.575,15.0,17.25,8.666666666666666,otra
2023-06-02 08:00:00,2023,6,2,SUROESTE2,0,0.5700000000000001,14.2,5.5,27.0,13.575,otra
2023-06-03 07:00:00,2023,6,3,CENTRO,0,1.11,5.3,20.0,25.0,11.08,otra
2023-06-03 07:00:00,2023,6,3,NORESTE3,0,1.0266666666666666,13.95,19.133333333333333,20.0,9.0,otra
2023-06-03 07:00:00,2023,6,3,NOROESTE3,0,0.63,7.900000000000001,16.0,12.666666666666666,,otra
2023-06-03 07:00:00,2023,6,3,NORTE2,0,0.93,11.4,16.0,14.5,9.5,otra
2023-06-03 07:00:00,2023,6,3,SUR,0,0.5775,7.675,17.25,17.25,9.0,otra
2023-06-03 07:00:00,2023,6,3,SUROESTE2,0,0.41000000000000003,5.95,14.0,14.0,5.6850000000000005,otra
2023-06-03 08:00:00,2023,6,3,CENTRO,0,1.1,5.3,21.0,29.0,8.73,otra
2023-06-03 08:00:00,2023,6,3,NORESTE3,0,1.109,14.65,17.766666666666666,22.666666666666668,9.5,otra
2023-06-03 08:00:00,2023,6,3,NOROESTE3,0,0.71,8.6,16.0,21.0,14.4,otra
2023-06-03 08:00:00,2023,6,3,NORTE2,0,1.08,13.3,16.0,17.0,6.5,otra
2023-06-03 08:00:00,2023,6,3,SUR,0,0.61,6.9,19.0,17.25,6.445,otra
2023-06-03 08:00:00,2023,6,3,SUROESTE2,0,0.41,6.25,15.0,17.5,5.63,otra
2023-06-04 07:00:00,2023,6,4,CENTRO,0,0.95,12.0,27.0,39.0,,otra
2023-06-04 07:00:00,2023,6,4,NORESTE3,0,0.9633333333333334,10.25,20.766666666666666,22.333333333333332,8.5,otra
2023-06-04 07:00:00,2023,6,4,NOROESTE3,0,0.555,7.699999999999999,24.5,15.5,10.16,otra
2023-06-04 07:00:00,2023,6,4,NORTE2,0,0.77,13.15,20.5,24.5,10.5,otra
2023-06-04 07:00:00,2023,6,4,SUR,0,0.6025,18.05,17.5,26.5,10.5275,otra
2023-06-04 07:00:00,2023,6,4,SUROESTE2,0,0.45,18.0,13.5,27.0,11.379999999999999,otra
2023-06-04 08:00:00,2023,6,4,CENTRO,0,1.01,20.5,16.0,33.0,,otra
2023-06-04 08:00:00,2023,6,4,NORESTE3,0,1.0650000000000002,17.75,17.599999999999998,24.0,9.0,otra
2023-06-04 08:00:00,2023,6,4,NOROESTE3,0,0.66,9.7,22.5,20.0,,otra
2023-06-04 08:00:00,2023,6,4,NORTE2,0,0.73,10.75,22.5,15.5,13.0,otra
2023-06-04 08:00:00,2023,6,4,SUR,0,0.61,14.549999999999999,20.25,23.75,7.4675,otra
2023-06-04 08:00:00,2023,6,4,SUROESTE2,0,0.46,20.65,10.0,30.5,15.59,otra
2023-06-05 07:00:00,2023,6,5,CENTRO,0,1.16,14.9,15.0,41.0,,otra
2023-06-05 07:00:00,2023,6,5,NORESTE3,0,1.051,19.200000000000003,17.333333333333332,40.666666666666664,14.0,otra
2023-06-05 07:00:00,2023,6,5,NOROESTE3,0,0.64,14.533333333333333,14.0,29.333333333333332,20.76,otra
2023-06-05 07:00:00,2023,6,5,NORTE2,1,1.11,21.45,12.5,34.0,15.0,otra
2023-06-05 07:00:00,2023,6,5,SUR,1,0.7324999999999999,22.3,11.25,38.5,11.77,otra
2023-06-05 07:00:00,2023,6,5,SUROESTE2,0,0.535,18.2,6.0,51.0,17.95,otra
2023-06-05 08:00:00,2023,6,5,CENTRO,0,1.15,14.8,19.0,47.0,,otra
2023-06-05 08:00:00,2023,6,5,NORESTE3,0,1.058,15.45,25.433333333333334,45.333333333333336,17.0,otra
2023-06-05 08:00:00,2023,6,5,NOROESTE3,0,0.7233333333333333,13.866666666666667,15.0,34.666666666666664,27.76,otra
2023-06-05 08:00:00,2023,6,5,NORTE2,1,1.12,18.35,16.5,44.5,10.5,otra
2023-06-05 08:00:00,2023,6,5,SUR,1,0.7825,19.9,14.25,57.25,13.16,otra
2023-06-05 08:00:00,2023,6,5,SUROESTE2,0,0.59,18.3,10.5,75.0,30.09,otra
2023-06-06 07:00:00,2023,6,6,CENTRO,0,1.46,28.0,9.0,56.0,,otra
2023-06-06 07:00:00,2023,6,6,NORESTE3,0,1.1856666666666666,26.6,12.733333333333334,43.0,20.0,otra
2023-06-06 07:00:00,2023,6,6,NOROESTE3,0,0.85,18.0,5.0,77.5,35.78,otra
2023-06-06 07:00:00,2023,6,6,NORTE2,1,1.42,29.85,11.0,37.0,12.0,otra
2023-06-06 07:00:00,2023,6,6,SUR,1,0.835,20.7,11.25,46.0,14.0825,otra
2023-06-06 07:00:00,2023,6,6,SUROESTE2,0,0.73,22.799999999999997,6.5,91.0,22.0,otra
2023-06-06 08:00:00,2023,6,6,CENTRO,0,1.44,30.0,18.0,71.0,,otra
2023-06-06 08:00:00,2023,6,6,NORESTE3,0,1.3059999999999998,28.15,16.766666666666666,70.33333333333333,23.5,otra
2023-06-06 08:00:00,2023,6,6,NOROESTE3,0,1.1,19.75,6.5,89.0,32.08,otra
2023-06-06 08:00:00,2023,6,6,NORTE2,1,1.31,30.900000000000002,12.5,58.0,19.0,otra
2023-06-06 08:00:00,2023,6,6,SUR,1,0.9075,22.025,19.0,58.5,13.02,otra
2023-06-06 08:00:00,2023,6,6,SUROESTE2,0,0.755,31.299999999999997,14.0,112.5,29.985,otra
2023-06-07 07:00:00,2023,6,7,CENTRO,0,1.15,24.7,10.0,43.0,,otra
2023-06-07 07:00:00,2023,6,7,NORESTE3,0,1.019,19.8,15.299999999999999,36.666666666666664,18.0,otra
2023-06-07 07:00:00,2023,6,7,NOROESTE3,0,0.6,17.133333333333333,13.333333333333334,41.333333333333336,18.22,otra
2023-06-07 07:00:00,2023,6,7,NORTE2,1,1.04,17.85,14.5,36.0,11.0,otra
2023-06-07 07:00:00,2023,6,7,SUR,1,0.6333333333333333,15.024999999999999,13.75,34.5,11.925,otra
2023-06-07 07:00:00,2023,6,7,SUROESTE2,0,0.515,24.85,5.0,45.5,15.215,otra
2023-06-07 08:00:00,2023,6,7,CENTRO,0,1.32,24.4,16.0,49.0,,otra
2023-06-07 08:00:00,2023,6,7,NORESTE3,0,1.157,23.1,15.966666666666667,46.333333333333336,23.5,otra
2023-06-07 08:00:00,2023,6,7,NOROESTE3,0,0.6766666666666667,15.800000000000002,17.0,46.0,22.28,otra
2023-06-07 08:00:00,2023,6,7,NORTE2,1,1.18,18.15,18.0,47.5,15.0,otra
2023-06-07 08:00:00,2023,6,7,SUR,1,0.6966666666666667,16.85,17.75,46.75,16.535,otra
2023-06-07 08:00:00,2023,6,7,SUROESTE2,0,0.6799999999999999,27.6,8.5,55.0,17.715,otra
2023-06-08 07:00:00,2023,6,8,CENTRO,0,,,,,28.77,otra
2023-06-08 07:00:00,2023,6,8,NORESTE3,0,0.8719999999999999,15.7,15.35,32.5,14.0,otra
2023-06-08 07:00:00,2023,6,8,NOROESTE3,0,0.54,11.15,16.0,32.0,,otra
2023-06-08 07:00:00,2023,6,8,NORTE2,1,0.77,14.45,15.5,34.0,15.5,otra
2023-06-08 07:00:00,2023,6,8,SUR,1,0.6433333333333333,11.25,12.75,37.75,15.245000000000001,otra
2023-06-08 07:00:00,2023,6,8,SUROESTE2,0,0.55,15.6,9.0,39.0,25.08,otra
2023-06-08 08:00:00,2023,6,8,NORESTE3,0,0.808,13.9,19.55,33.0,9.0,otra
2023-06-08 08:00:00,2023,6,8,NOROESTE3,0,0.515,7.85,21.5,33.5,,otra
2023-06-08 08:00:00,2023,6,8,NORTE2,1,0.79,14.35,20.0,45.5,10.0,otra
2023-06-08 08:00:00,2023,6,8,SUR,1,0.6733333333333333,11.475,15.25,41.75,10.065,otra
2023-06-08 08:00:00,2023,6,8,SUROESTE2,0,0.72,17.9,8.0,39.0,24.06,otra
2023-06-09 07:00:00,2023,6,9,CENTRO,0,1.7,22.5,9.0,72.0,36.17,otra
2023-06-09 07:00:00,2023,6,9,NORESTE3,0,1.0966666666666667,18.9,11.533333333333333,50.333333333333336,11.5,otra
2023-06-09 07:00:00,2023,6,9,NOROESTE3,0,0.69,19.166666666666668,6.333333333333333,75.66666666666667,32.74,otra
2023-06-09 07:00:00,2023,6,9,NORTE2,1,1.105,21.65,8.0,45.5,17.0,otra
2023-06-09 07:00:00,2023,6,9,SUR,1,1.16,17.325,9.75,41.25,14.557500000000001,otra
2023-06-09 07:00:00,2023,6,9,SUROESTE2,0,0.605,18.25,7.5,49.0,23.045,otra
2023-06-09 08:00:00,2023,6,9,CENTRO,0,1.58,25.2,14.0,79.0,32.71,otra
2023-06-09 08:00:00,2023,6,9,NORESTE3,0,1.1726666666666665,18.35,18.233333333333334,57.666666666666664,19.0,otra
2023-06-09 08:00:00,2023,6,9,NOROESTE3,0,0.7399999999999999,18.566666666666666,10.0,74.33333333333333,30.29,otra
2023-06-09 08:00:00,2023,6,9,NORTE2,1,1.105,24.3,13.0,63.0,9.5,otra
2023-06-09 08:00:00,2023,6,9,SUR,1,1.06,16.25,16.75,68.0,20.333333333333332,otra
2023-06-09 08:00:00,2023,6,9,SUROESTE2,0,0.735,25.6,12.5,67.5,30.415,otra
2023-06-10 07:00:00,2023,6,10,CENTRO,0,1.24,18.7,10.0,57.0,28.92,otra
2023-06-10 07:00:00,2023,6,10,NORESTE3,0,1.0506666666666666,14.700000000000001,19.599999999999998,45.0,18.5,otra
2023-06-10 07:00:00,2023,6,10,NOROESTE3,0,0.6166666666666667,11.733333333333334,10.5,23.333333333333332,18.65,otra
2023-06-10 07:00:00,2023,6,10,NORTE2,0,0.7050000000000001,14.75,14.5,30.0,17.0,otra
2023-06-10 07:00:00,2023,6,10,SUR,0,0.685,10.575,14.75,39.0,16.333333333333332,otra
2023-06-10 07:00:00,2023,6,10,SUROESTE2,0,0.655,16.8,7.5,52.5,23.125,otra
2023-06-10 08:00:00,2023,6,10,CENTRO,0,1.35,19.7,11.0,59.0,28.63,otra
2023-06-10 08:00:00,2023,6,10,NORESTE3,0,1.0719999999999998,14.600000000000001,20.866666666666667,50.0,20.0,otra
2023-06-10 08:00:00,2023,6,10,NOROESTE3,0,0.7000000000000001,12.633333333333333,15.666666666666666,40.0,21.86,otra
2023-06-10 08:00:00,2023,6,10,NORTE2,0,0.7949999999999999,17.25,16.0,38.5,20.0,otra
2023-06-10 08:00:00,2023,6,10,SUR,0,0.6875,8.9,18.0,45.75,14.0,otra
2023-06-10 08:00:00,2023,6,10,SUROESTE2,0,0.6699999999999999,19.65,12.0,60.0,29.560000000000002,otra
2023-06-11 07:00:00,2023,6,11,CENTRO,0,1.2,15.4,10.0,61.0,33.97,otra
2023-06-11 07:00:00,2023,6,11,NORESTE3,0,1.011,10.85,18.966666666666665,37.666666666666664,21.0,otra
2023-06-11 07:00:00,2023,6,11,NOROESTE3,0,0.6066666666666666,7.533333333333334,16.0,40.5,,otra
2023-06-11 07:00:00,2023,6,11,NORTE2,0,0.665,8.35,19.5,29.0,19.5,otra
2023-06-11 07:00:00,2023,6,11,SUR,0,0.68,7.2,15.75,41.5,23.884999999999998,otra
2023-06-11 07:00:00,2023,6,11,SUROESTE2,0,0.54,13.55,6.5,55.0,29.02,otra
2023-06-11 08:00:00,2023,6,11,CENTRO,0,1.28,16.5,12.0,75.0,39.1,otra
2023-06-11 08:00:00,2023,6,11,NORESTE3,0,1.0186666666666666,11.65,22.133333333333336,42.0,22.0,otra
2023-06-11 08:00:00,2023,6,11,NOROESTE3,0,0.66,7.566666666666666,17.666666666666668,45.5,,otra
2023-06-11 08:00:00,2023,6,11,NORTE2,0,0.665,7.199999999999999,23.0,36.0,15.0,otra
2023-06-11 08:00:00,2023,6,11,SUR,0,0.695,7.45,17.5,45.5,21.1125,otra
2023-06-11 08:00:00,2023,6,11,SUROESTE2,0,0.5700000000000001,11.65,10.5,60.0,34.06,otra
2023-06-12 07:00:00,2023,6,12,CENTRO,0,1.55,13.9,10.0,70.0,32.89,otra
2023-06-12 07:00:00,2023,6,12,NORESTE3,0,1.0599999999999998,16.0,16.7,44.0,23.0,otra
2023-06-12 07:00:00,2023,6,12,NOROESTE3,0,0.62,10.633333333333333,9.666666666666666,36.666666666666664,30.51,otra
2023-06-12 07:00:00,2023,6,12,NORTE2,1,0.8999999999999999,12.45,8.0,45.5,23.0,otra
2023-06-12 07:00:00,2023,6,12,SUR,1,0.8075,9.35,18.5,52.25,25.490000000000002,otra
2023-06-12 07:00:00,2023,6,12,SUROESTE2,0,0.595,13.35,6.0,50.0,26.72,otra
2023-06-12 08:00:00,2023,6,12,CENTRO,0,1.58,12.5,14.0,78.0,40.38,otra
2023-06-12 08:00:00,2023,6,12,NORESTE3,0,1.1686666666666667,16.200000000000003,15.066666666666668,47.333333333333336,27.5,otra
2023-06-12 08:00:00,2023,6,12,NOROESTE3,0,0.68,11.966666666666667,10.333333333333334,43.333333333333336,67.99,otra
2023-06-12 08:00:00,2023,6,12,NORTE2,1,0.95,15.45,9.5,51.0,23.0,otra
2023-06-12 08:00:00,2023,6,12,SUR,1,0.825,9.675,21.5,55.5,20.9525,otra
2023-06-12 08:00:00,2023,6,12,SUROESTE2,0,0.685,13.5,10.5,42.5,25.82,otra
2023-06-13 07:00:00,2023,6,13,CENTRO,0,1.46,12.1,12.0,110.52,44.17,otra
2023-06-13 07:00:00,2023,6,13,NORESTE3,0,1.0633333333333332,10.649999999999999,15.333333333333334,56.0,28.5,otra
2023-06-13 07:00:00,2023,6,13,NOROESTE3,0,0.6699999999999999,12.766666666666666,9.5,61.666666666666664,37.3,otra
2023-06-13 07:00:00,2023,6,13,NORTE2,1,0.875,13.5,12.0,48.0,28.5,otra
2023-06-13 07:00:00,2023,6,13,SUR,1,0.7175,9.3,13.5,54.75,28.6825,otra
2023-06-13 07:00:00,2023,6,13,SUROESTE2,0,0.625,17.85,4.0,81.5,37.675,otra
2023-06-13 08:00:00,2023,6,13,CENTRO,0,1.37,12.4,15.0,107.3,44.18,otra
2023-06-13 08:00:00,2023,6,13,NORESTE3,0,1.118,11.350000000000001,20.533333333333335,57.0,33.0,otra
2023-06-13 08:00:00,2023,6,13,NOROESTE3,0,0.6699999999999999,12.799999999999999,11.5,76.0,48.89,otra
2023-06-13 08:00:00,2023,6,13,NORTE2,1,0.8500000000000001,13.7,10.5,55.0,22.0,otra
2023-06-13 08:00:00,2023,6,13,SUR,1,0.8125,10.05,18.75,63.25,25.5775,otra
2023-06-13 08:00:00,2023,6,13,SUROESTE2,0,0.675,19.35,8.5,106.5,38.685,otra
2023-06-14 07:00:00,2023,6,14,CENTRO,0,1.5,21.0,8.0,105.18,40.38,otra
2023-06-14 07:00:00,2023,6,14,NORESTE3,0,1.108,16.2,18.266666666666666,61.0,25.0,otra
2023-06-14 07:00:00,2023,6,14,NOROESTE3,0,0.7733333333333334,19.033333333333335,7.0,75.33333333333333,29.97,otra
2023-06-14 07:00:00,2023,6,14,NORTE2,1,1.03,20.200000000000003,9.0,57.5,29.5,otra
2023-06-14 07:00:00,2023,6,14,SUR,1,0.825,13.675,12.5,65.0,34.095,otra
2023-06-14 07:00:00,2023,6,14,SUROESTE2,0,0.86,24.75,4.0,124.5,36.36,otra
2023-06-14 08:00:00,2023,6,14,CENTRO,0,1.71,24.5,12.0,102.69,43.21,otra
2023-06-14 08:00:00,2023,6,14,NORESTE3,0,1.1663333333333334,16.25,23.46666666666667,68.66666666666667,30.5,otra
2023-06-14 08:00:00,2023,6,14,NOROESTE3,0,0.96,19.066666666666666,8.333333333333334,87.33333333333333,34.42,otra
2023-06-14 08:00:00,2023,6,14,NORTE2,1,1.415,22.8,12.5,74.0,26.0,otra
2023-06-14 08:00:00,2023,6,14,SUR,1,0.9724999999999999,17.025,15.5,72.25,34.985,otra
2023-06-14 08:00:00,2023,6,14,SUROESTE2,0,0.955,34.2,7.0,176.0,43.83,otra
2023-06-15 07:00:00,2023,6,15,CENTRO,0,1.51,22.9,10.0,128.13,51.3,otra
2023-06-15 07:00:00,2023,6,15,NORESTE3,0,1.2636666666666667,17.65,19.833333333333332,125.33333333333333,37.0,otra
2023-06-15 07:00:00,2023,6,15,NOROESTE3,0,0.7066666666666667,19.53333333333333,9.333333333333334,76.66666666666667,41.68,otra
2023-06-15 07:00:00,2023,6,15,NORTE2,1,1.135,28.7,10.5,76.5,41.0,otra
2023-06-15 07:00:00,2023,6,15,SUR,1,0.8925,18.700000000000003,15.75,84.25,46.0875,otra
2023-06-15 07:00:00,2023,6,15,SUROESTE2,0,0.8,21.3,8.5,73.0,32.295,otra
2023-06-15 08:00:00,2023,6,15,CENTRO,0,1.52,24.2,17.0,145.03,53.08,otra
2023-06-15 08:00:00,2023,6,15,NORESTE3,0,1.2503333333333333,15.2,28.133333333333336,80.33333333333333,39.0,otra
2023-06-15 08:00:00,2023,6,15,NOROESTE3,0,0.9199999999999999,24.166666666666668,9.333333333333334,78.0,42.31,otra
2023-06-15 08:00:00,2023,6,15,NORTE2,1,1.23,28.299999999999997,16.5,91.0,31.0,otra
2023-06-15 08:00:00,2023,6,15,SUR,1,0.9625,18.375,24.5,95.5,44.1325,otra
2023-06-15 08:00:00,2023,6,15,SUROESTE2,0,0.905,30.549999999999997,13.0,106.0,31.205,otra
2023-06-16 07:00:00,2023,6,16,CENTRO,0,1.46,23.6,12.0,141.08,57.4,otra
2023-06-16 07:00:00,2023,6,16,NORESTE3,0,1.1896666666666667,18.95,25.45,67.66666666666667,32.5,otra
2023-06-16 07:00:00,2023,6,16,NOROESTE3,0,0.6699999999999999,17.7,10.666666666666666,73.33333333333333,40.91,otra
2023-06-16 07:00:00,2023,6,16,NORTE2,1,1.27,26.8,15.0,71.0,45.0,otra
2023-06-16 07:00:00,2023,6,16,SUR,1,0.835,16.375,17.5,71.5,42.1775,otra
2023-06-16 07:00:00,2023,6,16,SUROESTE2,0,0.825,22.049999999999997,8.5,57.5,32.985,otra
2023-06-16 08:00:00,2023,6,16,CENTRO,0,1.37,18.9,19.0,144.32,58.91,otra
2023-06-16 08:00:00,2023,6,16,NORESTE3,0,1.1916666666666667,15.75,29.7,71.0,35.5,otra
2023-06-16 08:00:00,2023,6,16,NOROESTE3,0,0.7000000000000001,14.299999999999999,15.333333333333334,70.33333333333333,39.25,otra
2023-06-16 08:00:00,2023,6,16,NORTE2,1,1.3,15.95,17.5,76.0,24.0,otra
2023-06-16 08:00:00,2023,6,16,SUR,1,0.9525,17.125,21.75,78.75,37.4275,otra
2023-06-16 08:00:00,2023,6,16,SUROESTE2,0,0.905,26.15,10.5,105.0,41.9,otra
2023-06-17 07:00:00,2023,6,17,CENTRO,0,1.29,15.6,15.0,110.95,48.34,otra
2023-06-17 07:00:00,2023,6,17,NORESTE3,0,1.1303333333333334,12.633333333333335,30.65,55.04666666666666,30.895,otra
2023-06-17 07:00:00,2023,6,17,NOROESTE3,0,0.6133333333333334,11.166666666666666,14.666666666666666,56.333333333333336,34.67,otra
2023-06-17 07:00:00,2023,6,17,NORTE2,0,0.7,12.5,16.0,47.5,19.0,otra
2023-06-17 07:00:00,2023,6,17,SUR,0,0.7725,10.5,21.5,59.75,33.0,otra
2023-06-17 07:00:00,2023,6,17,SUROESTE2,0,0.6699999999999999,12.85,8.5,90.0,37.94,otra
2023-06-17 08:00:00,2023,6,17,CENTRO,0,1.39,18.5,15.0,121.92,49.82,otra
2023-06-17 08:00:00,2023,6,17,NORESTE3,0,1.1380000000000001,11.933333333333335,33.75,66.01,33.1,otra
2023-06-17 08:00:00,2023,6,17,NOROESTE3,0,0.6,11.0,17.0,56.666666666666664,36.34,otra
2023-06-17 08:00:00,2023,6,17,NORTE2,0,0.865,13.95,17.0,47.5,24.0,otra
2023-06-17 08:00:00,2023,6,17,SUR,0,0.78,10.175,25.0,64.5,30.0,otra
2023-06-17 08:00:00,2023,6,17,SUROESTE2,0,0.685,15.4,10.5,86.0,41.175,otra
2023-06-18 07:00:00,2023,6,18,CENTRO,0,1.38,12.3,14.0,141.08,53.73,otra
2023-06-18 07:00:00,2023,6,18,NORESTE3,0,1.0055,10.3,23.05,59.0,,otra
2023-06-18 07:00:00,2023,6,18,NOROESTE3,0,0.655,14.149999999999999,7.5,62.0,37.19,otra
2023-06-18 07:00:00,2023,6,18,NORTE2,0,0.7849999999999999,14.25,15.0,56.0,37.5,otra
2023-06-18 07:00:00,2023,6,18,SUR,0,0.845,11.725,17.75,69.25,39.0225,otra
2023-06-18 07:00:00,2023,6,18,SUROESTE2,0,0.885,17.65,5.5,95.0,38.245000000000005,otra
2023-06-18 08:00:00,2023,6,18,CENTRO,0,1.46,15.1,16.0,123.09,50.49,otra
2023-06-18 08:00:00,2023,6,18,NORESTE3,0,1.0425,12.55,30.45,67.5,,otra
2023-06-18 08:00:00,2023,6,18,NOROESTE3,0,0.655,14.0,10.5,72.5,29.4,otra
2023-06-18 08:00:00,2023,6,18,NORTE2,0,0.885,18.05,18.5,62.5,21.0,otra
2023-06-18 08:00:00,2023,6,18,SUR,0,0.8625,11.075,23.25,77.75,36.5225,otra
2023-06-18 08:00:00,2023,6,18,SUROESTE2,0,0.835,20.25,10.5,100.0,38.44,otra
2023-06-19 07:00:00,2023,6,19,CENTRO,0,1.38,20.8,11.0,135.36,42.9,otra
2023-06-19 07:00:00,2023,6,19,NORESTE3,0,0.919,8.9,26.45,62.5,,otra
2023-06-19 07:00:00,2023,6,19,NOROESTE3,0,0.675,18.95,8.5,61.0,31.02,otra
2023-06-19 07:00:00,2023,6,19,NORTE2,1,0.885,21.950000000000003,10.0,57.5,22.0,otra
2023-06-19 07:00:00,2023,6,19,SUR,1,0.8525,16.425,12.75,70.0,31.83,otra
2023-06-19 07:00:00,2023,6,19,SUROESTE2,0,0.905,21.5,8.0,66.5,35.465,otra
2023-06-19 08:00:00,2023,6,19,CENTRO,0,1.38,17.6,18.0,139.55,39.78,otra
2023-06-19 08:00:00,2023,6,19,NORESTE3,0,1.066,10.1,29.766666666666666,60.333333333333336,30.0,otra
2023-06-19 08:00:00,2023,6,19,NOROESTE3,0,0.855,21.9,8.5,68.0,32.48,otra
2023-06-19 08:00:00,2023,6,19,NORTE2,1,1.0550000000000002,20.6,17.5,70.0,22.0,otra
2023-06-19 08:00:00,2023,6,19,SUR,1,0.985,18.6,19.0,82.75,34.2125,otra
2023-06-19 08:00:00,2023,6,19,SUROESTE2,0,1.0750000000000002,27.6,8.5,91.0,48.39,otra
2023-06-20 07:00:00,2023,6,20,CENTRO,0,1.32,28.6,10.0,167.73,50.7,otra
2023-06-20 07:00:00,2023,6,20,NORESTE3,0,1.123,18.066666666666666,20.75,67.47666666666667,26.52,otra
2023-06-20 07:00:00,2023,6,20,NOROESTE3,0,0.7166666666666667,22.133333333333336,7.666666666666667,75.66666666666667,27.34,otra
2023-06-20 07:00:00,2023,6,20,NORTE2,1,1.08,27.5,9.5,100.0,27.0,otra
2023-06-20 07:00:00,2023,6,20,SUR,1,0.73,18.975,12.5,66.75,29.13,otra
2023-06-20 07:00:00,2023,6,20,SUROESTE2,0,0.9299999999999999,28.15,6.5,147.0,26.0,otra
2023-06-20 08:00:00,2023,6,20,CENTRO,0,1.4,28.0,15.0,164.89,41.84,otra
2023-06-20 08:00:00,2023,6,20,NORESTE3,0,1.149,15.933333333333332,26.85,74.87666666666667,30.85,otra
2023-06-20 08:00:00,2023,6,20,NOROESTE3,0,0.9133333333333334,24.166666666666668,9.333333333333334,98.0,28.21,otra
2023-06-20 08:00:00,2023,6,20,NORTE2,1,1.32,28.75,13.5,110.0,34.0,otra
2023-06-20 08:00:00,2023,6,20,SUR,1,0.8033333333333333,23.0,17.75,112.75,30.87,otra
2023-06-20 08:00:00,2023,6,20,SUROESTE2,0,0.98,34.45,9.5,154.0,38.0,otra
2023-06-21 07:00:00,2023,6,21,CENTRO,0,1.36,27.8,10.0,144.37,39.54,otra
2023-06-21 07:00:00,2023,6,21,NORESTE3,0,1.1126666666666667,15.733333333333334,18.8,82.0,26.15,otra
2023-06-21 07:00:00,2023,6,21,NOROESTE3,0,0.7599999999999999,24.233333333333334,7.666666666666667,78.33333333333333,,otra
2023-06-21 07:00:00,2023,6,21,NORTE2,1,0.95,26.55,9.5,94.5,32.0,otra
2023-06-21 07:00:00,2023,6,21,SUR,1,0.6566666666666666,22.8,10.0,90.5,30.5475,otra
2023-06-21 07:00:00,2023,6,21,SUROESTE2,0,1.0750000000000002,34.1,6.0,149.0,53.035,otra
2023-06-21 08:00:00,2023,6,21,CENTRO,0,1.49,36.0,17.0,202.13,57.24,otra
2023-06-21 08:00:00,2023,6,21,NORESTE3,0,1.1126666666666667,16.0,29.0,88.0,29.91,otra
2023-06-21 08:00:00,2023,6,21,NOROESTE3,0,0.9366666666666666,25.166666666666668,11.666666666666666,88.33333333333333,,otra
2023-06-21 08:00:00,2023,6,21,NORTE2,1,1.22,27.95,15.5,95.5,22.5,otra
2023-06-21 08:00:00,2023,6,21,SUR,1,0.7733333333333333,27.950000000000003,18.75,104.75,34.9875,otra
2023-06-21 08:00:00,2023,6,21,SUROESTE2,0,1.165,45.099999999999994,25.0,206.0,59.12,otra
2023-06-22 07:00:00,2023,6,22,CENTRO,0,1.25,20.9,8.0,118.27,35.97,otra
2023-06-22 07:00:00,2023,6,22,NORESTE3,0,1.0853333333333335,11.1,22.4,57.0,20.380000000000003,otra
2023-06-22 07:00:00,2023,6,22,NOROESTE3,0,0.7200000000000001,13.533333333333333,12.666666666666666,48.5,,otra
2023-06-22 07:00:00,2023,6,22,NORTE2,1,0.745,15.2,13.5,49.5,18.5,otra
2023-06-22 07:00:00,2023,6,22,SUR,1,0.8225,8.175,17.5,55.25,23.96,otra
2023-06-22 07:00:00,2023,6,22,SUROESTE2,0,0.6799999999999999,15.8,6.0,69.5,24.0,otra
2023-06-22 08:00:00,2023,6,22,CENTRO,0,1.27,17.2,16.0,108.42,35.76,otra
2023-06-22 08:00:00,2023,6,22,NORESTE3,0,1.1786666666666668,11.633333333333333,28.25,63.666666666666664,25.85,otra
2023-06-22 08:00:00,2023,6,22,NOROESTE3,0,0.77,16.833333333333332,11.333333333333334,54.0,,otra
2023-06-22 08:00:00,2023,6,22,NORTE2,1,0.895,14.100000000000001,18.5,52.0,11.5,otra
2023-06-22 08:00:00,2023,6,22,SUR,1,0.7925,7.6,20.75,57.25,23.835,otra
2023-06-22 08:00:00,2023,6,22,SUROESTE2,0,0.71,16.75,9.0,70.5,25.0,otra
2023-06-23 07:00:00,2023,6,23,CENTRO,0,1.39,18.4,11.0,,45.49,otra
2023-06-23 07:00:00,2023,6,23,NORESTE3,0,1.1096666666666668,13.700000000000001,25.8,59.333333333333336,26.07,otra
2023-06-23 07:00:00,2023,6,23,NOROESTE3,0,0.6733333333333333,15.799999999999999,8.333333333333334,61.666666666666664,32.05,otra
2023-06-23 07:00:00,2023,6,23,NORTE2,1,0.9850000000000001,21.1,9.5,66.5,31.5,otra
2023-06-23 07:00:00,2023,6,23,SUR,1,0.8799999999999999,14.85,13.0,67.5,28.4775,otra
2023-06-23 07:00:00,2023,6,23,SUROESTE2,0,0.86,22.75,5.0,78.5,35.0,otra
2023-06-23 08:00:00,2023,6,23,CENTRO,0,1.72,20.5,15.0,,49.29,otra
2023-06-23 08:00:00,2023,6,23,NORESTE3,0,1.1260000000000001,12.866666666666667,31.55,60.0,26.53,otra
2023-06-23 08:00:00,2023,6,23,NOROESTE3,0,0.73,15.733333333333334,10.666666666666666,73.33333333333333,32.2,otra
2023-06-23 08:00:00,2023,6,23,NORTE2,1,1.015,20.3,15.5,70.0,16.0,otra
2023-06-23 08:00:00,2023,6,23,SUR,1,0.9933333333333333,14.7,18.25,70.75,24.197499999999998,otra
2023-06-23 08:00:00,2023,6,23,SUROESTE2,0,1.0,24.4,8.0,112.5,40.0,otra
2023-06-24 07:00:00,2023,6,24,CENTRO,0,1.14,15.1,10.0,41.44,16.11,otra
2023-06-24 07:00:00,2023,6,24,NORESTE3,0,0.9573333333333333,8.766666666666667,21.35,31.666666666666668,8.215,otra
2023-06-24 07:00:00,2023,6,24,NOROESTE3,0,0.5833333333333334,11.333333333333334,9.0,26.333333333333332,10.27,otra
2023-06-24 07:00:00,2023,6,24,NORTE2,0,0.645,8.0,16.0,27.0,11.5,otra
2023-06-24 07:00:00,2023,6,24,SUR,0,0.7625,9.875,14.25,30.25,9.196666666666667,otra
2023-06-24 07:00:00,2023,6,24,SUROESTE2,0,0.5900000000000001,11.65,6.5,46.0,15.0,otra
2023-06-24 08:00:00,2023,6,24,CENTRO,0,1.19,10.8,17.0,41.48,16.61,otra
2023-06-24 08:00:00,2023,6,24,NORESTE3,0,0.9460000000000001,7.933333333333334,23.5,38.333333333333336,10.190000000000001,otra
2023-06-24 08:00:00,2023,6,24,NOROESTE3,0,0.5966666666666667,10.666666666666666,12.0,28.333333333333332,13.44,otra
2023-06-24 08:00:00,2023,6,24,NORTE2,0,0.855,10.95,16.5,31.5,12.0,otra
2023-06-24 08:00:00,2023,6,24,SUR,0,0.8225,10.825,17.75,37.25,8.129999999999999,otra
2023-06-24 08:00:00,2023,6,24,SUROESTE2,0,0.6499999999999999,15.7,9.0,53.0,18.0,otra
2023-06-25 07:00:00,2023,6,25,CENTRO,0,1.08,15.8,8.0,46.62,10.6,otra
2023-06-25 07:00:00,2023,6,25,NORESTE3,0,0.9123333333333332,8.200000000000001,20.4,31.0,3.0,otra
2023-06-25 07:00:00,2023,6,25,NOROESTE3,0,0.81,11.799999999999999,8.666666666666666,23.333333333333332,8.06,otra
2023-06-25 07:00:00,2023,6,25,NORTE2,0,0.59,9.55,13.0,23.5,9.0,otra
2023-06-25 07:00:00,2023,6,25,SUR,0,0.775,8.7,14.0,30.5,7.2524999999999995,otra
2023-06-25 07:00:00,2023,6,25,SUROESTE2,0,0.565,13.05,4.0,39.0,10.5,otra
2023-06-25 08:00:00,2023,6,25,CENTRO,0,1.4,13.8,15.0,51.88,13.0,otra
2023-06-25 08:00:00,2023,6,25,NORESTE3,0,0.895,7.8999999999999995,28.05,36.0,14.0,otra
2023-06-25 08:00:00,2023,6,25,NOROESTE3,0,0.7000000000000001,10.266666666666666,12.333333333333334,25.0,9.0,otra
2023-06-25 08:00:00,2023,6,25,NORTE2,0,0.64,8.45,18.0,27.5,6.0,otra
2023-06-25 08:00:00,2023,6,25,SUR,0,0.815,8.2,17.25,30.75,6.1225000000000005,otra
2023-06-25 08:00:00,2023,6,25,SUROESTE2,0,0.585,13.600000000000001,8.0,39.5,12.0,otra
2023-06-26 07:00:00,2023,6,26,CENTRO,0,1.34,14.8,9.0,46.78,12.36,otra
2023-06-26 07:00:00,2023,6,26,NORESTE3,0,0.9893333333333333,10.433333333333334,18.15,41.666666666666664,6.665,otra
2023-06-26 07:00:00,2023,6,26,NOROESTE3,0,0.59,10.9,8.666666666666666,26.666666666666668,9.63,otra
2023-06-26 07:00:00,2023,6,26,NORTE2,1,0.725,12.15,11.5,26.5,7.5,otra
2023-06-26 07:00:00,2023,6,26,SUR,1,0.8625,12.475,10.5,32.0,6.666666666666667,otra
2023-06-26 07:00:00,2023,6,26,SUROESTE2,0,0.6699999999999999,13.399999999999999,2.0,45.5,10.0,otra
2023-06-26 08:00:00,2023,6,26,CENTRO,0,1.62,13.0,16.0,48.72,12.61,otra
2023-06-26 08:00:00,2023,6,26,NORESTE3,0,1.0210000000000001,9.433333333333334,24.65,40.333333333333336,14.719999999999999,otra
2023-06-26 08:00:00,2023,6,26,NOROESTE3,0,0.6633333333333333,11.5,10.333333333333334,37.333333333333336,9.58,otra
2023-06-26 08:00:00,2023,6,26,NORTE2,1,0.9400000000000001,13.75,14.5,31.5,9.0,otra
2023-06-26 08:00:00,2023,6,26,SUR,1,0.92,11.45,16.25,41.5,7.333333333333333,otra
2023-06-26 08:00:00,2023,6,26,SUROESTE2,0,0.73,18.65,7.5,58.0,18.5,otra
2023-06-27 07:00:00,2023,6,27,CENTRO,0,1.26,14.9,9.0,73.83,19.43,otra
2023-06-27 07:00:00,2023,6,27,NORESTE3,0,1.0666666666666667,10.200000000000001,18.25,47.666666666666664,12.99,otra
2023-06-27 07:00:00,2023,6,27,NOROESTE3,0,0.7033333333333333,12.4,8.0,34.333333333333336,16.02,otra
2023-06-27 07:00:00,2023,6,27,NORTE2,1,0.6699999999999999,11.350000000000001,12.0,31.5,9.5,otra
2023-06-27 07:00:00,2023,6,27,SUR,1,0.9433333333333334,14.433333333333332,10.333333333333334,45.666666666666664,14.0,otra
2023-06-27 07:00:00,2023,6,27,SUROESTE2,0,0.595,12.0,5.5,62.0,16.5,otra
2023-06-27 08:00:00,2023,6,27,CENTRO,0,1.47,14.2,16.0,75.77,20.38,otra
2023-06-27 08:00:00,2023,6,27,NORESTE3,0,1.034,9.433333333333334,21.75,50.666666666666664,17.585,otra
2023-06-27 08:00:00,2023,6,27,NOROESTE3,0,0.6533333333333333,13.033333333333333,9.666666666666666,43.666666666666664,18.97,otra
2023-06-27 08:00:00,2023,6,27,NORTE2,1,0.88,11.55,15.0,38.0,12.0,otra
2023-06-27 08:00:00,2023,6,27,SUR,1,0.9225,12.125,16.25,55.75,12.666666666666666,otra
2023-06-27 08:00:00,2023,6,27,SUROESTE2,0,0.745,18.45,8.5,65.5,21.5,otra
2023-06-28 07:00:00,2023,6,28,CENTRO,0,1.16,15.4,9.0,55.07,13.57,otra
2023-06-28 07:00:00,2023,6,28,NORESTE3,0,1.022,10.866666666666667,16.533333333333335,41.666666666666664,11.245000000000001,otra
2023-06-28 07:00:00,2023,6,28,NOROESTE3,0,0.5766666666666667,11.933333333333332,9.0,38.0,12.47,otra
2023-06-28 07:00:00,2023,6,28,NORTE2,1,0.6599999999999999,12.0,11.0,33.5,10.0,otra
2023-06-28 07:00:00,2023,6,28,SUR,1,0.8175,11.100000000000001,12.5,36.25,8.666666666666666,otra
2023-06-28 07:00:00,2023,6,28,SUROESTE2,0,0.605,11.5,5.5,56.0,12.5,otra
2023-06-28 08:00:00,2023,6,28,CENTRO,0,1.33,16.2,13.0,60.45,16.39,otra
2023-06-28 08:00:00,2023,6,28,NORESTE3,0,1.0163333333333333,10.0,22.599999999999998,43.666666666666664,16.37,otra
2023-06-28 08:00:00,2023,6,28,NOROESTE3,0,0.5866666666666667,11.700000000000001,11.0,36.333333333333336,12.56,otra
2023-06-28 08:00:00,2023,6,28,NORTE2,1,0.7150000000000001,10.55,15.5,36.5,9.0,otra
2023-06-28 08:00:00,2023,6,28,SUR,1,0.8575,10.2,16.75,39.5,8.0,otra
2023-06-28 08:00:00,2023,6,28,SUROESTE2,0,0.6950000000000001,14.350000000000001,8.0,64.0,13.0,otra
2023-06-29 07:00:00,2023,6,29,CENTRO,0,1.08,9.5,13.0,28.0,10.62,otra
2023-06-29 07:00:00,2023,6,29,NORESTE3,0,1.0306666666666666,8.8,20.033333333333335,31.666666666666668,11.05,otra
2023-06-29 07:00:00,2023,6,29,NOROESTE3,0,0.48333333333333334,9.0,12.0,23.0,11.58,otra
2023-06-29 07:00:00,2023,6,29,NORTE2,1,0.625,9.55,14.0,23.5,9.0,otra
2023-06-29 07:00:00,2023,6,29,SUR,1,0.7675,7.225,15.0,27.25,10.0,otra
2023-06-29 07:00:00,2023,6,29,SUROESTE2,0,0.5800000000000001,12.0,6.0,38.0,14.0,otra
2023-06-29 08:00:00,2023,6,29,CENTRO,0,1.16,9.8,16.0,36.03,11.2,otra
2023-06-29 08:00:00,2023,6,29,NORESTE3,0,1.0586666666666666,9.299999999999999,21.033333333333335,38.333333333333336,13.365,otra
2023-06-29 08:00:00,2023,6,29,NOROESTE3,0,0.58,10.1,12.333333333333334,24.333333333333332,12.32,otra
2023-06-29 08:00:00,2023,6,29,NORTE2,1,0.7050000000000001,9.3,16.0,29.0,5.0,otra
2023-06-29 08:00:00,2023,6,29,SUR,1,0.8025,5.925,17.25,35.0,10.5,otra
2023-06-29 08:00:00,2023,6,29,SUROESTE2,0,0.655,13.6,6.5,40.0,14.0,otra
2023-06-30 07:00:00,2023,6,30,CENTRO,0,1.07,7.6,14.0,21.69,7.39,otra
2023-06-30 07:00:00,2023,6,30,NORESTE3,0,1.082,8.833333333333334,22.099999999999998,26.666666666666668,9.49,otra
2023-06-30 07:00:00,2023,6,30,NOROESTE3,0,0.5433333333333333,7.6000000000000005,12.333333333333334,15.666666666666666,,otra
2023-06-30 07:00:00,2023,6,30,NORTE2,1,0.7,10.15,14.5,20.0,3.5,otra
2023-06-30 07:00:00,2023,6,30,SUR,1,0.785,5.875,16.5,20.25,5.0,otra
2023-06-30 07:00:00,2023,6,30,SUROESTE2,0,0.5249999999999999,13.7,6.5,30.5,7.0,otra
2023-06-30 08:00:00,2023,6,30,CENTRO,0,1.14,10.0,14.0,27.17,8.76,otra
2023-06-30 08:00:00,2023,6,30,NORESTE3,0,1.094,9.233333333333333,24.566666666666666,27.666666666666668,10.004999999999999,otra
2023-06-30 08:00:00,2023,6,30,NOROESTE3,0,0.5399999999999999,8.966666666666667,12.333333333333334,18.333333333333332,,otra
2023-06-30 08:00:00,2023,6,30,NORTE2,1,0.69,10.0,17.0,17.5,4.0,otra
2023-06-30 08:00:00,2023,6,30,SUR,1,0.815,5.825,19.5,29.25,6.5,otra
2023-06-30 08:00:00,2023,6,30,SUROESTE2,0,0.565,11.95,9.0,32.0,8.5,otra
2023-07-01 07:00:00,2023,7,1,CENTRO,0,1.07,5.5,14.0,23.57,8.36,otra
2023-07-01 07:00:00,2023,7,1,NORESTE3,0,0.9866666666666667,7.933333333333334,19.3,25.333333333333332,12.0,otra
2023-07-01 07:00:00,2023,7,1,NOROESTE3,0,0.5299999999999999,7.266666666666666,9.666666666666666,20.666666666666668,,otra
2023-07-01 07:00:00,2023,7,1,NORTE2,0,0.635,9.05,13.0,19.5,10.0,otra
2023-07-01 07:00:00,2023,7,1,SUR,0,0.75,5.525,14.5,22.25,5.0,otra
2023-07-01 07:00:00,2023,7,1,SUROESTE2,0,0.53,10.25,6.5,30.5,8.0,otra
2023-07-01 08:00:00,2023,7,1,CENTRO,0,1.1,5.7,15.0,22.45,8.78,otra
2023-07-01 08:00:00,2023,7,1,NORESTE3,0,1.021,8.233333333333333,20.166666666666668,29.0,13.0,otra
2023-07-01 08:00:00,2023,7,1,NOROESTE3,0,0.63,8.0,10.333333333333334,18.333333333333332,,otra
2023-07-01 08:00:00,2023,7,1,NORTE2,0,0.6950000000000001,8.35,14.0,23.5,3.0,otra
2023-07-01 08:00:00,2023,7,1,SUR,0,0.765,5.35,14.0,29.5,6.0,otra
2023-07-01 08:00:00,2023,7,1,SUROESTE2,0,0.575,9.85,8.0,32.5,8.0,otra
2023-07-02 07:00:00,2023,7,2,CENTRO,0,1.08,9.8,11.0,29.75,11.88,otra
2023-07-02 07:00:00,2023,7,2,NORESTE3,0,0.957,6.033333333333334,21.599999999999998,25.0,11.0,otra
2023-07-02 07:00:00,2023,7,2,NOROESTE3,0,0.4633333333333334,7.033333333333334,12.333333333333334,22.666666666666668,,otra
2023-07-02 07:00:00,2023,7,2,NORTE2,0,0.625,7.449999999999999,15.0,20.0,4.0,otra
2023-07-02 07:00:00,2023,7,2,SUR,0,0.7575,5.85,15.25,24.25,8.3725,otra
2023-07-02 07:00:00,2023,7,2,SUROESTE2,0,0.535,11.25,6.5,28.5,12.5,otra
2023-07-02 08:00:00,2023,7,2,CENTRO,0,1.08,11.7,11.0,42.7,14.16,otra
2023-07-02 08:00:00,2023,7,2,NORESTE3,0,0.9480000000000001,6.800000000000001,22.7,26.666666666666668,9.0,otra
2023-07-02 08:00:00,2023,7,2,NOROESTE3,0,0.47333333333333333,7.433333333333334,13.0,23.0,,otra
2023-07-02 08:00:00,2023,7,2,NORTE2,0,0.67,7.300000000000001,15.5,19.0,5.5,otra
2023-07-02 08:00:00,2023,7,2,SUR,0,0.7675,5.625,16.0,25.25,8.1775,otra
2023-07-02 08:00:00,2023,7,2,SUROESTE2,0,0.5700000000000001,9.9,8.0,30.5,15.0,otra
2023-07-03 07:00:00,2023,7,3,CENTRO,0,1.36,13.8,11.0,33.38,20.04,otra
2023-07-03 07:00:00,2023,7,3,NORESTE3,0,1.0486666666666666,13.533333333333333,16.533333333333335,32.333333333333336,12.0,otra
2023-07-03 07:00:00,2023,7,3,NOROESTE3,0,0.5733333333333334,15.733333333333334,8.333333333333334,22.333333333333332,,otra
2023-07-03 07:00:00,2023,7,3,NORTE2,0,0.865,15.2,11.0,20.0,21.0,otra
2023-07-03 07:00:00,2023,7,3,SUR,0,1.0,15.366666666666665,14.333333333333334,44.333333333333336,34.0,otra
2023-07-03 07:00:00,2023,7,3,SUROESTE2,0,0.7150000000000001,15.15,6.0,45.0,19.5,otra
2023-07-03 08:00:00,2023,7,3,CENTRO,0,1.42,15.9,12.0,46.66,24.82,otra
2023-07-03 08:00:00,2023,7,3,NORESTE3,0,1.1953333333333334,14.633333333333333,17.8,39.0,19.0,otra
2023-07-03 08:00:00,2023,7,3,NOROESTE3,0,0.6533333333333333,14.966666666666667,9.0,26.333333333333332,,otra
2023-07-03 08:00:00,2023,7,3,NORTE2,0,1.02,17.299999999999997,11.0,22.0,22.5,otra
2023-07-03 08:00:00,2023,7,3,SUR,0,0.9866666666666667,14.933333333333335,16.666666666666668,51.666666666666664,23.5,otra
2023-07-03 08:00:00,2023,7,3,SUROESTE2,0,0.72,17.0,9.0,45.0,22.5,otra
2023-07-04 07:00:00,2023,7,4,CENTRO,0,1.22,15.9,8.0,58.74,18.46,otra
2023-07-04 07:00:00,2023,7,4,NORESTE3,0,1.1256666666666666,12.633333333333333,13.433333333333332,46.333333333333336,13.725,otra
2023-07-04 07:00:00,2023,7,4,NOROESTE3,0,0.6699999999999999,12.633333333333333,9.333333333333334,24.666666666666668,5.99,otra
2023-07-04 07:00:00,2023,7,4,NORTE2,0,0.75,12.75,11.0,32.0,15.0,otra
2023-07-04 07:00:00,2023,7,4,SUR,0,0.9499999999999998,15.133333333333333,10.333333333333334,33.0,13.366666666666667,otra
2023-07-04 07:00:00,2023,7,4,SUROESTE2,0,0.595,14.0,6.0,30.0,12.5,otra
2023-07-04 08:00:00,2023,7,4,CENTRO,0,1.34,16.3,14.0,55.09,20.16,otra
2023-07-04 08:00:00,2023,7,4,NORESTE3,0,1.0873333333333333,11.033333333333333,18.833333333333332,61.0,22.105,otra
2023-07-04 08:00:00,2023,7,4,NOROESTE3,0,0.6833333333333332,11.333333333333334,11.333333333333334,28.666666666666668,6.99,otra
2023-07-04 08:00:00,2023,7,4,NORTE2,0,0.775,12.7,12.5,37.0,8.5,otra
2023-07-04 08:00:00,2023,7,4,SUR,0,0.9433333333333334,12.266666666666666,14.0,32.75,15.475,otra
2023-07-04 08:00:00,2023,7,4,SUROESTE2,0,0.6699999999999999,15.549999999999999,8.0,96.0,18.0,otra
2023-07-05 07:00:00,2023,7,5,CENTRO,0,1.12,8.8,14.0,29.42,9.6,otra
2023-07-05 07:00:00,2023,7,5,NORESTE3,0,1.036,9.866666666666667,17.766666666666666,40.333333333333336,11.75,otra
2023-07-05 07:00:00,2023,7,5,NOROESTE3,0,0.5933333333333334,10.133333333333333,10.666666666666666,26.0,4.79,otra
2023-07-05 07:00:00,2023,7,5,NORTE2,0,0.655,10.45,13.0,24.0,7.5,otra
2023-07-05 07:00:00,2023,7,5,SUR,0,0.7725,6.325,14.25,29.75,3.5,otra
2023-07-05 07:00:00,2023,7,5,SUROESTE2,0,0.5549999999999999,17.85,5.0,37.0,13.0,otra
2023-07-05 08:00:00,2023,7,5,CENTRO,0,1.25,13.7,10.0,40.6,12.11,otra
2023-07-05 08:00:00,2023,7,5,NORESTE3,0,1.0999999999999999,9.299999999999999,20.166666666666668,44.333333333333336,12.65,otra
2023-07-05 08:00:00,2023,7,5,NOROESTE3,0,0.57,9.6,12.0,27.333333333333332,5.38,otra
2023-07-05 08:00:00,2023,7,5,NORTE2,0,0.805,11.45,13.0,29.5,7.0,otra
2023-07-05 08:00:00,2023,7,5,SUR,0,0.8025,7.25,16.25,29.0,5.333333333333333,otra
2023-07-05 08:00:00,2023,7,5,SUROESTE2,0,0.615,17.25,6.5,41.5,15.5,otra
2023-07-06 07:00:00,2023,7,6,CENTRO,0,1.18,13.9,11.0,34.01,14.33,otra
2023-07-06 07:00:00,2023,7,6,NORESTE3,0,1.018,11.1,18.766666666666666,32.666666666666664,11.115,otra
2023-07-06 07:00:00,2023,7,6,NOROESTE3,0,0.64,13.299999999999999,9.0,30.666666666666668,5.8,otra
2023-07-06 07:00:00,2023,7,6,NORTE2,0,0.69,12.05,13.5,32.5,11.5,otra
2023-07-06 07:00:00,2023,7,6,SUR,0,0.8425,9.15,14.0,28.75,7.666666666666667,otra
2023-07-06 07:00:00,2023,7,6,SUROESTE2,0,0.625,15.25,8.0,41.0,13.5,otra
2023-07-06 08:00:00,2023,7,6,CENTRO,0,1.3,16.7,10.0,40.01,14.87,otra
2023-07-06 08:00:00,2023,7,6,NORESTE3,0,1.1063333333333334,11.266666666666667,21.400000000000002,40.333333333333336,12.030000000000001,otra
2023-07-06 08:00:00,2023,7,6,NOROESTE3,0,0.5833333333333334,12.0,11.333333333333334,39.0,7.75,otra
2023-07-06 08:00:00,2023,7,6,NORTE2,0,0.735,12.95,15.5,26.0,8.5,otra
2023-07-06 08:00:00,2023,7,6,SUR,0,0.8400000000000001,8.8,16.5,32.75,12.0,otra
2023-07-06 08:00:00,2023,7,6,SUROESTE2,0,0.6799999999999999,18.25,8.5,42.5,19.0,otra
2023-07-07 07:00:00,2023,7,7,CENTRO,0,1.15,14.5,12.0,28.16,9.21,otra
2023-07-07 07:00:00,2023,7,7,NORESTE3,0,0.9425000000000001,11.799999999999999,15.45,50.0,17.0,otra
2023-07-07 07:00:00,2023,7,7,NOROESTE3,0,0.59,12.266666666666666,12.0,29.333333333333332,9.11,otra
2023-07-07 07:00:00,2023,7,7,NORTE2,0,0.74,13.149999999999999,13.5,24.0,8.0,otra
2023-07-07 07:00:00,2023,7,7,SUR,0,0.8366666666666668,14.766666666666666,14.0,25.0,5.5,otra
2023-07-07 07:00:00,2023,7,7,SUROESTE2,0,0.5900000000000001,14.100000000000001,10.0,33.0,10.5,otra
2023-07-07 08:00:00,2023,7,7,CENTRO,0,1.27,14.9,14.0,37.26,12.82,otra
2023-07-07 08:00:00,2023,7,7,NORESTE3,0,0.8795,9.95,20.2,65.5,23.0,otra
2023-07-07 08:00:00,2023,7,7,NOROESTE3,0,0.6166666666666667,11.033333333333333,14.0,32.333333333333336,9.42,otra
2023-07-07 08:00:00,2023,7,7,NORTE2,0,0.8600000000000001,13.55,15.0,33.0,10.0,otra
2023-07-07 08:00:00,2023,7,7,SUR,0,0.8433333333333333,8.533333333333333,17.666666666666668,32.666666666666664,4.5,otra
2023-07-07 08:00:00,2023,7,7,SUROESTE2,0,0.605,13.7,12.5,24.5,10.0,otra
2023-07-08 07:00:00,2023,7,8,CENTRO,0,1.15,10.4,9.0,39.49,15.94,otra
2023-07-08 07:00:00,2023,7,8,NORESTE3,0,1.0303333333333333,8.5,16.166666666666668,49.0,16.5,otra
2023-07-08 07:00:00,2023,7,8,NOROESTE3,0,0.5666666666666667,7.900000000000001,9.666666666666666,32.333333333333336,8.98,otra
2023-07-08 07:00:00,2023,7,8,NORTE2,0,0.6799999999999999,8.899999999999999,10.5,32.5,11.5,otra
2023-07-08 07:00:00,2023,7,8,SUR,0,0.7975,7.75,12.75,35.25,12.5175,otra
2023-07-08 07:00:00,2023,7,8,SUROESTE2,0,0.55,10.95,7.0,42.5,15.5,otra
2023-07-08 08:00:00,2023,7,8,CENTRO,0,1.23,12.0,9.0,48.41,18.59,otra
2023-07-08 08:00:00,2023,7,8,NORESTE3,0,1.0343333333333333,8.233333333333333,19.3,51.333333333333336,19.5,otra
2023-07-08 08:00:00,2023,7,8,NOROESTE3,0,0.6166666666666667,8.766666666666667,10.333333333333334,34.666666666666664,9.35,otra
2023-07-08 08:00:00,2023,7,8,NORTE2,0,0.73,9.35,12.5,34.0,10.5,otra
2023-07-08 08:00:00,2023,7,8,SUR,0,0.8150000000000001,8.025,13.5,39.0,11.885,otra
2023-07-08 08:00:00,2023,7,8,SUROESTE2,0,0.645,14.75,6.0,44.0,18.5,otra
2023-07-09 07:00:00,2023,7,9,CENTRO,0,1.16,14.3,9.0,47.66,12.85,otra
2023-07-09 07:00:00,2023,7,9,NORESTE3,0,0.93,7.8999999999999995,21.0,30.5,6.5,otra
2023-07-09 07:00:00,2023,7,9,NOROESTE3,0,0.5833333333333334,10.733333333333334,9.0,24.0,4.47,otra
2023-07-09 07:00:00,2023,7,9,NORTE2,0,0.625,11.149999999999999,14.0,20.5,5.0,otra
2023-07-09 07:00:00,2023,7,9,SUR,0,0.845,10.899999999999999,12.666666666666666,32.25,6.77,otra
2023-07-09 07:00:00,2023,7,9,SUROESTE2,0,0.6799999999999999,16.55,5.5,47.0,14.0,otra
2023-07-09 08:00:00,2023,7,9,CENTRO,0,1.24,13.8,11.0,47.09,17.56,otra
2023-07-09 08:00:00,2023,7,9,NORESTE3,0,0.9623333333333334,8.233333333333333,22.599999999999998,32.5,10.0,otra
2023-07-09 08:00:00,2023,7,9,NOROESTE3,0,0.5966666666666667,10.200000000000001,11.333333333333334,24.666666666666668,7.2,otra
2023-07-09 08:00:00,2023,7,9,NORTE2,0,0.595,10.35,16.0,23.5,6.5,otra
2023-07-09 08:00:00,2023,7,9,SUR,0,0.8425,9.625,14.666666666666666,31.75,11.6025,otra
2023-07-09 08:00:00,2023,7,9,SUROESTE2,0,0.6950000000000001,16.55,8.0,46.5,19.5,otra
2023-07-10 07:00:00,2023,7,10,CENTRO,0,1.3,11.4,10.0,57.73,19.77,otra
2023-07-10 07:00:00,2023,7,10,NORESTE3,0,1.0306666666666666,10.799999999999999,15.700000000000001,52.0,18.0,otra
2023-07-10 07:00:00,2023,7,10,NOROESTE3,0,0.6733333333333333,12.633333333333333,7.0,43.666666666666664,8.51,otra
2023-07-10 07:00:00,2023,7,10,NORTE2,0,0.7,11.7,10.0,38.5,13.0,otra
2023-07-10 07:00:00,2023,7,10,SUR,0,0.835,10.6,8.333333333333334,53.25,14.53,otra
2023-07-10 07:00:00,2023,7,10,SUROESTE2,0,0.615,14.85,4.5,54.5,18.0,otra
2023-07-10 08:00:00,2023,7,10,CENTRO,0,1.55,13.6,13.0,65.34,21.06,otra
2023-07-10 08:00:00,2023,7,10,NORESTE3,0,1.0226666666666666,9.266666666666667,21.2,59.0,18.0,otra
2023-07-10 08:00:00,2023,7,10,NOROESTE3,0,0.6433333333333333,10.866666666666667,9.666666666666666,48.333333333333336,8.46,otra
2023-07-10 08:00:00,2023,7,10,NORTE2,0,0.79,11.85,12.5,44.5,7.0,otra
2023-07-10 08:00:00,2023,7,10,SUR,0,0.905,10.15,13.333333333333334,52.0,9.645,otra
2023-07-10 08:00:00,2023,7,10,SUROESTE2,0,0.645,15.75,7.5,54.5,21.5,otra
2023-07-11 07:00:00,2023,7,11,CENTRO,0,1.24,17.8,11.0,52.35,25.69,otra
2023-07-11 07:00:00,2023,7,11,NORESTE3,0,1.0733333333333335,12.366666666666667,20.733333333333334,49.666666666666664,23.5,otra
2023-07-11 07:00:00,2023,7,11,NOROESTE3,0,0.6266666666666667,11.833333333333334,11.333333333333334,35.0,9.63,otra
2023-07-11 07:00:00,2023,7,11,NORTE2,0,0.72,12.15,18.0,32.0,20.0,otra
2023-07-11 07:00:00,2023,7,11,SUR,0,0.8425,12.075,14.333333333333334,41.5,18.65,otra
2023-07-11 07:00:00,2023,7,11,SUROESTE2,0,0.6000000000000001,15.7,8.0,56.0,23.585,otra
2023-07-11 08:00:00,2023,7,11,CENTRO,0,1.31,17.9,14.0,62.98,27.4,otra
2023-07-11 08:00:00,2023,7,11,NORESTE3,0,1.0466666666666666,10.933333333333332,28.7,55.333333333333336,23.5,otra
2023-07-11 08:00:00,2023,7,11,NOROESTE3,0,0.5666666666666667,11.033333333333333,13.0,37.666666666666664,9.94,otra
2023-07-11 08:00:00,2023,7,11,NORTE2,0,0.76,11.600000000000001,20.0,44.5,12.5,otra
2023-07-11 08:00:00,2023,7,11,SUR,0,0.8775,11.4,18.0,50.5,10.0,otra
2023-07-11 08:00:00,2023,7,11,SUROESTE2,0,0.6599999999999999,17.200000000000003,9.5,53.5,25.08,otra
2023-07-12 07:00:00,2023,7,12,CENTRO,0,1.15,13.0,9.0,57.97,21.39,otra
2023-07-12 07:00:00,2023,7,12,NORESTE3,0,1.128,10.666666666666666,17.333333333333332,50.666666666666664,22.0,otra
2023-07-12 07:00:00,2023,7,12,NOROESTE3,0,0.6,9.766666666666667,9.333333333333334,34.666666666666664,8.82,otra
2023-07-12 07:00:00,2023,7,12,NORTE2,0,0.65,8.85,15.0,31.0,10.0,otra
2023-07-12 07:00:00,2023,7,12,SUR,0,0.785,8.425,18.0,39.5,12.61,otra
2023-07-12 07:00:00,2023,7,12,SUROESTE2,0,0.5900000000000001,15.75,4.0,56.0,20.77,otra
2023-07-12 08:00:00,2023,7,12,CENTRO,0,1.27,14.1,11.0,61.46,21.81,otra
2023-07-12 08:00:00,2023,7,12,NORESTE3,0,1.046,9.066666666666666,23.7,55.333333333333336,20.0,otra
2023-07-12 08:00:00,2023,7,12,NOROESTE3,0,0.6033333333333334,9.066666666666666,11.333333333333334,40.666666666666664,9.26,otra
2023-07-12 08:00:00,2023,7,12,NORTE2,0,0.73,8.649999999999999,16.0,36.0,8.0,otra
2023-07-12 08:00:00,2023,7,12,SUR,0,0.8375,9.1,19.75,48.0,11.89,otra
2023-07-12 08:00:00,2023,7,12,SUROESTE2,0,0.63,15.65,7.5,59.5,21.77,otra
2023-07-13 07:00:00,2023,7,13,CENTRO,0,1.26,15.9,9.0,46.09,17.14,otra
2023-07-13 07:00:00,2023,7,13,NORESTE3,0,1.0959999999999999,12.333333333333334,19.033333333333335,44.666666666666664,14.0,otra
2023-07-13 07:00:00,2023,7,13,NOROESTE3,0,0.6433333333333333,12.033333333333333,11.0,32.0,6.99,otra
2023-07-13 07:00:00,2023,7,13,NORTE2,0,0.87,15.7,14.0,33.0,6.0,otra
2023-07-13 07:00:00,2023,7,13,SUR,0,0.7975,9.350000000000001,14.0,33.0,11.956666666666665,otra
2023-07-13 07:00:00,2023,7,13,SUROESTE2,0,0.675,15.350000000000001,7.5,47.0,16.634999999999998,otra
2023-07-13 08:00:00,2023,7,13,CENTRO,0,1.45,16.3,13.0,50.39,17.68,otra
2023-07-13 08:00:00,2023,7,13,NORESTE3,0,1.107,11.366666666666667,23.900000000000002,51.0,16.0,otra
2023-07-13 08:00:00,2023,7,13,NOROESTE3,0,0.6266666666666667,13.133333333333333,11.666666666666666,33.333333333333336,7.03,otra
2023-07-13 08:00:00,2023,7,13,NORTE2,0,0.765,11.6,16.5,34.0,6.0,otra
2023-07-13 08:00:00,2023,7,13,SUR,0,0.85,10.725,17.25,37.25,7.8575,otra
2023-07-13 08:00:00,2023,7,13,SUROESTE2,0,0.79,21.2,9.0,51.0,18.744999999999997,otra
2023-07-14 07:00:00,2023,7,14,CENTRO,0,1.44,16.4,10.0,78.05,23.26,otra
2023-07-14 07:00:00,2023,7,14,NORESTE3,0,1.178,13.866666666666667,18.266666666666666,58.0,22.0,otra
2023-07-14 07:00:00,2023,7,14,NOROESTE3,0,0.5866666666666667,14.533333333333333,8.333333333333334,52.0,9.15,otra
2023-07-14 07:00:00,2023,7,14,NORTE2,0,0.7250000000000001,13.5,12.5,47.0,11.5,otra
2023-07-14 07:00:00,2023,7,14,SUR,0,0.7949999999999999,10.575,14.0,50.75,16.7025,otra
2023-07-14 07:00:00,2023,7,14,SUROESTE2,0,0.6599999999999999,16.25,6.5,65.5,20.855,otra
2023-07-14 08:00:00,2023,7,14,CENTRO,0,1.49,14.4,16.0,73.35,24.3,otra
2023-07-14 08:00:00,2023,7,14,NORESTE3,0,1.1243333333333332,11.4,24.8,67.0,25.5,otra
2023-07-14 08:00:00,2023,7,14,NOROESTE3,0,0.6233333333333333,13.799999999999999,10.666666666666666,53.666666666666664,9.15,otra
2023-07-14 08:00:00,2023,7,14,NORTE2,0,0.9550000000000001,14.9,15.5,50.0,17.0,otra
2023-07-14 08:00:00,2023,7,14,SUR,0,0.86,11.3,17.25,55.75,14.2475,otra
2023-07-14 08:00:00,2023,7,14,SUROESTE2,0,0.7050000000000001,20.7,8.0,69.0,24.265,otra
2023-07-15 07:00:00,2023,7,15,CENTRO,0,1.03,17.3,9.0,70.64,21.94,otra
2023-07-15 07:00:00,2023,7,15,NORESTE3,0,1.0596666666666668,11.700000000000001,18.966666666666665,56.666666666666664,21.0,otra
2023-07-15 07:00:00,2023,7,15,NOROESTE3,0,0.5466666666666667,11.866666666666667,12.666666666666666,44.333333333333336,8.47,otra
2023-07-15 07:00:00,2023,7,15,NORTE2,0,0.73,13.5,13.5,40.0,2.0,otra
2023-07-15 07:00:00,2023,7,15,SUR,0,0.77,8.925,14.5,50.5,17.685,otra
2023-07-15 07:00:00,2023,7,15,SUROESTE2,0,0.64,15.850000000000001,8.5,51.5,18.165,otra
2023-07-15 08:00:00,2023,7,15,CENTRO,0,1.07,15.6,13.0,72.12,23.33,otra
2023-07-15 08:00:00,2023,7,15,NORESTE3,0,1.0816666666666668,10.133333333333335,24.03333333333333,63.333333333333336,27.0,otra
2023-07-15 08:00:00,2023,7,15,NOROESTE3,0,0.58,10.266666666666667,15.333333333333334,46.333333333333336,8.23,otra
2023-07-15 08:00:00,2023,7,15,NORTE2,0,0.73,11.1,17.5,42.0,,otra
2023-07-15 08:00:00,2023,7,15,SUR,0,0.78,7.125,19.0,58.5,13.525,otra
2023-07-15 08:00:00,2023,7,15,SUROESTE2,0,0.6599999999999999,15.25,11.0,58.0,20.119999999999997,otra
2023-07-16 07:00:00,2023,7,16,CENTRO,0,0.98,9.1,14.0,74.59,25.86,otra
2023-07-16 07:00:00,2023,7,16,NORESTE3,0,1.0293333333333334,7.233333333333334,19.8,68.66666666666667,25.5,otra
2023-07-16 07:00:00,2023,7,16,NOROESTE3,0,0.5033333333333333,8.200000000000001,12.666666666666666,52.333333333333336,10.59,otra
2023-07-16 07:00:00,2023,7,16,NORTE2,0,0.715,9.4,14.5,54.0,,otra
2023-07-16 07:00:00,2023,7,16,SUR,0,0.7325,5.825,16.5,62.75,20.69,otra
2023-07-16 07:00:00,2023,7,16,SUROESTE2,0,0.5800000000000001,11.4,8.0,66.5,24.455,otra
2023-07-16 08:00:00,2023,7,16,CENTRO,0,1.05,12.3,14.0,89.07,28.18,otra
2023-07-16 08:00:00,2023,7,16,NORESTE3,0,0.9813333333333333,6.8999999999999995,24.2,67.33333333333333,27.0,otra
2023-07-16 08:00:00,2023,7,16,NOROESTE3,0,0.5333333333333333,8.133333333333333,14.333333333333334,55.666666666666664,11.07,otra
2023-07-16 08:00:00,2023,7,16,NORTE2,0,0.685,8.05,18.5,56.5,16.0,otra
2023-07-16 08:00:00,2023,7,16,SUR,0,0.735,5.125,19.75,66.5,21.025,otra
2023-07-16 08:00:00,2023,7,16,SUROESTE2,0,0.5800000000000001,10.0,11.5,72.5,26.045,otra
2023-07-17 07:00:00,2023,7,17,CENTRO,0,1.04,11.5,8.0,69.15,24.66,otra
2023-07-17 07:00:00,2023,7,17,NORESTE3,0,1.0883333333333334,8.533333333333333,17.3,51.333333333333336,19.0,otra
2023-07-17 07:00:00,2023,7,17,NOROESTE3,0,0.54,9.933333333333332,9.333333333333334,43.333333333333336,10.29,otra
2023-07-17 07:00:00,2023,7,17,NORTE2,0,0.685,7.55,14.0,38.5,14.0,otra
2023-07-17 07:00:00,2023,7,17,SUR,0,0.74,8.35,11.75,49.25,16.7425,otra
2023-07-17 07:00:00,2023,7,17,SUROESTE2,0,0.56,12.25,5.0,75.5,24.025,otra
2023-07-17 08:00:00,2023,7,17,CENTRO,0,1.17,10.0,13.0,77.74,28.12,otra
2023-07-17 08:00:00,2023,7,17,NORESTE3,0,1.069,7.566666666666667,20.45,55.666666666666664,21.0,otra
2023-07-17 08:00:00,2023,7,17,NOROESTE3,0,0.5366666666666666,9.033333333333333,11.0,49.0,11.15,otra
2023-07-17 08:00:00,2023,7,17,NORTE2,0,0.73,8.7,14.5,45.0,16.0,otra
2023-07-17 08:00:00,2023,7,17,SUR,0,0.79,7.9,14.25,55.5,14.3675,otra
2023-07-17 08:00:00,2023,7,17,SUROESTE2,0,0.5900000000000001,12.600000000000001,8.0,90.0,24.085,otra
2023-07-18 07:00:00,2023,7,18,CENTRO,0,1.11,13.1,9.0,81.55,24.16,otra
2023-07-18 07:00:00,2023,7,18,NORESTE3,0,1.0813333333333333,11.266666666666666,15.0,68.0,21.5,otra
2023-07-18 07:00:00,2023,7,18,NOROESTE3,0,0.6533333333333333,12.366666666666665,7.666666666666667,56.0,9.46,otra
2023-07-18 07:00:00,2023,7,18,NORTE2,0,0.78,12.55,9.5,52.0,14.0,otra
2023-07-18 07:00:00,2023,7,18,SUR,0,0.855,10.625,9.75,60.75,17.0325,otra
2023-07-18 07:00:00,2023,7,18,SUROESTE2,0,0.625,15.450000000000001,5.0,64.0,21.435000000000002,otra
2023-07-18 08:00:00,2023,7,18,CENTRO,0,1.24,14.7,12.0,89.45,25.69,otra
2023-07-18 08:00:00,2023,7,18,NORESTE3,0,1.0386666666666666,9.700000000000001,21.65,68.33333333333333,25.0,otra
2023-07-18 08:00:00,2023,7,18,NOROESTE3,0,0.63,11.766666666666666,10.333333333333334,58.0,9.73,otra
2023-07-18 08:00:00,2023,7,18,NORTE2,0,0.79,10.75,14.0,53.5,14.0,otra
2023-07-18 08:00:00,2023,7,18,SUR,0,0.85,9.675,14.75,63.75,14.45,otra
2023-07-18 08:00:00,2023,7,18,SUROESTE2,0,0.6799999999999999,16.1,7.5,72.0,24.985,otra
2023-07-19 07:00:00,2023,7,19,CENTRO,0,1.01,12.9,9.0,93.95,27.47,otra
2023-07-19 07:00:00,2023,7,19,NORESTE3,0,1.1266666666666667,9.5,18.1,62.5,25.5,otra
2023-07-19 07:00:00,2023,7,19,NOROESTE3,0,0.6333333333333334,13.200000000000001,8.0,69.33333333333333,10.67,otra
2023-07-19 07:00:00,2023,7,19,NORTE2,0,0.72,11.55,11.0,49.5,9.0,otra
2023-07-19 07:00:00,2023,7,19,SUR,0,0.8174999999999999,9.2,12.0,62.0,21.665,otra
2023-07-19 07:00:00,2023,7,19,SUROESTE2,0,0.6599999999999999,14.649999999999999,6.0,66.5,25.215,otra
2023-07-19 08:00:00,2023,7,19,CENTRO,0,1.21,16.2,12.0,101.73,29.51,otra
2023-07-19 08:00:00,2023,7,19,NORESTE3,0,1.107,8.033333333333333,23.5,66.5,26.0,otra
2023-07-19 08:00:00,2023,7,19,NOROESTE3,0,0.6866666666666666,11.700000000000001,11.0,63.666666666666664,10.44,otra
2023-07-19 08:00:00,2023,7,19,NORTE2,0,0.7,8.55,16.5,57.0,,otra
2023-07-19 08:00:00,2023,7,19,SUR,0,0.8425,8.774999999999999,16.25,66.5,18.3725,otra
2023-07-19 08:00:00,2023,7,19,SUROESTE2,0,0.755,16.65,8.0,79.5,27.34,otra
2023-07-20 07:00:00,2023,7,20,CENTRO,0,1.04,12.2,10.0,55.34,18.36,otra
2023-07-20 07:00:00,2023,7,20,NORESTE3,0,1.095,10.933333333333332,19.566666666666666,47.333333333333336,15.5,otra
2023-07-20 07:00:00,2023,7,20,NOROESTE3,0,0.5366666666666667,10.333333333333334,10.666666666666666,46.333333333333336,7.87,otra
2023-07-20 07:00:00,2023,7,20,NORTE2,0,0.635,10.7,14.5,33.5,12.0,otra
2023-07-20 07:00:00,2023,7,20,SUR,0,0.805,8.775,13.75,44.75,14.23,otra
2023-07-20 07:00:00,2023,7,20,SUROESTE2,0,0.6000000000000001,12.0,7.0,53.0,16.365000000000002,otra
2023-07-20 08:00:00,2023,7,20,CENTRO,0,1.18,12.8,13.0,63.88,20.1,otra
2023-07-20 08:00:00,2023,7,20,NORESTE3,0,1.062,8.933333333333334,24.96666666666667,54.0,20.0,otra
2023-07-20 08:00:00,2023,7,20,NOROESTE3,0,0.6133333333333334,10.466666666666667,12.333333333333334,41.666666666666664,8.49,otra
2023-07-20 08:00:00,2023,7,20,NORTE2,0,0.765,11.15,16.0,45.0,14.0,otra
2023-07-20 08:00:00,2023,7,20,SUR,0,0.855,8.725,17.25,51.5,12.2475,otra
2023-07-20 08:00:00,2023,7,20,SUROESTE2,0,0.63,13.65,8.0,50.0,17.205,otra
2023-07-21 07:00:00,2023,7,21,NORESTE3,0,1.1883333333333335,9.433333333333334,14.933333333333332,54.666666666666664,17.5,otra
2023-07-21 07:00:00,2023,7,21,NOROESTE3,0,0.7633333333333333,13.166666666666666,6.666666666666667,51.0,11.3,otra
2023-07-21 07:00:00,2023,7,21,NORTE2,0,0.73,11.0,10.5,45.5,12.0,otra
2023-07-21 07:00:00,2023,7,21,SUR,0,0.84,9.975,10.25,50.75,13.4675,otra
2023-07-21 07:00:00,2023,7,21,SUROESTE2,0,0.6399999999999999,13.5,4.5,53.0,17.744999999999997,otra
2023-07-21 08:00:00,2023,7,21,NORESTE3,0,1.164,8.466666666666667,20.066666666666666,57.666666666666664,27.0,otra
2023-07-21 08:00:00,2023,7,21,NOROESTE3,0,0.6633333333333334,12.299999999999999,9.333333333333334,59.0,10.21,otra
2023-07-21 08:00:00,2023,7,21,NORTE2,0,0.745,9.05,13.5,50.0,11.0,otra
2023-07-21 08:00:00,2023,7,21,SUR,0,0.8775,9.0,14.25,55.25,12.3725,otra
2023-07-21 08:00:00,2023,7,21,SUROESTE2,0,0.715,18.45,7.5,50.0,23.5,otra
2023-07-22 07:00:00,2023,7,22,CENTRO,0,1.21,15.6,8.0,50.0,18.0,otra
2023-07-22 07:00:00,2023,7,22,NORESTE3,0,1.059,8.700000000000001,19.2,52.333333333333336,17.0,otra
2023-07-22 07:00:00,2023,7,22,NOROESTE3,0,0.5366666666666667,10.466666666666667,10.0,26.5,6.17,otra
2023-07-22 07:00:00,2023,7,22,NORTE2,0,0.685,10.7,12.5,31.5,10.0,otra
2023-07-22 07:00:00,2023,7,22,SUR,0,0.8433333333333334,10.466666666666667,12.666666666666666,28.666666666666668,8.956666666666665,otra
2023-07-22 07:00:00,2023,7,22,SUROESTE2,0,0.585,13.75,6.0,48.0,17.325,otra
2023-07-22 08:00:00,2023,7,22,CENTRO,0,1.36,14.0,13.0,57.0,18.0,otra
2023-07-22 08:00:00,2023,7,22,NORESTE3,0,1.0953333333333333,10.333333333333334,22.2,63.333333333333336,21.5,otra
2023-07-22 08:00:00,2023,7,22,NOROESTE3,0,0.5966666666666667,10.200000000000001,11.666666666666666,31.5,6.7,otra
2023-07-22 08:00:00,2023,7,22,NORTE2,0,0.79,10.95,15.0,35.0,13.0,otra
2023-07-22 08:00:00,2023,7,22,SUR,0,0.8766666666666666,10.5,16.0,34.666666666666664,8.82,otra
2023-07-22 08:00:00,2023,7,22,SUROESTE2,0,0.6000000000000001,12.6,9.0,45.5,17.585,otra
2023-07-23 07:00:00,2023,7,23,CENTRO,0,1.44,14.2,9.0,47.0,14.0,otra
2023-07-23 07:00:00,2023,7,23,NORESTE3,0,1.1033333333333333,9.366666666666667,16.933333333333334,48.5,11.0,otra
2023-07-23 07:00:00,2023,7,23,NOROESTE3,0,0.62,12.766666666666666,8.333333333333334,36.5,6.04,otra
2023-07-23 07:00:00,2023,7,23,NORTE2,0,0.71,11.7,10.5,32.0,11.0,otra
2023-07-23 07:00:00,2023,7,23,SUR,0,0.8966666666666666,8.733333333333334,13.666666666666666,35.666666666666664,9.61,otra
2023-07-23 07:00:00,2023,7,23,SUROESTE2,0,0.665,17.6,4.5,53.5,11.77,otra
2023-07-23 08:00:00,2023,7,23,CENTRO,0,1.51,13.6,15.0,54.0,16.0,otra
2023-07-23 08:00:00,2023,7,23,NORESTE3,0,1.1133333333333333,8.6,22.733333333333334,44.5,15.0,otra
2023-07-23 08:00:00,2023,7,23,NOROESTE3,0,0.64,10.5,12.0,39.5,5.72,otra
2023-07-23 08:00:00,2023,7,23,NORTE2,0,0.805,11.45,14.5,41.0,12.0,otra
2023-07-23 08:00:00,2023,7,23,SUR,0,0.9666666666666667,10.166666666666666,18.333333333333332,38.666666666666664,9.323333333333332,otra
2023-07-23 08:00:00,2023,7,23,SUROESTE2,0,0.675,15.45,9.5,49.0,14.04,otra
2023-07-24 07:00:00,2023,7,24,CENTRO,0,1.35,16.4,8.0,48.0,13.0,otra
2023-07-24 07:00:00,2023,7,24,NORESTE3,0,1.207,12.133333333333333,17.233333333333334,40.0,10.5,otra
2023-07-24 07:00:00,2023,7,24,NOROESTE3,0,0.6433333333333333,13.866666666666667,8.333333333333334,29.5,6.45,otra
2023-07-24 07:00:00,2023,7,24,NORTE2,0,0.835,14.1,11.5,27.5,8.0,otra
2023-07-24 07:00:00,2023,7,24,SUR,0,0.8666666666666667,10.675,13.25,32.25,9.336666666666666,otra
2023-07-24 07:00:00,2023,7,24,SUROESTE2,0,0.6950000000000001,17.8,5.5,50.0,11.11,otra
2023-07-24 08:00:00,2023,7,24,CENTRO,0,1.56,17.1,13.0,52.0,16.0,otra
2023-07-24 08:00:00,2023,7,24,NORESTE3,0,1.1653333333333333,10.533333333333333,23.633333333333336,51.0,15.0,otra
2023-07-24 08:00:00,2023,7,24,NOROESTE3,0,0.64,11.799999999999999,12.333333333333334,38.0,6.05,otra
2023-07-24 08:00:00,2023,7,24,NORTE2,0,0.935,14.5,14.0,35.5,10.0,otra
2023-07-24 08:00:00,2023,7,24,SUR,0,0.91,9.075,17.75,35.25,10.41,otra
2023-07-24 08:00:00,2023,7,24,SUROESTE2,0,0.7949999999999999,19.950000000000003,8.0,51.5,16.015,otra
2023-07-25 07:00:00,2023,7,25,CENTRO,0,1.3,15.6,8.0,32.0,20.0,otra
2023-07-25 07:00:00,2023,7,25,NORESTE3,0,1.2123333333333333,14.199999999999998,16.900000000000002,40.5,11.0,otra
2023-07-25 07:00:00,2023,7,25,NOROESTE3,0,0.5533333333333333,12.166666666666666,11.333333333333334,25.0,5.53,otra
2023-07-25 07:00:00,2023,7,25,NORTE2,0,0.7999999999999999,14.8,11.0,24.0,7.0,otra
2023-07-25 07:00:00,2023,7,25,SUR,0,0.8433333333333334,11.35,12.0,27.5,8.333333333333334,otra
2023-07-25 07:00:00,2023,7,25,SUROESTE2,0,0.635,15.3,6.5,44.0,17.8,otra
2023-07-25 08:00:00,2023,7,25,CENTRO,0,1.39,16.1,10.0,52.0,20.0,otra
2023-07-25 08:00:00,2023,7,25,NORESTE3,0,1.2116666666666667,12.733333333333333,23.400000000000002,52.0,13.0,otra
2023-07-25 08:00:00,2023,7,25,NOROESTE3,0,0.6533333333333333,11.333333333333334,14.333333333333334,25.0,6.97,otra
2023-07-25 08:00:00,2023,7,25,NORTE2,0,0.9,13.399999999999999,13.5,38.0,5.5,otra
2023-07-25 08:00:00,2023,7,25,SUR,0,0.8933333333333332,9.775,16.5,29.75,8.5,otra
2023-07-25 08:00:00,2023,7,25,SUROESTE2,0,0.645,13.5,9.5,51.0,21.905,otra
2023-07-26 07:00:00,2023,7,26,CENTRO,0,1.25,16.9,12.0,41.0,17.0,otra
2023-07-26 07:00:00,2023,7,26,NORESTE3,0,1.2156666666666667,12.833333333333334,22.0,51.0,14.0,otra
2023-07-26 07:00:00,2023,7,26,NOROESTE3,0,0.6433333333333333,12.766666666666666,13.666666666666666,37.0,6.65,otra
2023-07-26 07:00:00,2023,7,26,NORTE2,0,0.7,14.2,14.0,37.5,9.0,otra
2023-07-26 07:00:00,2023,7,26,SUR,0,0.8666666666666667,12.075,14.5,42.75,15.295,otra
2023-07-26 07:00:00,2023,7,26,SUROESTE2,0,0.62,20.0,7.5,52.0,14.99,otra
2023-07-26 08:00:00,2023,7,26,CENTRO,0,1.41,19.0,12.0,58.0,20.0,otra
2023-07-26 08:00:00,2023,7,26,NORESTE3,0,1.2003333333333333,11.533333333333333,26.766666666666666,58.5,19.0,otra
2023-07-26 08:00:00,2023,7,26,NOROESTE3,0,0.67,12.233333333333334,15.0,41.5,7.74,otra
2023-07-26 08:00:00,2023,7,26,NORTE2,0,0.83,13.450000000000001,18.0,37.0,,otra
2023-07-26 08:00:00,2023,7,26,SUR,0,0.9033333333333333,9.850000000000001,20.5,45.5,7.933333333333334,otra
2023-07-26 08:00:00,2023,7,26,SUROESTE2,0,0.675,19.450000000000003,9.5,55.0,18.08,otra
2023-07-27 07:00:00,2023,7,27,CENTRO,0,1.34,14.8,9.0,81.0,33.0,otra
2023-07-27 07:00:00,2023,7,27,NORESTE3,0,1.2413333333333334,12.666666666666666,15.200000000000001,90.0,32.5,otra
2023-07-27 07:00:00,2023,7,27,NOROESTE3,0,0.68,11.299999999999999,9.0,77.33333333333333,12.64,otra
2023-07-27 07:00:00,2023,7,27,NORTE2,0,0.76,13.100000000000001,9.5,68.5,18.5,otra
2023-07-27 07:00:00,2023,7,27,SUR,0,0.8799999999999999,10.025,11.25,77.5,26.666666666666668,otra
2023-07-27 07:00:00,2023,7,27,SUROESTE2,0,0.605,12.899999999999999,7.5,87.0,26.84,otra
2023-07-27 08:00:00,2023,7,27,CENTRO,0,1.5,14.9,11.0,86.0,36.0,otra
2023-07-27 08:00:00,2023,7,27,NORESTE3,0,1.2673333333333334,10.766666666666667,19.633333333333333,93.5,33.0,otra
2023-07-27 08:00:00,2023,7,27,NOROESTE3,0,0.7000000000000001,10.3,11.333333333333334,71.0,12.82,otra
2023-07-27 08:00:00,2023,7,27,NORTE2,0,0.8,11.4,12.5,67.5,17.0,otra
2023-07-27 08:00:00,2023,7,27,SUR,0,0.9266666666666667,9.3,14.75,84.25,26.0175,otra
2023-07-27 08:00:00,2023,7,27,SUROESTE2,0,0.665,13.7,10.0,92.0,28.939999999999998,otra
2023-07-28 07:00:00,2023,7,28,CENTRO,0,1.24,19.2,19.0,53.0,15.0,otra
2023-07-28 07:00:00,2023,7,28,NORESTE3,0,1.2156666666666667,17.766666666666666,24.03333333333333,43.5,14.5,otra
2023-07-28 07:00:00,2023,7,28,NOROESTE3,0,0.6866666666666666,16.0,17.0,40.666666666666664,6.48,otra
2023-07-28 07:00:00,2023,7,28,NORTE2,0,0.735,17.85,17.0,41.5,12.0,otra
2023-07-28 07:00:00,2023,7,28,SUR,0,0.82,14.45,19.5,34.25,9.9525,otra
2023-07-28 07:00:00,2023,7,28,SUROESTE2,0,0.6399999999999999,21.25,12.5,33.0,11.03,otra
2023-07-28 08:00:00,2023,7,28,CENTRO,0,1.31,20.2,19.0,55.0,16.0,otra
2023-07-28 08:00:00,2023,7,28,NORESTE3,0,1.186,12.366666666666667,34.199999999999996,57.5,14.5,otra
2023-07-28 08:00:00,2023,7,28,NOROESTE3,0,0.7033333333333333,13.799999999999999,20.333333333333332,41.666666666666664,6.29,otra
2023-07-28 08:00:00,2023,7,28,NORTE2,0,0.83,14.95,23.0,42.5,7.5,otra
2023-07-28 08:00:00,2023,7,28,SUR,0,0.8866666666666667,13.3,24.75,42.25,9.19,otra
2023-07-28 08:00:00,2023,7,28,SUROESTE2,0,0.72,26.1,13.5,47.0,16.675,otra
2023-07-29 07:00:00,2023,7,29,CENTRO,0,1.22,21.4,13.0,47.0,15.0,otra
2023-07-29 07:00:00,2023,7,29,NORESTE3,0,1.1526666666666667,13.866666666666667,21.766666666666666,45.0,14.0,otra
2023-07-29 07:00:00,2023,7,29,NOROESTE3,0,0.6533333333333333,13.133333333333333,17.333333333333332,27.666666666666668,5.25,otra
2023-07-29 07:00:00,2023,7,29,NORTE2,0,0.715,15.3,16.0,27.5,6.0,otra
2023-07-29 07:00:00,2023,7,29,SUR,0,0.81,11.85,17.25,33.5,10.6675,otra
2023-07-29 07:00:00,2023,7,29,SUROESTE2,0,0.6699999999999999,22.35,9.5,39.0,12.27,otra
2023-07-29 08:00:00,2023,7,29,CENTRO,0,1.31,18.8,17.0,48.0,15.0,otra
2023-07-29 08:00:00,2023,7,29,NORESTE3,0,1.128,10.966666666666667,27.900000000000002,41.666666666666664,17.0,otra
2023-07-29 08:00:00,2023,7,29,NOROESTE3,0,0.6766666666666667,12.200000000000001,19.666666666666668,33.666666666666664,5.06,otra
2023-07-29 08:00:00,2023,7,29,NORTE2,0,0.755,12.6,20.5,29.0,6.5,otra
2023-07-29 08:00:00,2023,7,29,SUR,0,0.8633333333333333,11.775,21.0,43.0,10.0125,otra
2023-07-29 08:00:00,2023,7,29,SUROESTE2,0,0.685,19.85,13.5,36.0,16.46,otra
2023-07-30 07:00:00,2023,7,30,CENTRO,0,1.19,10.7,8.0,51.0,21.0,otra
2023-07-30 07:00:00,2023,7,30,NORESTE3,0,1.0746666666666667,6.8999999999999995,17.599999999999998,45.5,14.5,otra
2023-07-30 07:00:00,2023,7,30,NOROESTE3,0,0.84,10.966666666666667,7.666666666666667,42.666666666666664,8.31,otra
2023-07-30 07:00:00,2023,7,30,NORTE2,0,0.705,8.0,11.0,36.0,10.0,otra
2023-07-30 07:00:00,2023,7,30,SUR,0,0.8133333333333334,6.075,11.75,45.25,13.365,otra
2023-07-30 07:00:00,2023,7,30,SUROESTE2,0,0.63,14.7,3.5,50.0,19.355,otra
2023-07-30 08:00:00,2023,7,30,CENTRO,0,1.22,10.7,10.0,54.0,19.0,otra
2023-07-30 08:00:00,2023,7,30,NORESTE3,0,1.0903333333333334,6.133333333333333,21.666666666666668,48.0,17.0,otra
2023-07-30 08:00:00,2023,7,30,NOROESTE3,0,0.7733333333333334,9.233333333333333,10.0,48.0,9.45,otra
2023-07-30 08:00:00,2023,7,30,NORTE2,0,0.7050000000000001,6.949999999999999,14.5,37.5,8.0,otra
2023-07-30 08:00:00,2023,7,30,SUR,0,0.8133333333333334,6.15,14.25,45.0,12.8825,otra
2023-07-30 08:00:00,2023,7,30,SUROESTE2,0,0.67,13.5,5.0,48.0,22.305,otra
2023-07-31 07:00:00,2023,7,31,CENTRO,0,1.3,14.4,8.0,32.0,10.74,otra
2023-07-31 07:00:00,2023,7,31,NORESTE3,0,1.148,10.700000000000001,16.566666666666666,28.5,7.0,otra
2023-07-31 07:00:00,2023,7,31,NOROESTE3,0,0.7400000000000001,10.799999999999999,9.333333333333334,18.333333333333332,4.53,otra
2023-07-31 07:00:00,2023,7,31,NORTE2,0,0.835,11.75,10.0,23.0,8.0,otra
2023-07-31 07:00:00,2023,7,31,SUR,0,0.8533333333333334,8.625,11.0,23.25,7.7075,otra
2023-07-31 07:00:00,2023,7,31,SUROESTE2,0,0.62,17.55,3.5,26.0,8.45,otra
2023-07-31 08:00:00,2023,7,31,CENTRO,0,1.43,15.7,9.0,46.0,14.06,otra
2023-07-31 08:00:00,2023,7,31,NORESTE3,0,1.1426666666666667,10.5,19.233333333333334,35.0,10.0,otra
2023-07-31 08:00:00,2023,7,31,NOROESTE3,0,0.8033333333333333,11.766666666666666,9.0,29.666666666666668,5.14,otra
2023-07-31 08:00:00,2023,7,31,NORTE2,0,0.83,10.95,11.5,37.5,6.5,otra
2023-07-31 08:00:00,2023,7,31,SUR,0,0.8999999999999999,9.575,12.25,30.5,6.716666666666666,otra
2023-07-31 08:00:00,2023,7,31,SUROESTE2,0,0.71,16.95,5.0,27.0,13.965,otra
2023-08-01 07:00:00,2023,8,1,CENTRO,0,0.89,11.6,8.0,43.0,15.23,verano
2023-08-01 07:00:00,2023,8,1,NORESTE3,0,1.1773333333333333,10.233333333333333,13.933333333333332,47.333333333333336,11.5,verano
2023-08-01 07:00:00,2023,8,1,NOROESTE3,0,0.8333333333333334,10.799999999999999,7.0,33.0,5.82,verano
2023-08-01 07:00:00,2023,8,1,NORTE2,0,0.8150000000000001,10.850000000000001,7.5,34.5,15.0,verano
2023-08-01 07:00:00,2023,8,1,SUR,0,0.8266666666666667,7.275,9.75,34.0,8.620000000000001,verano
2023-08-01 07:00:00,2023,8,1,SUROESTE2,0,0.475,13.3,3.5,35.0,10.955,verano
2023-08-01 08:00:00,2023,8,1,CENTRO,0,1.02,13.5,10.0,57.0,16.05,verano
2023-08-01 08:00:00,2023,8,1,NORESTE3,0,1.2016666666666667,9.566666666666666,17.0,44.666666666666664,13.0,verano
2023-08-01 08:00:00,2023,8,1,NOROESTE3,0,0.9666666666666668,10.466666666666667,9.0,41.0,5.88,verano
2023-08-01 08:00:00,2023,8,1,NORTE2,0,0.875,9.05,11.0,37.5,8.0,verano
2023-08-01 08:00:00,2023,8,1,SUR,0,0.8833333333333333,8.475,13.5,41.75,8.58,verano
2023-08-01 08:00:00,2023,8,1,SUROESTE2,0,0.5700000000000001,14.45,5.5,48.0,15.94,verano
2023-08-02 07:00:00,2023,8,2,CENTRO,0,0.96,10.1,9.0,36.0,10.36,verano
2023-08-02 07:00:00,2023,8,2,NORESTE3,0,1.1776666666666669,10.533333333333333,15.233333333333334,30.666666666666668,10.0,verano
2023-08-02 07:00:00,2023,8,2,NOROESTE3,0,0.6666666666666666,10.366666666666667,8.0,24.0,4.5,verano
2023-08-02 07:00:00,2023,8,2,NORTE2,0,0.72,9.95,9.5,23.0,8.0,verano
2023-08-02 07:00:00,2023,8,2,SUR,0,0.8066666666666666,5.475,12.5,23.5,7.7,verano
2023-08-02 07:00:00,2023,8,2,SUROESTE2,0,0.41500000000000004,15.2,3.5,37.0,9.135,verano
2023-08-02 08:00:00,2023,8,2,CENTRO,0,1.07,14.9,8.0,40.0,13.02,verano
2023-08-02 08:00:00,2023,8,2,NORESTE3,0,1.1860000000000002,9.033333333333333,17.400000000000002,38.0,8.0,verano
2023-08-02 08:00:00,2023,8,2,NOROESTE3,0,0.7166666666666668,9.233333333333334,9.333333333333334,25.0,5.67,verano
2023-08-02 08:00:00,2023,8,2,NORTE2,0,0.86,10.9,10.5,24.0,5.5,verano
2023-08-02 08:00:00,2023,8,2,SUR,0,0.8500000000000001,6.6000000000000005,13.0,23.5,6.225,verano
2023-08-02 08:00:00,2023,8,2,SUROESTE2,0,0.495,12.4,5.5,62.0,13.96,verano
2023-08-03 07:00:00,2023,8,3,CENTRO,0,1.06,14.3,9.0,41.0,8.95,verano
2023-08-03 07:00:00,2023,8,3,NORESTE3,0,1.1653333333333333,9.566666666666666,17.333333333333332,36.0,5.5,verano
2023-08-03 07:00:00,2023,8,3,NOROESTE3,0,0.63,10.466666666666667,11.0,20.333333333333332,5.8,verano
2023-08-03 07:00:00,2023,8,3,NORTE2,0,0.74,10.3,12.0,24.5,6.5,verano
2023-08-03 07:00:00,2023,8,3,SUR,0,0.825,8.375,12.75,23.25,5.666666666666667,verano
2023-08-03 07:00:00,2023,8,3,SUROESTE2,0,0.4,13.35,6.5,41.0,6.705,verano
2023-08-03 08:00:00,2023,8,3,CENTRO,0,1.21,13.7,13.0,44.0,11.52,verano
2023-08-03 08:00:00,2023,8,3,NORESTE3,0,1.211,9.833333333333334,19.833333333333332,34.0,13.5,verano
2023-08-03 08:00:00,2023,8,3,NOROESTE3,0,0.6,10.533333333333333,12.0,29.333333333333332,5.58,verano
2023-08-03 08:00:00,2023,8,3,NORTE2,0,0.785,9.899999999999999,14.0,37.0,5.0,verano
2023-08-03 08:00:00,2023,8,3,SUR,0,0.8674999999999999,8.275,15.5,26.75,6.666666666666667,verano
2023-08-03 08:00:00,2023,8,3,SUROESTE2,0,0.55,16.9,7.5,43.5,13.52,verano
2023-08-04 07:00:00,2023,8,4,CENTRO,0,1.15,14.1,11.0,43.0,18.07,verano
2023-08-04 07:00:00,2023,8,4,NORESTE3,0,1.242,13.833333333333334,16.033333333333335,47.333333333333336,18.5,verano
2023-08-04 07:00:00,2023,8,4,NOROESTE3,0,0.6699999999999999,14.266666666666666,9.333333333333334,39.666666666666664,8.82,verano
2023-08-04 07:00:00,2023,8,4,NORTE2,0,0.965,16.6,8.5,40.0,10.0,verano
2023-08-04 07:00:00,2023,8,4,SUR,0,0.875,12.075,11.5,41.0,12.333333333333334,verano
2023-08-04 07:00:00,2023,8,4,SUROESTE2,0,0.42,16.1,7.5,58.5,18.195,verano
2023-08-04 08:00:00,2023,8,4,CENTRO,0,1.17,13.7,15.0,55.0,18.73,verano
2023-08-04 08:00:00,2023,8,4,NORESTE3,0,1.219,12.033333333333333,21.266666666666666,54.333333333333336,17.5,verano
2023-08-04 08:00:00,2023,8,4,NOROESTE3,0,0.64,12.0,13.333333333333334,54.0,8.46,verano
2023-08-04 08:00:00,2023,8,4,NORTE2,0,1.1,17.1,11.5,53.0,10.0,verano
2023-08-04 08:00:00,2023,8,4,SUR,0,0.9175,12.225,16.0,45.75,10.666666666666666,verano
2023-08-04 08:00:00,2023,8,4,SUROESTE2,0,0.515,21.45,8.5,59.5,30.49,verano
2023-08-05 07:00:00,2023,8,5,CENTRO,0,1.14,16.6,8.0,51.0,23.63,verano
2023-08-05 07:00:00,2023,8,5,NORESTE3,0,1.1820000000000002,11.166666666666666,17.533333333333335,48.666666666666664,20.0,verano
2023-08-05 07:00:00,2023,8,5,NOROESTE3,0,0.6466666666666666,12.866666666666667,10.0,46.333333333333336,9.53,verano
2023-08-05 07:00:00,2023,8,5,NORTE2,0,0.8,10.3,13.5,43.0,12.5,verano
2023-08-05 07:00:00,2023,8,5,SUR,0,0.86,9.725,13.0,44.75,14.5775,verano
2023-08-05 07:00:00,2023,8,5,SUROESTE2,0,0.45,19.950000000000003,4.0,62.0,21.939999999999998,verano
2023-08-05 08:00:00,2023,8,5,CENTRO,0,1.31,13.5,16.0,63.0,23.93,verano
2023-08-05 08:00:00,2023,8,5,NORESTE3,0,1.1733333333333333,9.666666666666666,23.066666666666666,54.333333333333336,22.0,verano
2023-08-05 08:00:00,2023,8,5,NOROESTE3,0,0.6699999999999999,13.733333333333334,11.0,44.666666666666664,9.5,verano
2023-08-05 08:00:00,2023,8,5,NORTE2,0,0.895,11.8,14.5,42.5,12.0,verano
2023-08-05 08:00:00,2023,8,5,SUR,0,0.915,10.775,15.5,52.0,14.6375,verano
2023-08-05 08:00:00,2023,8,5,SUROESTE2,0,0.59,21.85,6.5,86.0,27.67,verano
2023-08-06 07:00:00,2023,8,6,CENTRO,0,1.23,14.3,11.0,54.0,17.43,verano
2023-08-06 07:00:00,2023,8,6,NORESTE3,0,1.1306666666666667,9.333333333333334,22.133333333333336,32.666666666666664,11.0,verano
2023-08-06 07:00:00,2023,8,6,NOROESTE3,0,0.485,10.75,10.5,31.5,5.54,verano
2023-08-06 07:00:00,2023,8,6,NORTE2,0,0.825,10.9,14.5,24.5,7.5,verano
2023-08-06 07:00:00,2023,8,6,SUR,0,0.8625,7.925000000000001,15.25,35.75,10.004999999999999,verano
2023-08-06 07:00:00,2023,8,6,SUROESTE2,0,0.48,13.0,7.0,55.614999999999995,17.369999999999997,verano
2023-08-06 08:00:00,2023,8,6,CENTRO,0,1.19,9.8,18.0,45.0,15.45,verano
2023-08-06 08:00:00,2023,8,6,NORESTE3,0,1.1453333333333333,8.733333333333333,26.566666666666666,36.333333333333336,16.5,verano
2023-08-06 08:00:00,2023,8,6,NOROESTE3,0,0.49,8.55,13.0,31.0,6.27,verano
2023-08-06 08:00:00,2023,8,6,NORTE2,0,0.81,8.9,18.5,35.0,8.0,verano
2023-08-06 08:00:00,2023,8,6,SUR,0,0.87,8.375,19.75,39.0,9.115,verano
2023-08-06 08:00:00,2023,8,6,SUROESTE2,0,0.495,13.15,10.0,65.09,20.795,verano
2023-08-07 07:00:00,2023,8,7,CENTRO,1,1.12,14.2,8.0,55.0,19.97,verano
2023-08-07 07:00:00,2023,8,7,NORESTE3,0,1.209,10.166666666666666,16.833333333333332,52.0,16.0,verano
2023-08-07 07:00:00,2023,8,7,NOROESTE3,0,0.73,11.933333333333332,10.0,43.666666666666664,7.72,verano
2023-08-07 07:00:00,2023,8,7,NORTE2,0,0.9000000000000001,10.05,12.5,42.5,14.0,verano
2023-08-07 07:00:00,2023,8,7,SUR,1,0.8475,7.55,13.25,49.0,14.1625,verano
2023-08-07 07:00:00,2023,8,7,SUROESTE2,1,0.485,17.55,4.0,77.305,17.79,verano
2023-08-07 08:00:00,2023,8,7,CENTRO,1,1.24,14.8,11.0,59.0,21.16,verano
2023-08-07 08:00:00,2023,8,7,NORESTE3,0,1.2656666666666667,9.333333333333334,20.233333333333334,52.333333333333336,17.0,verano
2023-08-07 08:00:00,2023,8,7,NOROESTE3,0,0.68,11.4,11.666666666666666,44.0,8.09,verano
2023-08-07 08:00:00,2023,8,7,NORTE2,0,1.045,10.2,14.5,41.0,4.0,verano
2023-08-07 08:00:00,2023,8,7,SUR,1,0.885,7.85,16.5,54.75,13.4675,verano
2023-08-07 08:00:00,2023,8,7,SUROESTE2,1,0.54,17.55,6.5,83.725,20.82,verano
2023-08-08 07:00:00,2023,8,8,CENTRO,1,1.08,12.5,8.0,33.0,15.37,verano
2023-08-08 07:00:00,2023,8,8,NORESTE3,0,1.2396666666666667,10.366666666666667,14.466666666666667,45.333333333333336,14.5,verano
2023-08-08 07:00:00,2023,8,8,NOROESTE3,0,0.7399999999999999,11.166666666666666,8.333333333333334,35.333333333333336,7.13,verano
2023-08-08 07:00:00,2023,8,8,NORTE2,0,0.8700000000000001,10.350000000000001,10.0,32.5,8.5,verano
2023-08-08 07:00:00,2023,8,8,SUR,1,1.16,7.15,11.5,35.0,10.666666666666666,verano
2023-08-08 07:00:00,2023,8,8,SUROESTE2,1,0.41000000000000003,15.7,3.0,45.9,13.81,verano
2023-08-08 08:00:00,2023,8,8,NORESTE3,0,1.209,8.366666666666667,20.066666666666666,42.666666666666664,14.0,verano
2023-08-08 08:00:00,2023,8,8,NOROESTE3,0,0.64,10.433333333333334,10.666666666666666,41.333333333333336,7.36,verano
2023-08-08 08:00:00,2023,8,8,NORTE2,0,0.9199999999999999,9.3,12.5,30.5,5.5,verano
2023-08-08 08:00:00,2023,8,8,SUR,1,1.2075,8.3,14.25,35.75,8.333333333333334,verano
2023-08-08 08:00:00,2023,8,8,SUROESTE2,1,0.52,14.649999999999999,6.0,53.66,15.68,verano
2023-08-09 07:00:00,2023,8,9,CENTRO,1,,15.5,11.0,39.0,17.68,verano
2023-08-09 07:00:00,2023,8,9,NORESTE3,0,1.2733333333333334,11.133333333333333,18.066666666666666,42.0,15.5,verano
2023-08-09 07:00:00,2023,8,9,NOROESTE3,0,0.7633333333333333,11.666666666666666,10.333333333333334,37.0,,verano
2023-08-09 07:00:00,2023,8,9,NORTE2,0,0.8049999999999999,10.6,19.0,39.5,9.0,verano
2023-08-09 07:00:00,2023,8,9,SUR,1,1.0875,8.2,14.0,34.25,15.25,verano
2023-08-09 07:00:00,2023,8,9,SUROESTE2,1,0.445,18.9,3.5,56.435,15.185,verano
2023-08-09 08:00:00,2023,8,9,CENTRO,1,,20.1,10.0,43.0,22.99,verano
2023-08-09 08:00:00,2023,8,9,NORESTE3,0,1.266,10.333333333333334,21.133333333333333,49.0,20.0,verano
2023-08-09 08:00:00,2023,8,9,NOROESTE3,0,0.6633333333333333,10.933333333333332,12.333333333333334,41.0,,verano
2023-08-09 08:00:00,2023,8,9,NORTE2,0,0.865,10.2,14.5,39.0,14.0,verano
2023-08-09 08:00:00,2023,8,9,SUR,1,1.135,7.2250000000000005,18.25,41.75,13.75,verano
2023-08-09 08:00:00,2023,8,9,SUROESTE2,1,0.5549999999999999,18.35,6.0,60.695,18.465,verano
2023-08-10 07:00:00,2023,8,10,CENTRO,1,,17.6,9.0,40.0,19.89,verano
2023-08-10 07:00:00,2023,8,10,NORESTE3,0,1.3353333333333335,12.566666666666668,17.900000000000002,56.0,14.0,verano
2023-08-10 07:00:00,2023,8,10,NOROESTE3,0,0.7066666666666667,16.066666666666666,7.666666666666667,62.333333333333336,,verano
2023-08-10 07:00:00,2023,8,10,NORTE2,0,1.42,16.2,13.0,37.0,12.0,verano
2023-08-10 07:00:00,2023,8,10,SUR,1,1.1225,11.45,11.5,44.5,13.96,verano
2023-08-10 07:00:00,2023,8,10,SUROESTE2,1,0.525,21.1,3.5,81.97,21.105,verano
2023-08-10 08:00:00,2023,8,10,CENTRO,1,,16.7,14.0,62.0,20.7,verano
2023-08-10 08:00:00,2023,8,10,NORESTE3,0,1.3393333333333333,12.066666666666668,21.833333333333332,49.0,16.0,verano
2023-08-10 08:00:00,2023,8,10,NOROESTE3,0,0.7366666666666667,14.766666666666666,10.333333333333334,70.0,,verano
2023-08-10 08:00:00,2023,8,10,NORTE2,0,1.4,16.2,19.0,49.0,7.0,verano
2023-08-10 08:00:00,2023,8,10,SUR,1,1.1600000000000001,12.575,15.75,50.5,10.8025,verano
2023-08-10 08:00:00,2023,8,10,SUROESTE2,1,0.645,20.6,6.5,130.39,23.66,verano
2023-08-11 07:00:00,2023,8,11,CENTRO,1,0.29,13.4,12.0,56.0,29.79,verano
2023-08-11 07:00:00,2023,8,11,NORESTE3,0,1.3503333333333334,12.799999999999999,24.53333333333333,61.666666666666664,31.0,verano
2023-08-11 07:00:00,2023,8,11,NOROESTE3,0,0.7233333333333333,10.6,12.666666666666666,64.33333333333333,16.0,verano
2023-08-11 07:00:00,2023,8,11,NORTE2,0,1.02,14.8,,58.0,31.0,verano
2023-08-11 07:00:00,2023,8,11,SUR,1,1.0975,7.85,19.0,52.75,24.53,verano
2023-08-11 07:00:00,2023,8,11,SUROESTE2,1,0.5349999999999999,16.05,7.0,60.0,27.744999999999997,verano
2023-08-11 08:00:00,2023,8,11,CENTRO,1,0.33,18.5,9.0,,33.98,verano
2023-08-11 08:00:00,2023,8,11,NORESTE3,0,1.4163333333333332,11.433333333333332,27.833333333333332,65.66666666666667,29.0,verano
2023-08-11 08:00:00,2023,8,11,NOROESTE3,0,0.7466666666666667,11.766666666666666,13.0,68.33333333333333,17.0,verano
2023-08-11 08:00:00,2023,8,11,NORTE2,0,1.06,14.8,,68.0,17.0,verano
2023-08-11 08:00:00,2023,8,11,SUR,1,1.1475,9.025,20.25,55.0,21.8125,verano
2023-08-11 08:00:00,2023,8,11,SUROESTE2,1,0.645,17.85,8.5,70.5,31.965,verano
2023-08-12 07:00:00,2023,8,12,CENTRO,0,0.33,14.9,11.0,76.0,31.28,verano
2023-08-12 07:00:00,2023,8,12,NORESTE3,0,1.3339999999999999,11.333333333333334,29.133333333333336,53.333333333333336,28.0,verano
2023-08-12 07:00:00,2023,8,12,NOROESTE3,0,0.6433333333333333,9.733333333333333,14.0,54.333333333333336,15.0,verano
2023-08-12 07:00:00,2023,8,12,NORTE2,0,1.04,14.9,17.0,48.0,19.0,verano
2023-08-12 07:00:00,2023,8,12,SUR,0,1.025,4.949999999999999,22.666666666666668,49.25,26.34,verano
2023-08-12 07:00:00,2023,8,12,SUROESTE2,0,0.47,16.15,7.0,63.5,28.245,verano
2023-08-12 08:00:00,2023,8,12,CENTRO,0,0.36,14.2,14.0,88.0,31.23,verano
2023-08-12 08:00:00,2023,8,12,NORESTE3,0,1.2866666666666666,9.966666666666667,33.833333333333336,58.333333333333336,29.0,verano
2023-08-12 08:00:00,2023,8,12,NOROESTE3,0,0.6966666666666667,9.033333333333333,16.0,54.333333333333336,16.0,verano
2023-08-12 08:00:00,2023,8,12,NORTE2,0,1.07,15.6,18.0,42.0,5.0,verano
2023-08-12 08:00:00,2023,8,12,SUR,0,1.0625,6.9,24.5,55.25,29.05333333333333,verano
2023-08-12 08:00:00,2023,8,12,SUROESTE2,0,0.5449999999999999,15.0,8.5,69.0,28.14,verano
2023-08-13 07:00:00,2023,8,13,CENTRO,0,0.37,14.1,10.0,35.0,13.28,verano
2023-08-13 07:00:00,2023,8,13,NORESTE3,0,1.214,7.366666666666667,21.166666666666668,34.666666666666664,11.0,verano
2023-08-13 07:00:00,2023,8,13,NOROESTE3,0,0.58,9.433333333333332,13.0,45.333333333333336,7.0,verano
2023-08-13 07:00:00,2023,8,13,NORTE2,0,0.92,12.8,14.0,27.0,3.0,verano
2023-08-13 07:00:00,2023,8,13,SUR,0,1.0075,6.1,16.75,31.75,9.5825,verano
2023-08-13 07:00:00,2023,8,13,SUROESTE2,0,0.39,12.35,8.0,35.0,10.56,verano
2023-08-13 08:00:00,2023,8,13,CENTRO,0,0.38,14.8,12.0,40.0,15.01,verano
2023-08-13 08:00:00,2023,8,13,NORESTE3,0,1.2593333333333334,8.0,23.833333333333332,33.333333333333336,15.0,verano
2023-08-13 08:00:00,2023,8,13,NOROESTE3,0,0.6133333333333334,8.133333333333333,16.0,48.333333333333336,7.0,verano
2023-08-13 08:00:00,2023,8,13,NORTE2,0,0.87,10.3,18.0,34.0,2.0,verano
2023-08-13 08:00:00,2023,8,13,SUR,0,0.98,5.0,21.0,33.75,8.905,verano
2023-08-13 08:00:00,2023,8,13,SUROESTE2,0,0.395,11.65,9.5,33.0,14.535,verano
2023-08-14 07:00:00,2023,8,14,CENTRO,1,0.4,11.7,9.0,43.0,14.78,verano
2023-08-14 07:00:00,2023,8,14,NORESTE3,0,1.298,10.0,17.8,37.666666666666664,11.5,verano
2023-08-14 07:00:00,2023,8,14,NOROESTE3,0,0.5933333333333334,7.8999999999999995,11.333333333333334,30.666666666666668,7.2,verano
2023-08-14 07:00:00,2023,8,14,NORTE2,0,1.29,14.3,11.0,27.0,10.0,verano
2023-08-14 07:00:00,2023,8,14,SUR,1,1.0025,6.525,14.25,31.5,8.4775,verano
2023-08-14 07:00:00,2023,8,14,SUROESTE2,1,0.47,11.7,6.5,43.0,14.83,verano
2023-08-14 08:00:00,2023,8,14,CENTRO,1,0.44,12.3,10.0,53.0,18.42,verano
2023-08-14 08:00:00,2023,8,14,NORESTE3,0,1.3223333333333334,9.1,21.433333333333334,44.666666666666664,14.5,verano
2023-08-14 08:00:00,2023,8,14,NOROESTE3,0,0.5833333333333334,7.466666666666668,13.0,35.333333333333336,7.1,verano
2023-08-14 08:00:00,2023,8,14,NORTE2,0,1.19,13.3,12.0,42.0,9.0,verano
2023-08-14 08:00:00,2023,8,14,SUR,1,1.0274999999999999,6.525,16.5,41.75,12.61,verano
2023-08-14 08:00:00,2023,8,14,SUROESTE2,1,0.5499999999999999,9.9,9.0,49.5,15.08,verano
2023-08-15 07:00:00,2023,8,15,CENTRO,1,0.43,9.9,8.0,47.0,12.74,verano
2023-08-15 07:00:00,2023,8,15,NORESTE3,0,1.2876666666666667,8.633333333333333,16.866666666666667,36.666666666666664,11.0,verano
2023-08-15 07:00:00,2023,8,15,NOROESTE3,0,0.69,9.5,8.666666666666666,35.666666666666664,11.0,verano
2023-08-15 07:00:00,2023,8,15,NORTE2,0,1.06,10.2,11.0,24.0,,verano
2023-08-15 07:00:00,2023,8,15,SUR,1,1.17,7.15,10.25,27.5,9.4475,verano
2023-08-15 07:00:00,2023,8,15,SUROESTE2,1,0.525,12.350000000000001,4.0,54.5,13.74,verano
2023-08-15 08:00:00,2023,8,15,CENTRO,1,0.46,10.9,9.0,42.0,14.52,verano
2023-08-15 08:00:00,2023,8,15,NORESTE3,0,1.2953333333333334,8.166666666666666,20.533333333333335,39.0,13.5,verano
2023-08-15 08:00:00,2023,8,15,NOROESTE3,0,0.6633333333333333,8.366666666666667,10.666666666666666,54.666666666666664,9.0,verano
2023-08-15 08:00:00,2023,8,15,NORTE2,0,1.08,9.9,13.0,39.0,,verano
2023-08-15 08:00:00,2023,8,15,SUR,1,1.22,7.675,13.25,37.25,10.33,verano
2023-08-15 08:00:00,2023,8,15,SUROESTE2,1,0.57,13.3,5.5,39.0,18.225,verano
2023-08-16 07:00:00,2023,8,16,CENTRO,1,0.59,14.2,8.0,79.0,21.74,verano
2023-08-16 07:00:00,2023,8,16,NORESTE3,0,1.327,12.4,12.533333333333333,70.0,20.5,verano
2023-08-16 07:00:00,2023,8,16,NOROESTE3,0,0.6833333333333332,13.733333333333334,6.666666666666667,75.66666666666667,13.0,verano
2023-08-16 07:00:00,2023,8,16,NORTE2,0,1.63,18.6,9.0,74.0,17.0,verano
2023-08-16 07:00:00,2023,8,16,SUR,1,1.2425000000000002,14.4,9.0,68.25,19.7025,verano
2023-08-16 07:00:00,2023,8,16,SUROESTE2,1,0.675,20.05,3.0,104.0,32.515,verano
2023-08-16 08:00:00,2023,8,16,CENTRO,1,0.64,15.3,11.0,74.0,25.41,verano
2023-08-16 08:00:00,2023,8,16,NORESTE3,0,1.29,10.3,19.566666666666666,80.33333333333333,22.0,verano
2023-08-16 08:00:00,2023,8,16,NOROESTE3,0,0.8333333333333334,14.466666666666667,8.333333333333334,87.33333333333333,15.0,verano
2023-08-16 08:00:00,2023,8,16,NORTE2,0,1.59,18.4,11.0,84.0,,verano
2023-08-16 08:00:00,2023,8,16,SUR,1,1.345,15.375,13.75,73.25,18.2525,verano
2023-08-16 08:00:00,2023,8,16,SUROESTE2,1,0.755,21.5,6.0,138.0,30.585,verano
2023-08-17 07:00:00,2023,8,17,CENTRO,1,0.51,14.4,8.0,67.0,24.34,verano
2023-08-17 07:00:00,2023,8,17,NORESTE3,0,1.1415,15.566666666666668,11.433333333333332,75.0,21.0,verano
2023-08-17 07:00:00,2023,8,17,NOROESTE3,0,0.7566666666666667,15.566666666666668,6.333333333333333,86.66666666666667,15.0,verano
2023-08-17 07:00:00,2023,8,17,NORTE2,0,1.12,16.0,10.0,61.0,19.0,verano
2023-08-17 07:00:00,2023,8,17,SUR,1,1.3875000000000002,13.95,7.0,84.25,21.68,verano
2023-08-17 07:00:00,2023,8,17,SUROESTE2,1,0.64,18.3,2.0,75.0,30.185,verano
2023-08-17 08:00:00,2023,8,17,CENTRO,1,0.54,13.9,12.0,80.0,24.56,verano
2023-08-17 08:00:00,2023,8,17,NORESTE3,0,1.0645,12.333333333333334,19.566666666666666,95.0,26.0,verano
2023-08-17 08:00:00,2023,8,17,NOROESTE3,0,0.8366666666666666,16.400000000000002,8.0,102.33333333333333,13.0,verano
2023-08-17 08:00:00,2023,8,17,NORTE2,0,1.27,16.5,13.0,78.0,7.0,verano
2023-08-17 08:00:00,2023,8,17,SUR,1,1.335,14.475000000000001,12.25,93.5,21.65,verano
2023-08-17 08:00:00,2023,8,17,SUROESTE2,1,0.775,24.549999999999997,5.5,169.0,37.475,verano
2023-08-18 07:00:00,2023,8,18,CENTRO,1,0.52,21.1,9.0,55.0,10.48,verano
2023-08-18 07:00:00,2023,8,18,NORESTE3,0,1.0435,16.433333333333334,18.766666666666666,40.0,8.5,verano
2023-08-18 07:00:00,2023,8,18,NOROESTE3,0,0.6666666666666666,16.666666666666668,12.0,64.33333333333333,11.0,verano
2023-08-18 07:00:00,2023,8,18,NORTE2,0,1.11,18.6,14.0,34.0,6.0,verano
2023-08-18 07:00:00,2023,8,18,SUR,1,1.2349999999999999,13.3,15.0,53.75,6.9475,verano
2023-08-18 07:00:00,2023,8,18,SUROESTE2,1,0.51,22.75,6.5,48.0,10.809999999999999,verano
2023-08-18 08:00:00,2023,8,18,CENTRO,1,0.54,19.0,15.0,54.0,11.87,verano
2023-08-18 08:00:00,2023,8,18,NORESTE3,0,1.0275,13.366666666666667,25.3,44.333333333333336,10.0,verano
2023-08-18 08:00:00,2023,8,18,NOROESTE3,0,0.6999999999999998,16.233333333333334,14.333333333333334,69.33333333333333,8.0,verano
2023-08-18 08:00:00,2023,8,18,NORTE2,0,1.26,17.5,18.0,47.0,2.0,verano
2023-08-18 08:00:00,2023,8,18,SUR,1,1.25,15.075,17.0,61.0,9.34,verano
2023-08-18 08:00:00,2023,8,18,SUROESTE2,1,0.585,20.4,9.5,53.5,14.81,verano
2023-08-19 07:00:00,2023,8,19,CENTRO,0,0.51,12.8,10.0,82.0,20.43,verano
2023-08-19 07:00:00,2023,8,19,NORESTE3,0,0.9915,12.433333333333332,15.366666666666667,60.666666666666664,18.0,verano
2023-08-19 07:00:00,2023,8,19,NOROESTE3,0,0.6166666666666667,11.700000000000001,10.666666666666666,49.333333333333336,11.0,verano
2023-08-19 07:00:00,2023,8,19,NORTE2,0,0.8049999999999999,10.85,12.0,44.5,15.5,verano
2023-08-19 07:00:00,2023,8,19,SUR,0,1.0975,6.25,16.25,48.255,14.376666666666667,verano
2023-08-19 07:00:00,2023,8,19,SUROESTE2,0,0.52,16.4,6.0,67.0,20.384999999999998,verano
2023-08-19 08:00:00,2023,8,19,CENTRO,0,0.52,12.8,11.0,63.0,23.3,verano
2023-08-19 08:00:00,2023,8,19,NORESTE3,0,0.9875,10.166666666666666,19.666666666666668,64.33333333333333,20.5,verano
2023-08-19 08:00:00,2023,8,19,NOROESTE3,0,0.66,10.833333333333334,12.333333333333334,54.0,12.0,verano
2023-08-19 08:00:00,2023,8,19,NORTE2,0,0.88,10.899999999999999,13.0,51.5,9.0,verano
2023-08-19 08:00:00,2023,8,19,SUR,0,1.13,7.725,16.25,56.7625,15.6225,verano
2023-08-19 08:00:00,2023,8,19,SUROESTE2,0,0.585,17.05,7.0,77.5,29.285,verano
2023-08-20 07:00:00,2023,8,20,CENTRO,0,0.57,14.7,10.0,96.0,31.66,verano
2023-08-20 07:00:00,2023,8,20,NORESTE3,0,0.9229999999999999,8.799999999999999,19.233333333333334,81.66666666666667,26.5,verano
2023-08-20 07:00:00,2023,8,20,NOROESTE3,0,0.6133333333333333,10.799999999999999,11.333333333333334,91.66666666666667,16.0,verano
2023-08-20 07:00:00,2023,8,20,NORTE2,0,0.8300000000000001,10.0,13.5,75.0,20.0,verano
2023-08-20 07:00:00,2023,8,20,SUR,0,1.15,9.1,13.75,84.75,23.15,verano
2023-08-20 07:00:00,2023,8,20,SUROESTE2,0,0.51,17.95,4.5,95.5,29.855,verano
2023-08-20 08:00:00,2023,8,20,CENTRO,0,0.61,12.8,14.0,93.0,33.17,verano
2023-08-20 08:00:00,2023,8,20,NORESTE3,0,0.9289999999999999,8.666666666666666,22.7,80.33333333333333,28.0,verano
2023-08-20 08:00:00,2023,8,20,NOROESTE3,0,0.6133333333333333,9.9,13.666666666666666,93.33333333333333,16.0,verano
2023-08-20 08:00:00,2023,8,20,NORTE2,0,0.835,9.1,16.0,79.5,6.0,verano
2023-08-20 08:00:00,2023,8,20,SUR,0,1.1524999999999999,7.35,18.5,85.5,22.68,verano
2023-08-20 08:00:00,2023,8,20,SUROESTE2,0,0.595,16.0,8.5,95.5,34.67,verano
2023-08-21 07:00:00,2023,8,21,CENTRO,1,0.67,18.7,8.0,59.0,19.34,verano
2023-08-21 07:00:00,2023,8,21,NORESTE3,0,1.06,16.900000000000002,11.700000000000001,55.333333333333336,17.0,verano
2023-08-21 07:00:00,2023,8,21,NOROESTE3,0,0.8133333333333334,17.900000000000002,10.666666666666666,61.0,11.0,verano
2023-08-21 07:00:00,2023,8,21,NORTE2,0,1.13,21.55,8.5,54.5,16.0,verano
2023-08-21 07:00:00,2023,8,21,SUR,1,1.3825,20.0,7.0,66.25,20.25,verano
2023-08-21 07:00:00,2023,8,21,SUROESTE2,1,0.72,19.95,5.0,48.0,18.880000000000003,verano
2023-08-21 08:00:00,2023,8,21,CENTRO,1,0.71,18.8,11.0,65.0,20.06,verano
2023-08-21 08:00:00,2023,8,21,NORESTE3,0,1.0390000000000001,15.199999999999998,18.933333333333334,73.0,20.5,verano
2023-08-21 08:00:00,2023,8,21,NOROESTE3,0,0.7999999999999999,17.933333333333334,11.0,63.666666666666664,11.0,verano
2023-08-21 08:00:00,2023,8,21,NORTE2,0,1.005,19.0,12.5,66.0,12.0,verano
2023-08-21 08:00:00,2023,8,21,SUR,1,1.365,18.35,14.0,78.0,16.0,verano
2023-08-21 08:00:00,2023,8,21,SUROESTE2,1,0.69,19.35,8.5,59.5,21.105,verano
2023-08-22 07:00:00,2023,8,22,CENTRO,1,0.57,20.3,18.0,47.0,16.64,verano
2023-08-22 07:00:00,2023,8,22,NORESTE3,0,1.082,20.5,19.866666666666667,65.33333333333333,17.5,verano
2023-08-22 07:00:00,2023,8,22,NOROESTE3,0,0.7466666666666667,17.633333333333336,18.333333333333332,38.333333333333336,10.0,verano
2023-08-22 07:00:00,2023,8,22,NORTE2,0,0.95,19.15,17.0,46.5,9.379999999999999,verano
2023-08-22 07:00:00,2023,8,22,SUR,1,1.2425000000000002,18.35,17.25,46.5,14.03,verano
2023-08-22 07:00:00,2023,8,22,SUROESTE2,1,0.54,20.2,14.0,40.5,17.560000000000002,verano
2023-08-22 08:00:00,2023,8,22,CENTRO,1,0.62,16.9,21.0,53.0,17.7,verano
2023-08-22 08:00:00,2023,8,22,NORESTE3,0,1.0325,16.599999999999998,27.666666666666668,76.33333333333333,17.5,verano
2023-08-22 08:00:00,2023,8,22,NOROESTE3,0,0.8500000000000001,20.633333333333333,16.0,47.333333333333336,10.4,verano
2023-08-22 08:00:00,2023,8,22,NORTE2,0,1.185,22.65,15.0,53.5,5.885,verano
2023-08-22 08:00:00,2023,8,22,SUR,1,1.325,18.6,19.75,55.0,14.5325,verano
2023-08-22 08:00:00,2023,8,22,SUROESTE2,1,0.59,19.85,15.0,44.0,18.52,verano
2023-08-23 07:00:00,2023,8,23,CENTRO,1,0.5,10.4,24.0,27.0,5.44,verano
2023-08-23 07:00:00,2023,8,23,NORESTE3,0,0.999,14.866666666666665,22.900000000000002,32.333333333333336,8.0,verano
2023-08-23 07:00:00,2023,8,23,NOROESTE3,0,0.7866666666666667,12.4,20.666666666666668,21.666666666666668,6.84,verano
2023-08-23 07:00:00,2023,8,23,NORTE2,1,0.845,12.6,21.0,35.0,13.805,verano
2023-08-23 07:00:00,2023,8,23,SUR,1,1.15,10.4,22.75,16.0,5.0775,verano
2023-08-23 07:00:00,2023,8,23,SUROESTE2,1,0.495,11.8,18.0,28.5,6.67,verano
2023-08-23 08:00:00,2023,8,23,CENTRO,1,0.54,15.0,20.0,35.0,5.74,verano
2023-08-23 08:00:00,2023,8,23,NORESTE3,0,1.0315,13.633333333333335,27.03333333333333,35.333333333333336,5.0,verano
2023-08-23 08:00:00,2023,8,23,NOROESTE3,0,0.7166666666666667,12.4,22.0,20.333333333333332,5.34,verano
2023-08-23 08:00:00,2023,8,23,NORTE2,1,0.95,12.85,24.0,28.0,9.780000000000001,verano
2023-08-23 08:00:00,2023,8,23,SUR,1,1.16,9.475,25.0,19.75,4.2225,verano
2023-08-23 08:00:00,2023,8,23,SUROESTE2,1,0.565,15.899999999999999,14.0,29.0,8.455,verano
2023-08-24 07:00:00,2023,8,24,CENTRO,1,0.56,14.6,11.0,40.0,10.6,verano
2023-08-24 07:00:00,2023,8,24,NORESTE3,0,1.0135,15.433333333333332,15.633333333333333,39.0,12.0,verano
2023-08-24 07:00:00,2023,8,24,NOROESTE3,0,0.7433333333333333,11.666666666666666,13.666666666666666,23.666666666666668,6.66,verano
2023-08-24 07:00:00,2023,8,24,NORTE2,1,1.025,15.0,9.0,28.5,10.965,verano
2023-08-24 07:00:00,2023,8,24,SUR,1,1.1925,12.575,9.0,28.5,10.557500000000001,verano
2023-08-24 07:00:00,2023,8,24,SUROESTE2,1,0.56,19.8,5.5,49.5,14.379999999999999,verano
2023-08-24 08:00:00,2023,8,24,CENTRO,1,0.59,16.3,11.0,42.0,17.11,verano
2023-08-24 08:00:00,2023,8,24,NORESTE3,0,0.9875,14.233333333333334,19.666666666666668,37.5,14.5,verano
2023-08-24 08:00:00,2023,8,24,NOROESTE3,0,0.7566666666666667,10.233333333333333,16.333333333333332,23.666666666666668,6.17,verano
2023-08-24 08:00:00,2023,8,24,NORTE2,1,1.12,14.399999999999999,13.0,34.0,3.74,verano
2023-08-24 08:00:00,2023,8,24,SUR,1,1.255,12.475000000000001,11.75,41.75,14.315,verano
2023-08-24 08:00:00,2023,8,24,SUROESTE2,1,0.6,16.55,9.0,40.0,16.355,verano
2023-08-25 07:00:00,2023,8,25,CENTRO,1,0.64,15.9,8.0,68.0,18.07,verano
2023-08-25 07:00:00,2023,8,25,NORESTE3,0,1.0,12.066666666666668,14.4,62.666666666666664,16.5,verano
2023-08-25 07:00:00,2023,8,25,NOROESTE3,0,0.7566666666666667,14.766666666666666,7.666666666666667,57.333333333333336,10.0,verano
2023-08-25 07:00:00,2023,8,25,NORTE2,1,1.0899999999999999,14.649999999999999,8.0,68.5,12.995000000000001,verano
2023-08-25 07:00:00,2023,8,25,SUR,1,1.22,13.15,7.75,62.5,16.6625,verano
2023-08-25 07:00:00,2023,8,25,SUROESTE2,1,0.5549999999999999,19.55,3.5,78.5,20.345,verano
2023-08-25 08:00:00,2023,8,25,CENTRO,1,0.7,16.3,11.0,66.0,20.61,verano
2023-08-25 08:00:00,2023,8,25,NORESTE3,0,0.9535,12.299999999999999,18.133333333333333,70.0,19.5,verano
2023-08-25 08:00:00,2023,8,25,NOROESTE3,0,0.8266666666666667,13.666666666666666,9.666666666666666,63.666666666666664,11.0,verano
2023-08-25 08:00:00,2023,8,25,NORTE2,1,1.155,16.05,10.0,76.0,7.27,verano
2023-08-25 08:00:00,2023,8,25,SUR,1,1.2875,13.0,13.25,76.0,15.515,verano
2023-08-25 08:00:00,2023,8,25,SUROESTE2,1,0.7,20.55,8.5,78.0,22.255000000000003,verano
2023-08-26 07:00:00,2023,8,26,CENTRO,0,0.84,27.1,8.0,60.0,21.58,verano
2023-08-26 07:00:00,2023,8,26,NORESTE3,0,0.9650000000000001,12.033333333333331,24.066666666666666,36.666666666666664,9.5,verano
2023-08-26 07:00:00,2023,8,26,NOROESTE3,0,0.7866666666666667,22.666666666666668,9.333333333333334,47.333333333333336,8.48,verano
2023-08-26 07:00:00,2023,8,26,NORTE2,0,0.98,18.05,14.5,68.5,10.91,verano
2023-08-26 07:00:00,2023,8,26,SUR,0,1.2650000000000001,19.1,11.5,52.0,14.775,verano
2023-08-26 07:00:00,2023,8,26,SUROESTE2,0,0.7,22.35,8.5,50.0,17.07,verano
2023-08-26 08:00:00,2023,8,26,CENTRO,0,0.93,23.8,14.0,74.0,23.57,verano
2023-08-26 08:00:00,2023,8,26,NORESTE3,0,0.9784999999999999,12.066666666666668,30.633333333333336,43.666666666666664,11.5,verano
2023-08-26 08:00:00,2023,8,26,NOROESTE3,0,0.545,15.65,16.0,51.5,9.96,verano
2023-08-26 08:00:00,2023,8,26,NORTE2,0,1.135,18.15,19.0,53.0,9.515,verano
2023-08-26 08:00:00,2023,8,26,SUR,0,1.325,19.45,16.75,64.0,14.0275,verano
2023-08-26 08:00:00,2023,8,26,SUROESTE2,0,0.9099999999999999,29.35,8.5,69.0,21.955,verano
2023-08-27 07:00:00,2023,8,27,CENTRO,0,0.78,18.8,15.0,49.0,15.25,verano
2023-08-27 07:00:00,2023,8,27,NORESTE3,0,0.95,10.866666666666667,27.53333333333333,35.666666666666664,11.0,verano
2023-08-27 07:00:00,2023,8,27,NOROESTE3,0,0.7133333333333334,15.433333333333332,18.5,34.0,,verano
2023-08-27 07:00:00,2023,8,27,NORTE2,0,0.9349999999999999,13.95,19.5,45.5,12.605,verano
2023-08-27 07:00:00,2023,8,27,SUR,0,1.22,9.975,21.5,37.75,11.145,verano
2023-08-27 07:00:00,2023,8,27,SUROESTE2,0,0.655,22.4,6.5,76.0,20.695,verano
2023-08-27 08:00:00,2023,8,27,CENTRO,0,0.8,14.8,21.0,51.0,16.75,verano
2023-08-27 08:00:00,2023,8,27,NORESTE3,0,0.8935,8.1,35.53333333333333,42.333333333333336,13.0,verano
2023-08-27 08:00:00,2023,8,27,NOROESTE3,0,0.7466666666666667,15.433333333333332,16.333333333333332,36.0,,verano
2023-08-27 08:00:00,2023,8,27,NORTE2,0,0.9249999999999999,11.5,25.5,45.5,5.385,verano
2023-08-27 08:00:00,2023,8,27,SUR,0,1.2650000000000001,11.425,22.5,37.75,9.625,verano
2023-08-27 08:00:00,2023,8,27,SUROESTE2,0,0.72,20.9,10.5,77.0,18.064999999999998,verano
2023-08-28 07:00:00,2023,8,28,CENTRO,1,1.04,23.7,9.0,49.0,,verano
2023-08-28 07:00:00,2023,8,28,NORESTE3,0,1.196,23.733333333333334,14.466666666666667,44.0,12.0,verano
2023-08-28 07:00:00,2023,8,28,NOROESTE3,0,1.03,23.833333333333332,7.333333333333333,45.666666666666664,,verano
2023-08-28 07:00:00,2023,8,28,NORTE2,1,1.37,25.65,8.5,40.5,11.08,verano
2023-08-28 07:00:00,2023,8,28,SUR,1,1.52,22.5,9.5,60.0,14.145,verano
2023-08-28 07:00:00,2023,8,28,SUROESTE2,1,0.875,28.85,6.5,65.5,21.7,verano
2023-08-28 08:00:00,2023,8,28,CENTRO,1,1.02,23.1,16.0,47.0,,verano
2023-08-28 08:00:00,2023,8,28,NORESTE3,0,1.2645,21.933333333333334,22.96666666666667,66.66666666666667,13.5,verano
2023-08-28 08:00:00,2023,8,28,NOROESTE3,0,1.1433333333333333,22.900000000000002,10.333333333333334,64.0,,verano
2023-08-28 08:00:00,2023,8,28,NORTE2,1,1.145,20.1,18.5,59.0,7.815,verano
2023-08-28 08:00:00,2023,8,28,SUR,1,1.6575,23.325,14.0,72.0,13.120000000000001,verano
2023-08-28 08:00:00,2023,8,28,SUROESTE2,1,0.99,29.7,9.5,105.5,26.47,verano
2023-08-29 07:00:00,2023,8,29,CENTRO,1,1.01,30.5,9.0,55.0,19.88,verano
2023-08-29 07:00:00,2023,8,29,NORESTE3,0,0.9705,16.033333333333335,39.43333333333333,61.333333333333336,19.5,verano
2023-08-29 07:00:00,2023,8,29,NOROESTE3,0,1.01,27.8,11.0,60.333333333333336,,verano
2023-08-29 07:00:00,2023,8,29,NORTE2,1,1.045,21.65,28.0,53.0,13.015,verano
2023-08-29 07:00:00,2023,8,29,SUR,1,1.3625,24.45,19.0,64.5,18.425,verano
2023-08-29 07:00:00,2023,8,29,SUROESTE2,1,0.96,34.25,5.5,113.5,29.5,verano
2023-08-29 08:00:00,2023,8,29,CENTRO,1,1.01,17.7,37.0,73.0,16.11,verano
2023-08-29 08:00:00,2023,8,29,NORESTE3,0,0.991,12.9,46.1,63.0,18.5,verano
2023-08-29 08:00:00,2023,8,29,NOROESTE3,0,1.0666666666666667,21.099999999999998,19.666666666666668,79.66666666666667,,verano
2023-08-29 08:00:00,2023,8,29,NORTE2,1,1.0699999999999998,16.55,34.0,69.5,15.58,verano
2023-08-29 08:00:00,2023,8,29,SUR,1,1.3075,16.275,34.25,68.5,13.245000000000001,verano
2023-08-29 08:00:00,2023,8,29,SUROESTE2,1,1.205,38.8,7.5,110.5,36.5,verano
2023-08-30 07:00:00,2023,8,30,CENTRO,1,0.68,19.3,21.0,38.0,14.0,verano
2023-08-30 07:00:00,2023,8,30,NORESTE3,0,1.1406666666666667,34.03333333333333,10.733333333333334,129.66666666666666,34.0,verano
2023-08-30 07:00:00,2023,8,30,NOROESTE3,0,1.2066666666666668,30.299999999999997,6.666666666666667,87.0,,verano
2023-08-30 07:00:00,2023,8,30,NORTE2,1,1.575,34.5,10.0,134.0,11.35,verano
2023-08-30 07:00:00,2023,8,30,SUR,1,1.8475,28.225,7.0,82.0,21.255,verano
2023-08-30 07:00:00,2023,8,30,SUROESTE2,1,0.7849999999999999,31.25,7.5,58.5,17.5,verano
2023-08-30 08:00:00,2023,8,30,CENTRO,1,0.72,24.6,20.0,52.0,,verano
2023-08-30 08:00:00,2023,8,30,NORESTE3,0,1.2146666666666668,36.06666666666667,19.433333333333334,156.66666666666666,38.0,verano
2023-08-30 08:00:00,2023,8,30,NOROESTE3,0,1.5666666666666667,31.2,7.666666666666667,118.0,,verano
2023-08-30 08:00:00,2023,8,30,NORTE2,1,1.5150000000000001,33.95,15.5,147.5,10.98,verano
2023-08-30 08:00:00,2023,8,30,SUR,1,2.01,32.525,12.5,94.5,21.53,verano
2023-08-30 08:00:00,2023,8,30,SUROESTE2,1,0.9199999999999999,30.25,11.5,67.5,22.0,verano
2023-08-31 07:00:00,2023,8,31,CENTRO,1,1.11,39.3,8.0,56.0,25.0,verano
2023-08-31 07:00:00,2023,8,31,NORESTE3,0,1.0416666666666667,34.166666666666664,13.033333333333333,76.0,20.5,verano
2023-08-31 07:00:00,2023,8,31,NOROESTE3,0,0.9466666666666667,31.0,10.0,77.0,12.48,verano
2023-08-31 07:00:00,2023,8,31,NORTE2,1,1.375,34.4,9.5,73.5,20.880000000000003,verano
2023-08-31 07:00:00,2023,8,31,SUR,1,1.5375,36.875,9.75,72.0,19.747500000000002,verano
2023-08-31 07:00:00,2023,8,31,SUROESTE2,1,0.845,36.75,8.5,90.0,44.0,verano
2023-08-31 08:00:00,2023,8,31,CENTRO,1,0.95,32.5,15.0,82.0,25.0,verano
2023-08-31 08:00:00,2023,8,31,NORESTE3,0,1.0979999999999999,31.599999999999998,23.133333333333336,99.0,22.0,verano
2023-08-31 08:00:00,2023,8,31,NOROESTE3,0,1.1933333333333334,32.13333333333333,11.0,99.66666666666667,12.48,verano
2023-08-31 08:00:00,2023,8,31,NORTE2,1,1.19,28.900000000000002,19.0,87.0,17.895,verano
2023-08-31 08:00:00,2023,8,31,SUR,1,1.8525,34.65,13.5,100.25,24.383333333333336,verano
2023-08-31 08:00:00,2023,8,31,SUROESTE2,1,0.9750000000000001,40.95,12.0,188.0,33.5,verano
2023-09-01 07:00:00,2023,9,1,CENTRO,1,1.03,28.4,16.0,50.0,21.0,otra
2023-09-01 07:00:00,2023,9,1,NORESTE3,0,0.926,24.433333333333334,22.866666666666664,48.666666666666664,15.5,otra
2023-09-01 07:00:00,2023,9,1,NOROESTE3,0,0.9433333333333334,29.433333333333334,16.666666666666668,58.333333333333336,7.86,otra
2023-09-01 07:00:00,2023,9,1,NORTE2,1,1.225,32.9,10.0,69.0,14.525,otra
2023-09-01 07:00:00,2023,9,1,SUR,1,1.425,24.075,16.75,56.5,18.8725,otra
2023-09-01 07:00:00,2023,9,1,SUROESTE2,1,0.8700000000000001,34.6,9.5,71.0,36.5,otra
2023-09-01 08:00:00,2023,9,1,CENTRO,1,1.02,30.5,19.0,56.0,23.0,otra
2023-09-01 08:00:00,2023,9,1,NORESTE3,0,0.9483333333333333,21.833333333333332,34.199999999999996,77.0,16.5,otra
2023-09-01 08:00:00,2023,9,1,NOROESTE3,0,0.9066666666666666,26.099999999999998,21.333333333333332,64.66666666666667,6.89,otra
2023-09-01 08:00:00,2023,9,1,NORTE2,1,1.34,30.15,15.5,84.5,15.95,otra
2023-09-01 08:00:00,2023,9,1,SUR,1,1.52,22.775,25.0,64.25,16.3375,otra
2023-09-01 08:00:00,2023,9,1,SUROESTE2,1,0.935,32.5,14.0,125.5,48.0,otra
2023-09-02 07:00:00,2023,9,2,CENTRO,0,0.65,9.7,31.0,38.0,16.0,otra
2023-09-02 07:00:00,2023,9,2,NORESTE3,0,0.8916666666666666,18.066666666666666,26.233333333333334,58.0,15.0,otra
2023-09-02 07:00:00,2023,9,2,NOROESTE3,0,0.8733333333333334,23.433333333333334,16.666666666666668,52.666666666666664,12.765,otra
2023-09-02 07:00:00,2023,9,2,NORTE2,0,1.15,26.35,11.0,68.0,21.58,otra
2023-09-02 07:00:00,2023,9,2,SUR,0,1.3575,22.475,14.75,47.0,15.666666666666666,otra
2023-09-02 07:00:00,2023,9,2,SUROESTE2,0,0.66,16.4,19.0,30.0,16.5,otra
2023-09-02 08:00:00,2023,9,2,CENTRO,0,0.76,18.3,25.0,42.0,16.0,otra
2023-09-02 08:00:00,2023,9,2,NORESTE3,0,0.84,14.933333333333332,37.0,68.33333333333333,15.0,otra
2023-09-02 08:00:00,2023,9,2,NOROESTE3,0,0.9533333333333333,27.099999999999998,14.333333333333334,58.666666666666664,18.14,otra
2023-09-02 08:00:00,2023,9,2,NORTE2,0,1.115,22.25,19.0,71.5,16.205,otra
2023-09-02 08:00:00,2023,9,2,SUR,0,1.4275,21.2,20.75,59.5,14.333333333333334,otra
2023-09-02 08:00:00,2023,9,2,SUROESTE2,0,0.74,23.4,17.0,35.0,17.5,otra
2023-09-03 07:00:00,2023,9,3,CENTRO,0,0.78,23.0,15.0,43.0,20.0,otra
2023-09-03 07:00:00,2023,9,3,NORESTE3,0,0.7576666666666667,12.066666666666668,31.766666666666666,39.333333333333336,16.0,otra
2023-09-03 07:00:00,2023,9,3,NOROESTE3,0,0.8166666666666668,17.45,20.333333333333332,72.33333333333333,17.71,otra
2023-09-03 07:00:00,2023,9,3,NORTE2,0,1.01,18.25,18.0,41.25,12.559999999999999,otra
2023-09-03 07:00:00,2023,9,3,SUR,0,1.0375,12.45,23.5,45.5,14.0,otra
2023-09-03 07:00:00,2023,9,3,SUROESTE2,0,0.6799999999999999,21.0,11.5,42.5,24.0,otra
2023-09-03 08:00:00,2023,9,3,CENTRO,0,0.78,17.3,22.0,46.0,20.0,otra
2023-09-03 08:00:00,2023,9,3,NORESTE3,0,0.7583333333333333,11.333333333333334,37.800000000000004,43.666666666666664,17.5,otra
2023-09-03 08:00:00,2023,9,3,NOROESTE3,0,0.88,16.900000000000002,20.0,55.0,20.21,otra
2023-09-03 08:00:00,2023,9,3,NORTE2,0,1.1,16.0,23.5,36.86,9.559999999999999,otra
2023-09-03 08:00:00,2023,9,3,SUR,0,1.08,13.5,26.0,40.25,11.666666666666666,otra
2023-09-03 08:00:00,2023,9,3,SUROESTE2,0,0.735,19.5,15.0,61.0,24.0,otra
2023-09-04 07:00:00,2023,9,4,CENTRO,1,0.72,18.5,7.0,67.0,19.0,otra
2023-09-04 07:00:00,2023,9,4,NORESTE3,0,0.7733333333333333,12.666666666666666,20.333333333333332,40.333333333333336,12.0,otra
2023-09-04 07:00:00,2023,9,4,NOROESTE3,0,0.9133333333333334,13.966666666666667,11.0,24.0,10.57,otra
2023-09-04 07:00:00,2023,9,4,NORTE2,1,1.025,12.35,14.5,27.545,11.25,otra
2023-09-04 07:00:00,2023,9,4,SUR,1,0.9424999999999999,9.55,15.75,34.5,12.666666666666666,otra
2023-09-04 07:00:00,2023,9,4,SUROESTE2,1,0.6699999999999999,17.5,6.0,53.0,15.5,otra
2023-09-04 08:00:00,2023,9,4,CENTRO,1,0.88,19.1,8.0,61.0,20.0,otra
2023-09-04 08:00:00,2023,9,4,NORESTE3,0,0.8393333333333333,11.933333333333332,23.133333333333336,42.333333333333336,14.5,otra
2023-09-04 08:00:00,2023,9,4,NOROESTE3,0,0.88,14.566666666666668,11.333333333333334,33.0,11.795,otra
2023-09-04 08:00:00,2023,9,4,NORTE2,1,1.185,13.55,15.0,37.730000000000004,6.28,otra
2023-09-04 08:00:00,2023,9,4,SUR,1,1.03,10.375,17.75,38.5,11.333333333333334,otra
2023-09-04 08:00:00,2023,9,4,SUROESTE2,1,0.8049999999999999,18.55,7.0,57.5,16.5,otra
2023-09-05 07:00:00,2023,9,5,CENTRO,1,0.67,14.3,6.0,52.0,19.0,otra
2023-09-05 07:00:00,2023,9,5,NORESTE3,0,0.8326666666666666,12.1,12.766666666666666,47.333333333333336,16.5,otra
2023-09-05 07:00:00,2023,9,5,NOROESTE3,0,0.82,12.266666666666666,8.0,38.333333333333336,11.465,otra
2023-09-05 07:00:00,2023,9,5,NORTE2,1,1.0,10.100000000000001,10.5,36.5,6.41,otra
2023-09-05 07:00:00,2023,9,5,SUR,1,0.9725,7.3,12.25,35.5,10.625,otra
2023-09-05 07:00:00,2023,9,5,SUROESTE2,1,0.675,17.05,3.5,58.0,16.17,otra
2023-09-05 08:00:00,2023,9,5,CENTRO,1,0.84,14.1,7.0,60.0,19.0,otra
2023-09-05 08:00:00,2023,9,5,NORESTE3,0,0.8450000000000001,10.766666666666666,15.200000000000001,52.0,13.5,otra
2023-09-05 08:00:00,2023,9,5,NOROESTE3,0,0.9133333333333334,12.0,9.333333333333334,44.333333333333336,11.2,otra
2023-09-05 08:00:00,2023,9,5,NORTE2,1,1.075,11.9,10.5,43.5,10.34,otra
2023-09-05 08:00:00,2023,9,5,SUR,1,1.0875,8.925,13.25,40.25,9.333333333333334,otra
2023-09-05 08:00:00,2023,9,5,SUROESTE2,1,0.885,16.95,5.5,56.0,19.82,otra
2023-09-06 07:00:00,2023,9,6,CENTRO,1,0.65,6.2,11.0,29.02,19.28,otra
2023-09-06 07:00:00,2023,9,6,NORESTE3,0,0.8276666666666667,9.799999999999999,15.933333333333332,32.666666666666664,12.5,otra
2023-09-06 07:00:00,2023,9,6,NOROESTE3,0,0.7133333333333334,8.966666666666667,8.333333333333334,29.333333333333332,12.99,otra
2023-09-06 07:00:00,2023,9,6,NORTE2,1,0.98,7.8500000000000005,10.5,29.5,10.3,otra
2023-09-06 07:00:00,2023,9,6,SUR,1,0.9375,4.775,11.666666666666666,30.0,8.19,otra
2023-09-06 07:00:00,2023,9,6,SUROESTE2,1,0.645,15.0,2.5,55.5,18.525,otra
2023-09-06 08:00:00,2023,9,6,CENTRO,1,0.83,11.9,7.0,54.05,19.26,otra
2023-09-06 08:00:00,2023,9,6,NORESTE3,0,0.851,9.766666666666667,17.233333333333334,41.0,12.0,otra
2023-09-06 08:00:00,2023,9,6,NOROESTE3,0,0.84,9.166666666666666,9.0,33.666666666666664,10.879999999999999,otra
2023-09-06 08:00:00,2023,9,6,NORTE2,1,1.105,8.45,11.0,39.0,7.8,otra
2023-09-06 08:00:00,2023,9,6,SUR,1,0.98,5.75,13.0,30.75,9.4,otra
2023-09-06 08:00:00,2023,9,6,SUROESTE2,1,0.78,12.85,5.0,51.5,19.475,otra
2023-09-07 07:00:00,2023,9,7,CENTRO,1,0.69,10.7,6.0,34.0,12.07,otra
2023-09-07 07:00:00,2023,9,7,NORESTE3,0,0.7863333333333333,10.233333333333334,16.533333333333335,33.0,6.0,otra
2023-09-07 07:00:00,2023,9,7,NOROESTE3,0,0.8033333333333333,9.333333333333334,7.666666666666667,18.333333333333332,5.970000000000001,otra
2023-09-07 07:00:00,2023,9,7,NORTE2,1,1.095,10.149999999999999,8.0,22.5,7.615,otra
2023-09-07 07:00:00,2023,9,7,SUR,1,1.0,7.5,8.75,24.25,7.206666666666667,otra
2023-09-07 07:00:00,2023,9,7,SUROESTE2,1,0.645,13.25,3.5,45.305,10.64,otra
2023-09-07 08:00:00,2023,9,7,CENTRO,1,0.8,11.9,8.0,54.0,17.63,otra
2023-09-07 08:00:00,2023,9,7,NORESTE3,0,0.8656666666666667,10.1,17.466666666666665,38.333333333333336,10.0,otra
2023-09-07 08:00:00,2023,9,7,NOROESTE3,0,0.8466666666666667,9.433333333333334,8.333333333333334,24.333333333333332,7.535,otra
2023-09-07 08:00:00,2023,9,7,NORTE2,1,1.095,9.95,9.5,33.5,6.98,otra
2023-09-07 08:00:00,2023,9,7,SUR,1,1.08,8.899999999999999,10.25,31.75,6.025,otra
2023-09-07 08:00:00,2023,9,7,SUROESTE2,1,0.815,12.75,4.5,44.879999999999995,14.125,otra
2023-09-08 07:00:00,2023,9,8,CENTRO,1,1.06,12.7,8.0,44.0,,otra
2023-09-08 07:00:00,2023,9,8,NORESTE3,0,0.782,9.733333333333333,15.566666666666668,41.666666666666664,7.5,otra
2023-09-08 07:00:00,2023,9,8,NOROESTE3,0,0.7866666666666666,11.233333333333334,7.666666666666667,22.0,10.545,otra
2023-09-08 07:00:00,2023,9,8,NORTE2,1,1.105,11.45,7.0,30.0,9.795,otra
2023-09-08 07:00:00,2023,9,8,SUR,1,1.1025,9.8,7.75,31.25,10.5175,otra
2023-09-08 07:00:00,2023,9,8,SUROESTE2,1,0.74,16.1,3.0,51.125,10.245000000000001,otra
2023-09-08 08:00:00,2023,9,8,CENTRO,1,1.1,11.8,11.0,52.0,,otra
2023-09-08 08:00:00,2023,9,8,NORESTE3,0,0.8013333333333333,8.9,18.400000000000002,42.333333333333336,12.5,otra
2023-09-08 08:00:00,2023,9,8,NOROESTE3,0,0.7966666666666667,11.299999999999999,8.333333333333334,31.666666666666668,6.275,otra
2023-09-08 08:00:00,2023,9,8,NORTE2,1,1.1099999999999999,10.75,10.0,51.0,6.05,otra
2023-09-08 08:00:00,2023,9,8,SUR,1,1.2075,10.425,11.0,74.25,9.68,otra
2023-09-08 08:00:00,2023,9,8,SUROESTE2,1,0.8049999999999999,16.549999999999997,6.0,79.13,13.07,otra
2023-09-09 07:00:00,2023,9,9,CENTRO,0,0.72,13.5,6.0,49.0,19.0,otra
2023-09-09 07:00:00,2023,9,9,NORESTE3,0,0.7440000000000001,9.4,17.866666666666667,30.666666666666668,11.5,otra
2023-09-09 07:00:00,2023,9,9,NOROESTE3,0,0.7566666666666667,8.700000000000001,9.666666666666666,23.666666666666668,10.65,otra
2023-09-09 07:00:00,2023,9,9,NORTE2,0,0.825,10.2,11.5,24.0,7.95,otra
2023-09-09 07:00:00,2023,9,9,SUR,0,0.9925,6.575,12.25,23.5,4.263333333333333,otra
2023-09-09 07:00:00,2023,9,9,SUROESTE2,0,0.6599999999999999,14.7,3.5,70.88,16.810000000000002,otra
2023-09-09 08:00:00,2023,9,9,CENTRO,0,0.78,11.3,8.0,67.0,18.0,otra
2023-09-09 08:00:00,2023,9,9,NORESTE3,0,0.7759999999999999,8.866666666666667,20.2,37.333333333333336,10.5,otra
2023-09-09 08:00:00,2023,9,9,NOROESTE3,0,0.7366666666666667,8.6,10.666666666666666,27.333333333333332,10.835,otra
2023-09-09 08:00:00,2023,9,9,NORTE2,0,0.855,8.2,14.0,23.0,6.14,otra
2023-09-09 08:00:00,2023,9,9,SUR,0,1.0425,7.0,14.0,28.75,7.9975000000000005,otra
2023-09-09 08:00:00,2023,9,9,SUROESTE2,0,0.73,12.3,7.0,67.48,17.955,otra
2023-09-10 07:00:00,2023,9,10,CENTRO,0,0.79,15.7,7.0,54.0,12.0,otra
2023-09-10 07:00:00,2023,9,10,NORESTE3,0,0.7313333333333333,11.866666666666667,15.4,25.666666666666668,6.0,otra
2023-09-10 07:00:00,2023,9,10,NOROESTE3,0,0.7433333333333335,13.833333333333334,8.0,22.0,6.3,otra
2023-09-10 07:00:00,2023,9,10,NORTE2,0,0.825,12.45,9.0,25.0,3.655,otra
2023-09-10 07:00:00,2023,9,10,SUR,0,1.0225,9.85,11.75,27.5,5.5075,otra
2023-09-10 07:00:00,2023,9,10,SUROESTE2,0,0.65,17.450000000000003,3.5,37.405,9.094999999999999,otra
2023-09-10 08:00:00,2023,9,10,CENTRO,0,0.94,13.0,13.0,57.0,10.0,otra
2023-09-10 08:00:00,2023,9,10,NORESTE3,0,0.7696666666666667,10.833333333333334,19.7,31.333333333333332,8.5,otra
2023-09-10 08:00:00,2023,9,10,NOROESTE3,0,0.7566666666666667,12.833333333333334,10.333333333333334,25.0,5.2,otra
2023-09-10 08:00:00,2023,9,10,NORTE2,0,0.85,10.3,13.0,35.5,5.61,otra
2023-09-10 08:00:00,2023,9,10,SUR,0,1.0474999999999999,10.125,15.25,35.75,4.8100000000000005,otra
2023-09-10 08:00:00,2023,9,10,SUROESTE2,0,0.78,16.55,7.0,47.095,11.11,otra
2023-09-11 07:00:00,2023,9,11,CENTRO,1,0.76,17.0,9.0,,10.0,otra
2023-09-11 07:00:00,2023,9,11,NORESTE3,0,0.7856666666666667,9.9,20.433333333333334,26.0,7.0,otra
2023-09-11 07:00:00,2023,9,11,NOROESTE3,0,0.8066666666666666,11.799999999999999,11.333333333333334,28.0,8.7,otra
2023-09-11 07:00:00,2023,9,11,NORTE2,1,0.87,10.6,13.5,27.5,6.745,otra
2023-09-11 07:00:00,2023,9,11,SUR,1,1.09,11.175,14.75,26.25,6.6425,otra
2023-09-11 07:00:00,2023,9,11,SUROESTE2,1,0.81,22.8,4.0,50.0,12.735,otra
2023-09-11 08:00:00,2023,9,11,CENTRO,1,0.89,18.4,8.0,44.0,13.0,otra
2023-09-11 08:00:00,2023,9,11,NORESTE3,0,0.9093333333333332,11.4,22.333333333333332,30.5,10.5,otra
2023-09-11 08:00:00,2023,9,11,NOROESTE3,0,0.8666666666666667,12.466666666666667,11.0,33.0,6.105,otra
2023-09-11 08:00:00,2023,9,11,NORTE2,1,0.94,10.7,15.0,33.0,9.21,otra
2023-09-11 08:00:00,2023,9,11,SUR,1,1.1099999999999999,9.65,17.5,30.25,4.5,otra
2023-09-11 08:00:00,2023,9,11,SUROESTE2,1,0.895,21.4,6.5,69.0,14.22,otra
2023-09-12 07:00:00,2023,9,12,CENTRO,1,0.76,20.8,10.0,42.0,13.0,otra
2023-09-12 07:00:00,2023,9,12,NORESTE3,0,0.9403333333333334,14.933333333333332,22.3,39.0,7.5,otra
2023-09-12 07:00:00,2023,9,12,NOROESTE3,0,0.9033333333333333,17.666666666666668,13.333333333333334,32.666666666666664,8.825,otra
2023-09-12 07:00:00,2023,9,12,NORTE2,1,0.935,14.95,16.0,36.5,18.0,otra
2023-09-12 07:00:00,2023,9,12,SUR,1,0.74,9.6,17.75,27.5,7.48,otra
2023-09-12 07:00:00,2023,9,12,SUROESTE2,1,0.7150000000000001,23.55,7.0,43.0,9.91,otra
2023-09-12 08:00:00,2023,9,12,CENTRO,1,0.97,21.8,12.0,58.0,16.0,otra
2023-09-12 08:00:00,2023,9,12,NORESTE3,0,0.5275000000000001,12.200000000000001,25.0,32.0,11.0,otra
2023-09-12 08:00:00,2023,9,12,NOROESTE3,0,0.8666666666666667,18.066666666666666,13.0,40.666666666666664,9.375,otra
2023-09-12 08:00:00,2023,9,12,NORTE2,1,1.055,13.5,19.0,40.0,9.0,otra
2023-09-12 08:00:00,2023,9,12,SUR,1,0.845,11.95,20.25,34.25,7.353333333333334,otra
2023-09-12 08:00:00,2023,9,12,SUROESTE2,1,0.885,24.549999999999997,8.5,43.5,15.295,otra
2023-09-13 07:00:00,2023,9,13,CENTRO,1,0.67,17.4,13.0,,,otra
2023-09-13 07:00:00,2023,9,13,NORESTE3,0,0.9603333333333334,15.733333333333333,16.5,44.666666666666664,9.0,otra
2023-09-13 07:00:00,2023,9,13,NOROESTE3,0,0.9033333333333333,15.799999999999999,11.0,47.666666666666664,8.95,otra
2023-09-13 07:00:00,2023,9,13,NORTE2,1,0.755,13.799999999999999,13.5,51.0,,otra
2023-09-13 07:00:00,2023,9,13,SUR,1,0.745,9.3,15.75,37.0,8.6025,otra
2023-09-13 07:00:00,2023,9,13,SUROESTE2,1,0.765,24.8,3.5,64.5,13.8,otra
2023-09-13 08:00:00,2023,9,13,NORESTE3,0,1.0023333333333333,13.600000000000001,23.400000000000002,52.333333333333336,8.5,otra
2023-09-13 08:00:00,2023,9,13,NOROESTE3,0,0.9733333333333333,17.766666666666666,10.333333333333334,47.0,11.64,otra
2023-09-13 08:00:00,2023,9,13,NORTE2,1,0.9,14.299999999999999,15.5,48.5,,otra
2023-09-13 08:00:00,2023,9,13,SUR,1,0.81,11.0,18.0,49.75,7.996666666666667,otra
2023-09-13 08:00:00,2023,9,13,SUROESTE2,1,1.005,22.35,7.0,68.5,15.395,otra
2023-09-14 07:00:00,2023,9,14,CENTRO,1,0.83,15.6,12.0,61.0,15.0,otra
2023-09-14 07:00:00,2023,9,14,NORESTE3,0,0.9049999999999999,12.9,12.533333333333333,48.666666666666664,11.5,otra
2023-09-14 07:00:00,2023,9,14,NOROESTE3,0,0.9,12.733333333333334,8.333333333333334,36.0,13.0,otra
2023-09-14 07:00:00,2023,9,14,NORTE2,1,0.675,24.5,10.0,36.5,10.0,otra
2023-09-14 07:00:00,2023,9,14,SUR,1,0.795,13.200000000000001,8.5,37.5,11.666666666666666,otra
2023-09-14 07:00:00,2023,9,14,SUROESTE2,1,0.725,20.05,4.0,56.0,16.515,otra
2023-09-14 08:00:00,2023,9,14,CENTRO,1,0.82,15.1,15.0,62.0,15.0,otra
2023-09-14 08:00:00,2023,9,14,NORESTE3,0,1.0433333333333332,12.4,17.866666666666667,56.666666666666664,13.5,otra
2023-09-14 08:00:00,2023,9,14,NOROESTE3,0,0.9366666666666666,16.099999999999998,9.333333333333334,46.333333333333336,13.0,otra
2023-09-14 08:00:00,2023,9,14,NORTE2,1,0.86,25.45,12.5,38.0,6.0,otra
2023-09-14 08:00:00,2023,9,14,SUR,1,0.905,12.274999999999999,12.5,53.75,8.0,otra
2023-09-14 08:00:00,2023,9,14,SUROESTE2,1,0.835,19.95,6.5,52.0,17.725,otra
2023-09-15 07:00:00,2023,9,15,CENTRO,1,0.71,17.4,10.0,50.0,17.0,otra
2023-09-15 07:00:00,2023,9,15,NORESTE3,0,0.8603333333333333,11.433333333333332,14.766666666666666,31.5,11.5,otra
2023-09-15 07:00:00,2023,9,15,NOROESTE3,0,0.7933333333333333,13.933333333333332,9.0,35.333333333333336,8.0,otra
2023-09-15 07:00:00,2023,9,15,NORTE2,1,0.725,24.55,13.0,30.5,10.0,otra
2023-09-15 07:00:00,2023,9,15,SUR,1,0.77,9.025,11.75,33.0,10.0,otra
2023-09-15 07:00:00,2023,9,15,SUROESTE2,1,0.755,19.75,3.5,49.5,16.545,otra
2023-09-15 08:00:00,2023,9,15,CENTRO,1,0.88,17.2,12.0,57.0,17.0,otra
2023-09-15 08:00:00,2023,9,15,NORESTE3,0,1.0023333333333333,11.799999999999999,17.566666666666666,40.0,19.0,otra
2023-09-15 08:00:00,2023,9,15,NOROESTE3,0,0.8233333333333334,14.833333333333334,8.666666666666666,44.333333333333336,11.0,otra
2023-09-15 08:00:00,2023,9,15,NORTE2,1,0.77,23.95,15.5,37.0,6.0,otra
2023-09-15 08:00:00,2023,9,15,SUR,1,0.86,10.625,14.0,44.25,10.0,otra
2023-09-15 08:00:00,2023,9,15,SUROESTE2,1,0.845,20.35,5.5,78.0,19.439999999999998,otra
2023-09-16 07:00:00,2023,9,16,CENTRO,0,0.61,4.4,34.0,20.0,3.0,otra
2023-09-16 07:00:00,2023,9,16,NORESTE3,0,0.7466666666666667,8.133333333333333,26.566666666666666,19.333333333333332,4.5,otra
2023-09-16 07:00:00,2023,9,16,NOROESTE3,0,0.59,8.833333333333334,24.666666666666668,7.333333333333333,2.02,otra
2023-09-16 07:00:00,2023,9,16,NORTE2,0,0.495,24.0,27.0,20.0,2.77,otra
2023-09-16 07:00:00,2023,9,16,SUR,0,0.6725,5.6499999999999995,26.0,12.5,2.8025,otra
2023-09-16 07:00:00,2023,9,16,SUROESTE2,0,0.545,6.5,21.0,10.0,4.33,otra
2023-09-16 08:00:00,2023,9,16,CENTRO,0,0.61,4.6,36.0,21.0,4.0,otra
2023-09-16 08:00:00,2023,9,16,NORESTE3,0,0.7886666666666667,11.1,26.400000000000002,20.666666666666668,3.0,otra
2023-09-16 08:00:00,2023,9,16,NOROESTE3,0,0.6366666666666666,10.766666666666666,23.333333333333332,10.0,3.56,otra
2023-09-16 08:00:00,2023,9,16,NORTE2,0,0.535,23.9,26.5,16.0,4.135,otra
2023-09-16 08:00:00,2023,9,16,SUR,0,0.7225,7.875,21.0,12.25,3.5,otra
2023-09-16 08:00:00,2023,9,16,SUROESTE2,0,0.565,7.8,19.0,11.0,3.72,otra
2023-09-17 07:00:00,2023,9,17,CENTRO,0,0.99,20.8,10.0,84.0,21.0,otra
2023-09-17 07:00:00,2023,9,17,NORESTE3,0,0.7973333333333333,12.666666666666666,16.866666666666667,32.333333333333336,8.5,otra
2023-09-17 07:00:00,2023,9,17,NOROESTE3,0,0.75,14.4,11.0,26.0,13.75,otra
2023-09-17 07:00:00,2023,9,17,NORTE2,0,0.61,25.75,15.5,32.0,6.415,otra
2023-09-17 07:00:00,2023,9,17,SUR,0,0.9425,13.825,8.75,33.75,13.4,otra
2023-09-17 07:00:00,2023,9,17,SUROESTE2,0,0.79,21.05,4.0,37.0,22.54,otra
2023-09-17 08:00:00,2023,9,17,CENTRO,0,0.81,14.6,16.0,73.0,16.0,otra
2023-09-17 08:00:00,2023,9,17,NORESTE3,0,0.7873333333333333,9.966666666666667,20.966666666666665,35.666666666666664,10.5,otra
2023-09-17 08:00:00,2023,9,17,NOROESTE3,0,0.7633333333333333,12.200000000000001,13.0,26.333333333333332,9.525,otra
2023-09-17 08:00:00,2023,9,17,NORTE2,0,0.625,24.25,19.5,32.0,2.0,otra
2023-09-17 08:00:00,2023,9,17,SUR,0,0.8425,12.7,14.5,36.5,7.93,otra
2023-09-17 08:00:00,2023,9,17,SUROESTE2,0,0.805,17.6,6.0,41.0,25.205,otra
2023-09-18 07:00:00,2023,9,18,NORESTE3,0,1.0503333333333333,20.033333333333335,9.1,51.333333333333336,12.5,otra
2023-09-18 07:00:00,2023,9,18,NOROESTE3,0,1.0,21.066666666666666,9.0,41.666666666666664,14.86,otra
2023-09-18 07:00:00,2023,9,18,NORTE2,1,0.965,31.049999999999997,8.0,58.0,19.835,otra
2023-09-18 07:00:00,2023,9,18,SUR,1,1.1325,14.675,6.666666666666667,61.75,13.6575,otra
2023-09-18 07:00:00,2023,9,18,SUROESTE2,1,0.825,20.85,3.0,33.0,11.265,otra
2023-09-18 08:00:00,2023,9,18,NORESTE3,0,1.1099999999999999,18.766666666666666,16.2,69.66666666666667,16.5,otra
2023-09-18 08:00:00,2023,9,18,NOROESTE3,0,1.1266666666666667,24.333333333333332,8.666666666666666,45.333333333333336,18.85,otra
2023-09-18 08:00:00,2023,9,18,NORTE2,1,1.0750000000000002,30.799999999999997,12.0,80.0,7.995,otra
2023-09-18 08:00:00,2023,9,18,SUR,1,1.1725,16.5,10.5,60.5,19.236666666666668,otra
2023-09-18 08:00:00,2023,9,18,SUROESTE2,1,1.0050000000000001,20.0,6.0,47.0,16.155,otra
2023-09-19 07:00:00,2023,9,19,CENTRO,1,0.66,21.8,13.0,37.0,12.0,otra
2023-09-19 07:00:00,2023,9,19,NORESTE3,0,0.7796666666666665,20.166666666666668,13.333333333333334,51.333333333333336,13.5,otra
2023-09-19 07:00:00,2023,9,19,NOROESTE3,0,0.8433333333333333,17.366666666666667,13.333333333333334,35.333333333333336,16.18,otra
2023-09-19 07:00:00,2023,9,19,NORTE2,1,0.965,30.150000000000002,12.5,48.0,17.525,otra
2023-09-19 07:00:00,2023,9,19,SUR,1,0.79,15.775,10.5,36.5,10.8425,otra
2023-09-19 07:00:00,2023,9,19,SUROESTE2,1,0.54,24.8,5.5,38.5,18.125,otra
2023-09-19 08:00:00,2023,9,19,CENTRO,1,0.72,21.5,16.0,49.0,13.0,otra
2023-09-19 08:00:00,2023,9,19,NORESTE3,0,0.7746666666666666,17.8,19.066666666666666,64.0,19.5,otra
2023-09-19 08:00:00,2023,9,19,NOROESTE3,0,0.9133333333333334,20.433333333333334,11.0,41.666666666666664,13.58,otra
2023-09-19 08:00:00,2023,9,19,NORTE2,1,1.015,28.65,14.5,33.0,13.875,otra
2023-09-19 08:00:00,2023,9,19,SUR,1,0.8200000000000001,14.775,15.25,46.0,12.186666666666667,otra
2023-09-19 08:00:00,2023,9,19,SUROESTE2,1,0.63,23.1,11.0,65.5,19.735,otra
2023-09-20 07:00:00,2023,9,20,NORESTE3,0,0.7073333333333333,17.533333333333335,12.533333333333333,38.333333333333336,12.5,otra
2023-09-20 07:00:00,2023,9,20,NOROESTE3,0,0.87,20.400000000000002,8.333333333333334,43.333333333333336,11.530000000000001,otra
2023-09-20 07:00:00,2023,9,20,NORTE2,1,0.8200000000000001,27.3,14.0,35.5,14.515,otra
2023-09-20 07:00:00,2023,9,20,SUR,1,0.645,17.025,9.25,43.333333333333336,10.9,otra
2023-09-20 07:00:00,2023,9,20,SUROESTE2,1,1.16,30.25,4.0,70.0,47.45,otra
2023-09-20 08:00:00,2023,9,20,NORESTE3,0,0.7353333333333335,15.266666666666666,18.599999999999998,49.0,15.5,otra
2023-09-20 08:00:00,2023,9,20,NOROESTE3,0,0.89,18.233333333333334,11.666666666666666,54.333333333333336,14.07,otra
2023-09-20 08:00:00,2023,9,20,NORTE2,1,0.9750000000000001,28.15,14.5,46.5,11.26,otra
2023-09-20 08:00:00,2023,9,20,SUR,1,0.835,18.0,13.25,65.0,11.55,otra
2023-09-20 08:00:00,2023,9,20,SUROESTE2,1,1.38,32.9,7.5,112.5,41.27,otra
2023-09-21 07:00:00,2023,9,21,CENTRO,1,0.7,20.7,9.0,51.0,13.0,otra
2023-09-21 07:00:00,2023,9,21,NORESTE3,0,0.806,15.733333333333334,10.799999999999999,48.0,10.0,otra
2023-09-21 07:00:00,2023,9,21,NOROESTE3,0,0.8366666666666668,15.433333333333332,7.666666666666667,41.666666666666664,10.205,otra
2023-09-21 07:00:00,2023,9,21,NORTE2,1,1.0,28.2,8.5,34.5,8.68,otra
2023-09-21 07:00:00,2023,9,21,SUR,1,0.4975,13.1,9.0,30.5,11.28,otra
2023-09-21 07:00:00,2023,9,21,SUROESTE2,1,1.02,31.3,6.0,33.0,,otra
2023-09-21 08:00:00,2023,9,21,CENTRO,1,0.84,19.1,12.0,54.0,15.0,otra
2023-09-21 08:00:00,2023,9,21,NORESTE3,0,0.7863333333333333,13.033333333333333,17.633333333333333,63.0,11.0,otra
2023-09-21 08:00:00,2023,9,21,NOROESTE3,0,0.8366666666666666,15.4,9.0,41.0,12.075,otra
2023-09-21 08:00:00,2023,9,21,NORTE2,1,0.9450000000000001,26.1,13.5,58.5,5.675,otra
2023-09-21 08:00:00,2023,9,21,SUR,1,0.7125,15.649999999999999,11.0,52.25,12.6175,otra
2023-09-21 08:00:00,2023,9,21,SUROESTE2,1,1.09,37.1,9.0,83.5,32.21,otra
2023-09-22 07:00:00,2023,9,22,CENTRO,1,0.65,15.2,12.0,51.0,20.0,otra
2023-09-22 07:00:00,2023,9,22,NORESTE3,0,0.7006666666666667,14.366666666666667,9.799999999999999,53.666666666666664,16.0,otra
2023-09-22 07:00:00,2023,9,22,NOROESTE3,0,0.7466666666666667,13.066666666666668,8.333333333333334,41.666666666666664,14.780000000000001,otra
2023-09-22 07:00:00,2023,9,22,NORTE2,1,0.8999999999999999,25.9,10.5,34.5,14.120000000000001,otra
2023-09-22 07:00:00,2023,9,22,SUR,1,0.4775,10.375,9.25,36.5,14.3425,otra
2023-09-22 07:00:00,2023,9,22,SUROESTE2,1,0.89,22.8,5.0,40.5,23.55,otra
2023-09-22 08:00:00,2023,9,22,CENTRO,1,0.73,11.5,18.0,56.0,24.0,otra
2023-09-22 08:00:00,2023,9,22,NORESTE3,0,0.6756666666666667,12.066666666666668,14.700000000000001,68.33333333333333,18.5,otra
2023-09-22 08:00:00,2023,9,22,NOROESTE3,0,0.8166666666666668,14.199999999999998,9.0,42.0,18.415,otra
2023-09-22 08:00:00,2023,9,22,NORTE2,1,0.9099999999999999,26.450000000000003,10.5,52.0,10.59,otra
2023-09-22 08:00:00,2023,9,22,SUR,1,0.5825,12.8,11.0,53.75,14.4825,otra
2023-09-22 08:00:00,2023,9,22,SUROESTE2,1,0.96,21.1,8.0,48.0,27.63,otra
2023-09-23 07:00:00,2023,9,23,CENTRO,0,0.75,15.4,9.0,55.0,14.0,otra
2023-09-23 07:00:00,2023,9,23,NORESTE3,0,0.8036666666666666,14.566666666666668,8.6,44.666666666666664,15.5,otra
2023-09-23 07:00:00,2023,9,23,NOROESTE3,0,0.8866666666666667,16.8,5.5,40.0,10.425,otra
2023-09-23 07:00:00,2023,9,23,NORTE2,0,0.9650000000000001,26.65,7.5,49.5,9.594999999999999,otra
2023-09-23 07:00:00,2023,9,23,SUR,0,0.5275000000000001,14.600000000000001,8.0,32.75,10.5875,otra
2023-09-23 07:00:00,2023,9,23,SUROESTE2,0,0.9650000000000001,28.05,5.0,85.0,47.95,otra
2023-09-23 08:00:00,2023,9,23,CENTRO,0,0.83,18.8,12.0,52.0,17.0,otra
2023-09-23 08:00:00,2023,9,23,NORESTE3,0,0.9003333333333333,12.766666666666666,14.066666666666668,74.66666666666667,15.0,otra
2023-09-23 08:00:00,2023,9,23,NOROESTE3,0,1.0033333333333332,15.666666666666666,7.0,59.0,10.89,otra
2023-09-23 08:00:00,2023,9,23,NORTE2,0,0.99,26.7,10.0,59.5,7.96,otra
2023-09-23 08:00:00,2023,9,23,SUR,0,0.5325,11.4,12.5,44.0,8.5825,otra
2023-09-23 08:00:00,2023,9,23,SUROESTE2,0,1.05,30.4,5.5,120.5,50.85,otra
2023-09-24 07:00:00,2023,9,24,CENTRO,0,0.71,14.4,10.0,57.0,15.0,otra
2023-09-24 07:00:00,2023,9,24,NORESTE3,0,0.631,10.133333333333333,10.066666666666666,31.666666666666668,11.5,otra
2023-09-24 07:00:00,2023,9,24,NOROESTE3,0,0.7633333333333333,12.833333333333334,6.333333333333333,27.0,7.205,otra
2023-09-24 07:00:00,2023,9,24,NORTE2,0,0.8,24.5,8.5,29.0,6.45,otra
2023-09-24 07:00:00,2023,9,24,SUR,0,0.4675,9.0,9.0,30.5,8.1375,otra
2023-09-24 07:00:00,2023,9,24,SUROESTE2,0,0.805,15.399999999999999,7.5,66.5,26.88,otra
2023-09-24 08:00:00,2023,9,24,CENTRO,0,0.7,13.5,14.0,56.0,14.0,otra
2023-09-24 08:00:00,2023,9,24,NORESTE3,0,0.644,8.966666666666667,14.566666666666668,41.666666666666664,12.0,otra
2023-09-24 08:00:00,2023,9,24,NOROESTE3,0,0.8866666666666667,12.9,7.666666666666667,29.0,10.18,otra
2023-09-24 08:00:00,2023,9,24,NORTE2,0,0.755,23.75,11.5,40.5,8.48,otra
2023-09-24 08:00:00,2023,9,24,SUR,0,0.4975,9.25,13.25,42.25,9.185,otra
2023-09-24 08:00:00,2023,9,24,SUROESTE2,0,0.7849999999999999,18.9,9.5,55.0,24.73,otra
2023-09-25 07:00:00,2023,9,25,CENTRO,1,0.8,15.7,9.0,59.0,16.0,otra
2023-09-25 07:00:00,2023,9,25,NORESTE3,0,0.8810000000000001,11.933333333333332,9.566666666666666,35.666666666666664,10.5,otra
2023-09-25 07:00:00,2023,9,25,NOROESTE3,0,0.8333333333333334,12.733333333333334,7.333333333333333,35.0,10.5,otra
2023-09-25 07:00:00,2023,9,25,NORTE2,1,0.8049999999999999,24.599999999999998,8.0,27.0,6.72,otra
2023-09-25 07:00:00,2023,9,25,SUR,1,0.47250000000000003,9.675,8.0,31.75,10.165,otra
2023-09-25 07:00:00,2023,9,25,SUROESTE2,1,0.935,17.85,5.0,46.5,23.39,otra
2023-09-25 08:00:00,2023,9,25,CENTRO,1,0.82,14.8,11.0,65.0,15.0,otra
2023-09-25 08:00:00,2023,9,25,NORESTE3,0,0.7246666666666667,9.666666666666666,13.200000000000001,52.333333333333336,12.0,otra
2023-09-25 08:00:00,2023,9,25,NOROESTE3,0,0.8833333333333333,12.533333333333333,8.333333333333334,53.666666666666664,10.254999999999999,otra
2023-09-25 08:00:00,2023,9,25,NORTE2,1,0.855,24.4,11.0,45.5,4.3149999999999995,otra
2023-09-25 08:00:00,2023,9,25,SUR,1,0.6125,9.875,11.25,43.0,8.306666666666667,otra
2023-09-25 08:00:00,2023,9,25,SUROESTE2,1,1.12,17.6,4.0,83.5,19.16,otra
2023-09-26 07:00:00,2023,9,26,CENTRO,1,0.73,21.1,13.0,42.0,16.0,otra
2023-09-26 07:00:00,2023,9,26,NORESTE3,0,0.6743333333333333,15.233333333333334,17.866666666666667,36.666666666666664,7.5,otra
2023-09-26 07:00:00,2023,9,26,NOROESTE3,0,0.6566666666666666,17.1,13.0,28.666666666666668,7.415,otra
2023-09-26 07:00:00,2023,9,26,NORTE2,1,0.745,16.2,15.5,47.5,10.575,otra
2023-09-26 07:00:00,2023,9,26,SUR,1,0.48250000000000004,11.775,16.75,32.0,12.355,otra
2023-09-26 07:00:00,2023,9,26,SUROESTE2,1,0.865,25.1,4.0,48.0,16.92,otra
2023-09-26 08:00:00,2023,9,26,CENTRO,1,0.88,21.7,16.0,59.0,16.0,otra
2023-09-26 08:00:00,2023,9,26,NORESTE3,0,0.7763333333333332,14.233333333333334,22.766666666666666,45.0,11.5,otra
2023-09-26 08:00:00,2023,9,26,NOROESTE3,0,0.7233333333333333,16.466666666666665,14.333333333333334,40.333333333333336,11.754999999999999,otra
2023-09-26 08:00:00,2023,9,26,NORTE2,1,0.775,13.3,20.5,38.5,3.285,otra
2023-09-26 08:00:00,2023,9,26,SUR,1,0.55,12.625,19.75,39.75,9.065,otra
2023-09-26 08:00:00,2023,9,26,SUROESTE2,1,1.0350000000000001,24.15,7.0,50.5,22.96,otra
2023-09-27 07:00:00,2023,9,27,CENTRO,1,0.87,16.9,16.0,54.0,17.0,otra
2023-09-27 07:00:00,2023,9,27,NORESTE3,0,0.8119999999999999,17.599999999999998,12.6,43.0,9.5,otra
2023-09-27 07:00:00,2023,9,27,NOROESTE3,0,0.665,20.2,10.0,37.5,15.0,otra
2023-09-27 07:00:00,2023,9,27,NORTE2,1,0.72,15.9,14.5,40.5,7.0,otra
2023-09-27 07:00:00,2023,9,27,SUR,1,0.5325,15.725,12.0,36.25,10.236666666666666,otra
2023-09-27 07:00:00,2023,9,27,SUROESTE2,1,0.975,23.0,7.0,68.5,42.79,otra
2023-09-27 08:00:00,2023,9,27,CENTRO,1,0.91,20.5,15.0,53.0,16.0,otra
2023-09-27 08:00:00,2023,9,27,NORESTE3,0,0.866,15.966666666666667,19.033333333333335,78.0,9.5,otra
2023-09-27 08:00:00,2023,9,27,NOROESTE3,0,0.765,19.8,11.0,73.5,12.0,otra
2023-09-27 08:00:00,2023,9,27,NORTE2,1,1.0699999999999998,21.35,12.5,41.0,5.0,otra
2023-09-27 08:00:00,2023,9,27,SUR,1,0.64,16.6,15.25,70.75,9.1075,otra
2023-09-27 08:00:00,2023,9,27,SUROESTE2,1,1.045,24.8,9.0,123.0,33.29,otra
2023-09-28 07:00:00,2023,9,28,CENTRO,1,1.12,23.2,10.0,65.0,21.0,otra
2023-09-28 07:00:00,2023,9,28,NORESTE3,0,1.106,23.599999999999998,9.433333333333334,66.66666666666667,24.0,otra
2023-09-28 07:00:00,2023,9,28,NOROESTE3,0,0.9933333333333333,26.8,6.0,76.0,15.5,otra
2023-09-28 07:00:00,2023,9,28,NORTE2,1,1.355,28.05,8.0,79.0,19.0,otra
2023-09-28 07:00:00,2023,9,28,SUR,1,0.8933333333333334,16.900000000000002,8.0,56.666666666666664,16.080000000000002,otra
2023-09-28 07:00:00,2023,9,28,SUROESTE2,1,1.225,23.45,6.0,108.5,47.79,otra
2023-09-28 08:00:00,2023,9,28,CENTRO,1,1.11,28.6,11.0,75.0,24.0,otra
2023-09-28 08:00:00,2023,9,28,NORESTE3,0,1.3833333333333335,28.5,10.666666666666666,82.0,30.0,otra
2023-09-28 08:00:00,2023,9,28,NOROESTE3,0,1.1566666666666667,28.366666666666664,7.5,76.5,15.0,otra
2023-09-28 08:00:00,2023,9,28,NORTE2,1,1.2149999999999999,29.35,10.0,83.0,11.5,otra
2023-09-28 08:00:00,2023,9,28,SUR,1,1.0266666666666666,18.099999999999998,10.333333333333334,57.0,12.513333333333334,otra
2023-09-28 08:00:00,2023,9,28,SUROESTE2,1,1.355,28.65,10.5,112.5,45.27,otra
2023-09-29 07:00:00,2023,9,29,CENTRO,1,0.77,24.8,10.0,57.0,18.0,otra
2023-09-29 07:00:00,2023,9,29,NORESTE3,0,0.9486666666666667,18.666666666666668,10.166666666666666,56.666666666666664,8.485,otra
2023-09-29 07:00:00,2023,9,29,NOROESTE3,0,0.8866666666666667,25.133333333333336,8.0,59.5,14.0,otra
2023-09-29 07:00:00,2023,9,29,NORTE2,1,0.97,21.85,10.0,52.5,13.5,otra
2023-09-29 07:00:00,2023,9,29,SUR,1,0.6875,26.075000000000003,7.5,49.25,11.0225,otra
2023-09-29 07:00:00,2023,9,29,SUROESTE2,1,1.0,24.15,9.0,49.0,16.869999999999997,otra
2023-09-29 08:00:00,2023,9,29,CENTRO,1,0.81,23.7,13.0,68.0,18.0,otra
2023-09-29 08:00:00,2023,9,29,NORESTE3,0,0.9356666666666666,15.333333333333334,18.2,84.0,13.469999999999999,otra
2023-09-29 08:00:00,2023,9,29,NOROESTE3,0,0.98,26.599999999999998,8.0,76.5,20.0,otra
2023-09-29 08:00:00,2023,9,29,NORTE2,1,1.28,24.549999999999997,10.5,68.0,11.5,otra
2023-09-29 08:00:00,2023,9,29,SUR,1,0.6025,15.125,13.0,57.5,9.7675,otra
2023-09-29 08:00:00,2023,9,29,SUROESTE2,1,1.19,27.8,12.5,71.0,31.52,otra
2023-09-30 07:00:00,2023,9,30,CENTRO,0,0.74,19.0,13.0,52.0,13.0,otra
2023-09-30 07:00:00,2023,9,30,NORESTE3,0,0.816,15.200000000000001,13.633333333333333,39.333333333333336,10.0,otra
2023-09-30 07:00:00,2023,9,30,NOROESTE3,0,0.6766666666666667,20.733333333333334,10.333333333333334,41.5,7.0,otra
2023-09-30 07:00:00,2023,9,30,NORTE2,0,0.8350000000000001,20.700000000000003,8.5,44.5,6.5,otra
2023-09-30 07:00:00,2023,9,30,SUR,0,0.405,13.875,12.75,28.0,6.665,otra
2023-09-30 07:00:00,2023,9,30,SUROESTE2,0,0.88,22.25,8.5,48.0,11.965,otra
2023-09-30 08:00:00,2023,9,30,CENTRO,0,0.78,20.8,13.0,58.0,16.0,otra
2023-09-30 08:00:00,2023,9,30,NORESTE3,0,0.8496666666666667,13.633333333333333,19.233333333333334,44.666666666666664,12.0,otra
2023-09-30 08:00:00,2023,9,30,NOROESTE3,0,0.6833333333333335,22.933333333333334,9.0,42.5,9.0,otra
2023-09-30 08:00:00,2023,9,30,NORTE2,0,0.7749999999999999,15.399999999999999,13.0,44.0,6.0,otra
2023-09-30 08:00:00,2023,9,30,SUR,0,0.4975,12.3,15.25,48.5,11.243333333333334,otra
2023-09-30 08:00:00,2023,9,30,SUROESTE2,0,0.9850000000000001,18.9,11.5,52.0,15.53,otra
2023-10-01 07:00:00,2023,10,1,CENTRO,0,0.56,4.7,24.0,27.0,8.0,otra
2023-10-01 07:00:00,2023,10,1,NORESTE3,0,0.7373333333333334,9.333333333333334,16.166666666666668,29.0,7.57,otra
2023-10-01 07:00:00,2023,10,1,NOROESTE3,0,0.595,17.066666666666666,12.333333333333334,21.666666666666668,9.0,otra
2023-10-01 07:00:00,2023,10,1,NORTE2,0,0.6200000000000001,9.1,18.0,33.5,5.5,otra
2023-10-01 07:00:00,2023,10,1,SUR,0,0.4325,7.475,18.75,21.5,6.0,otra
2023-10-01 07:00:00,2023,10,1,SUROESTE2,0,0.6950000000000001,14.200000000000001,12.0,39.5,9.0,otra
2023-10-01 08:00:00,2023,10,1,CENTRO,0,0.56,6.4,24.0,31.0,10.0,otra
2023-10-01 08:00:00,2023,10,1,NORESTE3,0,0.762,9.033333333333333,19.8,32.666666666666664,6.63,otra
2023-10-01 08:00:00,2023,10,1,NOROESTE3,0,0.5700000000000001,15.966666666666667,14.333333333333334,24.666666666666668,10.0,otra
2023-10-01 08:00:00,2023,10,1,NORTE2,0,0.6000000000000001,7.7,19.0,28.5,8.5,otra
2023-10-01 08:00:00,2023,10,1,SUR,0,0.445,5.85,19.0,24.0,6.0,otra
2023-10-01 08:00:00,2023,10,1,SUROESTE2,0,0.73,11.75,16.0,45.0,11.0,otra
2023-10-02 07:00:00,2023,10,2,CENTRO,1,0.66,10.0,15.0,28.0,5.0,otra
2023-10-02 07:00:00,2023,10,2,NORESTE3,0,0.9510000000000001,13.233333333333334,15.766666666666666,39.333333333333336,3.98,otra
2023-10-02 07:00:00,2023,10,2,NOROESTE3,0,0.75,14.9,11.666666666666666,14.333333333333334,6.35,otra
2023-10-02 07:00:00,2023,10,2,NORTE2,1,0.865,13.399999999999999,10.0,39.0,7.5,otra
2023-10-02 07:00:00,2023,10,2,SUR,1,0.635,11.075,9.5,20.75,4.17,otra
2023-10-02 07:00:00,2023,10,2,SUROESTE2,1,0.8400000000000001,15.35,9.5,40.5,10.0,otra
2023-10-02 08:00:00,2023,10,2,CENTRO,1,0.79,14.3,13.0,34.0,6.0,otra
2023-10-02 08:00:00,2023,10,2,NORESTE3,0,1.0266666666666666,11.433333333333332,19.133333333333333,39.0,8.129999999999999,otra
2023-10-02 08:00:00,2023,10,2,NOROESTE3,0,0.8049999999999999,15.666666666666666,12.0,21.0,3.94,otra
2023-10-02 08:00:00,2023,10,2,NORTE2,1,0.895,14.05,9.0,42.0,5.0,otra
2023-10-02 08:00:00,2023,10,2,SUR,1,0.635,8.9,13.25,31.0,6.62,otra
2023-10-02 08:00:00,2023,10,2,SUROESTE2,1,1.01,14.5,11.5,47.0,15.035,otra
2023-10-03 07:00:00,2023,10,3,CENTRO,1,0.64,13.6,9.0,38.0,6.0,otra
2023-10-03 07:00:00,2023,10,3,NORESTE3,0,1.0796666666666666,12.200000000000001,11.0,45.0,8.69,otra
2023-10-03 07:00:00,2023,10,3,NOROESTE3,0,0.92,14.433333333333332,6.666666666666667,32.333333333333336,8.34,otra
2023-10-03 07:00:00,2023,10,3,NORTE2,1,0.825,13.25,7.5,38.0,9.5,otra
2023-10-03 07:00:00,2023,10,3,SUR,1,0.47500000000000003,9.425,8.0,24.0,4.773333333333333,otra
2023-10-03 07:00:00,2023,10,3,SUROESTE2,1,0.935,15.5,7.0,47.0,9.71,otra
2023-10-03 08:00:00,2023,10,3,CENTRO,1,0.75,13.7,10.0,38.0,11.0,otra
2023-10-03 08:00:00,2023,10,3,NORESTE3,0,1.127,11.133333333333333,13.166666666666666,53.333333333333336,6.135,otra
2023-10-03 08:00:00,2023,10,3,NOROESTE3,0,1.03,14.899999999999999,7.5,41.666666666666664,14.41,otra
2023-10-03 08:00:00,2023,10,3,NORTE2,1,0.945,12.35,8.5,59.0,6.5,otra
2023-10-03 08:00:00,2023,10,3,SUR,1,0.5825,9.875,9.75,27.0,5.3500000000000005,otra
2023-10-03 08:00:00,2023,10,3,SUROESTE2,1,1.1600000000000001,15.149999999999999,9.0,51.5,9.295,otra
2023-10-04 07:00:00,2023,10,4,CENTRO,1,0.64,9.6,12.0,28.0,6.0,otra
2023-10-04 07:00:00,2023,10,4,NORESTE3,0,1.1543333333333334,11.533333333333333,13.266666666666666,30.333333333333332,6.675,otra
2023-10-04 07:00:00,2023,10,4,NOROESTE3,0,0.69,11.9,7.666666666666667,20.0,8.975,otra
2023-10-04 07:00:00,2023,10,4,NORTE2,1,0.735,11.7,9.0,33.0,7.0,otra
2023-10-04 07:00:00,2023,10,4,SUR,1,0.47250000000000003,6.2,12.0,23.25,4.4375,otra
2023-10-04 07:00:00,2023,10,4,SUROESTE2,1,0.855,14.75,7.0,50.0,11.025,otra
2023-10-04 08:00:00,2023,10,4,CENTRO,1,0.74,11.8,12.0,39.0,6.0,otra
2023-10-04 08:00:00,2023,10,4,NORESTE3,0,1.1603333333333332,10.733333333333334,15.233333333333334,39.333333333333336,8.605,otra
2023-10-04 08:00:00,2023,10,4,NOROESTE3,0,0.8400000000000001,11.566666666666668,8.0,22.666666666666668,9.605,otra
2023-10-04 08:00:00,2023,10,4,NORTE2,1,0.94,12.55,10.0,45.5,6.0,otra
2023-10-04 08:00:00,2023,10,4,SUR,1,0.5375,7.85,12.5,25.25,6.466666666666666,otra
2023-10-04 08:00:00,2023,10,4,SUROESTE2,1,1.0550000000000002,14.3,8.5,53.0,12.745000000000001,otra
2023-10-05 07:00:00,2023,10,5,CENTRO,1,0.82,12.3,9.0,38.0,8.0,otra
2023-10-05 07:00:00,2023,10,5,NORESTE3,0,1.1156666666666666,11.9,9.4,37.666666666666664,9.335,otra
2023-10-05 07:00:00,2023,10,5,NOROESTE3,0,0.93,13.35,6.0,25.5,11.0,otra
2023-10-05 07:00:00,2023,10,5,NORTE2,1,0.9949999999999999,12.8,7.5,32.0,7.5,otra
2023-10-05 07:00:00,2023,10,5,SUR,1,0.7725,9.275,6.5,28.0,4.635,otra
2023-10-05 07:00:00,2023,10,5,SUROESTE2,1,1.025,14.35,7.0,65.0,11.625,otra
2023-10-05 08:00:00,2023,10,5,CENTRO,1,0.93,14.2,10.0,50.0,8.0,otra
2023-10-05 08:00:00,2023,10,5,NORESTE3,0,1.2346666666666668,10.666666666666666,12.9,56.666666666666664,10.355,otra
2023-10-05 08:00:00,2023,10,5,NOROESTE3,0,0.98,13.399999999999999,6.0,38.5,11.0,otra
2023-10-05 08:00:00,2023,10,5,NORTE2,1,1.095,13.85,8.0,36.5,6.5,otra
2023-10-05 08:00:00,2023,10,5,SUR,1,0.8175,10.3,9.25,39.25,6.453333333333333,otra
2023-10-05 08:00:00,2023,10,5,SUROESTE2,1,1.255,16.0,8.0,69.0,16.45,otra
2023-10-06 07:00:00,2023,10,6,CENTRO,1,0.65,11.7,24.0,32.0,6.0,otra
2023-10-06 07:00:00,2023,10,6,NORESTE3,0,1.0183333333333333,13.766666666666666,17.0,25.333333333333332,8.629999999999999,otra
2023-10-06 07:00:00,2023,10,6,NOROESTE3,0,0.77,13.633333333333333,19.333333333333332,9.666666666666666,6.0,otra
2023-10-06 07:00:00,2023,10,6,NORTE2,1,0.65,16.4,14.0,31.5,7.5,otra
2023-10-06 07:00:00,2023,10,6,SUR,1,0.6675,16.9,14.5,19.0,6.7275,otra
2023-10-06 07:00:00,2023,10,6,SUROESTE2,1,0.665,7.3,33.0,22.5,8.42,otra
2023-10-06 08:00:00,2023,10,6,CENTRO,1,0.72,15.5,21.0,27.0,7.0,otra
2023-10-06 08:00:00,2023,10,6,NORESTE3,0,1.0986666666666667,14.966666666666669,16.233333333333334,25.666666666666668,7.085,otra
2023-10-06 08:00:00,2023,10,6,NOROESTE3,0,0.7050000000000001,12.200000000000001,25.333333333333332,16.333333333333332,4.0,otra
2023-10-06 08:00:00,2023,10,6,NORTE2,1,0.865,19.9,13.0,30.0,6.0,otra
2023-10-06 08:00:00,2023,10,6,SUR,1,0.6775,16.825,18.5,18.75,6.225,otra
2023-10-06 08:00:00,2023,10,6,SUROESTE2,1,0.75,9.35,34.5,22.0,2.0,otra
2023-10-07 07:00:00,2023,10,7,CENTRO,0,0.62,9.0,36.0,26.0,6.0,otra
2023-10-07 07:00:00,2023,10,7,NORESTE3,0,1.041,11.200000000000001,34.93333333333333,37.0,9.195,otra
2023-10-07 07:00:00,2023,10,7,NOROESTE3,0,0.9550000000000001,17.866666666666667,21.333333333333332,23.333333333333332,11.055,otra
2023-10-07 07:00:00,2023,10,7,NORTE2,0,0.72,16.2,27.5,35.0,,otra
2023-10-07 07:00:00,2023,10,7,SUR,0,0.72,19.05,26.0,31.75,9.0975,otra
2023-10-07 07:00:00,2023,10,7,SUROESTE2,0,0.6599999999999999,5.5,39.0,22.0,6.55,otra
2023-10-07 08:00:00,2023,10,7,CENTRO,0,0.58,6.4,44.0,29.0,6.0,otra
2023-10-07 08:00:00,2023,10,7,NORESTE3,0,1.0483333333333333,11.9,36.666666666666664,26.666666666666668,6.6899999999999995,otra
2023-10-07 08:00:00,2023,10,7,NOROESTE3,0,0.845,12.633333333333333,32.666666666666664,23.666666666666668,5.57,otra
2023-10-07 08:00:00,2023,10,7,NORTE2,0,0.7,14.05,33.5,29.5,5.0,otra
2023-10-07 08:00:00,2023,10,7,SUR,0,0.7075,19.725,29.5,31.25,7.7275,otra
2023-10-07 08:00:00,2023,10,7,SUROESTE2,0,0.71,7.25,41.0,21.0,5.855,otra
2023-10-08 07:00:00,2023,10,8,CENTRO,0,0.67,16.1,23.0,31.0,,otra
2023-10-08 07:00:00,2023,10,8,NORESTE3,0,1.1046666666666667,14.866666666666667,20.400000000000002,26.333333333333332,9.11,otra
2023-10-08 07:00:00,2023,10,8,NOROESTE3,0,0.9199999999999999,12.033333333333333,25.0,14.666666666666666,7.08,otra
2023-10-08 07:00:00,2023,10,8,NORTE2,0,0.71,14.350000000000001,23.0,17.5,7.0,otra
2023-10-08 07:00:00,2023,10,8,SUR,0,0.76,17.475,18.0,28.75,11.275,otra
2023-10-08 07:00:00,2023,10,8,SUROESTE2,0,0.865,21.8,19.0,25.0,7.484999999999999,otra
2023-10-08 08:00:00,2023,10,8,CENTRO,0,0.66,18.1,21.0,35.0,,otra
2023-10-08 08:00:00,2023,10,8,NORESTE3,0,1.128,14.066666666666668,21.7,24.333333333333332,9.1,otra
2023-10-08 08:00:00,2023,10,8,NOROESTE3,0,0.97,14.5,21.666666666666668,17.333333333333332,10.74,otra
2023-10-08 08:00:00,2023,10,8,NORTE2,0,0.665,19.65,19.5,19.5,8.0,otra
2023-10-08 08:00:00,2023,10,8,SUR,0,0.835,15.05,17.0,31.0,11.95,otra
2023-10-08 08:00:00,2023,10,8,SUROESTE2,0,0.815,19.65,20.0,29.0,10.5,otra
2023-10-09 07:00:00,2023,10,9,CENTRO,1,0.71,14.4,17.0,38.0,,otra
2023-10-09 07:00:00,2023,10,9,NORESTE3,0,1.6896666666666667,27.066666666666666,8.833333333333334,50.333333333333336,20.86,otra
2023-10-09 07:00:00,2023,10,9,NOROESTE3,0,0.96,23.233333333333334,7.333333333333333,27.666666666666668,18.79,otra
2023-10-09 07:00:00,2023,10,9,NORTE2,1,1.0699999999999998,29.2,13.0,45.5,13.0,otra
2023-10-09 07:00:00,2023,10,9,SUR,1,1.005,15.15,9.75,45.75,15.045,otra
2023-10-09 07:00:00,2023,10,9,SUROESTE2,1,0.985,18.35,13.0,56.5,15.71,otra
2023-10-09 08:00:00,2023,10,9,CENTRO,1,0.85,19.5,13.0,33.0,,otra
2023-10-09 08:00:00,2023,10,9,NORESTE3,0,1.7456666666666667,26.866666666666664,10.433333333333334,55.333333333333336,23.155,otra
2023-10-09 08:00:00,2023,10,9,NOROESTE3,0,1.1266666666666667,26.2,8.0,27.333333333333332,17.995,otra
2023-10-09 08:00:00,2023,10,9,NORTE2,1,1.2200000000000002,32.2,9.0,50.5,16.0,otra
2023-10-09 08:00:00,2023,10,9,SUR,1,1.2850000000000001,18.200000000000003,9.25,57.5,19.447499999999998,otra
2023-10-09 08:00:00,2023,10,9,SUROESTE2,1,1.3,24.8,10.0,40.5,14.04,otra
2023-10-10 07:00:00,2023,10,10,CENTRO,1,1.39,30.7,,95.0,,otra
2023-10-10 07:00:00,2023,10,10,NORESTE3,0,1.222,19.25,8.35,69.0,31.0,otra
2023-10-10 07:00:00,2023,10,10,NOROESTE3,0,1.3866666666666667,31.833333333333332,7.0,68.0,25.06,otra
2023-10-10 07:00:00,2023,10,10,NORTE2,1,1.22,26.95,,124.0,19.5,otra
2023-10-10 07:00:00,2023,10,10,SUR,1,1.2725,28.075,7.0,83.0,26.985,otra
2023-10-10 07:00:00,2023,10,10,SUROESTE2,1,2.0,34.400000000000006,6.5,117.5,38.980000000000004,otra
2023-10-10 08:00:00,2023,10,10,CENTRO,1,1.66,33.5,10.0,97.0,,otra
2023-10-10 08:00:00,2023,10,10,NORESTE3,0,1.6716666666666669,21.066666666666666,8.433333333333334,87.0,42.0,otra
2023-10-10 08:00:00,2023,10,10,NOROESTE3,0,1.5366666666666668,31.166666666666668,,64.0,26.16,otra
2023-10-10 08:00:00,2023,10,10,NORTE2,1,1.515,26.549999999999997,11.0,96.0,22.0,otra
2023-10-10 08:00:00,2023,10,10,SUR,1,1.465,30.575,7.0,89.5,30.5175,otra
2023-10-10 08:00:00,2023,10,10,SUROESTE2,1,2.42,35.5,7.0,122.0,36.21,otra
2023-10-11 07:00:00,2023,10,11,CENTRO,1,0.74,15.9,20.0,30.0,7.0,otra
2023-10-11 07:00:00,2023,10,11,NORESTE3,0,1.2676666666666667,16.2,19.666666666666668,30.333333333333332,14.5,otra
2023-10-11 07:00:00,2023,10,11,NOROESTE3,0,0.7466666666666666,16.066666666666666,13.333333333333334,19.666666666666668,15.19,otra
2023-10-11 07:00:00,2023,10,11,NORTE2,1,0.78,17.15,14.5,30.5,24.0,otra
2023-10-11 07:00:00,2023,10,11,SUR,1,0.8,13.525,20.5,17.25,8.0,otra
2023-10-11 07:00:00,2023,10,11,SUROESTE2,1,1.1800000000000002,18.55,10.5,46.5,25.0,otra
2023-10-11 08:00:00,2023,10,11,CENTRO,1,0.88,17.9,18.0,25.0,7.0,otra
2023-10-11 08:00:00,2023,10,11,NORESTE3,0,1.4189999999999998,17.099999999999998,17.666666666666668,26.333333333333332,12.5,otra
2023-10-11 08:00:00,2023,10,11,NOROESTE3,0,0.9033333333333333,16.133333333333336,13.666666666666666,22.333333333333332,15.38,otra
2023-10-11 08:00:00,2023,10,11,NORTE2,1,0.8400000000000001,20.25,12.0,25.5,16.0,otra
2023-10-11 08:00:00,2023,10,11,SUR,1,0.99,14.100000000000001,17.5,16.75,5.0,otra
2023-10-11 08:00:00,2023,10,11,SUROESTE2,1,1.51,20.0,9.5,48.0,21.0,otra
2023-10-12 07:00:00,2023,10,12,CENTRO,1,0.94,16.5,10.0,32.0,21.0,otra
2023-10-12 07:00:00,2023,10,12,NORESTE3,0,1.5866666666666667,14.233333333333334,8.299999999999999,53.666666666666664,21.0,otra
2023-10-12 07:00:00,2023,10,12,NOROESTE3,0,1.155,18.599999999999998,10.0,61.666666666666664,22.525,otra
2023-10-12 07:00:00,2023,10,12,NORTE2,1,1.235,18.95,7.5,51.0,12.0,otra
2023-10-12 07:00:00,2023,10,12,SUR,1,1.19,25.2,6.75,58.0,11.04,otra
2023-10-12 07:00:00,2023,10,12,SUROESTE2,1,1.27,18.15,9.0,79.5,17.6,otra
2023-10-12 08:00:00,2023,10,12,CENTRO,1,1.08,19.2,11.0,48.0,26.0,otra
2023-10-12 08:00:00,2023,10,12,NORESTE3,0,1.8183333333333334,16.866666666666667,11.033333333333333,94.66666666666667,19.0,otra
2023-10-12 08:00:00,2023,10,12,NOROESTE3,0,1.1033333333333333,20.633333333333333,8.333333333333334,73.66666666666667,24.395,otra
2023-10-12 08:00:00,2023,10,12,NORTE2,1,1.33,20.0,8.5,116.5,10.0,otra
2023-10-12 08:00:00,2023,10,12,SUR,1,1.6625,19.25,8.25,83.75,12.9725,otra
2023-10-12 08:00:00,2023,10,12,SUROESTE2,1,2.06,23.8,8.5,101.0,21.75,otra
2023-10-13 07:00:00,2023,10,13,CENTRO,1,1.05,25.4,10.0,57.0,17.0,otra
2023-10-13 07:00:00,2023,10,13,NORESTE3,0,1.5649999999999997,19.400000000000002,8.633333333333333,78.33333333333333,8.5,otra
2023-10-13 07:00:00,2023,10,13,NOROESTE3,0,0.8966666666666666,22.933333333333334,6.5,85.66666666666667,15.52,otra
2023-10-13 07:00:00,2023,10,13,NORTE2,1,1.01,20.6,7.5,70.0,14.5,otra
2023-10-13 07:00:00,2023,10,13,SUR,1,1.24,23.825,6.25,65.5,13.295,otra
2023-10-13 07:00:00,2023,10,13,SUROESTE2,1,1.27,22.45,17.0,61.5,25.695,otra
2023-10-13 08:00:00,2023,10,13,CENTRO,1,1.29,28.6,11.0,86.0,19.0,otra
2023-10-13 08:00:00,2023,10,13,NORESTE3,0,1.814,19.966666666666665,9.5,100.33333333333333,20.5,otra
2023-10-13 08:00:00,2023,10,13,NOROESTE3,0,0.8833333333333333,23.333333333333332,8.0,95.33333333333333,18.42,otra
2023-10-13 08:00:00,2023,10,13,NORTE2,1,1.52,25.35,11.0,67.5,15.0,otra
2023-10-13 08:00:00,2023,10,13,SUR,1,1.4325,25.5,9.25,89.0,19.063333333333333,otra
2023-10-13 08:00:00,2023,10,13,SUROESTE2,1,1.8599999999999999,32.65,12.0,85.0,33.3,otra
2023-10-14 07:00:00,2023,10,14,NORESTE3,0,1.3246666666666667,20.433333333333334,11.366666666666667,46.333333333333336,12.5,otra
2023-10-14 07:00:00,2023,10,14,NOROESTE3,0,1.08,18.066666666666666,15.333333333333334,26.0,14.52,otra
2023-10-14 07:00:00,2023,10,14,NORTE2,0,0.8799999999999999,23.200000000000003,13.5,50.0,11.5,otra
2023-10-14 07:00:00,2023,10,14,SUR,0,0.83,14.65,14.0,26.75,9.025,otra
2023-10-14 07:00:00,2023,10,14,SUROESTE2,0,0.9750000000000001,18.35,14.5,39.0,6.0,otra
2023-10-14 08:00:00,2023,10,14,NORESTE3,0,1.3646666666666667,17.7,14.200000000000001,52.0,20.5,otra
2023-10-14 08:00:00,2023,10,14,NOROESTE3,0,1.245,19.433333333333334,13.333333333333334,24.0,15.855,otra
2023-10-14 08:00:00,2023,10,14,NORTE2,0,1.17,26.4,10.5,51.5,9.0,otra
2023-10-14 08:00:00,2023,10,14,SUR,0,0.8999999999999999,16.3,10.25,27.5,11.05,otra
2023-10-14 08:00:00,2023,10,14,SUROESTE2,0,0.915,14.7,19.5,45.5,10.0,otra
2023-10-15 07:00:00,2023,10,15,CENTRO,0,0.7,15.1,21.0,36.0,14.0,otra
2023-10-15 07:00:00,2023,10,15,NORESTE3,0,1.3043333333333333,15.166666666666666,12.799999999999999,48.333333333333336,14.5,otra
2023-10-15 07:00:00,2023,10,15,NOROESTE3,0,0.7966666666666667,18.933333333333334,13.666666666666666,41.0,15.205,otra
2023-10-15 07:00:00,2023,10,15,NORTE2,0,0.8700000000000001,19.85,12.5,55.5,13.0,otra
2023-10-15 07:00:00,2023,10,15,SUR,0,0.8674999999999999,19.025,11.5,46.75,14.645,otra
2023-10-15 07:00:00,2023,10,15,SUROESTE2,0,0.815,18.5,17.5,51.0,12.535,otra
2023-10-15 08:00:00,2023,10,15,CENTRO,0,1.0,24.7,13.0,51.0,19.0,otra
2023-10-15 08:00:00,2023,10,15,NORESTE3,0,1.2836666666666667,14.5,14.166666666666666,47.333333333333336,15.5,otra
2023-10-15 08:00:00,2023,10,15,NOROESTE3,0,0.84,18.0,14.0,48.333333333333336,17.695,otra
2023-10-15 08:00:00,2023,10,15,NORTE2,0,0.83,17.4,14.5,64.5,17.0,otra
2023-10-15 08:00:00,2023,10,15,SUR,0,0.865,19.525,14.75,48.5,13.91,otra
2023-10-15 08:00:00,2023,10,15,SUROESTE2,0,0.88,21.3,15.0,47.0,14.309999999999999,otra
2023-10-16 07:00:00,2023,10,16,CENTRO,1,1.07,26.1,22.0,45.0,12.0,otra
2023-10-16 07:00:00,2023,10,16,NORESTE3,0,0.9715,17.5,26.15,59.0,14.0,otra
2023-10-16 07:00:00,2023,10,16,NOROESTE3,0,0.8300000000000001,23.0,14.333333333333334,60.0,12.92,otra
2023-10-16 07:00:00,2023,10,16,NORTE2,1,0.97,29.799999999999997,16.0,56.0,12.0,otra
2023-10-16 07:00:00,2023,10,16,SUR,1,0.9550000000000001,30.825,14.75,61.0,10.925,otra
2023-10-16 07:00:00,2023,10,16,SUROESTE2,1,1.275,25.65,18.5,68.5,16.725,otra
2023-10-16 08:00:00,2023,10,16,CENTRO,1,0.85,17.2,34.0,44.0,8.0,otra
2023-10-16 08:00:00,2023,10,16,NORESTE3,0,0.9615,14.2,28.95,54.0,,otra
2023-10-16 08:00:00,2023,10,16,NOROESTE3,0,0.7166666666666667,16.766666666666666,21.0,65.33333333333333,8.115,otra
2023-10-16 08:00:00,2023,10,16,NORTE2,1,0.75,18.75,27.0,64.0,6.0,otra
2023-10-16 08:00:00,2023,10,16,SUR,1,0.8300000000000001,19.45,24.25,58.75,8.21,otra
2023-10-16 08:00:00,2023,10,16,SUROESTE2,1,1.19,23.0,27.0,60.5,15.125,otra
2023-10-17 07:00:00,2023,10,17,CENTRO,1,0.92,26.5,12.0,55.0,20.0,otra
2023-10-17 07:00:00,2023,10,17,NORESTE3,0,1.7146666666666668,24.066666666666666,6.75,91.66666666666667,21.5,otra
2023-10-17 07:00:00,2023,10,17,NOROESTE3,0,1.2133333333333332,22.733333333333334,7.5,83.0,20.5,otra
2023-10-17 07:00:00,2023,10,17,NORTE2,1,1.25,28.700000000000003,8.0,130.5,24.0,otra
2023-10-17 07:00:00,2023,10,17,SUR,1,1.625,27.225,7.25,112.5,23.3525,otra
2023-10-17 07:00:00,2023,10,17,SUROESTE2,1,1.315,27.75,10.0,78.5,22.41,otra
2023-10-17 08:00:00,2023,10,17,CENTRO,1,1.15,29.1,13.0,71.0,26.0,otra
2023-10-17 08:00:00,2023,10,17,NORESTE3,0,2.011,26.066666666666666,11.799999999999999,109.33333333333333,32.5,otra
2023-10-17 08:00:00,2023,10,17,NOROESTE3,0,1.7300000000000002,25.400000000000002,7.333333333333333,114.0,26.0,otra
2023-10-17 08:00:00,2023,10,17,NORTE2,1,1.7399999999999998,34.95,9.0,137.0,25.0,otra
2023-10-17 08:00:00,2023,10,17,SUR,1,2.0875,27.075,10.75,138.75,27.69666666666667,otra
2023-10-17 08:00:00,2023,10,17,SUROESTE2,1,1.9,33.05,10.0,105.0,15.27,otra
2023-10-18 07:00:00,2023,10,18,CENTRO,1,1.72,32.6,10.0,108.0,38.0,otra
2023-10-18 07:00:00,2023,10,18,NORESTE3,0,1.5933333333333335,25.400000000000002,9.5,58.666666666666664,22.5,otra
2023-10-18 07:00:00,2023,10,18,NOROESTE3,0,1.02,23.866666666666664,7.0,101.66666666666667,21.0,otra
2023-10-18 07:00:00,2023,10,18,NORTE2,1,1.075,34.3,8.5,101.5,24.0,otra
2023-10-18 07:00:00,2023,10,18,SUR,1,1.07,41.125,7.25,56.5,12.7525,otra
2023-10-18 07:00:00,2023,10,18,SUROESTE2,1,1.27,27.55,11.0,60.0,39.2,otra
2023-10-18 08:00:00,2023,10,18,CENTRO,1,2.17,34.4,11.0,133.0,41.0,otra
2023-10-18 08:00:00,2023,10,18,NORESTE3,0,1.828,29.333333333333332,12.966666666666667,78.66666666666667,26.5,otra
2023-10-18 08:00:00,2023,10,18,NOROESTE3,0,1.1966666666666665,24.233333333333334,8.0,98.0,21.5,otra
2023-10-18 08:00:00,2023,10,18,NORTE2,1,1.2650000000000001,34.5,9.5,114.5,22.0,otra
2023-10-18 08:00:00,2023,10,18,SUR,1,1.405,35.575,10.25,80.5,16.3275,otra
2023-10-18 08:00:00,2023,10,18,SUROESTE2,1,1.73,31.85,11.5,136.5,47.715,otra
2023-10-19 07:00:00,2023,10,19,CENTRO,1,1.2,40.0,11.0,107.0,33.0,otra
2023-10-19 07:00:00,2023,10,19,NORESTE3,0,2.1053333333333337,31.766666666666666,8.8,132.0,52.5,otra
2023-10-19 07:00:00,2023,10,19,NOROESTE3,0,1.2149999999999999,37.3,9.0,100.0,29.0,otra
2023-10-19 07:00:00,2023,10,19,NORTE2,1,1.36,39.650000000000006,11.0,135.5,36.0,otra
2023-10-19 07:00:00,2023,10,19,SUR,1,1.3775,45.65,6.5,102.5,26.2625,otra
2023-10-19 07:00:00,2023,10,19,SUROESTE2,1,1.4649999999999999,35.95,15.0,100.5,37.39,otra
2023-10-19 08:00:00,2023,10,19,CENTRO,1,1.24,38.4,12.0,140.0,31.0,otra
2023-10-19 08:00:00,2023,10,19,NORESTE3,0,2.1510000000000002,31.166666666666668,12.4,157.66666666666666,45.5,otra
2023-10-19 08:00:00,2023,10,19,NOROESTE3,0,1.4100000000000001,35.55,12.5,96.66666666666667,29.0,otra
2023-10-19 08:00:00,2023,10,19,NORTE2,1,1.975,45.65,12.0,163.0,38.5,otra
2023-10-19 08:00:00,2023,10,19,SUR,1,1.88,40.45,7.75,155.25,30.9525,otra
2023-10-19 08:00:00,2023,10,19,SUROESTE2,1,2.37,44.4,12.5,145.5,45.215,otra
2023-10-20 07:00:00,2023,10,20,CENTRO,1,0.94,29.3,20.0,63.0,20.0,otra
2023-10-20 07:00:00,2023,10,20,NORESTE3,0,2.1229999999999998,28.733333333333334,8.0,129.0,51.0,otra
2023-10-20 07:00:00,2023,10,20,NOROESTE3,0,1.37,28.9,5.5,91.0,20.5,otra
2023-10-20 07:00:00,2023,10,20,NORTE2,1,1.2349999999999999,30.599999999999998,8.5,97.5,22.5,otra
2023-10-20 07:00:00,2023,10,20,SUR,1,1.5425,39.95,5.333333333333333,102.5,23.3275,otra
2023-10-20 07:00:00,2023,10,20,SUROESTE2,1,1.285,29.200000000000003,17.5,63.5,35.7,otra
2023-10-20 08:00:00,2023,10,20,CENTRO,1,1.09,34.9,17.0,73.0,21.0,otra
2023-10-20 08:00:00,2023,10,20,NORESTE3,0,3.019,32.833333333333336,11.0,144.0,60.5,otra
2023-10-20 08:00:00,2023,10,20,NOROESTE3,0,1.74,30.8,7.5,110.66666666666667,25.5,otra
2023-10-20 08:00:00,2023,10,20,NORTE2,1,2.165,36.9,10.5,118.5,29.5,otra
2023-10-20 08:00:00,2023,10,20,SUR,1,2.1725,33.05,8.5,161.75,28.63,otra
2023-10-20 08:00:00,2023,10,20,SUROESTE2,1,1.915,38.099999999999994,14.0,108.5,50.8,otra
2023-10-21 07:00:00,2023,10,21,CENTRO,0,0.78,21.4,30.0,41.0,17.0,otra
2023-10-21 07:00:00,2023,10,21,NORESTE3,0,2.053,34.53333333333333,8.55,178.66666666666666,49.0,otra
2023-10-21 07:00:00,2023,10,21,NOROESTE3,0,1.4449999999999998,32.7,7.5,101.33333333333333,25.5,otra
2023-10-21 07:00:00,2023,10,21,NORTE2,0,1.6800000000000002,42.099999999999994,8.5,142.0,27.5,otra
2023-10-21 07:00:00,2023,10,21,SUR,0,1.5025,44.925,9.25,113.0,28.9525,otra
2023-10-21 07:00:00,2023,10,21,SUROESTE2,0,1.065,29.8,22.0,73.5,28.56,otra
2023-10-21 08:00:00,2023,10,21,CENTRO,0,0.94,31.0,20.0,47.0,17.0,otra
2023-10-21 08:00:00,2023,10,21,NORESTE3,0,2.31,38.43333333333333,11.266666666666666,162.0,45.0,otra
2023-10-21 08:00:00,2023,10,21,NOROESTE3,0,1.545,34.599999999999994,8.5,110.0,29.0,otra
2023-10-21 08:00:00,2023,10,21,NORTE2,0,1.755,46.0,9.0,151.0,31.0,otra
2023-10-21 08:00:00,2023,10,21,SUR,0,2.075,44.65,9.5,127.5,30.61,otra
2023-10-21 08:00:00,2023,10,21,SUROESTE2,0,1.295,36.0,19.5,69.0,33.96,otra
2023-10-22 07:00:00,2023,10,22,CENTRO,0,0.92,10.8,20.0,45.0,27.0,otra
2023-10-22 07:00:00,2023,10,22,NORESTE3,0,1.2503333333333333,12.1,20.2,39.666666666666664,18.0,otra
2023-10-22 07:00:00,2023,10,22,NOROESTE3,0,0.875,10.700000000000001,16.5,41.0,21.0,otra
2023-10-22 07:00:00,2023,10,22,NORTE2,0,0.6499999999999999,10.25,21.0,39.0,15.5,otra
2023-10-22 07:00:00,2023,10,22,SUR,0,0.795,21.049999999999997,12.25,35.5,15.1225,otra
2023-10-22 07:00:00,2023,10,22,SUROESTE2,0,0.88,11.55,16.0,60.0,24.0,otra
2023-10-22 08:00:00,2023,10,22,CENTRO,0,0.94,13.2,18.0,45.0,,otra
2023-10-22 08:00:00,2023,10,22,NORESTE3,0,1.2346666666666666,9.866666666666665,23.099999999999998,46.666666666666664,17.0,otra
2023-10-22 08:00:00,2023,10,22,NOROESTE3,0,0.86,9.9,18.0,36.333333333333336,18.5,otra
2023-10-22 08:00:00,2023,10,22,NORTE2,0,0.6950000000000001,12.15,20.0,38.5,15.5,otra
2023-10-22 08:00:00,2023,10,22,SUR,0,0.79,13.1,16.75,41.25,14.6075,otra
2023-10-22 08:00:00,2023,10,22,SUROESTE2,0,0.9450000000000001,13.75,16.0,56.5,15.0,otra
2023-10-23 07:00:00,2023,10,23,CENTRO,1,0.86,18.7,16.0,43.0,22.0,otra
2023-10-23 07:00:00,2023,10,23,NORESTE3,0,1.3916666666666668,14.766666666666666,18.633333333333333,42.0,16.5,otra
2023-10-23 07:00:00,2023,10,23,NOROESTE3,0,0.815,11.1,17.0,30.0,16.5,otra
2023-10-23 07:00:00,2023,10,23,NORTE2,1,0.915,18.15,16.0,41.5,17.0,otra
2023-10-23 07:00:00,2023,10,23,SUR,1,0.7625,16.275000000000002,17.0,35.333333333333336,15.245000000000001,otra
2023-10-23 07:00:00,2023,10,23,SUROESTE2,1,0.88,21.8,11.0,52.5,21.07,otra
2023-10-23 08:00:00,2023,10,23,CENTRO,1,1.06,20.6,14.0,52.0,23.0,otra
2023-10-23 08:00:00,2023,10,23,NORESTE3,0,1.5393333333333332,14.699999999999998,18.966666666666665,48.0,16.0,otra
2023-10-23 08:00:00,2023,10,23,NOROESTE3,0,0.96,13.25,16.0,36.666666666666664,18.5,otra
2023-10-23 08:00:00,2023,10,23,NORTE2,1,0.8700000000000001,18.15,16.0,50.5,24.0,otra
2023-10-23 08:00:00,2023,10,23,SUR,1,0.7325,14.175,13.25,38.0,13.504999999999999,otra
2023-10-23 08:00:00,2023,10,23,SUROESTE2,1,1.105,23.5,10.5,62.5,25.205,otra
2023-10-24 07:00:00,2023,10,24,CENTRO,1,0.94,13.7,17.0,34.0,18.0,otra
2023-10-24 07:00:00,2023,10,24,NORESTE3,0,1.3733333333333333,13.933333333333332,20.466666666666665,51.333333333333336,18.5,otra
2023-10-24 07:00:00,2023,10,24,NOROESTE3,0,0.9950000000000001,13.850000000000001,10.5,32.333333333333336,17.0,otra
2023-10-24 07:00:00,2023,10,24,NORTE2,1,0.79,17.4,14.5,36.0,13.5,otra
2023-10-24 07:00:00,2023,10,24,SUR,1,0.7949999999999999,13.15,19.75,39.25,19.0,otra
2023-10-24 07:00:00,2023,10,24,SUROESTE2,1,0.9450000000000001,16.5,10.0,68.5,19.380000000000003,otra
2023-10-24 08:00:00,2023,10,24,CENTRO,1,1.09,17.3,16.0,47.0,22.0,otra
2023-10-24 08:00:00,2023,10,24,NORESTE3,0,1.5313333333333334,14.833333333333334,21.53333333333333,55.0,22.0,otra
2023-10-24 08:00:00,2023,10,24,NOROESTE3,0,0.995,14.05,11.5,35.0,18.5,otra
2023-10-24 08:00:00,2023,10,24,NORTE2,1,0.65,14.2,15.0,50.0,14.0,otra
2023-10-24 08:00:00,2023,10,24,SUR,1,0.8775000000000001,11.924999999999999,19.75,52.25,20.31,otra
2023-10-24 08:00:00,2023,10,24,SUROESTE2,1,1.215,18.65,9.5,55.5,21.73,otra
2023-10-25 07:00:00,2023,10,25,CENTRO,1,1.06,11.3,19.0,41.0,26.0,otra
2023-10-25 07:00:00,2023,10,25,NORESTE3,0,1.5386666666666666,13.366666666666667,17.166666666666668,50.0,24.5,otra
2023-10-25 07:00:00,2023,10,25,NOROESTE3,0,1.075,8.9,15.5,39.333333333333336,20.0,otra
2023-10-25 07:00:00,2023,10,25,NORTE2,1,0.58,14.950000000000001,16.0,45.5,24.5,otra
2023-10-25 07:00:00,2023,10,25,SUR,1,0.7475,8.575,19.5,37.25,19.575,otra
2023-10-25 07:00:00,2023,10,25,SUROESTE2,1,0.875,17.25,10.5,63.0,26.285,otra
2023-10-25 08:00:00,2023,10,25,CENTRO,1,1.25,16.3,15.0,50.0,28.0,otra
2023-10-25 08:00:00,2023,10,25,NORESTE3,0,1.7733333333333334,14.700000000000001,15.666666666666666,57.666666666666664,24.5,otra
2023-10-25 08:00:00,2023,10,25,NOROESTE3,0,1.05,12.45,11.5,40.333333333333336,24.0,otra
2023-10-25 08:00:00,2023,10,25,NORTE2,1,0.68,16.45,13.0,44.5,19.5,otra
2023-10-25 08:00:00,2023,10,25,SUR,1,0.9125000000000001,13.2,14.25,43.0,17.634999999999998,otra
2023-10-25 08:00:00,2023,10,25,SUROESTE2,1,1.14,18.65,10.0,61.5,27.96,otra
2023-10-26 07:00:00,2023,10,26,CENTRO,1,1.04,14.3,12.0,26.0,12.0,otra
2023-10-26 07:00:00,2023,10,26,NORESTE3,0,1.4496666666666667,13.933333333333332,11.200000000000001,37.0,6.0,otra
2023-10-26 07:00:00,2023,10,26,NOROESTE3,0,0.8999999999999999,10.2,9.0,20.333333333333332,10.0,otra
2023-10-26 07:00:00,2023,10,26,NORTE2,1,0.53,13.45,10.5,19.5,8.0,otra
2023-10-26 07:00:00,2023,10,26,SUR,1,0.81,13.325,9.75,24.25,9.666666666666666,otra
2023-10-26 07:00:00,2023,10,26,SUROESTE2,1,0.915,16.15,7.5,43.0,22.675,otra
2023-10-26 08:00:00,2023,10,26,CENTRO,1,1.26,16.6,9.0,30.0,13.0,otra
2023-10-26 08:00:00,2023,10,26,NORESTE3,0,1.656,13.5,12.566666666666668,39.333333333333336,18.5,otra
2023-10-26 08:00:00,2023,10,26,NOROESTE3,0,1.27,12.35,8.0,26.0,10.0,otra
2023-10-26 08:00:00,2023,10,26,NORTE2,1,0.66,16.4,8.5,27.0,11.5,otra
2023-10-26 08:00:00,2023,10,26,SUR,1,0.9425,15.5,8.25,31.25,10.0,otra
2023-10-26 08:00:00,2023,10,26,SUROESTE2,1,1.1800000000000002,17.5,7.5,45.5,24.365000000000002,otra
2023-10-27 07:00:00,2023,10,27,CENTRO,1,1.04,9.7,14.0,17.0,9.0,otra
2023-10-27 07:00:00,2023,10,27,NORESTE3,0,1.6173333333333335,11.633333333333333,14.133333333333333,32.333333333333336,12.0,otra
2023-10-27 07:00:00,2023,10,27,NOROESTE3,0,0.9950000000000001,7.4,11.0,21.333333333333332,13.5,otra
2023-10-27 07:00:00,2023,10,27,NORTE2,1,1.63,11.9,12.0,27.5,7.0,otra
2023-10-27 07:00:00,2023,10,27,SUR,1,0.765,8.575,12.0,21.5,6.615,otra
2023-10-27 07:00:00,2023,10,27,SUROESTE2,1,0.8500000000000001,12.2,8.5,28.5,15.235,otra
2023-10-27 08:00:00,2023,10,27,CENTRO,1,1.18,11.8,12.0,23.0,10.0,otra
2023-10-27 08:00:00,2023,10,27,NORESTE3,0,1.7096666666666664,11.033333333333333,15.299999999999999,39.0,16.5,otra
2023-10-27 08:00:00,2023,10,27,NOROESTE3,0,1.13,8.55,10.0,26.333333333333332,11.5,otra
2023-10-27 08:00:00,2023,10,27,NORTE2,1,1.655,13.65,11.5,29.0,11.0,otra
2023-10-27 08:00:00,2023,10,27,SUR,1,0.8325,8.774999999999999,12.25,26.75,10.0,otra
2023-10-27 08:00:00,2023,10,27,SUROESTE2,1,1.03,12.65,8.0,30.0,9.0,otra
2023-10-28 07:00:00,2023,10,28,CENTRO,0,1.05,17.2,10.0,28.0,12.0,otra
2023-10-28 07:00:00,2023,10,28,NORESTE3,0,1.3836666666666666,14.166666666666666,15.666666666666666,35.0,6.0,otra
2023-10-28 07:00:00,2023,10,28,NOROESTE3,0,1.045,11.15,11.5,26.666666666666668,16.0,otra
2023-10-28 07:00:00,2023,10,28,NORTE2,0,0.49,8.7,16.0,42.0,7.0,otra
2023-10-28 07:00:00,2023,10,28,SUR,0,0.755,9.725,13.25,29.666666666666668,9.333333333333334,otra
2023-10-28 07:00:00,2023,10,28,SUROESTE2,0,0.875,15.299999999999999,9.5,58.5,13.925,otra
2023-10-28 08:00:00,2023,10,28,CENTRO,0,1.16,16.6,12.0,33.0,12.0,otra
2023-10-28 08:00:00,2023,10,28,NORESTE3,0,1.6980000000000002,15.433333333333335,15.633333333333333,39.0,12.0,otra
2023-10-28 08:00:00,2023,10,28,NOROESTE3,0,1.02,11.4,11.0,29.666666666666668,11.0,otra
2023-10-28 08:00:00,2023,10,28,NORTE2,0,0.59,12.9,12.0,34.0,,otra
2023-10-28 08:00:00,2023,10,28,SUR,0,0.8475,13.55,13.25,45.25,6.333333333333333,otra
2023-10-28 08:00:00,2023,10,28,SUROESTE2,0,0.98,15.5,9.5,55.0,12.145,otra
2023-10-29 07:00:00,2023,10,29,CENTRO,0,1.05,16.2,11.0,30.0,13.0,otra
2023-10-29 07:00:00,2023,10,29,NORESTE3,0,1.3193333333333335,10.0,18.733333333333334,30.333333333333332,8.0,otra
2023-10-29 07:00:00,2023,10,29,NOROESTE3,0,0.8300000000000001,12.399999999999999,9.0,25.666666666666668,12.0,otra
2023-10-29 07:00:00,2023,10,29,NORTE2,0,0.46,12.100000000000001,14.5,33.5,7.0,otra
2023-10-29 07:00:00,2023,10,29,SUR,0,0.76,11.925,17.5,27.25,6.666666666666667,otra
2023-10-29 07:00:00,2023,10,29,SUROESTE2,0,0.88,15.15,10.0,55.0,14.38,otra
2023-10-29 08:00:00,2023,10,29,CENTRO,0,1.12,16.7,11.0,31.0,13.0,otra
2023-10-29 08:00:00,2023,10,29,NORESTE3,0,1.2743333333333333,11.299999999999999,18.333333333333332,32.0,8.0,otra
2023-10-29 08:00:00,2023,10,29,NOROESTE3,0,0.835,13.149999999999999,8.5,25.0,9.925,otra
2023-10-29 08:00:00,2023,10,29,NORTE2,0,0.5,14.6,13.0,31.5,6.0,otra
2023-10-29 08:00:00,2023,10,29,SUR,0,0.7875,11.2,17.75,28.0,5.0,otra
2023-10-29 08:00:00,2023,10,29,SUROESTE2,0,0.985,17.35,8.0,57.5,16.96,otra
2023-10-30 07:00:00,2023,10,30,CENTRO,1,0.97,14.1,11.0,17.0,10.0,otra
2023-10-30 07:00:00,2023,10,30,NORESTE3,0,1.3623333333333332,6.8,19.3,13.666666666666666,,otra
2023-10-30 07:00:00,2023,10,30,NOROESTE3,0,1.025,8.7,9.5,10.333333333333334,4.0,otra
2023-10-30 07:00:00,2023,10,30,NORTE2,1,0.22,8.8,15.0,11.0,3.0,otra
2023-10-30 07:00:00,2023,10,30,SUR,1,0.745,8.774999999999999,16.25,15.0,5.0,otra
2023-10-30 07:00:00,2023,10,30,SUROESTE2,1,0.765,14.25,8.0,16.5,12.0,otra
2023-10-30 08:00:00,2023,10,30,CENTRO,1,1.21,14.2,12.0,18.0,9.0,otra
2023-10-30 08:00:00,2023,10,30,NORESTE3,0,1.4056666666666666,7.2,19.533333333333335,15.0,,otra
2023-10-30 08:00:00,2023,10,30,NOROESTE3,0,0.9550000000000001,8.85,12.0,9.666666666666666,,otra
2023-10-30 08:00:00,2023,10,30,NORTE2,1,0.23,8.3,16.0,13.0,3.0,otra
2023-10-30 08:00:00,2023,10,30,SUR,1,0.7925,9.625,15.0,13.5,6.333333333333333,otra
2023-10-30 08:00:00,2023,10,30,SUROESTE2,1,1.01,16.15,7.5,15.5,,otra
2023-10-31 07:00:00,2023,10,31,CENTRO,1,0.94,13.3,23.0,35.0,12.0,otra
2023-10-31 07:00:00,2023,10,31,NORESTE3,0,1.4749999999999999,10.0,26.233333333333334,35.0,5.0,otra
2023-10-31 07:00:00,2023,10,31,NOROESTE3,0,0.89,9.700000000000001,21.0,20.0,6.5,otra
2023-10-31 07:00:00,2023,10,31,NORTE2,1,0.22,14.75,21.0,29.5,7.0,otra
2023-10-31 07:00:00,2023,10,31,SUR,1,0.8225,15.799999999999999,24.25,25.0,10.0,otra
2023-10-31 07:00:00,2023,10,31,SUROESTE2,1,0.865,22.4,11.0,34.0,11.655000000000001,otra
2023-10-31 08:00:00,2023,10,31,CENTRO,1,1.18,18.3,19.0,39.0,13.0,otra
2023-10-31 08:00:00,2023,10,31,NORESTE3,0,1.5183333333333333,10.466666666666667,25.566666666666666,24.333333333333332,15.0,otra
2023-10-31 08:00:00,2023,10,31,NOROESTE3,0,0.925,11.25,20.5,21.0,15.5,otra
2023-10-31 08:00:00,2023,10,31,NORTE2,1,0.27,16.200000000000003,19.5,33.0,6.0,otra
2023-10-31 08:00:00,2023,10,31,SUR,1,0.8400000000000001,17.125,22.5,23.75,11.0,otra
2023-10-31 08:00:00,2023,10,31,SUROESTE2,1,0.98,24.6,10.0,25.5,13.37,otra
2023-11-01 07:00:00,2023,11,1,CENTRO,1,0.89,18.8,27.0,26.0,9.0,otra
2023-11-01 07:00:00,2023,11,1,NORESTE3,0,1.6913333333333334,26.53333333333333,9.6,41.333333333333336,13.0,otra
2023-11-01 07:00:00,2023,11,1,NOROESTE3,0,0.78,11.15,26.5,11.333333333333334,5.0,otra
2023-11-01 07:00:00,2023,11,1,NORTE2,1,0.4,30.7,8.5,55.0,13.0,otra
2023-11-01 07:00:00,2023,11,1,SUR,1,1.205,28.7,7.75,53.75,18.666666666666668,otra
2023-11-01 07:00:00,2023,11,1,SUROESTE2,1,0.8200000000000001,15.05,32.0,14.0,8.425,otra
2023-11-01 08:00:00,2023,11,1,CENTRO,1,1.03,18.0,31.0,29.0,,otra
2023-11-01 08:00:00,2023,11,1,NORESTE3,0,1.8546666666666667,26.166666666666668,14.866666666666667,51.666666666666664,14.0,otra
2023-11-01 08:00:00,2023,11,1,NOROESTE3,0,0.875,9.7,26.5,20.0,5.5,otra
2023-11-01 08:00:00,2023,11,1,NORTE2,1,0.24,25.55,19.0,67.5,9.0,otra
2023-11-01 08:00:00,2023,11,1,SUR,1,1.2675,25.333333333333332,12.0,53.0,20.0,otra
2023-11-01 08:00:00,2023,11,1,SUROESTE2,1,1.03,20.950000000000003,27.0,15.5,9.51,otra
2023-11-02 07:00:00,2023,11,2,CENTRO,1,1.05,29.5,11.0,53.0,20.0,otra
2023-11-02 07:00:00,2023,11,2,NORESTE3,0,2.2673333333333336,32.03333333333333,6.1,62.0,36.0,otra
2023-11-02 07:00:00,2023,11,2,NOROESTE3,0,1.49,24.5,6.0,62.666666666666664,22.0,otra
2023-11-02 07:00:00,2023,11,2,NORTE2,1,1.13,38.349999999999994,8.5,71.5,23.0,otra
2023-11-02 07:00:00,2023,11,2,SUR,1,1.51,30.53333333333333,7.25,83.25,45.0,otra
2023-11-02 07:00:00,2023,11,2,SUROESTE2,1,1.01,28.9,12.0,50.0,24.465,otra
2023-11-02 08:00:00,2023,11,2,CENTRO,1,1.24,30.3,11.0,78.0,22.0,otra
2023-11-02 08:00:00,2023,11,2,NORESTE3,0,2.5853333333333333,35.666666666666664,10.733333333333334,82.33333333333333,41.0,otra
2023-11-02 08:00:00,2023,11,2,NOROESTE3,0,1.49,25.9,7.0,83.66666666666667,27.5,otra
2023-11-02 08:00:00,2023,11,2,NORTE2,1,1.93,41.45,9.5,98.0,29.0,otra
2023-11-02 08:00:00,2023,11,2,SUR,1,2.0575,31.5,10.0,113.0,52.5,otra
2023-11-02 08:00:00,2023,11,2,SUROESTE2,1,1.375,32.9,10.5,69.5,38.510000000000005,otra
2023-11-03 07:00:00,2023,11,3,CENTRO,1,1.14,26.9,10.0,113.0,34.0,otra
2023-11-03 07:00:00,2023,11,3,NORESTE3,0,2.164,33.76666666666667,6.0,83.33333333333333,31.5,otra
2023-11-03 07:00:00,2023,11,3,NOROESTE3,0,1.31,17.6,5.0,57.666666666666664,21.0,otra
2023-11-03 07:00:00,2023,11,3,NORTE2,1,0.94,29.200000000000003,7.5,88.0,19.0,otra
2023-11-03 07:00:00,2023,11,3,SUR,1,1.365,31.166666666666668,6.75,60.75,21.0,otra
2023-11-03 07:00:00,2023,11,3,SUROESTE2,1,1.2349999999999999,19.95,16.0,60.5,40.255,otra
2023-11-03 08:00:00,2023,11,3,CENTRO,1,1.36,28.6,11.0,125.0,39.0,otra
2023-11-03 08:00:00,2023,11,3,NORESTE3,0,2.443,33.166666666666664,9.0,122.0,35.5,otra
2023-11-03 08:00:00,2023,11,3,NOROESTE3,0,1.35,17.05,6.5,67.0,20.5,otra
2023-11-03 08:00:00,2023,11,3,NORTE2,1,1.25,29.85,8.0,90.5,23.0,otra
2023-11-03 08:00:00,2023,11,3,SUR,1,1.67,32.06666666666666,8.5,83.5,26.333333333333332,otra
2023-11-03 08:00:00,2023,11,3,SUROESTE2,1,1.5350000000000001,25.9,11.5,98.0,44.245,otra
2023-11-04 07:00:00,2023,11,4,CENTRO,0,1.16,25.4,10.0,78.0,29.0,otra
2023-11-04 07:00:00,2023,11,4,NORESTE3,0,1.8423333333333334,20.333333333333332,7.933333333333334,46.0,14.5,otra
2023-11-04 07:00:00,2023,11,4,NOROESTE3,0,1.37,14.0,5.0,66.5,20.72,otra
2023-11-04 07:00:00,2023,11,4,NORTE2,0,0.83,25.5,11.0,73.0,20.5,otra
2023-11-04 07:00:00,2023,11,4,SUR,0,1.235,21.133333333333333,6.666666666666667,54.25,18.666666666666668,otra
2023-11-04 07:00:00,2023,11,4,SUROESTE2,0,1.225,17.75,9.5,60.0,31.73,otra
2023-11-04 08:00:00,2023,11,4,CENTRO,0,1.29,23.5,,104.0,33.0,otra
2023-11-04 08:00:00,2023,11,4,NORESTE3,0,1.8806666666666667,21.833333333333332,13.75,60.666666666666664,20.5,otra
2023-11-04 08:00:00,2023,11,4,NOROESTE3,0,1.28,14.8,6.5,59.666666666666664,25.33,otra
2023-11-04 08:00:00,2023,11,4,NORTE2,0,0.82,26.450000000000003,9.0,86.5,24.0,otra
2023-11-04 08:00:00,2023,11,4,SUR,0,1.7750000000000001,24.8,7.0,70.5,19.333333333333332,otra
2023-11-04 08:00:00,2023,11,4,SUROESTE2,0,1.28,21.5,9.0,79.5,31.385,otra
2023-11-05 07:00:00,2023,11,5,CENTRO,0,1.64,23.8,9.0,55.0,28.0,otra
2023-11-05 07:00:00,2023,11,5,NORESTE3,0,1.7423333333333335,20.966666666666665,8.066666666666666,42.333333333333336,14.5,otra
2023-11-05 07:00:00,2023,11,5,NOROESTE3,0,1.24,13.55,6.0,67.0,23.5,otra
2023-11-05 07:00:00,2023,11,5,NORTE2,0,1.155,23.2,10.0,99.5,23.0,otra
2023-11-05 07:00:00,2023,11,5,SUR,0,1.065,15.566666666666668,9.333333333333334,32.0,12.0,otra
2023-11-05 07:00:00,2023,11,5,SUROESTE2,0,1.005,14.2,28.0,47.0,25.63,otra
2023-11-05 08:00:00,2023,11,5,CENTRO,0,1.47,23.3,12.0,64.0,30.0,otra
2023-11-05 08:00:00,2023,11,5,NORESTE3,0,1.766333333333333,19.766666666666666,10.733333333333334,52.666666666666664,16.5,otra
2023-11-05 08:00:00,2023,11,5,NOROESTE3,0,1.2,14.4,6.5,57.0,22.805,otra
2023-11-05 08:00:00,2023,11,5,NORTE2,0,1.2349999999999999,23.15,8.5,81.0,21.0,otra
2023-11-05 08:00:00,2023,11,5,SUR,0,1.0999999999999999,16.25,11.0,43.666666666666664,12.0,otra
2023-11-05 08:00:00,2023,11,5,SUROESTE2,0,1.115,20.0,12.5,41.5,27.175,otra
2023-11-06 07:00:00,2023,11,6,CENTRO,1,1.3,20.1,9.0,42.0,18.0,otra
2023-11-06 07:00:00,2023,11,6,NORESTE3,0,2.0646666666666667,20.633333333333333,7.933333333333334,44.0,15.5,otra
2023-11-06 07:00:00,2023,11,6,NOROESTE3,0,1.505,14.3,5.5,74.0,21.82,otra
2023-11-06 07:00:00,2023,11,6,NORTE2,1,1.495,22.9,10.0,59.5,17.5,otra
2023-11-06 07:00:00,2023,11,6,SUR,1,1.6575,21.900000000000002,6.666666666666667,74.25,19.2475,otra
2023-11-06 07:00:00,2023,11,6,SUROESTE2,1,1.415,22.25,11.5,42.5,22.82,otra
2023-11-06 08:00:00,2023,11,6,CENTRO,1,1.77,22.3,10.0,59.0,20.0,otra
2023-11-06 08:00:00,2023,11,6,NORESTE3,0,2.2823333333333333,22.733333333333334,11.266666666666666,73.0,23.5,otra
2023-11-06 08:00:00,2023,11,6,NOROESTE3,0,1.7349999999999999,14.600000000000001,6.0,74.33333333333333,23.335,otra
2023-11-06 08:00:00,2023,11,6,NORTE2,1,1.5699999999999998,25.1,11.0,77.5,17.0,otra
2023-11-06 08:00:00,2023,11,6,SUR,1,1.815,23.0,8.333333333333334,77.75,17.675,otra
2023-11-06 08:00:00,2023,11,6,SUROESTE2,1,2.37,29.450000000000003,8.0,77.0,29.375,otra
2023-11-07 07:00:00,2023,11,7,CENTRO,1,1.41,29.0,10.0,76.0,26.0,otra
2023-11-07 07:00:00,2023,11,7,NORESTE3,0,2.0783333333333336,23.03333333333333,7.8999999999999995,73.0,20.0,otra
2023-11-07 07:00:00,2023,11,7,NOROESTE3,0,1.155,20.25,9.0,62.333333333333336,17.86,otra
2023-11-07 07:00:00,2023,11,7,NORTE2,1,1.29,26.0,10.0,82.0,21.0,otra
2023-11-07 07:00:00,2023,11,7,SUR,1,1.4175,23.666666666666668,6.25,56.0,14.932500000000001,otra
2023-11-07 07:00:00,2023,11,7,SUROESTE2,1,1.455,27.700000000000003,15.0,80.0,30.435,otra
2023-11-07 08:00:00,2023,11,7,CENTRO,1,1.77,33.7,11.0,99.0,26.0,otra
2023-11-07 08:00:00,2023,11,7,NORESTE3,0,2.39,25.2,9.633333333333333,100.33333333333333,22.5,otra
2023-11-07 08:00:00,2023,11,7,NOROESTE3,0,1.54,22.75,8.5,68.33333333333333,19.42,otra
2023-11-07 08:00:00,2023,11,7,NORTE2,1,1.9100000000000001,32.5,8.5,92.0,21.5,otra
2023-11-07 08:00:00,2023,11,7,SUR,1,2.1750000000000003,25.8,7.25,89.5,19.0075,otra
2023-11-07 08:00:00,2023,11,7,SUROESTE2,1,2.74,36.9,10.0,103.0,39.0,otra
2023-11-08 07:00:00,2023,11,8,CENTRO,1,1.41,22.7,,56.0,22.0,otra
2023-11-08 07:00:00,2023,11,8,NORESTE3,0,1.9120000000000001,18.166666666666668,7.866666666666667,58.0,12.0,otra
2023-11-08 07:00:00,2023,11,8,NOROESTE3,0,1.4249999999999998,16.95,6.0,74.66666666666667,18.0,otra
2023-11-08 07:00:00,2023,11,8,NORTE2,1,1.255,23.4,7.5,62.5,13.0,otra
2023-11-08 07:00:00,2023,11,8,SUR,1,1.3775,19.03333333333333,6.0,76.5,33.0125,otra
2023-11-08 07:00:00,2023,11,8,SUROESTE2,1,1.6600000000000001,39.35,11.0,115.5,37.545,otra
2023-11-08 08:00:00,2023,11,8,CENTRO,1,1.94,31.6,10.0,77.0,26.0,otra
2023-11-08 08:00:00,2023,11,8,NORESTE3,0,2.27,21.233333333333334,9.6,58.666666666666664,17.0,otra
2023-11-08 08:00:00,2023,11,8,NOROESTE3,0,1.94,19.5,5.5,105.33333333333333,27.0,otra
2023-11-08 08:00:00,2023,11,8,NORTE2,1,1.595,25.049999999999997,10.0,78.0,23.0,otra
2023-11-08 08:00:00,2023,11,8,SUR,1,1.68,20.3,6.75,79.25,19.06,otra
2023-11-08 08:00:00,2023,11,8,SUROESTE2,1,2.69,45.9,9.0,147.5,54.225,otra
2023-11-09 07:00:00,2023,11,9,CENTRO,1,1.14,15.8,13.0,54.0,31.0,otra
2023-11-09 07:00:00,2023,11,9,NORESTE3,0,1.6496666666666666,15.9,10.233333333333333,40.333333333333336,16.5,otra
2023-11-09 07:00:00,2023,11,9,NOROESTE3,0,1.005,12.0,7.0,49.666666666666664,21.955,otra
2023-11-09 07:00:00,2023,11,9,NORTE2,1,0.825,14.3,15.0,48.0,22.5,otra
2023-11-09 07:00:00,2023,11,9,SUR,1,0.9925,17.8,9.0,51.75,22.055,otra
2023-11-09 07:00:00,2023,11,9,SUROESTE2,1,1.385,26.15,11.5,101.5,49.86,otra
2023-11-09 08:00:00,2023,11,9,CENTRO,1,1.25,19.2,10.0,78.0,32.0,otra
2023-11-09 08:00:00,2023,11,9,NORESTE3,0,1.726,16.400000000000002,11.799999999999999,60.333333333333336,17.0,otra
2023-11-09 08:00:00,2023,11,9,NOROESTE3,0,1.245,12.5,6.5,66.0,22.485,otra
2023-11-09 08:00:00,2023,11,9,NORTE2,1,0.995,17.95,11.5,47.5,28.0,otra
2023-11-09 08:00:00,2023,11,9,SUR,1,1.205,18.766666666666666,8.75,64.5,21.5175,otra
2023-11-09 08:00:00,2023,11,9,SUROESTE2,1,1.87,30.200000000000003,8.0,108.0,64.09,otra
2023-11-10 07:00:00,2023,11,10,CENTRO,1,1.03,12.4,17.0,25.0,,otra
2023-11-10 07:00:00,2023,11,10,NORESTE3,0,1.5520000000000003,8.366666666666667,13.299999999999999,16.333333333333332,5.0,otra
2023-11-10 07:00:00,2023,11,10,NOROESTE3,0,0.775,3.7,20.0,8.666666666666666,2.87,otra
2023-11-10 07:00:00,2023,11,10,NORTE2,1,0.795,10.6,15.0,16.0,5.0,otra
2023-11-10 07:00:00,2023,11,10,SUR,1,0.8675,12.633333333333333,11.75,14.0,3.1675,otra
2023-11-10 07:00:00,2023,11,10,SUROESTE2,1,0.95,11.05,16.5,33.0,,otra
2023-11-10 08:00:00,2023,11,10,CENTRO,1,1.11,15.2,13.0,28.0,,otra
2023-11-10 08:00:00,2023,11,10,NORESTE3,0,1.6053333333333333,8.799999999999999,13.366666666666667,16.666666666666668,4.0,otra
2023-11-10 08:00:00,2023,11,10,NOROESTE3,0,0.9650000000000001,7.6499999999999995,13.0,7.333333333333333,2.92,otra
2023-11-10 08:00:00,2023,11,10,NORTE2,1,0.895,11.8,12.0,19.5,3.0,otra
2023-11-10 08:00:00,2023,11,10,SUR,1,0.935,13.0,9.25,15.5,3.7699999999999996,otra
2023-11-10 08:00:00,2023,11,10,SUROESTE2,1,1.135,13.75,12.0,25.5,3.0,otra
2023-11-11 07:00:00,2023,11,11,CENTRO,0,1.0,13.7,12.0,27.0,,otra
2023-11-11 07:00:00,2023,11,11,NORESTE3,0,2.1399999999999997,11.2,10.5,22.0,3.5,otra
2023-11-11 07:00:00,2023,11,11,NOROESTE3,0,0.83,4.6,8.0,11.0,4.58,otra
2023-11-11 07:00:00,2023,11,11,NORTE2,0,0.645,14.299999999999999,10.0,16.0,3.0,otra
2023-11-11 07:00:00,2023,11,11,SUR,0,0.88,12.566666666666668,10.75,11.666666666666666,5.666666666666667,otra
2023-11-11 07:00:00,2023,11,11,SUROESTE2,0,0.9550000000000001,14.8,9.5,21.5,8.0,otra
2023-11-11 08:00:00,2023,11,11,CENTRO,0,1.1,17.2,10.0,24.0,,otra
2023-11-11 08:00:00,2023,11,11,NORESTE3,0,1.6703333333333334,12.533333333333333,12.45,19.666666666666668,3.0,otra
2023-11-11 08:00:00,2023,11,11,NOROESTE3,0,0.9,4.7,8.0,9.5,2.81,otra
2023-11-11 08:00:00,2023,11,11,NORTE2,0,0.835,15.399999999999999,10.5,14.0,6.5,otra
2023-11-11 08:00:00,2023,11,11,SUR,0,0.94,13.800000000000002,9.75,11.666666666666666,6.666666666666667,otra
2023-11-11 08:00:00,2023,11,11,SUROESTE2,0,0.9299999999999999,15.5,9.0,18.0,6.0,otra
2023-11-12 07:00:00,2023,11,12,CENTRO,0,1.08,12.4,14.0,23.0,11.0,otra
2023-11-12 07:00:00,2023,11,12,NORESTE3,0,1.6073333333333333,10.633333333333333,11.299999999999999,15.0,3.5,otra
2023-11-12 07:00:00,2023,11,12,NOROESTE3,0,0.97,5.5,6.0,15.5,9.5,otra
2023-11-12 07:00:00,2023,11,12,NORTE2,0,0.6699999999999999,13.600000000000001,10.0,14.0,10.0,otra
2023-11-12 07:00:00,2023,11,12,SUR,0,1.03,12.333333333333334,10.25,14.75,7.666666666666667,otra
2023-11-12 07:00:00,2023,11,12,SUROESTE2,0,0.915,13.3,10.5,9.0,6.0,otra
2023-11-12 08:00:00,2023,11,12,CENTRO,0,1.32,13.0,15.0,26.0,11.0,otra
2023-11-12 08:00:00,2023,11,12,NORESTE3,0,1.5756666666666668,10.299999999999999,12.133333333333333,14.0,3.5,otra
2023-11-12 08:00:00,2023,11,12,NOROESTE3,0,0.98,3.4,12.0,14.0,4.98,otra
2023-11-12 08:00:00,2023,11,12,NORTE2,0,0.6849999999999999,12.75,10.0,15.0,5.0,otra
2023-11-12 08:00:00,2023,11,12,SUR,0,1.0075,11.799999999999999,10.75,14.5,6.333333333333333,otra
2023-11-12 08:00:00,2023,11,12,SUROESTE2,0,1.05,13.5,11.0,10.0,10.0,otra
2023-11-13 07:00:00,2023,11,13,CENTRO,1,1.15,15.1,10.0,26.0,7.0,otra
2023-11-13 07:00:00,2023,11,13,NORESTE3,0,1.7153333333333334,12.4,13.65,14.333333333333334,2.0,otra
2023-11-13 07:00:00,2023,11,13,NOROESTE3,0,0.98,9.05,11.5,5.0,,otra
2023-11-13 07:00:00,2023,11,13,NORTE2,1,0.91,16.4,6.0,8.0,3.0,otra
2023-11-13 07:00:00,2023,11,13,SUR,1,1.01,13.1,9.75,15.0,3.0,otra
2023-11-13 07:00:00,2023,11,13,SUROESTE2,1,1.19,16.799999999999997,7.0,15.5,2.0,otra
2023-11-13 08:00:00,2023,11,13,CENTRO,1,1.3,16.8,9.0,22.0,11.0,otra
2023-11-13 08:00:00,2023,11,13,NORESTE3,0,1.8883333333333334,13.866666666666667,12.7,16.0,5.5,otra
2023-11-13 08:00:00,2023,11,13,NOROESTE3,0,1.1099999999999999,9.85,10.5,4.333333333333333,2.0,otra
2023-11-13 08:00:00,2023,11,13,NORTE2,1,1.1,16.75,6.0,13.0,5.5,otra
2023-11-13 08:00:00,2023,11,13,SUR,1,1.21,15.9,7.25,11.5,3.3333333333333335,otra
2023-11-13 08:00:00,2023,11,13,SUROESTE2,1,1.505,18.15,7.0,12.5,,otra
2023-11-14 07:00:00,2023,11,14,CENTRO,1,1.22,19.0,9.0,35.0,11.0,otra
2023-11-14 07:00:00,2023,11,14,NORESTE3,0,1.7116666666666667,13.733333333333334,18.55,20.333333333333332,5.0,otra
2023-11-14 07:00:00,2023,11,14,NOROESTE3,0,1.185,11.049999999999999,8.5,10.0,5.0,otra
2023-11-14 07:00:00,2023,11,14,NORTE2,1,0.935,17.15,11.0,20.0,4.5,otra
2023-11-14 07:00:00,2023,11,14,SUR,1,0.9874999999999999,14.825,12.75,15.25,4.8975,otra
2023-11-14 07:00:00,2023,11,14,SUROESTE2,1,1.25,19.05,6.0,33.5,17.0,otra
2023-11-14 08:00:00,2023,11,14,CENTRO,1,1.51,20.3,9.0,33.0,19.0,otra
2023-11-14 08:00:00,2023,11,14,NORESTE3,0,1.8086666666666666,14.633333333333333,19.6,17.333333333333332,3.0,otra
2023-11-14 08:00:00,2023,11,14,NOROESTE3,0,1.3050000000000002,11.0,9.0,11.0,,otra
2023-11-14 08:00:00,2023,11,14,NORTE2,1,1.09,17.8,11.0,23.0,8.0,otra
2023-11-14 08:00:00,2023,11,14,SUR,1,1.0925,18.65,11.75,17.25,7.0,otra
2023-11-14 08:00:00,2023,11,14,SUROESTE2,1,1.565,19.35,7.0,39.5,15.0,otra
2023-11-15 07:00:00,2023,11,15,CENTRO,1,0.7,19.9,10.0,43.0,19.0,otra
2023-11-15 07:00:00,2023,11,15,NORESTE3,0,1.7933333333333332,15.4,10.700000000000001,33.333333333333336,13.5,otra
2023-11-15 07:00:00,2023,11,15,NOROESTE3,0,1.165,11.55,6.0,18.333333333333332,,otra
2023-11-15 07:00:00,2023,11,15,NORTE2,1,1.005,21.2,6.0,60.0,9.0,otra
2023-11-15 07:00:00,2023,11,15,SUR,1,1.135,17.299999999999997,9.25,30.0,11.5,otra
2023-11-15 07:00:00,2023,11,15,SUROESTE2,1,1.135,16.45,8.5,33.5,10.0,otra
2023-11-15 08:00:00,2023,11,15,CENTRO,1,0.85,23.8,9.0,39.0,23.0,otra
2023-11-15 08:00:00,2023,11,15,NORESTE3,0,1.9263333333333332,17.066666666666666,11.5,39.666666666666664,14.5,otra
2023-11-15 08:00:00,2023,11,15,NOROESTE3,0,1.31,11.950000000000001,5.5,18.333333333333332,,otra
2023-11-15 08:00:00,2023,11,15,NORTE2,1,1.11,20.2,8.0,55.0,9.0,otra
2023-11-15 08:00:00,2023,11,15,SUR,1,1.365,19.125,8.5,38.75,13.0,otra
2023-11-15 08:00:00,2023,11,15,SUROESTE2,1,1.645,19.65,7.0,46.5,23.119999999999997,otra
2023-11-16 07:00:00,2023,11,16,CENTRO,1,1.32,18.5,9.0,78.0,39.0,otra
2023-11-16 07:00:00,2023,11,16,NORESTE3,0,2.081,17.0,8.3,78.0,28.0,otra
2023-11-16 07:00:00,2023,11,16,NOROESTE3,0,1.8599999999999999,15.9,5.0,99.66666666666667,34.0,otra
2023-11-16 07:00:00,2023,11,16,NORTE2,1,1.545,20.45,11.0,141.0,32.5,otra
2023-11-16 07:00:00,2023,11,16,SUR,1,1.5025,12.925,9.0,79.75,23.9625,otra
2023-11-16 07:00:00,2023,11,16,SUROESTE2,1,1.1800000000000002,18.2,8.0,68.0,32.32,otra
2023-11-16 08:00:00,2023,11,16,CENTRO,1,1.44,17.1,,72.0,37.0,otra
2023-11-16 08:00:00,2023,11,16,NORESTE3,0,2.333666666666667,17.900000000000002,8.55,94.66666666666667,34.0,otra
2023-11-16 08:00:00,2023,11,16,NOROESTE3,0,1.725,16.55,6.0,111.66666666666667,30.5,otra
2023-11-16 08:00:00,2023,11,16,NORTE2,1,1.71,19.75,11.0,140.5,33.5,otra
2023-11-16 08:00:00,2023,11,16,SUR,1,1.91,15.95,8.666666666666666,86.5,24.095,otra
2023-11-16 08:00:00,2023,11,16,SUROESTE2,1,1.56,19.9,7.0,70.5,41.1,otra
2023-11-17 07:00:00,2023,11,17,CENTRO,1,1.51,22.2,,81.0,45.0,otra
2023-11-17 07:00:00,2023,11,17,NORESTE3,0,2.362,18.966666666666665,5.8,129.0,43.5,otra
2023-11-17 07:00:00,2023,11,17,NOROESTE3,0,1.75,18.5,6.0,93.66666666666667,49.0,otra
2023-11-17 07:00:00,2023,11,17,NORTE2,1,1.855,23.0,12.0,146.5,39.0,otra
2023-11-17 07:00:00,2023,11,17,SUR,1,1.8975,17.25,7.75,101.5,28.315,otra
2023-11-17 07:00:00,2023,11,17,SUROESTE2,1,1.4500000000000002,22.6,9.5,82.5,37.67,otra
2023-11-17 08:00:00,2023,11,17,CENTRO,1,1.79,24.5,10.0,86.0,37.0,otra
2023-11-17 08:00:00,2023,11,17,NORESTE3,0,2.6273333333333335,21.066666666666666,9.75,144.0,49.5,otra
2023-11-17 08:00:00,2023,11,17,NOROESTE3,0,1.85,18.0,7.0,97.33333333333333,49.0,otra
2023-11-17 08:00:00,2023,11,17,NORTE2,1,2.67,25.7,12.0,171.5,45.5,otra
2023-11-17 08:00:00,2023,11,17,SUR,1,2.285,18.375,8.25,138.25,26.740000000000002,otra
2023-11-17 08:00:00,2023,11,17,SUROESTE2,1,2.37,25.85,9.0,78.0,35.93,otra
2023-11-18 07:00:00,2023,11,18,CENTRO,0,1.4,28.4,9.0,71.0,30.0,otra
2023-11-18 07:00:00,2023,11,18,NORESTE3,0,2.2096666666666667,25.099999999999998,9.533333333333333,88.66666666666667,32.0,otra
2023-11-18 07:00:00,2023,11,18,NOROESTE3,0,1.795,22.9,5.5,77.33333333333333,35.86,otra
2023-11-18 07:00:00,2023,11,18,NORTE2,0,1.51,32.95,10.0,137.5,35.0,otra
2023-11-18 07:00:00,2023,11,18,SUR,0,1.8325,32.425,8.25,104.25,32.775,otra
2023-11-18 07:00:00,2023,11,18,SUROESTE2,0,1.3900000000000001,27.85,8.0,74.5,29.395,otra
2023-11-18 08:00:00,2023,11,18,CENTRO,0,1.43,25.6,11.0,65.0,22.0,otra
2023-11-18 08:00:00,2023,11,18,NORESTE3,0,2.1876666666666664,25.433333333333334,13.700000000000001,93.0,31.5,otra
2023-11-18 08:00:00,2023,11,18,NOROESTE3,0,2.23,23.85,7.0,90.33333333333333,30.86,otra
2023-11-18 08:00:00,2023,11,18,NORTE2,0,2.09,38.2,10.0,132.0,38.5,otra
2023-11-18 08:00:00,2023,11,18,SUR,0,2.1149999999999998,31.3,9.25,105.75,27.7,otra
2023-11-18 08:00:00,2023,11,18,SUROESTE2,0,1.8399999999999999,29.65,8.0,107.0,34.025,otra
2023-11-19 07:00:00,2023,11,19,CENTRO,0,1.15,28.7,11.0,60.0,31.0,otra
2023-11-19 07:00:00,2023,11,19,NORESTE3,0,1.7046666666666666,12.433333333333332,24.566666666666666,45.333333333333336,18.5,otra
2023-11-19 07:00:00,2023,11,19,NOROESTE3,0,1.2,11.0,18.5,38.333333333333336,22.13,otra
2023-11-19 07:00:00,2023,11,19,NORTE2,0,0.74,11.95,23.0,52.0,24.0,otra
2023-11-19 07:00:00,2023,11,19,SUR,0,0.9550000000000001,8.725,25.5,34.0,16.293333333333333,otra
2023-11-19 07:00:00,2023,11,19,SUROESTE2,0,0.955,25.450000000000003,11.0,63.0,31.69,otra
2023-11-19 08:00:00,2023,11,19,CENTRO,0,1.22,28.5,11.0,59.0,34.0,otra
2023-11-19 08:00:00,2023,11,19,NORESTE3,0,1.7313333333333334,13.700000000000001,23.0,49.666666666666664,21.5,otra
2023-11-19 08:00:00,2023,11,19,NOROESTE3,0,1.3,11.75,15.0,43.0,25.035,otra
2023-11-19 08:00:00,2023,11,19,NORTE2,0,0.8049999999999999,16.2,18.0,58.5,21.5,otra
2023-11-19 08:00:00,2023,11,19,SUR,0,0.99,10.725000000000001,24.75,39.5,19.98,otra
2023-11-19 08:00:00,2023,11,19,SUROESTE2,0,1.015,27.35,9.0,70.5,34.120000000000005,otra
2023-11-20 07:00:00,2023,11,20,CENTRO,1,1.52,23.2,,82.0,38.0,otra
2023-11-20 07:00:00,2023,11,20,NORESTE3,0,2.591666666666667,18.833333333333332,6.4,92.33333333333333,49.5,otra
2023-11-20 07:00:00,2023,11,20,NOROESTE3,0,1.385,16.25,7.0,68.33333333333333,31.36,otra
2023-11-20 07:00:00,2023,11,20,NORTE2,1,1.68,22.4,,129.5,41.0,otra
2023-11-20 07:00:00,2023,11,20,SUR,1,1.92,17.225,8.25,93.5,34.82,otra
2023-11-20 07:00:00,2023,11,20,SUROESTE2,1,1.105,19.9,11.0,65.0,17.8,otra
2023-11-20 08:00:00,2023,11,20,CENTRO,1,1.48,21.4,10.0,75.0,32.0,otra
2023-11-20 08:00:00,2023,11,20,NORESTE3,0,2.2359999999999998,17.366666666666667,9.799999999999999,95.33333333333333,46.0,otra
2023-11-20 08:00:00,2023,11,20,NOROESTE3,0,1.4849999999999999,14.899999999999999,7.0,64.33333333333333,26.77,otra
2023-11-20 08:00:00,2023,11,20,NORTE2,1,1.68,23.200000000000003,,118.5,38.0,otra
2023-11-20 08:00:00,2023,11,20,SUR,1,2.19,19.65,9.75,90.0,44.919999999999995,otra
2023-11-20 08:00:00,2023,11,20,SUROESTE2,1,1.285,21.2,10.0,58.0,13.0,otra
2023-11-21 07:00:00,2023,11,21,NORESTE3,0,1.6426666666666667,9.6,35.6,33.333333333333336,2.0,otra
2023-11-21 07:00:00,2023,11,21,NOROESTE3,0,1.0550000000000002,8.75,23.5,17.333333333333332,6.32,otra
2023-11-21 07:00:00,2023,11,21,NORTE2,1,0.7,20.85,24.5,46.0,5.5,otra
2023-11-21 07:00:00,2023,11,21,SUR,1,0.8575,11.025,34.25,30.75,6.3125,otra
2023-11-21 07:00:00,2023,11,21,SUROESTE2,1,0.825,15.149999999999999,36.5,26.0,6.83,otra
2023-11-21 08:00:00,2023,11,21,NORESTE3,0,1.686,9.533333333333333,32.4,40.333333333333336,,otra
2023-11-21 08:00:00,2023,11,21,NOROESTE3,0,1.06,8.399999999999999,23.5,49.666666666666664,5.220000000000001,otra
2023-11-21 08:00:00,2023,11,21,NORTE2,1,0.77,18.15,23.5,54.5,9.5,otra
2023-11-21 08:00:00,2023,11,21,SUR,1,0.9375,12.4,29.5,36.0,6.79,otra
2023-11-21 08:00:00,2023,11,21,SUROESTE2,1,0.9450000000000001,17.85,29.0,37.0,8.985,otra
2023-11-22 07:00:00,2023,11,22,CENTRO,1,0.59,15.1,24.0,30.0,,otra
2023-11-22 07:00:00,2023,11,22,NORESTE3,0,1.9553333333333331,24.2,8.666666666666666,67.5,12.0,otra
2023-11-22 07:00:00,2023,11,22,NOROESTE3,0,1.205,16.35,8.5,27.333333333333332,8.504999999999999,otra
2023-11-22 07:00:00,2023,11,22,NORTE2,1,0.855,26.3,11.5,64.0,7.5,otra
2023-11-22 07:00:00,2023,11,22,SUR,1,1.0325,22.775,10.25,36.25,8.666666666666666,otra
2023-11-22 07:00:00,2023,11,22,SUROESTE2,1,0.805,15.350000000000001,25.5,20.0,5.745,otra
2023-11-22 08:00:00,2023,11,22,CENTRO,1,0.65,16.6,24.0,32.0,,otra
2023-11-22 08:00:00,2023,11,22,NORESTE3,0,2.058333333333333,23.266666666666666,11.233333333333334,64.5,10.5,otra
2023-11-22 08:00:00,2023,11,22,NOROESTE3,0,1.275,14.9,10.5,41.333333333333336,7.715,otra
2023-11-22 08:00:00,2023,11,22,NORTE2,1,1.24,32.45,8.0,96.0,14.5,otra
2023-11-22 08:00:00,2023,11,22,SUR,1,1.375,23.875,9.25,56.0,15.333333333333334,otra
2023-11-22 08:00:00,2023,11,22,SUROESTE2,1,1.0,19.65,23.5,24.5,7.25,otra
2023-11-23 07:00:00,2023,11,23,NORESTE3,0,2.0283333333333333,20.4,12.266666666666666,27.0,12.0,otra
2023-11-23 07:00:00,2023,11,23,NOROESTE3,0,1.2000000000000002,14.25,18.0,19.0,2.82,otra
2023-11-23 07:00:00,2023,11,23,NORTE2,1,0.8049999999999999,25.0,9.0,33.0,12.5,otra
2023-11-23 07:00:00,2023,11,23,SUR,1,1.0899999999999999,16.35,13.5,19.25,8.5,otra
2023-11-23 07:00:00,2023,11,23,SUROESTE2,1,1.125,25.799999999999997,9.0,38.5,28.255,otra
2023-11-23 08:00:00,2023,11,23,NORESTE3,0,2.5153333333333334,22.400000000000002,12.5,33.0,13.5,otra
2023-11-23 08:00:00,2023,11,23,NOROESTE3,0,1.35,14.85,13.5,22.666666666666668,11.565,otra
2023-11-23 08:00:00,2023,11,23,NORTE2,1,1.025,28.0,8.5,36.5,15.0,otra
2023-11-23 08:00:00,2023,11,23,SUR,1,1.3875,17.675,11.25,26.25,12.716666666666667,otra
2023-11-23 08:00:00,2023,11,23,SUROESTE2,1,1.505,26.0,9.5,39.0,19.0,otra
2023-11-24 07:00:00,2023,11,24,CENTRO,1,1.07,19.9,,68.0,36.0,otra
2023-11-24 07:00:00,2023,11,24,NORESTE3,0,2.202666666666667,22.433333333333334,8.45,85.0,25.0,otra
2023-11-24 07:00:00,2023,11,24,NOROESTE3,0,1.935,14.049999999999999,,78.66666666666667,30.435000000000002,otra
2023-11-24 07:00:00,2023,11,24,NORTE2,1,1.375,25.25,11.0,111.0,32.0,otra
2023-11-24 07:00:00,2023,11,24,SUR,1,1.5325,19.05,7.666666666666667,75.25,27.21666666666667,otra
2023-11-24 07:00:00,2023,11,24,SUROESTE2,1,1.48,19.2,9.5,57.5,40.135000000000005,otra
2023-11-24 08:00:00,2023,11,24,CENTRO,1,1.67,20.3,,78.0,40.0,otra
2023-11-24 08:00:00,2023,11,24,NORESTE3,0,2.5653333333333332,24.0,9.4,87.0,35.0,otra
2023-11-24 08:00:00,2023,11,24,NOROESTE3,0,1.985,14.7,,99.33333333333333,30.509999999999998,otra
2023-11-24 08:00:00,2023,11,24,NORTE2,1,1.77,24.4,11.0,123.5,30.0,otra
2023-11-24 08:00:00,2023,11,24,SUR,1,1.91,22.475,9.0,88.75,31.24,otra
2023-11-24 08:00:00,2023,11,24,SUROESTE2,1,2.3,20.9,10.0,100.5,38.565,otra
2023-11-25 07:00:00,2023,11,25,CENTRO,0,1.01,12.3,21.0,35.0,8.0,otra
2023-11-25 07:00:00,2023,11,25,NORESTE3,0,1.7910000000000001,15.100000000000001,20.5,42.333333333333336,15.0,otra
2023-11-25 07:00:00,2023,11,25,NOROESTE3,0,1.235,7.25,21.5,24.666666666666668,9.53,otra
2023-11-25 07:00:00,2023,11,25,NORTE2,0,0.725,14.299999999999999,19.5,39.5,18.0,otra
2023-11-25 07:00:00,2023,11,25,SUR,0,0.9025,6.4,25.75,23.75,10.333333333333334,otra
2023-11-25 07:00:00,2023,11,25,SUROESTE2,0,0.835,13.3,19.0,24.0,15.21,otra
2023-11-25 08:00:00,2023,11,25,CENTRO,0,1.05,12.7,24.0,29.0,10.0,otra
2023-11-25 08:00:00,2023,11,25,NORESTE3,0,1.8113333333333335,13.866666666666667,21.599999999999998,42.666666666666664,16.0,otra
2023-11-25 08:00:00,2023,11,25,NOROESTE3,0,1.2650000000000001,8.8,17.5,21.0,14.3,otra
2023-11-25 08:00:00,2023,11,25,NORTE2,0,0.7799999999999999,15.95,19.0,42.0,14.0,otra
2023-11-25 08:00:00,2023,11,25,SUR,0,0.985,8.975,21.75,23.75,9.666666666666666,otra
2023-11-25 08:00:00,2023,11,25,SUROESTE2,0,0.955,18.1,15.5,24.5,12.0,otra
2023-11-26 07:00:00,2023,11,26,CENTRO,0,1.54,19.6,9.0,66.0,36.0,otra
2023-11-26 07:00:00,2023,11,26,NORESTE3,0,1.7373333333333336,11.9,16.15,45.666666666666664,19.5,otra
2023-11-26 07:00:00,2023,11,26,NOROESTE3,0,1.2850000000000001,12.85,7.5,55.666666666666664,25.515,otra
2023-11-26 07:00:00,2023,11,26,NORTE2,0,1.165,18.85,10.0,87.0,30.0,otra
2023-11-26 07:00:00,2023,11,26,SUR,0,1.2449999999999999,15.825,10.5,52.75,27.52,otra
2023-11-26 07:00:00,2023,11,26,SUROESTE2,0,1.155,14.8,16.0,64.0,37.945,otra
2023-11-26 08:00:00,2023,11,26,CENTRO,0,1.69,18.7,9.0,62.0,41.0,otra
2023-11-26 08:00:00,2023,11,26,NORESTE3,0,1.7089999999999999,9.533333333333333,16.133333333333333,36.666666666666664,10.5,otra
2023-11-26 08:00:00,2023,11,26,NOROESTE3,0,1.605,13.549999999999999,8.5,51.666666666666664,24.985,otra
2023-11-26 08:00:00,2023,11,26,NORTE2,0,1.025,16.549999999999997,8.0,85.5,26.0,otra
2023-11-26 08:00:00,2023,11,26,SUR,0,1.075,13.35,9.25,57.0,20.4825,otra
2023-11-26 08:00:00,2023,11,26,SUROESTE2,0,1.1,16.700000000000003,14.0,62.0,30.56,otra
2023-11-27 07:00:00,2023,11,27,CENTRO,1,1.23,13.6,22.0,28.0,12.0,otra
2023-11-27 07:00:00,2023,11,27,NORESTE3,0,1.8149999999999997,13.666666666666666,19.533333333333335,26.333333333333332,7.5,otra
2023-11-27 07:00:00,2023,11,27,NOROESTE3,0,1.1099999999999999,9.8,18.0,17.0,4.855,otra
2023-11-27 07:00:00,2023,11,27,NORTE2,1,0.73,18.0,15.0,19.0,6.0,otra
2023-11-27 07:00:00,2023,11,27,SUR,1,1.03,11.15,17.25,20.25,8.0,otra
2023-11-27 07:00:00,2023,11,27,SUROESTE2,1,0.895,12.75,22.0,12.0,7.335,otra
2023-11-27 08:00:00,2023,11,27,CENTRO,1,1.36,21.8,14.0,30.0,15.0,otra
2023-11-27 08:00:00,2023,11,27,NORESTE3,0,1.934,15.433333333333332,19.766666666666666,23.333333333333332,7.0,otra
2023-11-27 08:00:00,2023,11,27,NOROESTE3,0,1.12,9.5,18.0,7.666666666666667,,otra
2023-11-27 08:00:00,2023,11,27,NORTE2,1,0.8250000000000001,17.0,16.0,16.0,5.0,otra
2023-11-27 08:00:00,2023,11,27,SUR,1,1.12,12.825000000000001,22.0,20.25,10.5,otra
2023-11-27 08:00:00,2023,11,27,SUROESTE2,1,1.09,16.85,18.5,12.0,4.0,otra
2023-11-28 07:00:00,2023,11,28,CENTRO,1,1.41,20.9,10.0,57.0,28.0,otra
2023-11-28 07:00:00,2023,11,28,NORESTE3,0,1.8753333333333335,17.766666666666666,12.366666666666667,36.666666666666664,19.0,otra
2023-11-28 07:00:00,2023,11,28,NOROESTE3,0,1.535,15.45,6.0,31.333333333333332,18.405,otra
2023-11-28 07:00:00,2023,11,28,NORTE2,1,0.755,20.75,10.0,40.5,12.5,otra
2023-11-28 07:00:00,2023,11,28,SUR,1,1.0775000000000001,16.325,8.25,33.5,18.153333333333332,otra
2023-11-28 07:00:00,2023,11,28,SUROESTE2,1,1.38,25.299999999999997,8.0,32.5,20.0,otra
2023-11-28 08:00:00,2023,11,28,CENTRO,1,1.52,24.2,10.0,45.0,28.0,otra
2023-11-28 08:00:00,2023,11,28,NORESTE3,0,1.9943333333333333,19.233333333333334,12.066666666666668,37.0,20.5,otra
2023-11-28 08:00:00,2023,11,28,NOROESTE3,0,1.445,15.45,5.5,30.333333333333332,15.735,otra
2023-11-28 08:00:00,2023,11,28,NORTE2,1,0.895,20.95,8.5,37.5,14.5,otra
2023-11-28 08:00:00,2023,11,28,SUR,1,1.21,16.45,7.5,30.25,17.596666666666668,otra
2023-11-28 08:00:00,2023,11,28,SUROESTE2,1,1.41,23.4,8.5,37.5,24.0,otra
2023-11-29 07:00:00,2023,11,29,CENTRO,1,1.72,22.4,13.0,36.0,22.0,otra
2023-11-29 07:00:00,2023,11,29,NORESTE3,0,1.906,15.833333333333334,21.433333333333334,21.333333333333332,7.5,otra
2023-11-29 07:00:00,2023,11,29,NOROESTE3,0,1.25,15.2,9.5,14.386666666666665,8.85,otra
2023-11-29 07:00:00,2023,11,29,NORTE2,1,0.895,26.05,10.0,29.0,13.5,otra
2023-11-29 07:00:00,2023,11,29,SUR,1,1.0425,17.65,10.0,20.25,14.01,otra
2023-11-29 07:00:00,2023,11,29,SUROESTE2,1,1.275,24.0,9.0,36.0,26.835,otra
2023-11-29 08:00:00,2023,11,29,CENTRO,1,1.9,26.6,9.0,33.0,26.0,otra
2023-11-29 08:00:00,2023,11,29,NORESTE3,0,1.9996666666666665,18.333333333333332,20.166666666666668,30.333333333333332,8.5,otra
2023-11-29 08:00:00,2023,11,29,NOROESTE3,0,1.4649999999999999,16.95,8.0,13.296666666666667,7.69,otra
2023-11-29 08:00:00,2023,11,29,NORTE2,1,1.0350000000000001,27.4,9.5,31.0,10.5,otra
2023-11-29 08:00:00,2023,11,29,SUR,1,1.295,23.325,7.5,23.25,11.089999999999998,otra
2023-11-29 08:00:00,2023,11,29,SUROESTE2,1,1.705,25.05,9.0,36.5,15.0,otra
2023-11-30 07:00:00,2023,11,30,CENTRO,1,2.08,22.0,10.0,117.0,103.0,otra
2023-11-30 07:00:00,2023,11,30,NORESTE3,0,2.1893333333333334,17.733333333333334,10.0,47.0,22.0,otra
2023-11-30 07:00:00,2023,11,30,NOROESTE3,0,1.66,11.35,5.5,35.593333333333334,20.465,otra
2023-11-30 07:00:00,2023,11,30,NORTE2,1,1.08,18.9,,64.5,21.5,otra
2023-11-30 07:00:00,2023,11,30,SUR,1,1.5625,20.05,11.0,65.25,35.95666666666667,otra
2023-11-30 07:00:00,2023,11,30,SUROESTE2,1,2.105,21.6,9.5,75.0,38.0,otra
2023-11-30 08:00:00,2023,11,30,CENTRO,1,2.33,21.7,10.0,141.0,103.0,otra
2023-11-30 08:00:00,2023,11,30,NORESTE3,0,2.4473333333333334,18.633333333333333,9.05,47.333333333333336,26.5,otra
2023-11-30 08:00:00,2023,11,30,NOROESTE3,0,1.565,10.799999999999999,6.5,33.64,16.275,otra
2023-11-30 08:00:00,2023,11,30,NORTE2,1,1.605,18.8,11.0,65.0,20.5,otra
2023-11-30 08:00:00,2023,11,30,SUR,1,1.95,19.0,10.0,61.25,30.206666666666667,otra
2023-11-30 08:00:00,2023,11,30,SUROESTE2,1,3.1399999999999997,23.700000000000003,10.5,105.5,72.75,otra
2023-12-01 07:00:00,2023,12,1,CENTRO,1,2.77,25.5,,110.0,68.0,otra
2023-12-01 07:00:00,2023,12,1,NORESTE3,0,2.3640000000000003,19.366666666666664,5.7,80.66666666666667,39.0,otra
2023-12-01 07:00:00,2023,12,1,NOROESTE3,0,2.705,13.85,,80.0,34.465,otra
2023-12-01 07:00:00,2023,12,1,NORTE2,1,1.7800000000000002,27.75,10.0,128.0,36.5,otra
2023-12-01 07:00:00,2023,12,1,SUR,1,2.1475,26.25,14.0,124.0,52.917500000000004,otra
2023-12-01 07:00:00,2023,12,1,SUROESTE2,1,2.33,28.3,9.0,78.5,47.13,otra
2023-12-01 08:00:00,2023,12,1,CENTRO,1,2.7,28.6,,117.0,83.0,otra
2023-12-01 08:00:00,2023,12,1,NORESTE3,0,2.2746666666666666,16.766666666666666,7.5,86.66666666666667,29.0,otra
2023-12-01 08:00:00,2023,12,1,NOROESTE3,0,3.285,16.7,,107.66666666666667,37.585,otra
2023-12-01 08:00:00,2023,12,1,NORTE2,1,1.96,26.15,,132.0,38.0,otra
2023-12-01 08:00:00,2023,12,1,SUR,1,2.1550000000000002,25.8,11.5,119.75,55.175,otra
2023-12-01 08:00:00,2023,12,1,SUROESTE2,1,3.8,31.8,10.5,133.5,97.05,otra
2023-12-02 07:00:00,2023,12,2,CENTRO,0,2.45,21.0,9.0,131.0,52.0,otra
2023-12-02 07:00:00,2023,12,2,NORESTE3,0,2.400333333333333,26.333333333333332,8.2,57.0,35.0,otra
2023-12-02 07:00:00,2023,12,2,NOROESTE3,0,2.18,13.100000000000001,,80.0,24.935,otra
2023-12-02 07:00:00,2023,12,2,NORTE2,0,2.07,22.2,11.0,78.5,26.0,otra
2023-12-02 07:00:00,2023,12,2,SUR,0,2.1925,21.349999999999998,16.0,74.25,59.44333333333333,otra
2023-12-02 07:00:00,2023,12,2,SUROESTE2,0,1.6600000000000001,24.15,10.5,117.0,42.405,otra
2023-12-02 08:00:00,2023,12,2,CENTRO,0,3.38,17.8,10.0,118.0,65.0,otra
2023-12-02 08:00:00,2023,12,2,NORESTE3,0,2.252333333333333,23.900000000000002,8.9,53.0,33.5,otra
2023-12-02 08:00:00,2023,12,2,NOROESTE3,0,2.7,13.2,,85.0,29.865000000000002,otra
2023-12-02 08:00:00,2023,12,2,NORTE2,0,2.2399999999999998,21.5,12.0,67.0,21.5,otra
2023-12-02 08:00:00,2023,12,2,SUR,0,2.4075,24.475,11.0,94.0,60.03,otra
2023-12-02 08:00:00,2023,12,2,SUROESTE2,0,2.22,29.4,10.0,119.5,47.73,otra
2023-12-03 07:00:00,2023,12,3,CENTRO,0,2.02,21.3,9.0,94.0,56.0,otra
2023-12-03 07:00:00,2023,12,3,NORESTE3,0,2.010666666666667,19.46666666666667,8.4,70.33333333333333,29.0,otra
2023-12-03 07:00:00,2023,12,3,NOROESTE3,0,1.795,14.45,5.0,80.33333333333333,31.915,otra
2023-12-03 07:00:00,2023,12,3,NORTE2,0,1.275,25.95,10.0,104.5,31.5,otra
2023-12-03 07:00:00,2023,12,3,SUR,0,1.7349999999999999,15.549999999999999,11.0,86.5,45.82666666666666,otra
2023-12-03 07:00:00,2023,12,3,SUROESTE2,0,1.5550000000000002,27.25,9.5,106.5,43.11,otra
2023-12-03 08:00:00,2023,12,3,CENTRO,0,2.01,20.1,,93.0,56.0,otra
2023-12-03 08:00:00,2023,12,3,NORESTE3,0,2.077,21.033333333333335,7.4,65.66666666666667,27.0,otra
2023-12-03 08:00:00,2023,12,3,NOROESTE3,0,1.75,15.649999999999999,7.0,67.0,26.82,otra
2023-12-03 08:00:00,2023,12,3,NORTE2,0,1.295,25.450000000000003,10.0,93.5,23.0,otra
2023-12-03 08:00:00,2023,12,3,SUR,0,1.9649999999999999,16.225,13.0,90.0,51.01333333333333,otra
2023-12-03 08:00:00,2023,12,3,SUROESTE2,0,1.725,25.5,10.0,88.0,46.43,otra
2023-12-04 07:00:00,2023,12,4,CENTRO,0,1.92,25.2,9.0,79.0,33.0,otra
2023-12-04 07:00:00,2023,12,4,NORESTE3,0,2.5206666666666666,27.099999999999998,8.5,93.0,28.5,otra
2023-12-04 07:00:00,2023,12,4,NOROESTE3,0,1.26,13.049999999999999,15.5,50.666666666666664,13.785,otra
2023-12-04 07:00:00,2023,12,4,NORTE2,1,1.095,29.45,9.0,97.0,16.0,otra
2023-12-04 07:00:00,2023,12,4,SUR,1,2.1125000000000003,22.1,8.333333333333334,106.0,51.5,otra
2023-12-04 07:00:00,2023,12,4,SUROESTE2,1,1.6600000000000001,26.6,10.0,100.5,35.15,otra
2023-12-04 08:00:00,2023,12,4,CENTRO,0,2.49,25.9,,88.0,34.0,otra
2023-12-04 08:00:00,2023,12,4,NORESTE3,0,3.1763333333333335,27.26666666666667,9.8,123.33333333333333,31.0,otra
2023-12-04 08:00:00,2023,12,4,NOROESTE3,0,1.295,14.9,13.5,46.666666666666664,13.844999999999999,otra
2023-12-04 08:00:00,2023,12,4,NORTE2,1,1.645,33.1,9.0,79.5,20.5,otra
2023-12-04 08:00:00,2023,12,4,SUR,1,3.3550000000000004,21.75,9.0,127.5,62.0,otra
2023-12-04 08:00:00,2023,12,4,SUROESTE2,1,2.225,26.65,11.0,107.0,39.165,otra
2023-12-05 07:00:00,2023,12,5,CENTRO,0,2.27,27.7,,98.0,32.0,otra
2023-12-05 07:00:00,2023,12,5,NORESTE3,0,2.369333333333333,24.599999999999998,6.1,129.0,35.0,otra
2023-12-05 07:00:00,2023,12,5,NOROESTE3,0,1.805,17.1,,80.66666666666667,25.665,otra
2023-12-05 07:00:00,2023,12,5,NORTE2,1,1.7600000000000002,29.65,11.0,199.5,41.5,otra
2023-12-05 07:00:00,2023,12,5,SUR,1,1.7574999999999998,23.65,9.0,116.0,65.5,otra
2023-12-05 07:00:00,2023,12,5,SUROESTE2,1,1.835,27.5,10.0,92.5,41.555,otra
2023-12-05 08:00:00,2023,12,5,CENTRO,0,2.51,26.2,,94.0,31.0,otra
2023-12-05 08:00:00,2023,12,5,NORESTE3,0,2.7936666666666667,26.0,6.6,160.66666666666666,39.5,otra
2023-12-05 08:00:00,2023,12,5,NOROESTE3,0,2.245,17.45,,98.0,27.415,otra
2023-12-05 08:00:00,2023,12,5,NORTE2,1,2.3,27.5,11.0,199.0,37.5,otra
2023-12-05 08:00:00,2023,12,5,SUR,1,2.24,24.575,10.0,108.25,65.5,otra
2023-12-05 08:00:00,2023,12,5,SUROESTE2,1,2.635,30.65,11.0,119.5,45.945,otra
2023-12-06 07:00:00,2023,12,6,CENTRO,0,1.73,25.8,12.0,51.0,18.99,otra
2023-12-06 07:00:00,2023,12,6,NORESTE3,0,2.0063333333333335,22.833333333333332,10.9,49.0,21.5,otra
2023-12-06 07:00:00,2023,12,6,NOROESTE3,0,1.395,16.45,7.0,61.333333333333336,21.095,otra
2023-12-06 07:00:00,2023,12,6,NORTE2,1,0.91,21.799999999999997,14.0,83.5,24.0,otra
2023-12-06 07:00:00,2023,12,6,SUR,1,1.52,22.125,8.666666666666666,67.5,32.5,otra
2023-12-06 07:00:00,2023,12,6,SUROESTE2,1,1.1400000000000001,18.4,14.0,64.5,22.895,otra
2023-12-06 08:00:00,2023,12,6,CENTRO,0,2.01,27.3,10.0,52.0,19.24,otra
2023-12-06 08:00:00,2023,12,6,NORESTE3,0,2.1003333333333334,26.166666666666668,10.700000000000001,62.333333333333336,16.0,otra
2023-12-06 08:00:00,2023,12,6,NOROESTE3,0,1.525,17.75,7.0,77.33333333333333,20.86,otra
2023-12-06 08:00:00,2023,12,6,NORTE2,1,1.2,27.5,10.0,69.5,21.0,otra
2023-12-06 08:00:00,2023,12,6,SUR,1,1.7175,23.125,9.333333333333334,84.25,31.0,otra
2023-12-06 08:00:00,2023,12,6,SUROESTE2,1,1.4449999999999998,20.45,13.0,59.0,21.665,otra
2023-12-07 07:00:00,2023,12,7,CENTRO,0,1.34,19.1,17.0,33.0,10.25,otra
2023-12-07 07:00:00,2023,12,7,NORESTE3,0,1.9356666666666669,19.866666666666667,17.099999999999998,30.666666666666668,7.5,otra
2023-12-07 07:00:00,2023,12,7,NOROESTE3,0,1.385,12.05,14.5,16.666666666666668,12.415,otra
2023-12-07 07:00:00,2023,12,7,NORTE2,1,0.9299999999999999,18.55,18.0,27.5,12.5,otra
2023-12-07 07:00:00,2023,12,7,SUR,0,1.06,13.6,14.25,21.5,8.5,otra
2023-12-07 07:00:00,2023,12,7,SUROESTE2,0,1.06,17.25,19.0,38.5,19.759999999999998,otra
2023-12-07 08:00:00,2023,12,7,CENTRO,0,1.51,23.1,14.0,34.0,10.22,otra
2023-12-07 08:00:00,2023,12,7,NORESTE3,0,2.130333333333333,20.233333333333334,18.099999999999998,20.666666666666668,10.0,otra
2023-12-07 08:00:00,2023,12,7,NOROESTE3,0,1.36,12.7,15.0,18.333333333333332,12.575,otra
2023-12-07 08:00:00,2023,12,7,NORTE2,1,0.99,20.75,14.5,25.5,10.0,otra
2023-12-07 08:00:00,2023,12,7,SUR,0,1.195,16.025000000000002,15.0,20.5,8.0,otra
2023-12-07 08:00:00,2023,12,7,SUROESTE2,0,1.25,21.2,16.5,32.0,11.85,otra
2023-12-08 07:00:00,2023,12,8,CENTRO,0,1.95,17.5,10.0,98.0,,otra
2023-12-08 07:00:00,2023,12,8,NORESTE3,0,2.7456666666666667,18.333333333333332,7.0,75.66666666666667,41.0,otra
2023-12-08 07:00:00,2023,12,8,NOROESTE3,0,1.605,13.75,,47.333333333333336,23.07,otra
2023-12-08 07:00:00,2023,12,8,NORTE2,1,1.7149999999999999,19.2,,106.0,29.0,otra
2023-12-08 07:00:00,2023,12,8,SUR,0,1.9375,12.575,11.0,74.5,30.5,otra
2023-12-08 07:00:00,2023,12,8,SUROESTE2,0,1.42,19.15,9.0,64.0,13.445,otra
2023-12-08 08:00:00,2023,12,8,CENTRO,0,2.43,18.0,,79.0,36.83,otra
2023-12-08 08:00:00,2023,12,8,NORESTE3,0,3.0879999999999996,18.466666666666665,5.6,93.33333333333333,45.0,otra
2023-12-08 08:00:00,2023,12,8,NOROESTE3,0,1.58,12.899999999999999,,46.0,19.395,otra
2023-12-08 08:00:00,2023,12,8,NORTE2,1,2.7199999999999998,22.549999999999997,11.0,122.5,33.0,otra
2023-12-08 08:00:00,2023,12,8,SUR,0,2.42,14.625,10.5,91.5,38.5,otra
2023-12-08 08:00:00,2023,12,8,SUROESTE2,0,2.36,22.45,10.0,42.5,19.96,otra
2023-12-09 07:00:00,2023,12,9,CENTRO,0,1.42,23.3,13.0,46.0,,otra
2023-12-09 07:00:00,2023,12,9,NORESTE3,0,3.014,23.166666666666668,6.95,129.33333333333334,46.0,otra
2023-12-09 07:00:00,2023,12,9,NOROESTE3,0,1.3266666666666664,17.599999999999998,6.0,45.0,11.885,otra
2023-12-09 07:00:00,2023,12,9,NORTE2,0,1.54,23.0,,109.5,21.5,otra
2023-12-09 07:00:00,2023,12,9,SUR,0,1.805,18.725,11.666666666666666,97.5,47.5,otra
2023-12-09 07:00:00,2023,12,9,SUROESTE2,0,1.295,23.3,13.5,65.5,21.715,otra
2023-12-09 08:00:00,2023,12,9,CENTRO,0,1.51,26.3,12.0,45.0,,otra
2023-12-09 08:00:00,2023,12,9,NORESTE3,0,3.3379999999999996,24.3,8.2,164.66666666666666,55.0,otra
2023-12-09 08:00:00,2023,12,9,NOROESTE3,0,1.3633333333333333,17.633333333333333,6.0,48.666666666666664,9.105,otra
2023-12-09 08:00:00,2023,12,9,NORTE2,0,1.815,24.65,11.0,117.0,19.0,otra
2023-12-09 08:00:00,2023,12,9,SUR,0,2.3125,21.325,11.0,129.0,60.0,otra
2023-12-09 08:00:00,2023,12,9,SUROESTE2,0,1.77,27.55,11.0,76.5,24.555,otra
2023-12-10 07:00:00,2023,12,10,CENTRO,0,1.15,15.2,29.0,51.0,,otra
2023-12-10 07:00:00,2023,12,10,NORESTE3,0,1.7263333333333335,5.8999999999999995,33.4,34.5,4.0,otra
2023-12-10 07:00:00,2023,12,10,NOROESTE3,0,1.04,6.333333333333333,30.666666666666668,31.0,4.19,otra
2023-12-10 07:00:00,2023,12,10,NORTE2,0,0.535,11.5,33.5,42.5,4.0,otra
2023-12-10 07:00:00,2023,12,10,SUR,0,0.9275,5.2,35.666666666666664,41.75,6.5,otra
2023-12-10 07:00:00,2023,12,10,SUROESTE2,0,0.77,9.649999999999999,36.5,36.0,6.89,otra
2023-12-10 08:00:00,2023,12,10,CENTRO,0,1.17,17.2,27.0,39.0,,otra
2023-12-10 08:00:00,2023,12,10,NORESTE3,0,1.7403333333333333,6.333333333333333,33.13333333333333,54.333333333333336,4.0,otra
2023-12-10 08:00:00,2023,12,10,NOROESTE3,0,1.1033333333333333,8.4,26.666666666666668,29.666666666666668,4.9,otra
2023-12-10 08:00:00,2023,12,10,NORTE2,0,0.5750000000000001,12.4,32.0,31.5,2.0,otra
2023-12-10 08:00:00,2023,12,10,SUR,0,0.9925,7.9750000000000005,33.666666666666664,31.0,8.0,otra
2023-12-10 08:00:00,2023,12,10,SUROESTE2,0,0.775,10.25,35.5,32.5,4.955,otra
2023-12-11 07:00:00,2023,12,11,CENTRO,0,1.7,28.5,,136.0,,otra
2023-12-11 07:00:00,2023,12,11,NORESTE3,0,2.345333333333333,24.633333333333336,7.033333333333334,96.33333333333333,38.0,otra
2023-12-11 07:00:00,2023,12,11,NOROESTE3,0,1.3,18.099999999999998,8.0,43.0,15.445,otra
2023-12-11 07:00:00,2023,12,11,NORTE2,1,1.25,26.0,8.0,73.0,17.5,otra
2023-12-11 07:00:00,2023,12,11,SUR,0,1.5425,28.575,6.75,74.33333333333333,28.0,otra
2023-12-11 07:00:00,2023,12,11,SUROESTE2,0,1.3900000000000001,28.049999999999997,8.0,58.0,35.08,otra
2023-12-11 08:00:00,2023,12,11,CENTRO,0,1.86,27.8,,115.0,,otra
2023-12-11 08:00:00,2023,12,11,NORESTE3,0,2.7176666666666667,24.366666666666664,8.15,124.66666666666667,45.0,otra
2023-12-11 08:00:00,2023,12,11,NOROESTE3,0,1.45,18.900000000000002,8.0,53.0,16.54,otra
2023-12-11 08:00:00,2023,12,11,NORTE2,1,1.46,27.2,8.0,97.5,20.5,otra
2023-12-11 08:00:00,2023,12,11,SUR,0,1.91,28.325,8.333333333333334,102.66666666666667,38.0,otra
2023-12-11 08:00:00,2023,12,11,SUROESTE2,0,2.435,29.65,7.0,85.0,52.395,otra
2023-12-12 07:00:00,2023,12,12,CENTRO,0,1.81,24.2,,112.0,,otra
2023-12-12 07:00:00,2023,12,12,NORESTE3,0,2.5563333333333333,23.866666666666664,7.45,113.33333333333333,40.5,otra
2023-12-12 07:00:00,2023,12,12,NOROESTE3,0,1.9766666666666668,14.333333333333334,,71.0,23.005,otra
2023-12-12 07:00:00,2023,12,12,NORTE2,1,1.435,23.049999999999997,8.0,100.0,22.5,otra
2023-12-12 07:00:00,2023,12,12,SUR,0,1.735,21.25,5.5,64.0,30.349999999999998,otra
2023-12-12 07:00:00,2023,12,12,SUROESTE2,0,1.53,21.65,,80.5,39.975,otra
2023-12-12 08:00:00,2023,12,12,CENTRO,0,2.09,23.9,,133.0,,otra
2023-12-12 08:00:00,2023,12,12,NORESTE3,0,2.9963333333333337,26.666666666666668,7.25,139.0,44.5,otra
2023-12-12 08:00:00,2023,12,12,NOROESTE3,0,2.873333333333333,15.133333333333333,,90.0,29.11,otra
2023-12-12 08:00:00,2023,12,12,NORTE2,1,2.475,24.75,8.0,125.0,25.0,otra
2023-12-12 08:00:00,2023,12,12,SUR,0,2.105,20.625,8.666666666666666,95.5,34.68666666666667,otra
2023-12-12 08:00:00,2023,12,12,SUROESTE2,0,2.925,26.6,13.0,98.5,63.95,otra
2023-12-13 07:00:00,2023,12,13,CENTRO,0,1.43,15.2,17.0,37.0,,otra
2023-12-13 07:00:00,2023,12,13,NORESTE3,0,1.931,16.766666666666666,16.0,31.0,9.5,otra
2023-12-13 07:00:00,2023,12,13,NOROESTE3,0,1.1433333333333333,8.466666666666667,19.666666666666668,23.0,5.89,otra
2023-12-13 07:00:00,2023,12,13,NORTE2,1,0.845,19.6,13.0,39.5,15.0,otra
2023-12-13 07:00:00,2023,12,13,SUR,0,1.09,11.775,17.0,27.333333333333332,12.986666666666666,otra
2023-12-13 07:00:00,2023,12,13,SUROESTE2,0,1.0150000000000001,15.65,14.0,37.5,26.45,otra
2023-12-13 08:00:00,2023,12,13,CENTRO,0,1.53,18.2,15.0,39.0,,otra
2023-12-13 08:00:00,2023,12,13,NORESTE3,0,2.044,17.2,15.066666666666668,31.0,7.5,otra
2023-12-13 08:00:00,2023,12,13,NOROESTE3,0,1.1766666666666667,10.866666666666667,16.333333333333332,22.0,14.620000000000001,otra
2023-12-13 08:00:00,2023,12,13,NORTE2,1,0.935,22.25,12.0,46.5,15.5,otra
2023-12-13 08:00:00,2023,12,13,SUR,0,1.2875,17.5,12.0,27.75,12.136666666666665,otra
2023-12-13 08:00:00,2023,12,13,SUROESTE2,0,1.255,21.950000000000003,10.5,32.5,23.465,otra
2023-12-14 07:00:00,2023,12,14,CENTRO,0,1.63,18.5,10.0,23.0,6.72,otra
2023-12-14 07:00:00,2023,12,14,NORESTE3,0,2.3033333333333332,17.933333333333334,17.2,19.333333333333332,5.0,otra
2023-12-14 07:00:00,2023,12,14,NOROESTE3,0,1.27,9.033333333333333,16.0,5.0,,otra
2023-12-14 07:00:00,2023,12,14,NORTE2,1,0.97,19.85,9.0,28.0,6.5,otra
2023-12-14 07:00:00,2023,12,14,SUR,0,1.3933333333333333,11.625,18.25,18.0,5.5,otra
2023-12-14 07:00:00,2023,12,14,SUROESTE2,0,1.075,16.549999999999997,13.5,26.0,13.375,otra
2023-12-14 08:00:00,2023,12,14,CENTRO,0,1.74,19.5,10.0,26.0,6.66,otra
2023-12-14 08:00:00,2023,12,14,NORESTE3,0,2.2470000000000003,17.599999999999998,19.166666666666668,20.0,6.0,otra
2023-12-14 08:00:00,2023,12,14,NOROESTE3,0,1.4033333333333333,11.799999999999999,13.0,5.0,5.0,otra
2023-12-14 08:00:00,2023,12,14,NORTE2,1,1.04,21.25,11.0,23.5,9.0,otra
2023-12-14 08:00:00,2023,12,14,SUR,0,1.4633333333333332,12.825,17.5,18.25,8.5,otra
2023-12-14 08:00:00,2023,12,14,SUROESTE2,0,1.335,19.0,12.0,16.0,9.629999999999999,otra
2023-12-15 07:00:00,2023,12,15,CENTRO,0,1.64,22.2,9.0,37.0,,otra
2023-12-15 07:00:00,2023,12,15,NORESTE3,0,2.028,21.400000000000002,7.466666666666666,39.0,10.0,otra
2023-12-15 07:00:00,2023,12,15,NOROESTE3,0,1.2633333333333334,13.366666666666667,13.333333333333334,13.666666666666666,,otra
2023-12-15 07:00:00,2023,12,15,NORTE2,1,1.1099999999999999,20.9,11.5,85.0,15.0,otra
2023-12-15 07:00:00,2023,12,15,SUR,0,1.4766666666666666,17.475,8.0,19.25,5.5,otra
2023-12-15 07:00:00,2023,12,15,SUROESTE2,0,1.155,17.7,14.5,31.0,16.25,otra
2023-12-15 08:00:00,2023,12,15,CENTRO,0,1.88,23.7,9.0,45.0,,otra
2023-12-15 08:00:00,2023,12,15,NORESTE3,0,2.156,20.333333333333332,9.733333333333333,35.0,21.0,otra
2023-12-15 08:00:00,2023,12,15,NOROESTE3,0,1.54,16.866666666666667,7.0,17.0,15.0,otra
2023-12-15 08:00:00,2023,12,15,NORTE2,1,1.4849999999999999,25.4,8.5,113.0,16.5,otra
2023-12-15 08:00:00,2023,12,15,SUR,0,1.9733333333333334,21.325,6.75,24.75,11.0,otra
2023-12-15 08:00:00,2023,12,15,SUROESTE2,0,1.385,23.05,10.5,32.0,19.189999999999998,otra
2023-12-16 07:00:00,2023,12,16,CENTRO,0,1.45,20.9,17.0,41.0,,otra
2023-12-16 07:00:00,2023,12,16,NORESTE3,0,1.7723333333333333,10.166666666666666,27.266666666666666,34.666666666666664,5.0,otra
2023-12-16 07:00:00,2023,12,16,NOROESTE3,0,1.0933333333333333,11.866666666666665,14.333333333333334,20.333333333333332,2.0,otra
2023-12-16 07:00:00,2023,12,16,NORTE2,0,0.765,16.3,21.0,31.0,8.5,otra
2023-12-16 07:00:00,2023,12,16,SUR,0,1.3133333333333332,9.7,28.0,25.75,12.0,otra
2023-12-16 07:00:00,2023,12,16,SUROESTE2,0,1.095,21.55,14.0,26.0,11.325,otra
2023-12-16 08:00:00,2023,12,16,CENTRO,0,1.67,24.9,14.0,39.0,,otra
2023-12-16 08:00:00,2023,12,16,NORESTE3,0,1.8086666666666666,10.166666666666666,28.233333333333334,40.0,7.0,otra
2023-12-16 08:00:00,2023,12,16,NOROESTE3,0,1.2,15.699999999999998,13.333333333333334,29.666666666666668,7.0,otra
2023-12-16 08:00:00,2023,12,16,NORTE2,0,0.835,16.85,22.5,50.5,7.0,otra
2023-12-16 08:00:00,2023,12,16,SUR,0,1.3699999999999999,12.3,25.5,31.0,6.5,otra
2023-12-16 08:00:00,2023,12,16,SUROESTE2,0,1.22,24.65,11.5,32.0,12.76,otra
2023-12-17 07:00:00,2023,12,17,CENTRO,0,1.39,18.1,14.0,39.0,,otra
2023-12-17 07:00:00,2023,12,17,NORESTE3,0,2.907666666666666,20.599999999999998,3.2,127.0,48.0,otra
2023-12-17 07:00:00,2023,12,17,NOROESTE3,0,1.8233333333333333,13.700000000000001,5.0,59.666666666666664,39.0,otra
2023-12-17 07:00:00,2023,12,17,NORTE2,0,1.7349999999999999,20.55,9.0,84.0,24.5,otra
2023-12-17 07:00:00,2023,12,17,SUR,0,2.07,16.9,8.25,92.75,45.666666666666664,otra
2023-12-17 07:00:00,2023,12,17,SUROESTE2,0,1.2449999999999999,14.5,15.5,40.5,14.565,otra
2023-12-17 08:00:00,2023,12,17,CENTRO,0,1.41,18.6,14.0,44.0,,otra
2023-12-17 08:00:00,2023,12,17,NORESTE3,0,2.9146666666666667,20.133333333333333,5.4,132.0,47.0,otra
2023-12-17 08:00:00,2023,12,17,NOROESTE3,0,1.9166666666666667,14.5,,60.666666666666664,38.0,otra
2023-12-17 08:00:00,2023,12,17,NORTE2,0,2.17,22.4,9.0,96.0,21.5,otra
2023-12-17 08:00:00,2023,12,17,SUR,0,1.985,17.15,11.333333333333334,94.75,48.0,otra
2023-12-17 08:00:00,2023,12,17,SUROESTE2,0,1.305,17.95,16.0,38.0,16.48,otra
2023-12-18 07:00:00,2023,12,18,CENTRO,0,1.66,25.4,11.0,51.0,,otra
2023-12-18 07:00:00,2023,12,18,NORESTE3,0,2.8480000000000003,24.099999999999998,3.0,112.0,45.0,otra
2023-12-18 07:00:00,2023,12,18,NOROESTE3,0,1.5966666666666667,18.3,5.0,73.0,38.0,otra
2023-12-18 07:00:00,2023,12,18,NORTE2,0,1.5899999999999999,25.85,12.0,142.5,34.0,otra
2023-12-18 07:00:00,2023,12,18,SUR,0,2.02,25.7,7.333333333333333,74.25,35.333333333333336,otra
2023-12-18 07:00:00,2023,12,18,SUROESTE2,0,1.39,22.0,13.0,63.5,25.515,otra
2023-12-18 08:00:00,2023,12,18,CENTRO,0,2.11,27.2,10.0,62.0,,otra
2023-12-18 08:00:00,2023,12,18,NORESTE3,0,2.9996666666666663,26.600000000000005,5.2,144.0,51.5,otra
2023-12-18 08:00:00,2023,12,18,NOROESTE3,0,2.19,18.833333333333332,5.0,79.33333333333333,42.0,otra
2023-12-18 08:00:00,2023,12,18,NORTE2,0,1.89,27.5,12.0,123.5,31.0,otra
2023-12-18 08:00:00,2023,12,18,SUR,0,2.9825,24.075,8.5,106.5,75.5,otra
2023-12-18 08:00:00,2023,12,18,SUROESTE2,0,1.885,25.45,9.5,60.5,25.34,otra
2023-12-19 07:00:00,2023,12,19,CENTRO,0,1.85,29.5,,65.0,42.0,otra
2023-12-19 07:00:00,2023,12,19,NORESTE3,0,2.3753333333333333,25.099999999999998,2.8,88.66666666666667,30.0,otra
2023-12-19 07:00:00,2023,12,19,NOROESTE3,0,1.92,21.266666666666666,7.0,57.333333333333336,30.0,otra
2023-12-19 07:00:00,2023,12,19,NORTE2,0,1.365,34.45,8.5,114.0,17.5,otra
2023-12-19 07:00:00,2023,12,19,SUR,0,2.145,24.0,7.75,106.0,38.9025,otra
2023-12-19 07:00:00,2023,12,19,SUROESTE2,0,1.46,29.45,6.0,87.0,33.19,otra
2023-12-19 08:00:00,2023,12,19,CENTRO,0,1.87,31.8,,82.0,32.0,otra
2023-12-19 08:00:00,2023,12,19,NORESTE3,0,2.4456666666666664,26.5,3.4,128.33333333333334,35.5,otra
2023-12-19 08:00:00,2023,12,19,NOROESTE3,0,2.1966666666666668,20.96666666666667,9.0,89.66666666666667,35.0,otra
2023-12-19 08:00:00,2023,12,19,NORTE2,0,1.4849999999999999,38.5,12.0,121.0,19.5,otra
2023-12-19 08:00:00,2023,12,19,SUR,0,2.6725,25.8,8.5,149.25,44.6275,otra
2023-12-19 08:00:00,2023,12,19,SUROESTE2,0,1.515,26.65,7.5,97.5,23.085,otra
2023-12-20 07:00:00,2023,12,20,CENTRO,0,1.74,23.2,9.0,68.0,28.0,otra
2023-12-20 07:00:00,2023,12,20,NORESTE3,0,2.252666666666667,21.033333333333335,6.45,79.0,18.5,otra
2023-12-20 07:00:00,2023,12,20,NOROESTE3,0,1.4133333333333333,17.5,6.5,45.666666666666664,23.0,otra
2023-12-20 07:00:00,2023,12,20,NORTE2,0,1.095,28.0,6.0,102.5,19.5,otra
2023-12-20 07:00:00,2023,12,20,SUR,0,1.9875,24.05,7.666666666666667,126.5,27.1175,otra
2023-12-20 07:00:00,2023,12,20,SUROESTE2,0,1.68,20.85,7.5,93.5,38.89,otra
2023-12-20 08:00:00,2023,12,20,CENTRO,0,1.72,24.3,10.0,68.0,35.0,otra
2023-12-20 08:00:00,2023,12,20,NORESTE3,0,2.5603333333333333,23.333333333333332,7.1,94.66666666666667,28.5,otra
2023-12-20 08:00:00,2023,12,20,NOROESTE3,0,1.3866666666666667,17.433333333333334,6.333333333333333,54.666666666666664,26.0,otra
2023-12-20 08:00:00,2023,12,20,NORTE2,0,1.205,26.85,9.0,102.0,22.0,otra
2023-12-20 08:00:00,2023,12,20,SUR,0,2.185,26.55,7.666666666666667,109.75,28.305,otra
2023-12-20 08:00:00,2023,12,20,SUROESTE2,0,1.7850000000000001,21.049999999999997,7.0,97.5,44.17,otra
2023-12-21 07:00:00,2023,12,21,CENTRO,0,1.92,23.7,10.0,62.0,33.0,otra
2023-12-21 07:00:00,2023,12,21,NORESTE3,0,2.246,19.933333333333334,7.266666666666667,49.333333333333336,16.5,otra
2023-12-21 07:00:00,2023,12,21,NOROESTE3,0,1.2633333333333334,13.433333333333332,13.5,40.0,34.0,otra
2023-12-21 07:00:00,2023,12,21,NORTE2,0,1.14,23.85,12.0,72.0,21.0,otra
2023-12-21 07:00:00,2023,12,21,SUR,0,1.6,23.125,6.75,61.25,23.215,otra
2023-12-21 07:00:00,2023,12,21,SUROESTE2,0,1.5949999999999998,19.4,7.0,84.0,46.305,otra
2023-12-21 08:00:00,2023,12,21,CENTRO,0,1.56,16.1,17.0,62.0,38.0,otra
2023-12-21 08:00:00,2023,12,21,NORESTE3,0,2.6236666666666664,22.233333333333334,7.066666666666666,77.0,21.0,otra
2023-12-21 08:00:00,2023,12,21,NOROESTE3,0,1.3,16.53333333333333,9.0,44.666666666666664,32.0,otra
2023-12-21 08:00:00,2023,12,21,NORTE2,0,1.41,25.799999999999997,12.0,86.0,24.0,otra
2023-12-21 08:00:00,2023,12,21,SUR,0,2.135,24.35,9.0,84.5,30.3275,otra
2023-12-21 08:00:00,2023,12,21,SUROESTE2,0,1.6749999999999998,21.85,7.0,95.5,55.375,otra
2023-12-22 07:00:00,2023,12,22,CENTRO,0,2.4,28.8,,118.0,68.0,otra
2023-12-22 07:00:00,2023,12,22,NORESTE3,0,1.9956666666666667,20.766666666666666,7.0,54.333333333333336,24.0,otra
2023-12-22 07:00:00,2023,12,22,NOROESTE3,0,1.7699999999999998,18.633333333333336,,115.66666666666667,36.5,otra
2023-12-22 07:00:00,2023,12,22,NORTE2,0,1.54,31.5,12.0,122.0,31.0,otra
2023-12-22 07:00:00,2023,12,22,SUR,0,1.655,20.7,10.0,79.5,31.820000000000004,otra
2023-12-22 07:00:00,2023,12,22,SUROESTE2,0,2.1500000000000004,27.45,6.5,115.5,76.035,otra
2023-12-22 08:00:00,2023,12,22,CENTRO,0,2.58,30.9,,132.0,69.0,otra
2023-12-22 08:00:00,2023,12,22,NORESTE3,0,2.0203333333333333,19.466666666666665,8.1,60.333333333333336,24.0,otra
2023-12-22 08:00:00,2023,12,22,NOROESTE3,0,2.066666666666667,20.2,,129.0,36.5,otra
2023-12-22 08:00:00,2023,12,22,NORTE2,0,1.66,29.15,11.0,168.0,38.5,otra
2023-12-22 08:00:00,2023,12,22,SUR,0,1.78,20.275,11.0,72.25,29.6075,otra
2023-12-22 08:00:00,2023,12,22,SUROESTE2,0,2.44,29.25,7.0,192.0,75.49000000000001,otra
2023-12-23 07:00:00,2023,12,23,CENTRO,0,1.61,16.2,14.0,50.0,30.0,otra
2023-12-23 07:00:00,2023,12,23,NORESTE3,0,1.9056666666666666,16.533333333333335,9.9,49.06,18.705,otra
2023-12-23 07:00:00,2023,12,23,NOROESTE3,0,1.3499999999999999,9.566666666666666,14.666666666666666,38.0,15.0,otra
2023-12-23 07:00:00,2023,12,23,NORTE2,0,0.9550000000000001,21.35,8.0,60.0,23.0,otra
2023-12-23 07:00:00,2023,12,23,SUR,0,1.33,14.225,10.75,35.5,19.3575,otra
2023-12-23 07:00:00,2023,12,23,SUROESTE2,0,1.25,23.25,6.5,57.0,34.69,otra
2023-12-23 08:00:00,2023,12,23,CENTRO,0,1.7,20.7,10.0,54.0,35.0,otra
2023-12-23 08:00:00,2023,12,23,NORESTE3,0,2.0203333333333333,19.099999999999998,9.9,50.88333333333333,18.205,otra
2023-12-23 08:00:00,2023,12,23,NOROESTE3,0,1.3,10.866666666666665,12.666666666666666,32.666666666666664,21.5,otra
2023-12-23 08:00:00,2023,12,23,NORTE2,0,1.065,21.55,8.5,66.5,25.5,otra
2023-12-23 08:00:00,2023,12,23,SUR,0,1.605,14.850000000000001,9.75,45.25,20.5225,otra
2023-12-23 08:00:00,2023,12,23,SUROESTE2,0,1.355,23.049999999999997,6.0,64.5,37.245000000000005,otra
2023-12-24 07:00:00,2023,12,24,CENTRO,0,1.93,18.4,,99.0,54.0,otra
2023-12-24 07:00:00,2023,12,24,NORESTE3,0,1.992,14.766666666666666,9.233333333333333,57.0,31.0,otra
2023-12-24 07:00:00,2023,12,24,NOROESTE3,0,1.4533333333333334,13.166666666666666,7.333333333333333,53.666666666666664,26.5,otra
2023-12-24 07:00:00,2023,12,24,NORTE2,0,1.195,16.35,8.5,80.0,28.5,otra
2023-12-24 07:00:00,2023,12,24,SUR,0,1.6675,18.2,9.5,73.75,41.7,otra
2023-12-24 07:00:00,2023,12,24,SUROESTE2,0,1.67,18.85,8.5,77.5,52.24,otra
2023-12-24 08:00:00,2023,12,24,CENTRO,0,2.13,19.6,,81.0,53.0,otra
2023-12-24 08:00:00,2023,12,24,NORESTE3,0,1.9206666666666665,11.133333333333333,13.1,59.666666666666664,28.5,otra
2023-12-24 08:00:00,2023,12,24,NOROESTE3,0,1.2933333333333332,11.733333333333334,12.666666666666666,45.0,13.0,otra
2023-12-24 08:00:00,2023,12,24,NORTE2,0,1.165,15.95,10.0,79.0,24.0,otra
2023-12-24 08:00:00,2023,12,24,SUR,0,1.8225,19.225,9.333333333333334,78.5,34.58,otra
2023-12-24 08:00:00,2023,12,24,SUROESTE2,0,1.095,16.8,19.5,71.0,6.52,otra
2023-12-25 07:00:00,2023,12,25,CENTRO,0,1.48,6.8,32.0,47.0,14.0,otra
2023-12-25 07:00:00,2023,12,25,NORESTE3,0,2.216666666666667,17.833333333333332,8.333333333333334,56.61333333333334,35.0,otra
2023-12-25 07:00:00,2023,12,25,NOROESTE3,0,0.9450000000000001,5.833333333333333,23.0,33.333333333333336,,otra
2023-12-25 07:00:00,2023,12,25,NORTE2,0,1.0,21.200000000000003,12.0,40.0,22.5,otra
2023-12-25 07:00:00,2023,12,25,SUR,0,1.5233333333333332,10.549999999999999,22.5,57.75,27.795,otra
2023-12-25 07:00:00,2023,12,25,SUROESTE2,0,1.58,20.0,10.0,56.5,40.885000000000005,otra
2023-12-25 08:00:00,2023,12,25,CENTRO,0,1.5,9.5,30.0,36.0,14.0,otra
2023-12-25 08:00:00,2023,12,25,NORESTE3,0,2.0413333333333337,16.066666666666666,10.833333333333334,46.29,28.0,otra
2023-12-25 08:00:00,2023,12,25,NOROESTE3,0,0.95,4.933333333333334,27.0,23.666666666666668,,otra
2023-12-25 08:00:00,2023,12,25,NORTE2,0,0.99,19.2,13.5,53.0,20.0,otra
2023-12-25 08:00:00,2023,12,25,SUR,0,1.4900000000000002,9.325,23.75,49.0,21.8175,otra
2023-12-25 08:00:00,2023,12,25,SUROESTE2,0,1.29,19.15,13.0,53.5,28.455,otra
2023-12-26 07:00:00,2023,12,26,CENTRO,0,1.39,5.6,29.0,25.0,,otra
2023-12-26 07:00:00,2023,12,26,NORESTE3,0,1.7993333333333332,9.166666666666666,20.866666666666667,27.0,6.0,otra
2023-12-26 07:00:00,2023,12,26,NOROESTE3,0,1.06,5.833333333333333,21.333333333333332,23.333333333333332,7.0,otra
2023-12-26 07:00:00,2023,12,26,NORTE2,0,0.695,11.0,25.0,19.5,13.0,otra
2023-12-26 07:00:00,2023,12,26,SUR,0,1.34,6.2,22.5,22.5,5.235,otra
2023-12-26 07:00:00,2023,12,26,SUROESTE2,0,1.0,7.2,25.0,7.5,6.22,otra
2023-12-26 08:00:00,2023,12,26,CENTRO,0,1.42,8.0,26.0,28.0,7.0,otra
2023-12-26 08:00:00,2023,12,26,NORESTE3,0,1.8396666666666668,9.733333333333334,20.2,27.666666666666668,6.0,otra
2023-12-26 08:00:00,2023,12,26,NOROESTE3,0,1.06,7.900000000000001,19.333333333333332,24.666666666666668,6.0,otra
2023-12-26 08:00:00,2023,12,26,NORTE2,0,0.7,13.05,23.0,17.0,14.0,otra
2023-12-26 08:00:00,2023,12,26,SUR,0,1.4233333333333336,8.75,19.25,24.5,6.8575,otra
2023-12-26 08:00:00,2023,12,26,SUROESTE2,0,1.07,10.75,20.5,10.0,7.1899999999999995,otra
2023-12-27 07:00:00,2023,12,27,CENTRO,0,2.31,26.8,10.0,144.0,87.0,otra
2023-12-27 07:00:00,2023,12,27,NORESTE3,0,2.3003333333333336,17.633333333333333,3.2,102.33333333333333,34.0,otra
2023-12-27 07:00:00,2023,12,27,NOROESTE3,0,1.44,15.333333333333334,,73.33333333333333,27.09,otra
2023-12-27 07:00:00,2023,12,27,NORTE2,0,1.5450000000000002,22.5,,127.0,32.5,otra
2023-12-27 07:00:00,2023,12,27,SUR,0,1.9799999999999998,18.349999999999998,14.0,86.75,39.2875,otra
2023-12-27 07:00:00,2023,12,27,SUROESTE2,0,1.935,23.55,6.0,131.0,51.5,otra
2023-12-27 08:00:00,2023,12,27,CENTRO,0,2.59,23.7,,174.0,88.0,otra
2023-12-27 08:00:00,2023,12,27,NORESTE3,0,2.5156666666666667,18.366666666666667,4.9,102.0,34.5,otra
2023-12-27 08:00:00,2023,12,27,NOROESTE3,0,1.63,14.833333333333334,,79.33333333333333,28.965,otra
2023-12-27 08:00:00,2023,12,27,NORTE2,0,1.6749999999999998,23.1,,137.5,31.5,otra
2023-12-27 08:00:00,2023,12,27,SUR,0,2.1933333333333334,20.375,9.0,90.5,29.6525,otra
2023-12-27 08:00:00,2023,12,27,SUROESTE2,0,2.3049999999999997,24.4,6.0,106.5,45.0,otra
2023-12-28 07:00:00,2023,12,28,CENTRO,0,1.41,20.1,24.0,38.0,7.0,otra
2023-12-28 07:00:00,2023,12,28,NORESTE3,0,1.9433333333333334,17.900000000000002,23.433333333333334,37.333333333333336,6.0,otra
2023-12-28 07:00:00,2023,12,28,NOROESTE3,0,1.1,18.5,7.666666666666667,60.0,7.77,otra
2023-12-28 07:00:00,2023,12,28,NORTE2,0,0.7550000000000001,20.6,23.0,41.5,9.5,otra
2023-12-28 07:00:00,2023,12,28,SUR,0,1.5200000000000002,19.525,22.5,40.25,8.67,otra
2023-12-28 07:00:00,2023,12,28,SUROESTE2,0,1.2349999999999999,27.25,15.5,23.0,10.0,otra
2023-12-28 08:00:00,2023,12,28,CENTRO,0,1.49,25.4,19.0,33.0,7.0,otra
2023-12-28 08:00:00,2023,12,28,NORESTE3,0,2.052,22.933333333333334,17.933333333333334,49.666666666666664,16.0,otra
2023-12-28 08:00:00,2023,12,28,NOROESTE3,0,1.35,20.333333333333332,6.666666666666667,45.666666666666664,5.975,otra
2023-12-28 08:00:00,2023,12,28,NORTE2,0,0.885,24.9,15.0,45.5,10.5,otra
2023-12-28 08:00:00,2023,12,28,SUR,0,1.58,24.35,19.0,44.5,5.87,otra
2023-12-28 08:00:00,2023,12,28,SUROESTE2,0,1.745,33.650000000000006,9.5,27.5,9.0,otra
2023-12-29 07:00:00,2023,12,29,CENTRO,0,1.58,24.6,12.0,70.0,20.0,otra
2023-12-29 07:00:00,2023,12,29,NORESTE3,0,2.621,28.833333333333332,3.0,92.66666666666667,38.0,otra
2023-12-29 07:00:00,2023,12,29,NOROESTE3,0,1.4966666666666668,17.366666666666664,6.0,80.0,18.79,otra
2023-12-29 07:00:00,2023,12,29,NORTE2,0,1.295,31.3,8.0,115.5,20.5,otra
2023-12-29 07:00:00,2023,12,29,SUR,0,1.8466666666666667,27.475,8.25,75.75,38.4025,otra
2023-12-29 07:00:00,2023,12,29,SUROESTE2,0,1.41,23.85,18.0,43.5,31.5,otra
2023-12-29 08:00:00,2023,12,29,CENTRO,0,1.8,29.3,10.0,75.0,29.0,otra
2023-12-29 08:00:00,2023,12,29,NORESTE3,0,2.864333333333333,29.8,5.4,105.0,42.0,otra
2023-12-29 08:00:00,2023,12,29,NOROESTE3,0,1.5999999999999999,17.966666666666665,6.0,75.66666666666667,21.45,otra
2023-12-29 08:00:00,2023,12,29,NORTE2,0,1.645,31.7,8.5,129.5,23.5,otra
2023-12-29 08:00:00,2023,12,29,SUR,0,1.9766666666666666,29.4,9.0,98.5,42.1575,otra
2023-12-29 08:00:00,2023,12,29,SUROESTE2,0,1.65,25.35,17.0,74.5,32.0,otra
2023-12-30 07:00:00,2023,12,30,CENTRO,0,1.5,21.2,21.0,54.0,18.0,otra
2023-12-30 07:00:00,2023,12,30,NORESTE3,0,2.5223333333333335,27.53333333333333,3.3,123.66666666666667,45.0,otra
2023-12-30 07:00:00,2023,12,30,NOROESTE3,0,1.3366666666666667,19.766666666666666,8.5,51.666666666666664,19.115000000000002,otra
2023-12-30 07:00:00,2023,12,30,NORTE2,0,1.5699999999999998,29.8,,122.0,32.0,otra
2023-12-30 07:00:00,2023,12,30,SUR,0,2.105,25.775,7.75,94.75,31.985,otra
2023-12-30 07:00:00,2023,12,30,SUROESTE2,0,1.635,30.65,11.0,50.5,36.5,otra
2023-12-30 08:00:00,2023,12,30,CENTRO,0,1.7,30.8,13.0,57.0,19.0,otra
2023-12-30 08:00:00,2023,12,30,NORESTE3,0,2.7273333333333336,28.0,5.7,120.33333333333333,43.5,otra
2023-12-30 08:00:00,2023,12,30,NOROESTE3,0,1.4033333333333333,20.400000000000002,7.666666666666667,55.333333333333336,19.015,otra
2023-12-30 08:00:00,2023,12,30,NORTE2,0,1.49,31.299999999999997,,130.0,28.0,otra
2023-12-30 08:00:00,2023,12,30,SUR,0,2.4,26.85,8.25,94.75,18.080000000000002,otra
2023-12-30 08:00:00,2023,12,30,SUROESTE2,0,1.8250000000000002,30.6,12.0,81.5,38.0,otra
2023-12-31 07:00:00,2023,12,31,CENTRO,0,1.54,16.8,23.0,69.0,20.0,otra
2023-12-31 07:00:00,2023,12,31,NORESTE3,0,2.338,28.53333333333333,3.4,102.0,28.5,otra
2023-12-31 07:00:00,2023,12,31,NOROESTE3,0,1.3966666666666667,18.76666666666667,8.333333333333334,51.0,13.845,otra
2023-12-31 07:00:00,2023,12,31,NORTE2,0,1.3599999999999999,30.75,12.0,115.0,25.0,otra
2023-12-31 07:00:00,2023,12,31,SUR,0,1.635,28.3,9.25,46.25,28.27,otra
2023-12-31 07:00:00,2023,12,31,SUROESTE2,0,1.355,19.1,19.0,36.5,19.5,otra
2023-12-31 08:00:00,2023,12,31,CENTRO,0,1.52,19.0,21.0,60.0,16.0,otra
2023-12-31 08:00:00,2023,12,31,NORESTE3,0,2.4203333333333332,26.633333333333336,10.8,81.33333333333333,31.0,otra
2023-12-31 08:00:00,2023,12,31,NOROESTE3,0,1.3366666666666667,18.666666666666668,9.0,44.0,14.665,otra
2023-12-31 08:00:00,2023,12,31,NORTE2,0,1.295,29.9,12.0,94.5,26.0,otra
2023-12-31 08:00:00,2023,12,31,SUR,0,1.7225,28.174999999999997,10.5,61.5,30.046666666666667,otra
2023-12-31 08:00:00,2023,12,31,SUROESTE2,0,1.48,19.1,19.0,37.0,17.5,otra
2024-01-01 07:00:00,2024,1,1,CENTRO,0,1.48,10.6,31.0,38.0,13.0,invierno
2024-01-01 07:00:00,2024,1,1,NORESTE3,0,3.1013333333333333,25.2,10.316666666666666,170.33333333333334,144.5,invierno
2024-01-01 07:00:00,2024,1,1,NOROESTE3,0,1.4916666666666665,14.966666666666667,10.666666666666666,55.0,26.4625,invierno
2024-01-01 07:00:00,2024,1,1,NORTE2,0,1.675,31.700000000000003,9.0,140.0,47.0,invierno
2024-01-01 07:00:00,2024,1,1,SUR,0,2.43125,22.0125,12.5,120.0,60.52333333333333,invierno
2024-01-01 07:00:00,2024,1,1,SUROESTE2,0,1.585,20.450000000000003,15.0,54.0,35.5,invierno
2024-01-01 08:00:00,2024,1,1,CENTRO,0,1.55,16.9,20.0,32.0,14.0,invierno
2024-01-01 08:00:00,2024,1,1,NORESTE3,0,2.406,19.400000000000002,15.925,114.83333333333333,68.5,invierno
2024-01-01 08:00:00,2024,1,1,NOROESTE3,0,1.4716666666666667,14.75,10.5,45.333333333333336,20.7425,invierno
2024-01-01 08:00:00,2024,1,1,NORTE2,0,2.0149999999999997,30.450000000000003,9.0,116.0,55.0,invierno
2024-01-01 08:00:00,2024,1,1,SUR,0,2.28875,21.7875,13.0,107.625,73.2025,invierno
2024-01-01 08:00:00,2024,1,1,SUROESTE2,0,1.36,17.5,16.5,46.5,27.0,invierno
2024-01-02 07:00:00,2024,1,2,CENTRO,0,1.69,14.2,17.0,40.0,17.0,invierno
2024-01-02 07:00:00,2024,1,2,NORESTE3,0,1.9758333333333333,14.133333333333335,10.166666666666666,27.833333333333332,14.5,invierno
2024-01-02 07:00:00,2024,1,2,NOROESTE3,0,1.3066666666666666,7.233333333333333,14.833333333333334,21.166666666666668,6.452500000000001,invierno
2024-01-02 07:00:00,2024,1,2,NORTE2,0,0.89,18.95,10.0,35.5,15.5,invierno
2024-01-02 07:00:00,2024,1,2,SUR,0,1.38125,9.475,15.25,24.75,10.675,invierno
2024-01-02 07:00:00,2024,1,2,SUROESTE2,0,1.27,10.95,23.0,19.5,14.0,invierno
2024-01-02 08:00:00,2024,1,2,CENTRO,0,1.92,20.2,9.0,41.0,32.0,invierno
2024-01-02 08:00:00,2024,1,2,NORESTE3,0,2.0453333333333332,14.733333333333334,8.816666666666666,26.333333333333332,14.0,invierno
2024-01-02 08:00:00,2024,1,2,NOROESTE3,0,1.3916666666666666,10.116666666666667,10.333333333333334,17.833333333333332,5.5600000000000005,invierno
2024-01-02 08:00:00,2024,1,2,NORTE2,0,1.04,20.15,8.0,34.5,14.0,invierno
2024-01-02 08:00:00,2024,1,2,SUR,0,1.4575,10.6375,13.875,23.5,9.5475,invierno
2024-01-02 08:00:00,2024,1,2,SUROESTE2,0,1.4249999999999998,15.6,17.5,28.5,20.5,invierno
2024-01-03 07:00:00,2024,1,3,CENTRO,0,2.65,19.5,,69.0,41.0,invierno
2024-01-03 07:00:00,2024,1,3,NORESTE3,0,1.9726666666666668,11.283333333333333,16.316666666666666,26.0,9.5,invierno
2024-01-03 07:00:00,2024,1,3,NOROESTE3,0,1.6925,9.05,5.0,50.75,10.594999999999999,invierno
2024-01-03 07:00:00,2024,1,3,NORTE2,0,0.8049999999999999,16.05,11.0,29.5,24.0,invierno
2024-01-03 07:00:00,2024,1,3,SUR,0,1.37,14.3625,11.375,29.625,11.770000000000001,invierno
2024-01-03 07:00:00,2024,1,3,SUROESTE2,0,1.6400000000000001,21.299999999999997,,91.5,51.0,invierno
2024-01-03 08:00:00,2024,1,3,CENTRO,0,2.33,20.9,10.0,75.0,37.0,invierno
2024-01-03 08:00:00,2024,1,3,NORESTE3,0,2.0748333333333333,14.533333333333333,13.733333333333334,33.166666666666664,13.0,invierno
2024-01-03 08:00:00,2024,1,3,NOROESTE3,0,1.6724999999999999,9.399999999999999,5.0,45.5,12.42,invierno
2024-01-03 08:00:00,2024,1,3,NORTE2,0,0.94,18.15,10.5,38.0,19.0,invierno
2024-01-03 08:00:00,2024,1,3,SUR,0,1.53375,18.2,9.25,36.5,14.746666666666664,invierno
2024-01-03 08:00:00,2024,1,3,SUROESTE2,0,1.79,20.4,6.0,76.0,50.0,invierno
2024-01-04 07:00:00,2024,1,4,CENTRO,0,1.6,16.0,19.0,38.0,24.0,invierno
2024-01-04 07:00:00,2024,1,4,NORESTE3,0,2.0673333333333335,13.733333333333334,19.316666666666666,37.833333333333336,16.5,invierno
2024-01-04 07:00:00,2024,1,4,NOROESTE3,0,1.5783333333333334,9.5,15.5,40.5,18.0375,invierno
2024-01-04 07:00:00,2024,1,4,NORTE2,0,0.72,15.4,17.5,36.0,18.0,invierno
2024-01-04 07:00:00,2024,1,4,SUR,0,1.3599999999999999,9.4,22.875,27.25,16.286666666666665,invierno
2024-01-04 07:00:00,2024,1,4,SUROESTE2,0,1.2850000000000001,22.049999999999997,10.0,38.5,20.0,invierno
2024-01-04 08:00:00,2024,1,4,CENTRO,0,1.69,23.7,10.0,75.0,42.0,invierno
2024-01-04 08:00:00,2024,1,4,NORESTE3,0,2.183666666666667,15.283333333333333,18.816666666666666,43.0,22.0,invierno
2024-01-04 08:00:00,2024,1,4,NOROESTE3,0,1.57,12.916666666666666,10.833333333333334,43.5,21.925,invierno
2024-01-04 08:00:00,2024,1,4,NORTE2,0,0.82,17.7,16.0,43.0,22.5,invierno
2024-01-04 08:00:00,2024,1,4,SUR,0,1.41375,11.825000000000001,20.875,33.5,16.349999999999998,invierno
2024-01-04 08:00:00,2024,1,4,SUROESTE2,0,1.4449999999999998,24.5,7.5,42.0,23.0,invierno
2024-01-05 07:00:00,2024,1,5,CENTRO,0,2.05,21.0,9.0,58.0,28.0,invierno
2024-01-05 07:00:00,2024,1,5,NORESTE3,0,2.1393333333333335,18.116666666666667,10.733333333333334,33.5,12.0,invierno
2024-01-05 07:00:00,2024,1,5,NOROESTE3,0,1.225,9.1,23.166666666666668,19.5,5.3475,invierno
2024-01-05 07:00:00,2024,1,5,NORTE2,0,0.7799999999999999,19.299999999999997,14.5,32.0,13.5,invierno
2024-01-05 07:00:00,2024,1,5,SUR,0,1.47625,17.0875,11.25,29.375,14.096666666666666,invierno
2024-01-05 07:00:00,2024,1,5,SUROESTE2,0,1.35,16.7,17.0,33.0,19.0,invierno
2024-01-05 08:00:00,2024,1,5,CENTRO,0,2.25,22.5,9.0,67.0,29.0,invierno
2024-01-05 08:00:00,2024,1,5,NORESTE3,0,2.325833333333333,19.983333333333334,9.933333333333334,37.5,12.0,invierno
2024-01-05 08:00:00,2024,1,5,NOROESTE3,0,1.2766666666666666,11.049999999999999,21.666666666666668,21.333333333333332,6.34,invierno
2024-01-05 08:00:00,2024,1,5,NORTE2,0,0.925,25.7,9.5,38.0,15.0,invierno
2024-01-05 08:00:00,2024,1,5,SUR,0,1.57625,18.8625,11.25,36.375,12.003333333333336,invierno
2024-01-05 08:00:00,2024,1,5,SUROESTE2,0,1.48,19.95,12.5,36.5,22.5,invierno
2024-01-06 07:00:00,2024,1,6,CENTRO,0,2.09,29.8,10.0,143.0,47.0,invierno
2024-01-06 07:00:00,2024,1,6,NORESTE3,0,2.811166666666667,26.03333333333333,2.95,100.0,37.0,invierno
2024-01-06 07:00:00,2024,1,6,NOROESTE3,0,1.8233333333333335,17.033333333333335,5.0,117.33333333333333,26.75,invierno
2024-01-06 07:00:00,2024,1,6,NORTE2,0,1.79,31.25,8.5,138.0,35.5,invierno
2024-01-06 07:00:00,2024,1,6,SUR,0,2.29625,25.85,9.333333333333334,78.125,40.805,invierno
2024-01-06 07:00:00,2024,1,6,SUROESTE2,0,1.875,27.049999999999997,9.0,84.5,43.0,invierno
2024-01-06 08:00:00,2024,1,6,CENTRO,0,2.24,28.4,10.0,114.0,41.0,invierno
2024-01-06 08:00:00,2024,1,6,NORESTE3,0,3.0011666666666663,28.166666666666668,3.55,119.0,42.0,invierno
2024-01-06 08:00:00,2024,1,6,NOROESTE3,0,1.9649999999999999,17.816666666666666,,107.66666666666667,21.25,invierno
2024-01-06 08:00:00,2024,1,6,NORTE2,0,1.77,33.65,12.0,150.5,30.0,invierno
2024-01-06 08:00:00,2024,1,6,SUR,0,2.73875,28.0875,10.0,107.0,45.665,invierno
2024-01-06 08:00:00,2024,1,6,SUROESTE2,0,2.19,27.4,8.0,102.0,49.0,invierno
2024-01-07 07:00:00,2024,1,7,CENTRO,0,1.91,34.3,9.0,52.0,24.0,invierno
2024-01-07 07:00:00,2024,1,7,NORESTE3,0,2.129,23.2,8.066666666666666,60.5,16.5,invierno
2024-01-07 07:00:00,2024,1,7,NOROESTE3,0,1.4616666666666667,18.266666666666666,11.5,51.5,13.25,invierno
2024-01-07 07:00:00,2024,1,7,NORTE2,0,0.9700000000000001,34.2,5.0,56.0,17.5,invierno
2024-01-07 07:00:00,2024,1,7,SUR,0,2.17125,28.2625,9.0,82.875,46.655,invierno
2024-01-07 07:00:00,2024,1,7,SUROESTE2,0,1.88,36.25,6.0,70.5,37.0,invierno
2024-01-07 08:00:00,2024,1,7,CENTRO,0,1.93,33.3,10.0,63.0,26.0,invierno
2024-01-07 08:00:00,2024,1,7,NORESTE3,0,2.2253333333333334,25.066666666666666,7.833333333333333,61.0,16.5,invierno
2024-01-07 08:00:00,2024,1,7,NOROESTE3,0,1.445,18.816666666666666,12.666666666666666,50.5,11.25,invierno
2024-01-07 08:00:00,2024,1,7,NORTE2,0,1.0499999999999998,33.65,10.333333333333334,57.5,16.5,invierno
2024-01-07 08:00:00,2024,1,7,SUR,0,2.1462499999999998,26.4375,9.666666666666666,86.25,39.355000000000004,invierno
2024-01-07 08:00:00,2024,1,7,SUROESTE2,0,1.755,36.400000000000006,6.0,59.0,29.5,invierno
2024-01-08 07:00:00,2024,1,8,CENTRO,0,1.94,19.3,10.0,75.0,35.0,invierno
2024-01-08 07:00:00,2024,1,8,NORESTE3,0,2.659333333333333,21.0,8.266666666666667,46.5,18.5,invierno
2024-01-08 07:00:00,2024,1,8,NOROESTE3,0,1.9516666666666669,14.983333333333334,6.0,48.5,19.7,invierno
2024-01-08 07:00:00,2024,1,8,NORTE2,1,1.1149999999999998,18.4,11.5,49.0,11.5,invierno
2024-01-08 07:00:00,2024,1,8,SUR,0,1.97,23.525,7.625,49.75,31.5,invierno
2024-01-08 07:00:00,2024,1,8,SUROESTE2,0,1.99,21.7,8.0,74.5,40.5,invierno
2024-01-08 08:00:00,2024,1,8,CENTRO,0,2.24,21.4,9.0,102.0,41.0,invierno
2024-01-08 08:00:00,2024,1,8,NORESTE3,0,3.3575,23.849999999999998,7.233333333333333,60.0,22.0,invierno
2024-01-08 08:00:00,2024,1,8,NOROESTE3,0,2.475,14.9,5.6,74.83333333333333,17.2175,invierno
2024-01-08 08:00:00,2024,1,8,NORTE2,1,1.745,22.65,8.5,51.0,16.5,invierno
2024-01-08 08:00:00,2024,1,8,SUR,0,2.9787500000000002,22.9125,7.625,68.25,37.5,invierno
2024-01-08 08:00:00,2024,1,8,SUROESTE2,0,2.7,23.9,7.0,95.5,45.5,invierno
2024-01-09 07:00:00,2024,1,9,CENTRO,0,1.53,16.0,26.0,82.0,10.0,invierno
2024-01-09 07:00:00,2024,1,9,NORESTE3,0,2.1765000000000003,15.633333333333333,27.566666666666666,119.0,13.5,invierno
2024-01-09 07:00:00,2024,1,9,NOROESTE3,0,1.3133333333333332,16.099999999999998,23.0,96.16666666666667,5.525,invierno
2024-01-09 07:00:00,2024,1,9,NORTE2,1,0.88,31.7,12.5,119.5,15.0,invierno
2024-01-09 07:00:00,2024,1,9,SUR,0,1.5862500000000002,24.15,12.0,105.625,22.0,invierno
2024-01-09 07:00:00,2024,1,9,SUROESTE2,0,1.33,24.6,18.0,210.0,36.15,invierno
2024-01-09 08:00:00,2024,1,9,CENTRO,0,1.63,18.8,22.0,96.0,11.0,invierno
2024-01-09 08:00:00,2024,1,9,NORESTE3,0,2.6018333333333334,25.3,17.233333333333334,121.5,20.5,invierno
2024-01-09 08:00:00,2024,1,9,NOROESTE3,0,1.445,17.96666666666667,21.0,100.0,9.853333333333333,invierno
2024-01-09 08:00:00,2024,1,9,NORTE2,1,1.12,31.549999999999997,13.0,127.5,17.0,invierno
2024-01-09 08:00:00,2024,1,9,SUR,0,2.05,27.35,9.75,119.25,19.5,invierno
2024-01-09 08:00:00,2024,1,9,SUROESTE2,0,1.7000000000000002,27.549999999999997,12.5,122.0,36.1,invierno
2024-01-10 07:00:00,2024,1,10,CENTRO,0,1.95,28.3,,135.0,44.0,invierno
2024-01-10 07:00:00,2024,1,10,NORESTE3,0,2.6663333333333337,29.75,6.975,138.5,45.0,invierno
2024-01-10 07:00:00,2024,1,10,NOROESTE3,0,1.6375,14.7,6.5,117.0,9.455,invierno
2024-01-10 07:00:00,2024,1,10,NORTE2,1,1.41,34.3,9.0,234.5,34.0,invierno
2024-01-10 07:00:00,2024,1,10,SUR,0,1.84125,30.0375,7.5,133.375,32.0,invierno
2024-01-10 07:00:00,2024,1,10,SUROESTE2,1,1.14,21.2,15.0,68.0,17.0,invierno
2024-01-10 08:00:00,2024,1,10,CENTRO,0,2.49,30.7,,154.0,51.0,invierno
2024-01-10 08:00:00,2024,1,10,NORESTE3,0,3.03,30.55,7.775,180.83333333333334,43.5,invierno
2024-01-10 08:00:00,2024,1,10,NOROESTE3,0,1.65,15.45,7.0,119.25,8.879999999999999,invierno
2024-01-10 08:00:00,2024,1,10,NORTE2,1,2.25,32.2,9.5,218.5,37.0,invierno
2024-01-10 08:00:00,2024,1,10,SUR,0,2.2399999999999998,31.725,7.375,163.875,36.5,invierno
2024-01-10 08:00:00,2024,1,10,SUROESTE2,1,2.14,31.4,13.0,90.0,21.0,invierno
2024-01-11 07:00:00,2024,1,11,CENTRO,0,2.08,33.2,,122.0,36.0,invierno
2024-01-11 07:00:00,2024,1,11,NORESTE3,0,3.4086666666666665,39.61666666666667,3.25,186.16666666666666,65.5,invierno
2024-01-11 07:00:00,2024,1,11,NOROESTE3,0,1.675,26.316666666666666,,83.66666666666667,25.3825,invierno
2024-01-11 07:00:00,2024,1,11,NORTE2,1,2.1,41.75,9.0,188.0,36.5,invierno
2024-01-11 07:00:00,2024,1,11,SUR,0,2.5225,37.3125,8.833333333333334,140.875,58.666666666666664,invierno
2024-01-11 07:00:00,2024,1,11,SUROESTE2,1,1.36,25.8,12.0,125.0,22.0,invierno
2024-01-11 08:00:00,2024,1,11,CENTRO,0,1.95,31.2,11.0,136.0,21.0,invierno
2024-01-11 08:00:00,2024,1,11,NORESTE3,0,3.9743333333333335,38.583333333333336,3.8000000000000003,207.66666666666666,61.5,invierno
2024-01-11 08:00:00,2024,1,11,NOROESTE3,0,1.8233333333333333,25.466666666666665,6.0,87.83333333333333,24.0675,invierno
2024-01-11 08:00:00,2024,1,11,NORTE2,1,1.985,39.2,9.0,146.0,29.5,invierno
2024-01-11 08:00:00,2024,1,11,SUR,0,3.8225,38.3875,10.166666666666666,169.375,69.0,invierno
2024-01-11 08:00:00,2024,1,11,SUROESTE2,1,1.88,30.5,10.0,108.0,18.0,invierno
2024-01-12 07:00:00,2024,1,12,NORESTE3,0,2.1576666666666666,14.083333333333334,28.349999999999998,509.5,89.5,invierno
2024-01-12 07:00:00,2024,1,12,NOROESTE3,0,1.1916666666666667,5.816666666666666,37.166666666666664,96.5,3.0233333333333334,invierno
2024-01-12 07:00:00,2024,1,12,NORTE2,1,0.75,20.4,23.0,370.5,60.0,invierno
2024-01-12 07:00:00,2024,1,12,SUR,0,1.70625,24.95,17.125,309.0,79.72,invierno
2024-01-12 07:00:00,2024,1,12,SUROESTE2,1,1.02,15.6,36.0,157.0,8.0,invierno
2024-01-12 08:00:00,2024,1,12,CENTRO,0,1.32,29.7,14.0,486.0,137.0,invierno
2024-01-12 08:00:00,2024,1,12,NORESTE3,0,2.3141666666666665,17.983333333333334,23.5,625.1666666666666,107.0,invierno
2024-01-12 08:00:00,2024,1,12,NOROESTE3,0,1.4683333333333335,15.133333333333333,24.166666666666668,94.66666666666667,10.69,invierno
2024-01-12 08:00:00,2024,1,12,NORTE2,1,0.89,21.15,21.5,461.5,60.5,invierno
2024-01-12 08:00:00,2024,1,12,SUR,0,2.085,29.9375,12.625,426.875,90.0,invierno
2024-01-12 08:00:00,2024,1,12,SUROESTE2,1,1.59,36.0,8.0,131.0,23.0,invierno
2024-01-13 07:00:00,2024,1,13,CENTRO,0,1.98,33.3,10.0,106.0,39.78,invierno
2024-01-13 07:00:00,2024,1,13,NORESTE3,0,2.5643333333333334,28.366666666666664,7.6499999999999995,92.83333333333333,27.5,invierno
2024-01-13 07:00:00,2024,1,13,NOROESTE3,0,1.8066666666666666,19.766666666666666,6.0,112.6,25.0,invierno
2024-01-13 07:00:00,2024,1,13,NORTE2,0,0.975,34.9,10.0,120.0,18.0,invierno
2024-01-13 07:00:00,2024,1,13,SUR,0,1.8499999999999999,27.275000000000002,8.375,99.625,33.5,invierno
2024-01-13 07:00:00,2024,1,13,SUROESTE2,0,1.42,25.9,12.0,101.0,17.0,invierno
2024-01-13 08:00:00,2024,1,13,CENTRO,0,2.22,34.6,10.0,110.0,40.01,invierno
2024-01-13 08:00:00,2024,1,13,NORESTE3,0,2.842,29.616666666666664,7.033333333333334,105.5,58.5,invierno
2024-01-13 08:00:00,2024,1,13,NOROESTE3,0,2.143333333333333,21.05,5.6,129.16666666666666,36.0,invierno
2024-01-13 08:00:00,2024,1,13,NORTE2,0,1.35,38.55,8.5,111.5,20.5,invierno
2024-01-13 08:00:00,2024,1,13,SUR,0,2.26625,27.9625,8.5,95.5,37.5,invierno
2024-01-13 08:00:00,2024,1,13,SUROESTE2,0,1.58,29.5,8.0,95.0,21.0,invierno
2024-01-14 07:00:00,2024,1,14,CENTRO,0,1.93,23.8,17.0,109.0,,invierno
2024-01-14 07:00:00,2024,1,14,NORESTE3,0,2.7741666666666664,24.783333333333335,7.1499999999999995,107.0,35.5,invierno
2024-01-14 07:00:00,2024,1,14,NOROESTE3,0,1.695,20.133333333333333,5.5,104.33333333333333,40.0,invierno
2024-01-14 07:00:00,2024,1,14,NORTE2,0,1.76,27.900000000000002,8.5,148.0,50.0,invierno
2024-01-14 07:00:00,2024,1,14,SUR,0,1.91125,21.2875,7.625,75.25,36.8,invierno
2024-01-14 07:00:00,2024,1,14,SUROESTE2,0,1.58,26.9,12.0,88.0,23.0,invierno
2024-01-14 08:00:00,2024,1,14,CENTRO,0,2.01,29.2,13.0,93.0,,invierno
2024-01-14 08:00:00,2024,1,14,NORESTE3,0,2.743833333333333,23.71666666666667,9.025,116.16666666666667,48.5,invierno
2024-01-14 08:00:00,2024,1,14,NOROESTE3,0,1.7366666666666666,20.900000000000002,6.0,110.66666666666667,46.0,invierno
2024-01-14 08:00:00,2024,1,14,NORTE2,0,1.7750000000000001,27.65,8.5,160.5,46.0,invierno
2024-01-14 08:00:00,2024,1,14,SUR,0,2.33375,20.875,8.375,78.5,55.0,invierno
2024-01-14 08:00:00,2024,1,14,SUROESTE2,0,1.38,19.1,21.0,106.0,17.0,invierno
2024-01-15 07:00:00,2024,1,15,CENTRO,1,2.1,23.9,10.0,80.0,,invierno
2024-01-15 07:00:00,2024,1,15,NORESTE3,0,2.139666666666667,11.25,13.483333333333334,49.5,8.5,invierno
2024-01-15 07:00:00,2024,1,15,NOROESTE3,0,1.4183333333333332,11.683333333333332,9.0,64.0,15.0,invierno
2024-01-15 07:00:00,2024,1,15,NORTE2,1,0.85,15.65,13.0,64.0,18.0,invierno
2024-01-15 07:00:00,2024,1,15,SUR,0,1.4875,14.0625,11.625,50.0,13.5,invierno
2024-01-15 07:00:00,2024,1,15,SUROESTE2,1,2.14,29.1,5.0,70.0,16.0,invierno
2024-01-15 08:00:00,2024,1,15,CENTRO,1,2.37,21.7,9.0,90.0,,invierno
2024-01-15 08:00:00,2024,1,15,NORESTE3,0,2.2198333333333333,11.950000000000001,11.666666666666666,43.333333333333336,14.0,invierno
2024-01-15 08:00:00,2024,1,15,NOROESTE3,0,1.5083333333333335,12.666666666666666,7.333333333333333,69.16666666666667,12.0,invierno
2024-01-15 08:00:00,2024,1,15,NORTE2,1,0.99,15.6,11.5,76.0,13.5,invierno
2024-01-15 08:00:00,2024,1,15,SUR,0,1.63625,14.7875,8.75,51.625,15.5,invierno
2024-01-15 08:00:00,2024,1,15,SUROESTE2,1,2.17,26.5,6.0,69.0,14.0,invierno
2024-01-16 07:00:00,2024,1,16,CENTRO,1,1.78,10.7,18.0,22.0,,invierno
2024-01-16 07:00:00,2024,1,16,NORESTE3,0,2.1376666666666666,6.783333333333334,21.266666666666666,21.333333333333332,8.0,invierno
2024-01-16 07:00:00,2024,1,16,NOROESTE3,0,1.1866666666666668,4.266666666666667,16.166666666666668,5.666666666666667,5.0,invierno
2024-01-16 07:00:00,2024,1,16,NORTE2,1,0.75,10.05,18.0,13.0,9.5,invierno
2024-01-16 07:00:00,2024,1,16,SUR,0,1.4425000000000001,8.2125,16.75,16.75,7.0,invierno
2024-01-16 07:00:00,2024,1,16,SUROESTE2,1,1.3,9.3,16.0,2.0,,invierno
2024-01-16 08:00:00,2024,1,16,CENTRO,1,1.82,14.0,18.0,25.0,,invierno
2024-01-16 08:00:00,2024,1,16,NORESTE3,0,2.167333333333333,7.366666666666667,24.633333333333336,24.833333333333332,8.0,invierno
2024-01-16 08:00:00,2024,1,16,NOROESTE3,0,1.1783333333333332,4.683333333333334,18.0,21.333333333333332,2.29,invierno
2024-01-16 08:00:00,2024,1,16,NORTE2,1,0.8049999999999999,10.25,21.5,13.0,10.0,invierno
2024-01-16 08:00:00,2024,1,16,SUR,0,1.4875,8.95,19.75,16.875,9.0,invierno
2024-01-16 08:00:00,2024,1,16,SUROESTE2,1,1.39,11.9,15.0,4.0,,invierno
2024-01-17 07:00:00,2024,1,17,CENTRO,1,1.52,19.1,13.0,32.0,26.0,invierno
2024-01-17 07:00:00,2024,1,17,NORESTE3,0,2.462166666666666,22.683333333333334,14.183333333333332,35.166666666666664,13.0,invierno
2024-01-17 07:00:00,2024,1,17,NOROESTE3,0,1.34,12.4,7.4,82.8,14.8325,invierno
2024-01-17 07:00:00,2024,1,17,NORTE2,1,0.7899999999999999,24.75,18.0,38.0,7.0,invierno
2024-01-17 07:00:00,2024,1,17,SUR,0,1.8,21.3625,10.625,39.125,23.429999999999996,invierno
2024-01-17 07:00:00,2024,1,17,SUROESTE2,1,1.47,25.3,8.0,23.0,10.0,invierno
2024-01-17 08:00:00,2024,1,17,CENTRO,1,1.62,20.9,15.0,42.0,25.0,invierno
2024-01-17 08:00:00,2024,1,17,NORESTE3,0,2.6845,26.916666666666668,11.183333333333332,43.166666666666664,13.5,invierno
2024-01-17 08:00:00,2024,1,17,NOROESTE3,0,1.5166666666666666,15.016666666666666,6.333333333333333,104.4,15.0825,invierno
2024-01-17 08:00:00,2024,1,17,NORTE2,1,1.0150000000000001,29.2,13.0,37.5,13.5,invierno
2024-01-17 08:00:00,2024,1,17,SUR,0,1.9925,21.9875,10.5,62.875,25.78333333333333,invierno
2024-01-17 08:00:00,2024,1,17,SUROESTE2,1,1.82,29.2,6.0,23.0,11.0,invierno
2024-01-18 07:00:00,2024,1,18,CENTRO,1,2.81,36.2,,130.0,104.8,invierno
2024-01-18 07:00:00,2024,1,18,NORESTE3,0,3.1678333333333337,35.03333333333333,3.2,127.83333333333333,57.0,invierno
2024-01-18 07:00:00,2024,1,18,NOROESTE3,0,2.0316666666666667,27.633333333333336,,118.66666666666667,46.0425,invierno
2024-01-18 07:00:00,2024,1,18,NORTE2,1,2.14,40.15,9.5,192.0,54.0,invierno
2024-01-18 07:00:00,2024,1,18,SUR,0,2.42125,31.4375,9.0,101.375,57.76333333333333,invierno
2024-01-18 07:00:00,2024,1,18,SUROESTE2,1,3.045,38.599999999999994,8.0,159.0,99.0,invierno
2024-01-18 08:00:00,2024,1,18,CENTRO,1,3.16,38.9,11.0,163.0,121.37,invierno
2024-01-18 08:00:00,2024,1,18,NORESTE3,0,4.106833333333333,35.983333333333334,3.6999999999999997,150.33333333333334,70.0,invierno
2024-01-18 08:00:00,2024,1,18,NOROESTE3,0,2.0733333333333333,27.2,6.0,111.0,47.46,invierno
2024-01-18 08:00:00,2024,1,18,NORTE2,1,3.17,41.400000000000006,10.5,209.5,60.0,invierno
2024-01-18 08:00:00,2024,1,18,SUR,0,2.88125,32.6125,9.166666666666666,118.625,59.78333333333333,invierno
2024-01-18 08:00:00,2024,1,18,SUROESTE2,1,4.525,39.95,8.5,147.0,83.0,invierno
2024-01-19 07:00:00,2024,1,19,CENTRO,1,2.23,34.0,,105.0,39.33,invierno
2024-01-19 07:00:00,2024,1,19,NORESTE3,0,4.010666666666666,46.833333333333336,7.066666666666666,174.16666666666666,74.5,invierno
2024-01-19 07:00:00,2024,1,19,NOROESTE3,0,2.5933333333333333,25.96666666666667,5.5,131.66666666666666,38.0875,invierno
2024-01-19 07:00:00,2024,1,19,NORTE2,1,2.34,44.2,9.0,181.0,44.5,invierno
2024-01-19 07:00:00,2024,1,19,SUR,0,3.0374999999999996,39.1375,7.5,136.875,58.5,invierno
2024-01-19 07:00:00,2024,1,19,SUROESTE2,1,2.295,32.25,6.0,94.0,22.0,invierno
2024-01-19 08:00:00,2024,1,19,CENTRO,1,2.65,37.3,11.0,82.0,45.98,invierno
2024-01-19 08:00:00,2024,1,19,NORESTE3,0,4.373333333333333,42.88333333333333,4.75,246.0,74.5,invierno
2024-01-19 08:00:00,2024,1,19,NOROESTE3,0,3.1033333333333335,25.71666666666667,6.0,156.0,43.8175,invierno
2024-01-19 08:00:00,2024,1,19,NORTE2,1,3.46,47.650000000000006,9.0,188.5,48.5,invierno
2024-01-19 08:00:00,2024,1,19,SUR,0,3.69125,38.675,7.875,146.0,59.5,invierno
2024-01-19 08:00:00,2024,1,19,SUROESTE2,1,4.455,36.8,8.0,129.0,26.0,invierno
2024-01-20 07:00:00,2024,1,20,CENTRO,0,1.74,18.8,31.0,41.0,20.17,invierno
2024-01-20 07:00:00,2024,1,20,NORESTE3,0,2.3115,16.7,28.833333333333332,40.0,14.0,invierno
2024-01-20 07:00:00,2024,1,20,NOROESTE3,0,1.3016666666666667,8.483333333333333,32.333333333333336,32.833333333333336,7.4350000000000005,invierno
2024-01-20 07:00:00,2024,1,20,NORTE2,0,0.765,24.650000000000002,21.0,38.0,6.0,invierno
2024-01-20 07:00:00,2024,1,20,SUR,0,1.5175,13.8375,33.625,36.125,13.0,invierno
2024-01-20 07:00:00,2024,1,20,SUROESTE2,0,1.62,15.75,32.5,33.5,16.95,invierno
2024-01-20 08:00:00,2024,1,20,CENTRO,0,1.78,28.0,20.0,50.0,23.27,invierno
2024-01-20 08:00:00,2024,1,20,NORESTE3,0,2.374,19.0,25.650000000000002,43.833333333333336,14.0,invierno
2024-01-20 08:00:00,2024,1,20,NOROESTE3,0,1.3366666666666667,10.533333333333333,27.5,33.166666666666664,9.095,invierno
2024-01-20 08:00:00,2024,1,20,NORTE2,0,0.8400000000000001,25.95,18.0,53.5,15.0,invierno
2024-01-20 08:00:00,2024,1,20,SUR,0,1.57125,14.6125,31.75,38.25,16.833333333333332,invierno
2024-01-20 08:00:00,2024,1,20,SUROESTE2,0,1.68,18.3,28.5,35.0,16.975,invierno
2024-01-21 07:00:00,2024,1,21,CENTRO,0,1.91,23.2,10.0,30.0,,invierno
2024-01-21 07:00:00,2024,1,21,NORESTE3,0,3.1599999999999997,13.1,16.0,21.0,11.0,invierno
2024-01-21 07:00:00,2024,1,21,NOROESTE3,0,1.4383333333333335,10.266666666666667,12.166666666666666,13.333333333333334,4.84,invierno
2024-01-21 07:00:00,2024,1,21,NORTE2,0,0.875,18.65,11.5,30.5,17.0,invierno
2024-01-21 07:00:00,2024,1,21,SUR,0,1.5075,11.725,12.75,20.375,17.5,invierno
2024-01-21 07:00:00,2024,1,21,SUROESTE2,0,1.8599999999999999,22.15,7.0,20.5,,invierno
2024-01-21 08:00:00,2024,1,21,CENTRO,0,1.95,22.8,10.0,34.0,,invierno
2024-01-21 08:00:00,2024,1,21,NORESTE3,0,3.215,16.25,13.0,23.5,16.5,invierno
2024-01-21 08:00:00,2024,1,21,NOROESTE3,0,1.4733333333333334,10.1,13.0,16.0,5.5,invierno
2024-01-21 08:00:00,2024,1,21,NORTE2,0,0.98,18.4,10.5,32.5,20.0,invierno
2024-01-21 08:00:00,2024,1,21,SUR,0,1.54625,13.275,11.375,24.25,29.0,invierno
2024-01-21 08:00:00,2024,1,21,SUROESTE2,0,1.935,22.049999999999997,7.0,24.0,,invierno
2024-01-22 07:00:00,2024,1,22,CENTRO,1,2.48,21.9,,84.0,,invierno
2024-01-22 07:00:00,2024,1,22,NORESTE3,0,4.5600000000000005,22.35,11.0,43.5,26.5,invierno
2024-01-22 07:00:00,2024,1,22,NOROESTE3,0,1.45,8.683333333333334,17.833333333333332,17.833333333333332,3.325,invierno
2024-01-22 07:00:00,2024,1,22,NORTE2,1,1.125,21.35,9.5,49.0,26.0,invierno
2024-01-22 07:00:00,2024,1,22,SUR,1,2.01625,15.6125,6.666666666666667,52.125,27.5,invierno
2024-01-22 07:00:00,2024,1,22,SUROESTE2,1,2.0,15.200000000000001,12.5,42.5,19.0,invierno
2024-01-22 08:00:00,2024,1,22,CENTRO,1,2.31,23.3,10.0,64.0,,invierno
2024-01-22 08:00:00,2024,1,22,NORESTE3,0,4.5600000000000005,21.05,10.0,52.5,33.0,invierno
2024-01-22 08:00:00,2024,1,22,NOROESTE3,0,1.6966666666666665,12.233333333333334,16.0,11.166666666666666,2.39,invierno
2024-01-22 08:00:00,2024,1,22,NORTE2,1,1.3699999999999999,25.3,8.0,29.0,18.0,invierno
2024-01-22 08:00:00,2024,1,22,SUR,1,2.3125,16.2,7.0,42.0,22.333333333333332,invierno
2024-01-22 08:00:00,2024,1,22,SUROESTE2,1,2.17,17.2,15.0,26.5,9.0,invierno
2024-01-23 07:00:00,2024,1,23,CENTRO,1,2.99,22.6,,108.0,91.34,invierno
2024-01-23 07:00:00,2024,1,23,NORESTE3,0,3.967,19.150000000000002,2.8,114.0,59.5,invierno
2024-01-23 07:00:00,2024,1,23,NOROESTE3,0,3.0516666666666663,14.133333333333333,,99.66666666666667,35.7875,invierno
2024-01-23 07:00:00,2024,1,23,NORTE2,1,2.1550000000000002,20.85,11.0,113.5,37.0,invierno
2024-01-23 07:00:00,2024,1,23,SUR,1,2.9625,18.1625,12.75,114.875,49.375,invierno
2024-01-23 07:00:00,2024,1,23,SUROESTE2,1,3.1,23.799999999999997,5.0,120.0,48.0,invierno
2024-01-23 08:00:00,2024,1,23,CENTRO,1,3.3,25.8,10.0,101.0,89.85,invierno
2024-01-23 08:00:00,2024,1,23,NORESTE3,0,4.466500000000001,20.400000000000002,2.8499999999999996,122.5,55.0,invierno
2024-01-23 08:00:00,2024,1,23,NOROESTE3,0,4.033333333333333,14.366666666666667,,115.0,37.9225,invierno
2024-01-23 08:00:00,2024,1,23,NORTE2,1,3.2750000000000004,21.15,10.0,131.5,40.0,invierno
2024-01-23 08:00:00,2024,1,23,SUR,1,3.63125,18.625,13.0,122.875,51.375,invierno
2024-01-23 08:00:00,2024,1,23,SUROESTE2,1,4.465,26.7,7.0,130.5,49.0,invierno
2024-01-24 07:00:00,2024,1,24,CENTRO,1,2.53,20.1,,76.0,33.13,invierno
2024-01-24 07:00:00,2024,1,24,NORESTE3,0,2.6345,17.366666666666667,6.825,73.33333333333333,19.0,invierno
2024-01-24 07:00:00,2024,1,24,NOROESTE3,0,2.1366666666666667,15.033333333333333,5.0,74.0,23.555,invierno
2024-01-24 07:00:00,2024,1,24,NORTE2,1,1.4,23.05,12.0,103.0,29.5,invierno
2024-01-24 07:00:00,2024,1,24,SUR,1,2.04125,15.3375,6.666666666666667,80.875,26.53,invierno
2024-01-24 07:00:00,2024,1,24,SUROESTE2,1,2.4050000000000002,18.700000000000003,5.0,87.0,24.0,invierno
2024-01-24 08:00:00,2024,1,24,CENTRO,1,2.75,24.0,,83.0,32.45,invierno
2024-01-24 08:00:00,2024,1,24,NORESTE3,0,2.7006666666666668,17.76666666666667,7.25,94.33333333333333,23.0,invierno
2024-01-24 08:00:00,2024,1,24,NOROESTE3,0,2.611666666666667,14.799999999999999,5.0,99.66666666666667,26.025,invierno
2024-01-24 08:00:00,2024,1,24,NORTE2,1,1.71,21.65,11.0,136.5,28.5,invierno
2024-01-24 08:00:00,2024,1,24,SUR,1,2.365,14.6375,7.0,86.0,26.3525,invierno
2024-01-24 08:00:00,2024,1,24,SUROESTE2,1,3.065,22.25,5.0,100.5,23.0,invierno
2024-01-25 07:00:00,2024,1,25,CENTRO,1,2.33,16.9,9.0,26.0,7.38,invierno
2024-01-25 07:00:00,2024,1,25,NORESTE3,0,2.761833333333333,22.016666666666666,7.366666666666667,51.333333333333336,17.0,invierno
2024-01-25 07:00:00,2024,1,25,NOROESTE3,0,2.125,12.5,6.166666666666667,14.5,7.7975,invierno
2024-01-25 07:00:00,2024,1,25,NORTE2,1,1.595,22.35,7.5,45.5,20.0,invierno
2024-01-25 07:00:00,2024,1,25,SUR,1,2.02,18.7625,7.875,54.25,10.7475,invierno
2024-01-25 07:00:00,2024,1,25,SUROESTE2,1,2.325,19.1,7.5,14.0,3.0,invierno
2024-01-25 08:00:00,2024,1,25,CENTRO,1,2.48,18.3,9.0,28.0,6.52,invierno
2024-01-25 08:00:00,2024,1,25,NORESTE3,0,3.2388333333333335,22.599999999999998,7.3,129.5,34.5,invierno
2024-01-25 08:00:00,2024,1,25,NOROESTE3,0,3.235,12.966666666666667,5.666666666666667,22.5,10.955,invierno
2024-01-25 08:00:00,2024,1,25,NORTE2,1,2.105,21.2,8.0,74.0,18.5,invierno
2024-01-25 08:00:00,2024,1,25,SUR,1,2.20125,17.0625,7.625,58.75,10.682500000000001,invierno
2024-01-25 08:00:00,2024,1,25,SUROESTE2,1,3.44,19.05,8.0,25.0,,invierno
2024-01-26 07:00:00,2024,1,26,CENTRO,1,2.07,24.2,14.0,31.0,13.0,invierno
2024-01-26 07:00:00,2024,1,26,NORESTE3,0,1.7695,18.400000000000002,16.366666666666667,36.5,11.5,invierno
2024-01-26 07:00:00,2024,1,26,NOROESTE3,0,1.71,14.816666666666668,11.0,41.833333333333336,10.695,invierno
2024-01-26 07:00:00,2024,1,26,NORTE2,1,1.085,21.75,15.5,31.5,20.5,invierno
2024-01-26 07:00:00,2024,1,26,SUR,1,1.61375,14.1875,19.375,32.375,7.515000000000001,invierno
2024-01-26 07:00:00,2024,1,26,SUROESTE2,1,2.2,19.25,7.5,33.0,15.635,invierno
2024-01-26 08:00:00,2024,1,26,CENTRO,1,2.26,27.7,10.0,50.0,20.09,invierno
2024-01-26 08:00:00,2024,1,26,NORESTE3,0,1.9328333333333332,22.55,12.566666666666668,51.833333333333336,14.0,invierno
2024-01-26 08:00:00,2024,1,26,NOROESTE3,0,1.8433333333333335,16.133333333333333,8.333333333333334,49.0,14.79,invierno
2024-01-26 08:00:00,2024,1,26,NORTE2,1,1.355,26.85,11.0,51.0,24.0,invierno
2024-01-26 08:00:00,2024,1,26,SUR,1,1.76125,17.225,13.875,34.875,10.585,invierno
2024-01-26 08:00:00,2024,1,26,SUROESTE2,1,2.7,22.950000000000003,7.0,50.0,20.085,invierno
2024-01-27 07:00:00,2024,1,27,CENTRO,0,1.78,11.4,38.0,54.0,6.02,invierno
2024-01-27 07:00:00,2024,1,27,NORESTE3,0,1.6185,11.016666666666666,32.38333333333333,43.0,,invierno
2024-01-27 07:00:00,2024,1,27,NOROESTE3,0,1.365,7.55,31.833333333333332,24.0,3.9349999999999996,invierno
2024-01-27 07:00:00,2024,1,27,NORTE2,0,0.83,17.85,30.0,43.5,14.0,invierno
2024-01-27 07:00:00,2024,1,27,SUR,0,1.3525,9.725,33.375,30.666666666666668,8.216666666666667,invierno
2024-01-27 07:00:00,2024,1,27,SUROESTE2,0,1.895,10.35,38.5,30.0,5.0649999999999995,invierno
2024-01-27 08:00:00,2024,1,27,CENTRO,0,1.96,11.4,39.0,37.0,5.63,invierno
2024-01-27 08:00:00,2024,1,27,NORESTE3,0,1.6664999999999999,13.066666666666668,30.21666666666667,40.833333333333336,,invierno
2024-01-27 08:00:00,2024,1,27,NOROESTE3,0,1.37,9.383333333333333,31.166666666666668,29.166666666666668,3.3049999999999997,invierno
2024-01-27 08:00:00,2024,1,27,NORTE2,0,0.895,17.35,30.5,48.5,15.0,invierno
2024-01-27 08:00:00,2024,1,27,SUR,0,1.49125,13.4125,30.875,41.0,5.988571428571428,invierno
2024-01-27 08:00:00,2024,1,27,SUROESTE2,0,1.91,12.2,37.0,26.0,4.71,invierno
2024-01-28 07:00:00,2024,1,28,CENTRO,0,1.86,17.6,21.0,25.0,15.17,invierno
2024-01-28 07:00:00,2024,1,28,NORESTE3,0,1.7149999999999999,20.8,14.383333333333333,39.0,12.5,invierno
2024-01-28 07:00:00,2024,1,28,NOROESTE3,0,1.7533333333333332,16.083333333333332,7.0,32.833333333333336,10.0425,invierno
2024-01-28 07:00:00,2024,1,28,NORTE2,0,1.2449999999999999,32.3,9.0,29.0,16.0,invierno
2024-01-28 07:00:00,2024,1,28,SUR,0,1.73375,22.65,8.5,47.0,15.6025,invierno
2024-01-28 07:00:00,2024,1,28,SUROESTE2,0,2.035,17.4,19.5,35.0,12.44,invierno
2024-01-28 08:00:00,2024,1,28,CENTRO,0,1.98,24.9,14.0,36.0,13.3,invierno
2024-01-28 08:00:00,2024,1,28,NORESTE3,0,1.8086666666666666,24.383333333333336,11.516666666666666,43.0,11.5,invierno
2024-01-28 08:00:00,2024,1,28,NOROESTE3,0,1.8550000000000002,14.983333333333334,6.5,43.5,13.89,invierno
2024-01-28 08:00:00,2024,1,28,NORTE2,0,1.54,31.05,9.0,70.0,20.5,invierno
2024-01-28 08:00:00,2024,1,28,SUR,0,1.8875,22.2,8.5,62.875,15.5075,invierno
2024-01-28 08:00:00,2024,1,28,SUROESTE2,0,2.31,18.75,21.0,40.0,14.745,invierno
2024-01-29 07:00:00,2024,1,29,CENTRO,1,1.95,30.0,13.0,46.0,14.16,invierno
2024-01-29 07:00:00,2024,1,29,NORESTE3,0,1.8710000000000002,25.28333333333333,10.700000000000001,44.333333333333336,8.0,invierno
2024-01-29 07:00:00,2024,1,29,NOROESTE3,0,2.1083333333333334,21.78333333333333,7.166666666666667,50.5,13.0,invierno
2024-01-29 07:00:00,2024,1,29,NORTE2,1,1.2149999999999999,36.7,9.5,47.0,15.5,invierno
2024-01-29 07:00:00,2024,1,29,SUR,1,1.745,27.4875,7.75,55.5,13.1375,invierno
2024-01-29 07:00:00,2024,1,29,SUROESTE2,1,2.31,25.8,10.0,71.5,25.175,invierno
2024-01-29 08:00:00,2024,1,29,CENTRO,1,2.28,34.6,10.0,56.0,17.69,invierno
2024-01-29 08:00:00,2024,1,29,NORESTE3,0,2.317,30.133333333333336,7.383333333333333,54.0,12.5,invierno
2024-01-29 08:00:00,2024,1,29,NOROESTE3,0,2.5783333333333336,22.5,6.166666666666667,78.83333333333333,22.0,invierno
2024-01-29 08:00:00,2024,1,29,NORTE2,1,1.64,38.0,9.0,71.0,20.0,invierno
2024-01-29 08:00:00,2024,1,29,SUR,1,2.2275,30.6375,7.375,109.0,18.322499999999998,invierno
2024-01-29 08:00:00,2024,1,29,SUROESTE2,1,3.285,30.0,8.0,97.5,36.28,invierno
2024-01-30 07:00:00,2024,1,30,CENTRO,1,2.01,29.9,11.0,51.0,12.52,invierno
2024-01-30 07:00:00,2024,1,30,NORESTE3,0,1.7978333333333334,21.066666666666666,13.766666666666666,37.5,9.5,invierno
2024-01-30 07:00:00,2024,1,30,NOROESTE3,0,1.6733333333333331,18.266666666666666,10.166666666666666,43.6,7.0,invierno
2024-01-30 07:00:00,2024,1,30,NORTE2,1,1.1649999999999998,33.0,8.5,62.5,18.0,invierno
2024-01-30 07:00:00,2024,1,30,SUR,1,1.715,27.112499999999997,8.25,64.0,20.69142857142857,invierno
2024-01-30 07:00:00,2024,1,30,SUROESTE2,1,2.37,33.05,7.0,65.0,17.265,invierno
2024-01-30 08:00:00,2024,1,30,CENTRO,1,2.14,31.8,10.0,51.0,15.08,invierno
2024-01-30 08:00:00,2024,1,30,NORESTE3,0,2.0336666666666665,26.816666666666666,8.966666666666667,55.833333333333336,10.5,invierno
2024-01-30 08:00:00,2024,1,30,NOROESTE3,0,2.085,20.533333333333335,7.833333333333333,48.75,9.0,invierno
2024-01-30 08:00:00,2024,1,30,NORTE2,1,1.395,34.5,8.5,81.0,20.5,invierno
2024-01-30 08:00:00,2024,1,30,SUR,1,2.25125,28.325,6.75,91.625,23.8375,invierno
2024-01-30 08:00:00,2024,1,30,SUROESTE2,1,2.9050000000000002,34.5,8.0,64.5,38.46,invierno
2024-01-31 07:00:00,2024,1,31,CENTRO,1,2.32,29.8,,78.0,26.49,invierno
2024-01-31 07:00:00,2024,1,31,NORESTE3,0,2.153,28.683333333333334,6.966666666666666,86.0,29.5,invierno
2024-01-31 07:00:00,2024,1,31,NOROESTE3,0,2.158333333333333,17.916666666666668,5.0,80.83333333333333,25.0,invierno
2024-01-31 07:00:00,2024,1,31,NORTE2,1,1.64,34.3,11.0,98.5,28.0,invierno
2024-01-31 07:00:00,2024,1,31,SUR,1,2.19625,25.8,6.75,100.875,26.8575,invierno
2024-01-31 07:00:00,2024,1,31,SUROESTE2,1,2.6900000000000004,29.5,7.0,81.0,31.795,invierno
2024-01-31 08:00:00,2024,1,31,CENTRO,1,2.63,29.3,,77.0,34.03,invierno
2024-01-31 08:00:00,2024,1,31,NORESTE3,0,2.648833333333333,28.633333333333336,5.225,98.0,36.5,invierno
2024-01-31 08:00:00,2024,1,31,NOROESTE3,0,2.6216666666666666,18.016666666666666,5.5,105.5,39.0,invierno
2024-01-31 08:00:00,2024,1,31,NORTE2,1,2.09,35.45,12.0,111.0,27.5,invierno
2024-01-31 08:00:00,2024,1,31,SUR,1,3.0525,27.7875,7.625,143.25,32.5375,invierno
2024-01-31 08:00:00,2024,1,31,SUROESTE2,1,3.6350000000000002,32.65,6.0,125.0,41.82,invierno
2024-02-01 07:00:00,2024,2,1,CENTRO,1,2.09,26.4,10.0,46.0,,otra
2024-02-01 07:00:00,2024,2,1,NORESTE3,0,1.8425,16.483333333333334,15.266666666666666,31.333333333333332,10.0,otra
2024-02-01 07:00:00,2024,2,1,NOROESTE3,0,2.045,16.233333333333334,6.166666666666667,39.666666666666664,12.0,otra
2024-02-01 07:00:00,2024,2,1,NORTE2,1,1.1099999999999999,20.6,17.0,38.0,16.0,otra
2024-02-01 07:00:00,2024,2,1,SUR,1,1.645,18.4,12.375,31.875,10.2175,otra
2024-02-01 07:00:00,2024,2,1,SUROESTE2,1,2.535,19.15,7.0,36.0,22.765,otra
2024-02-01 08:00:00,2024,2,1,CENTRO,1,2.31,28.1,10.0,64.0,,otra
2024-02-01 08:00:00,2024,2,1,NORESTE3,0,1.9828333333333334,17.566666666666666,15.066666666666668,38.333333333333336,13.0,otra
2024-02-01 08:00:00,2024,2,1,NOROESTE3,0,2.4133333333333336,15.316666666666668,5.666666666666667,63.666666666666664,19.0,otra
2024-02-01 08:00:00,2024,2,1,NORTE2,1,1.375,22.4,15.0,42.0,22.0,otra
2024-02-01 08:00:00,2024,2,1,SUR,1,1.905,21.475,8.875,38.5,11.155,otra
2024-02-01 08:00:00,2024,2,1,SUROESTE2,1,3.1399999999999997,22.700000000000003,7.0,51.0,30.035,otra
2024-02-02 07:00:00,2024,2,2,CENTRO,1,2.41,27.8,,81.0,41.46,otra
2024-02-02 07:00:00,2024,2,2,NORESTE3,0,2.0881666666666665,25.7,6.983333333333333,68.66666666666667,25.0,otra
2024-02-02 07:00:00,2024,2,2,NOROESTE3,0,2.1266666666666665,15.583333333333334,7.5,78.66666666666667,31.0,otra
2024-02-02 07:00:00,2024,2,2,NORTE2,1,1.585,28.0,5.0,102.0,22.5,otra
2024-02-02 07:00:00,2024,2,2,SUR,1,2.3125,26.2375,7.666666666666667,96.0,29.95,otra
2024-02-02 07:00:00,2024,2,2,SUROESTE2,1,2.955,24.75,9.5,102.0,43.56,otra
2024-02-02 08:00:00,2024,2,2,CENTRO,1,2.54,28.3,,94.0,38.56,otra
2024-02-02 08:00:00,2024,2,2,NORESTE3,0,2.4410000000000003,24.21666666666667,7.1499999999999995,103.33333333333333,39.0,otra
2024-02-02 08:00:00,2024,2,2,NOROESTE3,0,2.518333333333333,16.466666666666665,7.0,84.66666666666667,32.0,otra
2024-02-02 08:00:00,2024,2,2,NORTE2,1,2.03,26.85,,136.5,26.5,otra
2024-02-02 08:00:00,2024,2,2,SUR,1,3.13875,26.9875,8.0,113.125,31.495,otra
2024-02-02 08:00:00,2024,2,2,SUROESTE2,1,4.045,28.15,6.0,140.0,41.79,otra
2024-02-03 07:00:00,2024,2,3,CENTRO,0,1.7,18.1,24.0,32.0,6.56,otra
2024-02-03 07:00:00,2024,2,3,NORESTE3,0,1.7208333333333332,13.266666666666667,22.816666666666666,70.0,4.0,otra
2024-02-03 07:00:00,2024,2,3,NOROESTE3,0,1.39,6.8999999999999995,30.666666666666668,30.166666666666668,,otra
2024-02-03 07:00:00,2024,2,3,NORTE2,0,0.815,13.5,29.0,41.5,14.5,otra
2024-02-03 07:00:00,2024,2,3,SUR,0,1.76125,23.4875,13.375,62.0,23.62,otra
2024-02-03 07:00:00,2024,2,3,SUROESTE2,0,1.965,15.5,24.5,40.5,5.81,otra
2024-02-03 08:00:00,2024,2,3,CENTRO,0,1.74,19.6,23.0,41.0,7.01,otra
2024-02-03 08:00:00,2024,2,3,NORESTE3,0,1.8281666666666665,18.75,17.366666666666667,60.5,7.0,otra
2024-02-03 08:00:00,2024,2,3,NOROESTE3,0,1.4466666666666665,9.283333333333333,27.0,25.333333333333332,,otra
2024-02-03 08:00:00,2024,2,3,NORTE2,0,0.835,16.75,25.0,33.5,16.0,otra
2024-02-03 08:00:00,2024,2,3,SUR,0,1.65625,20.85,16.375,58.0,13.04,otra
2024-02-03 08:00:00,2024,2,3,SUROESTE2,0,2.0599999999999996,20.0,20.5,32.5,4.77,otra
2024-02-04 07:00:00,2024,2,4,CENTRO,0,2.36,30.8,10.0,61.0,22.83,otra
2024-02-04 07:00:00,2024,2,4,NORESTE3,0,1.59975,26.525,10.1,49.75,15.0,otra
2024-02-04 07:00:00,2024,2,4,NOROESTE3,0,1.5283333333333333,10.333333333333334,25.333333333333332,26.333333333333332,7.0,otra
2024-02-04 07:00:00,2024,2,4,NORTE2,0,0.98,29.799999999999997,11.5,56.5,15.0,otra
2024-02-04 07:00:00,2024,2,4,SUR,0,1.8925,28.0125,10.25,64.83333333333333,21.333333333333332,otra
2024-02-04 07:00:00,2024,2,4,SUROESTE2,0,2.45,24.049999999999997,13.5,45.0,17.39,otra
2024-02-04 08:00:00,2024,2,4,CENTRO,0,2.31,29.8,11.0,62.0,17.83,otra
2024-02-04 08:00:00,2024,2,4,NORESTE3,0,1.67625,25.6,12.25,54.5,16.0,otra
2024-02-04 08:00:00,2024,2,4,NOROESTE3,0,1.5666666666666667,11.15,28.333333333333332,20.833333333333332,4.0,otra
2024-02-04 08:00:00,2024,2,4,NORTE2,0,1.2349999999999999,30.5,9.5,67.5,18.5,otra
2024-02-04 08:00:00,2024,2,4,SUR,0,2.00375,28.1875,11.0,82.16666666666667,19.333333333333332,otra
2024-02-04 08:00:00,2024,2,4,SUROESTE2,0,2.425,25.85,12.5,44.5,14.025,otra
2024-02-05 07:00:00,2024,2,5,CENTRO,1,1.77,21.8,21.0,68.0,11.05,otra
2024-02-05 07:00:00,2024,2,5,NORESTE3,0,1.8385,9.433333333333334,37.550000000000004,57.5,7.5,otra
2024-02-05 07:00:00,2024,2,5,NOROESTE3,0,1.6875,14.225,12.75,50.5,,otra
2024-02-05 07:00:00,2024,2,5,NORTE2,1,1.005,28.150000000000002,16.0,76.5,16.5,otra
2024-02-05 07:00:00,2024,2,5,SUR,1,1.745,27.6,16.125,72.625,18.796666666666667,otra
2024-02-05 07:00:00,2024,2,5,SUROESTE2,1,2.2350000000000003,25.65,13.0,64.5,8.745000000000001,otra
2024-02-05 08:00:00,2024,2,5,CENTRO,1,2.06,32.1,11.0,65.0,13.91,otra
2024-02-05 08:00:00,2024,2,5,NORESTE3,0,1.8096666666666668,9.666666666666666,36.78333333333333,55.166666666666664,10.0,otra
2024-02-05 08:00:00,2024,2,5,NOROESTE3,0,1.665,14.95,16.5,50.25,,otra
2024-02-05 08:00:00,2024,2,5,NORTE2,1,0.91,16.45,31.5,67.5,14.0,otra
2024-02-05 08:00:00,2024,2,5,SUR,1,1.57125,14.7625,30.5,63.625,11.666666666666666,otra
2024-02-05 08:00:00,2024,2,5,SUROESTE2,1,2.31,28.2,11.5,47.5,10.74,otra
2024-02-06 07:00:00,2024,2,6,CENTRO,1,1.91,24.1,20.0,29.0,5.87,otra
2024-02-06 07:00:00,2024,2,6,NORESTE3,0,2.3035,29.466666666666665,10.35,56.666666666666664,13.0,otra
2024-02-06 07:00:00,2024,2,6,NOROESTE3,0,2.25,18.75,5.833333333333333,52.166666666666664,18.0,otra
2024-02-06 07:00:00,2024,2,6,NORTE2,1,1.7149999999999999,36.6,9.0,68.5,12.5,otra
2024-02-06 07:00:00,2024,2,6,SUR,1,1.92125,32.7,8.875,48.75,16.47,otra
2024-02-06 07:00:00,2024,2,6,SUROESTE2,1,2.625,27.299999999999997,14.0,42.5,16.21,otra
2024-02-06 08:00:00,2024,2,6,CENTRO,1,2.32,33.3,11.0,35.0,9.04,otra
2024-02-06 08:00:00,2024,2,6,NORESTE3,0,2.5366666666666666,29.766666666666666,8.216666666666667,63.333333333333336,17.5,otra
2024-02-06 08:00:00,2024,2,6,NOROESTE3,0,2.9033333333333338,21.083333333333332,5.833333333333333,77.33333333333333,27.0,otra
2024-02-06 08:00:00,2024,2,6,NORTE2,1,1.86,40.05,9.0,80.5,15.5,otra
2024-02-06 08:00:00,2024,2,6,SUR,1,2.54,33.45,9.5,93.625,22.005714285714284,otra
2024-02-06 08:00:00,2024,2,6,SUROESTE2,1,3.225,33.3,8.5,73.5,22.855,otra
2024-02-07 07:00:00,2024,2,7,CENTRO,1,2.03,33.2,12.0,53.0,27.23,otra
2024-02-07 07:00:00,2024,2,7,NORESTE3,0,2.0241666666666664,27.383333333333336,9.85,33.666666666666664,22.5,otra
2024-02-07 07:00:00,2024,2,7,NOROESTE3,0,1.9533333333333334,21.683333333333334,7.833333333333333,51.833333333333336,20.0,otra
2024-02-07 07:00:00,2024,2,7,NORTE2,1,1.355,35.95,9.5,71.5,17.5,otra
2024-02-07 07:00:00,2024,2,7,SUR,1,1.75125,28.6875,8.625,68.875,22.0,otra
2024-02-07 07:00:00,2024,2,7,SUROESTE2,1,2.615,28.85,9.5,63.5,21.72,otra
2024-02-07 08:00:00,2024,2,7,CENTRO,1,2.37,33.6,12.0,62.0,24.93,otra
2024-02-07 08:00:00,2024,2,7,NORESTE3,0,2.6548000000000003,28.633333333333336,12.283333333333333,45.666666666666664,25.5,otra
2024-02-07 08:00:00,2024,2,7,NOROESTE3,0,2.1149999999999998,22.400000000000002,7.166666666666667,65.16666666666667,33.0,otra
2024-02-07 08:00:00,2024,2,7,NORTE2,1,1.6,37.099999999999994,9.0,60.0,18.5,otra
2024-02-07 08:00:00,2024,2,7,SUR,1,2.33625,32.45,7.75,75.375,23.5,otra
2024-02-07 08:00:00,2024,2,7,SUROESTE2,1,3.2750000000000004,29.549999999999997,8.0,75.5,26.015,otra
2024-02-08 07:00:00,2024,2,8,CENTRO,1,2.55,38.2,14.0,86.0,46.78,otra
2024-02-08 07:00:00,2024,2,8,NORESTE3,0,2.2896666666666667,30.200000000000003,7.525,76.0,30.5,otra
2024-02-08 07:00:00,2024,2,8,NOROESTE3,0,2.766666666666667,23.7,6.0,103.33333333333333,30.0,otra
2024-02-08 07:00:00,2024,2,8,NORTE2,1,1.86,36.45,8.5,115.0,35.5,otra
2024-02-08 07:00:00,2024,2,8,SUR,1,2.3925,31.775,9.5,114.0,40.666666666666664,otra
2024-02-08 07:00:00,2024,2,8,SUROESTE2,1,3.4000000000000004,35.3,7.0,110.5,42.995000000000005,otra
2024-02-08 08:00:00,2024,2,8,CENTRO,1,3.28,38.2,14.0,98.0,52.82,otra
2024-02-08 08:00:00,2024,2,8,NORESTE3,0,2.953,30.816666666666666,8.433333333333334,85.0,54.0,otra
2024-02-08 08:00:00,2024,2,8,NOROESTE3,0,3.5583333333333336,23.7,6.5,116.83333333333333,57.0,otra
2024-02-08 08:00:00,2024,2,8,NORTE2,1,2.5,40.7,8.5,132.5,31.0,otra
2024-02-08 08:00:00,2024,2,8,SUR,1,3.05,31.6375,12.5,144.125,47.5,otra
2024-02-08 08:00:00,2024,2,8,SUROESTE2,1,4.535,37.25,7.0,122.5,51.935,otra
2024-02-09 07:00:00,2024,2,9,CENTRO,1,2.12,28.2,13.0,69.0,28.73,otra
2024-02-09 07:00:00,2024,2,9,NORESTE3,0,2.04225,26.55,6.975,98.25,41.0,otra
2024-02-09 07:00:00,2024,2,9,NOROESTE3,0,2.105,17.3,6.0,57.666666666666664,21.0,otra
2024-02-09 07:00:00,2024,2,9,NORTE2,1,1.7899999999999998,30.950000000000003,,88.0,19.5,otra
2024-02-09 07:00:00,2024,2,9,SUR,1,2.26,24.55,6.875,84.125,25.5,otra
2024-02-09 07:00:00,2024,2,9,SUROESTE2,1,2.695,19.9,23.0,86.0,29.37,otra
2024-02-09 08:00:00,2024,2,9,CENTRO,1,2.44,30.6,12.0,78.0,29.3,otra
2024-02-09 08:00:00,2024,2,9,NORESTE3,0,2.90475,29.4,7.15,120.5,46.0,otra
2024-02-09 08:00:00,2024,2,9,NOROESTE3,0,2.275,12.3,6.0,63.0,,otra
2024-02-09 08:00:00,2024,2,9,NORTE2,1,2.335,30.9,12.0,84.0,21.5,otra
2024-02-09 08:00:00,2024,2,9,SUR,1,2.9675,23.0875,7.125,105.875,31.833333333333332,otra
2024-02-09 08:00:00,2024,2,9,SUROESTE2,1,3.865,28.4,9.0,89.5,34.57,otra
2024-02-10 07:00:00,2024,2,10,CENTRO,0,2.22,24.9,12.0,61.0,34.5,otra
2024-02-10 07:00:00,2024,2,10,NORESTE3,0,2.0961666666666665,24.05,6.95,69.66666666666667,32.0,otra
2024-02-10 07:00:00,2024,2,10,NOROESTE3,0,2.138333333333333,18.95,5.666666666666667,75.66666666666667,28.0,otra
2024-02-10 07:00:00,2024,2,10,NORTE2,0,1.44,30.85,8.0,96.0,25.0,otra
2024-02-10 07:00:00,2024,2,10,SUR,0,1.90375,21.1875,8.5,70.125,28.333333333333332,otra
2024-02-10 07:00:00,2024,2,10,SUROESTE2,0,2.83,25.05,8.5,73.5,33.379999999999995,otra
2024-02-10 08:00:00,2024,2,10,CENTRO,0,2.39,25.9,12.0,73.0,37.6,otra
2024-02-10 08:00:00,2024,2,10,NORESTE3,0,2.301833333333333,24.583333333333332,7.033333333333334,91.0,35.5,otra
2024-02-10 08:00:00,2024,2,10,NOROESTE3,0,2.3259999999999996,20.979999999999997,5.75,84.2,32.0,otra
2024-02-10 08:00:00,2024,2,10,NORTE2,0,2.0149999999999997,31.599999999999998,8.0,101.0,29.5,otra
2024-02-10 08:00:00,2024,2,10,SUR,0,2.37625,23.025,7.125,103.375,34.833333333333336,otra
2024-02-10 08:00:00,2024,2,10,SUROESTE2,0,3.045,25.7,7.5,95.5,39.415,otra
2024-02-11 07:00:00,2024,2,11,CENTRO,0,2.29,30.6,15.0,66.0,40.76,otra
2024-02-11 07:00:00,2024,2,11,NORESTE3,0,2.3576666666666664,23.78333333333333,11.05,81.83333333333333,36.5,otra
2024-02-11 07:00:00,2024,2,11,NOROESTE3,0,1.905,16.75,22.833333333333332,66.16666666666667,29.0,otra
2024-02-11 07:00:00,2024,2,11,NORTE2,0,1.945,29.3,12.0,99.0,29.5,otra
2024-02-11 07:00:00,2024,2,11,SUR,0,2.2025,26.675,7.375,77.75,31.155,otra
2024-02-11 07:00:00,2024,2,11,SUROESTE2,0,2.945,26.1,11.0,77.5,23.73,otra
2024-02-11 08:00:00,2024,2,11,CENTRO,0,2.11,29.1,16.0,89.0,43.24,otra
2024-02-11 08:00:00,2024,2,11,NORESTE3,0,2.4028333333333336,26.916666666666668,12.925,84.0,36.5,otra
2024-02-11 08:00:00,2024,2,11,NOROESTE3,0,1.7483333333333333,13.366666666666667,28.166666666666668,36.666666666666664,,otra
2024-02-11 08:00:00,2024,2,11,NORTE2,0,1.6300000000000001,35.95,14.0,96.5,26.5,otra
2024-02-11 08:00:00,2024,2,11,SUR,0,2.42,26.2625,8.375,101.375,34.405,otra
2024-02-11 08:00:00,2024,2,11,SUROESTE2,0,3.165,28.8,10.5,61.5,16.82,otra
2024-02-12 07:00:00,2024,2,12,CENTRO,1,1.94,20.9,12.0,68.0,11.11,otra
2024-02-12 07:00:00,2024,2,12,NORESTE3,0,1.7779999999999998,9.799999999999999,18.349999999999998,51.166666666666664,8.0,otra
2024-02-12 07:00:00,2024,2,12,NOROESTE3,0,1.7850000000000001,11.966666666666667,14.166666666666666,37.166666666666664,,otra
2024-02-12 07:00:00,2024,2,12,NORTE2,1,1.0,13.8,16.5,45.0,4.0,otra
2024-02-12 07:00:00,2024,2,12,SUR,1,1.5775000000000001,13.1625,15.375,60.625,14.85,otra
2024-02-12 07:00:00,2024,2,12,SUROESTE2,1,2.495,22.35,7.5,54.5,8.17,otra
2024-02-12 08:00:00,2024,2,12,CENTRO,1,1.98,20.0,13.0,64.0,10.39,otra
2024-02-12 08:00:00,2024,2,12,NORESTE3,0,1.8536666666666666,10.65,17.45,42.833333333333336,7.0,otra
2024-02-12 08:00:00,2024,2,12,NOROESTE3,0,1.9483333333333335,14.416666666666666,7.333333333333333,48.166666666666664,,otra
2024-02-12 08:00:00,2024,2,12,NORTE2,1,1.14,15.799999999999999,14.5,31.5,4.0,otra
2024-02-12 08:00:00,2024,2,12,SUR,1,1.75125,16.325,12.75,57.25,14.446666666666667,otra
2024-02-12 08:00:00,2024,2,12,SUROESTE2,1,2.785,21.549999999999997,8.0,66.5,11.309999999999999,otra
2024-02-13 07:00:00,2024,2,13,CENTRO,1,1.94,34.5,14.0,34.0,28.41,otra
2024-02-13 07:00:00,2024,2,13,NORESTE3,0,2.148,29.683333333333334,8.716666666666667,58.0,11.5,otra
2024-02-13 07:00:00,2024,2,13,NOROESTE3,0,1.8283333333333334,16.316666666666666,19.666666666666668,27.666666666666668,10.0,otra
2024-02-13 07:00:00,2024,2,13,NORTE2,1,1.31,37.8,9.0,63.0,15.5,otra
2024-02-13 07:00:00,2024,2,13,SUR,1,1.73,20.1375,22.0,46.875,13.513333333333334,otra
2024-02-13 07:00:00,2024,2,13,SUROESTE2,1,2.525,25.15,18.5,13.5,10.0,otra
2024-02-13 08:00:00,2024,2,13,CENTRO,1,2.17,36.3,13.0,75.0,33.17,otra
2024-02-13 08:00:00,2024,2,13,NORESTE3,0,2.401333333333333,29.433333333333334,7.3,74.0,18.5,otra
2024-02-13 08:00:00,2024,2,13,NOROESTE3,0,2.0233333333333334,17.433333333333334,17.333333333333332,40.833333333333336,22.0,otra
2024-02-13 08:00:00,2024,2,13,NORTE2,1,1.565,39.7,9.5,65.0,14.0,otra
2024-02-13 08:00:00,2024,2,13,SUR,1,1.9625,24.0375,17.25,54.5,12.373333333333335,otra
2024-02-13 08:00:00,2024,2,13,SUROESTE2,1,2.88,34.4,8.5,40.5,14.0,otra
2024-02-14 07:00:00,2024,2,14,CENTRO,1,2.16,25.2,15.0,48.0,24.21,otra
2024-02-14 07:00:00,2024,2,14,NORESTE3,0,1.9068333333333332,20.566666666666666,18.55,32.666666666666664,13.0,otra
2024-02-14 07:00:00,2024,2,14,NOROESTE3,0,2.03,18.316666666666666,8.333333333333334,44.333333333333336,16.0,otra
2024-02-14 07:00:00,2024,2,14,NORTE2,1,1.275,33.150000000000006,8.0,44.0,16.5,otra
2024-02-14 07:00:00,2024,2,14,SUR,1,1.8325,22.4125,12.125,39.375,11.32,otra
2024-02-14 07:00:00,2024,2,14,SUROESTE2,1,2.885,25.15,8.5,65.0,30.465,otra
2024-02-14 08:00:00,2024,2,14,CENTRO,1,2.43,27.4,12.0,65.0,24.95,otra
2024-02-14 08:00:00,2024,2,14,NORESTE3,0,2.0623333333333336,24.2,14.833333333333334,40.5,12.0,otra
2024-02-14 08:00:00,2024,2,14,NOROESTE3,0,2.396666666666667,19.383333333333333,6.333333333333333,51.5,20.0,otra
2024-02-14 08:00:00,2024,2,14,NORTE2,1,1.5099999999999998,31.15,9.0,62.5,14.0,otra
2024-02-14 08:00:00,2024,2,14,SUR,1,2.15125,26.4875,9.375,59.5,14.165,otra
2024-02-14 08:00:00,2024,2,14,SUROESTE2,1,3.5300000000000002,24.0,7.5,114.5,32.97,otra
2024-02-15 07:00:00,2024,2,15,CENTRO,1,2.82,33.0,13.0,110.0,51.97,otra
2024-02-15 07:00:00,2024,2,15,NORESTE3,0,2.2478333333333333,26.133333333333336,6.983333333333333,87.83333333333333,28.5,otra
2024-02-15 07:00:00,2024,2,15,NOROESTE3,0,2.7583333333333333,23.016666666666666,5.0,131.0,38.5,otra
2024-02-15 07:00:00,2024,2,15,NORTE2,1,1.7400000000000002,33.2,8.5,126.0,33.0,otra
2024-02-15 07:00:00,2024,2,15,SUR,1,2.46625,31.7375,4.5,148.75,47.333333333333336,otra
2024-02-15 07:00:00,2024,2,15,SUROESTE2,1,3.67,33.8,6.0,125.0,56.835,otra
2024-02-15 08:00:00,2024,2,15,CENTRO,1,3.1,36.4,14.0,129.0,57.42,otra
2024-02-15 08:00:00,2024,2,15,NORESTE3,0,2.757,27.46666666666667,7.05,106.16666666666667,37.5,otra
2024-02-15 08:00:00,2024,2,15,NOROESTE3,0,2.946,24.759999999999998,5.0,155.2,37.666666666666664,otra
2024-02-15 08:00:00,2024,2,15,NORTE2,1,2.1449999999999996,34.2,8.5,127.5,35.5,otra
2024-02-15 08:00:00,2024,2,15,SUR,1,2.6262499999999998,31.075000000000003,4.75,168.25,50.666666666666664,otra
2024-02-15 08:00:00,2024,2,15,SUROESTE2,1,4.195,35.2,6.0,166.0,65.78999999999999,otra
2024-02-16 07:00:00,2024,2,16,CENTRO,1,2.67,22.0,12.0,54.0,,otra
2024-02-16 07:00:00,2024,2,16,NORESTE3,0,2.0368333333333335,22.916666666666668,7.916666666666667,32.666666666666664,15.0,otra
2024-02-16 07:00:00,2024,2,16,NOROESTE3,0,1.88,12.65,14.5,22.833333333333332,8.666666666666666,otra
2024-02-16 07:00:00,2024,2,16,NORTE2,1,1.5399999999999998,26.35,11.0,48.0,20.5,otra
2024-02-16 07:00:00,2024,2,16,SUR,1,2.11375,19.5875,5.833333333333333,38.75,20.0225,otra
2024-02-16 07:00:00,2024,2,16,SUROESTE2,1,3.285,20.200000000000003,6.0,53.0,28.77,otra
2024-02-16 08:00:00,2024,2,16,CENTRO,1,2.73,25.1,12.0,59.0,,otra
2024-02-16 08:00:00,2024,2,16,NORESTE3,0,2.2491666666666665,24.266666666666666,7.55,34.0,13.5,otra
2024-02-16 08:00:00,2024,2,16,NOROESTE3,0,2.0683333333333334,16.016666666666666,10.5,21.666666666666668,6.0,otra
2024-02-16 08:00:00,2024,2,16,NORTE2,1,1.9300000000000002,26.25,11.0,58.0,29.0,otra
2024-02-16 08:00:00,2024,2,16,SUR,1,2.6675,19.1875,5.833333333333333,39.75,21.215,otra
2024-02-16 08:00:00,2024,2,16,SUROESTE2,1,3.7600000000000002,20.9,6.0,53.0,30.23,otra
2024-02-17 07:00:00,2024,2,17,NORESTE3,0,1.9204999999999999,24.566666666666666,16.433333333333334,26.5,6.0,otra
2024-02-17 07:00:00,2024,2,17,NOROESTE3,0,1.885,12.966666666666667,20.166666666666668,15.0,4.0,otra
2024-02-17 07:00:00,2024,2,17,NORTE2,0,1.115,30.6,11.0,10.5,3.0,otra
2024-02-17 07:00:00,2024,2,17,SUR,0,1.6512499999999999,19.4,22.25,14.75,4.456666666666667,otra
2024-02-17 07:00:00,2024,2,17,SUROESTE2,0,2.675,18.5,24.0,14.5,5.79,otra
2024-02-17 08:00:00,2024,2,17,NORESTE3,0,2.244,29.433333333333334,10.033333333333333,28.333333333333332,8.5,otra
2024-02-17 08:00:00,2024,2,17,NOROESTE3,0,2.0466666666666664,19.0,11.333333333333334,17.666666666666668,3.75,otra
2024-02-17 08:00:00,2024,2,17,NORTE2,0,1.23,33.35,9.5,19.5,5.5,otra
2024-02-17 08:00:00,2024,2,17,SUR,0,1.695,24.016666666666666,20.833333333333332,14.166666666666666,4.663333333333333,otra
2024-02-17 08:00:00,2024,2,17,SUROESTE2,0,2.86,23.2,17.0,14.5,7.505,otra
2024-02-18 07:00:00,2024,2,18,NORESTE3,0,1.7806666666666666,6.05,26.55,30.5,14.5,otra
2024-02-18 07:00:00,2024,2,18,NOROESTE3,0,1.6016666666666666,4.016666666666667,23.666666666666668,23.0,5.5,otra
2024-02-18 07:00:00,2024,2,18,NORTE2,0,0.865,11.05,25.0,20.5,6.5,otra
2024-02-18 07:00:00,2024,2,18,SUR,0,1.5275,7.4375,25.666666666666668,22.0,6.2325,otra
2024-02-18 07:00:00,2024,2,18,SUROESTE2,0,2.455,8.9,25.0,22.5,11.825,otra
2024-02-18 08:00:00,2024,2,18,NORESTE3,0,1.7915,6.783333333333334,27.666666666666668,24.333333333333332,17.5,otra
2024-02-18 08:00:00,2024,2,18,NOROESTE3,0,1.625,4.333333333333333,24.166666666666668,21.666666666666668,4.5,otra
2024-02-18 08:00:00,2024,2,18,NORTE2,0,0.885,12.25,27.0,19.0,4.0,otra
2024-02-18 08:00:00,2024,2,18,SUR,0,1.5575,8.125,23.5,24.75,9.193333333333333,otra
2024-02-18 08:00:00,2024,2,18,SUROESTE2,0,2.485,11.600000000000001,22.5,25.5,8.885,otra
2024-02-19 07:00:00,2024,2,19,CENTRO,1,1.86,17.3,13.0,72.0,,otra
2024-02-19 07:00:00,2024,2,19,NORESTE3,0,2.7005,18.766666666666666,5.025,84.66666666666667,33.0,otra
2024-02-19 07:00:00,2024,2,19,NOROESTE3,0,2.5683333333333334,13.899999999999999,,73.16666666666667,29.25,otra
2024-02-19 07:00:00,2024,2,19,NORTE2,1,1.745,25.35,,108.0,31.5,otra
2024-02-19 07:00:00,2024,2,19,SUR,1,2.59875,15.5625,6.0,103.75,42.03333333333333,otra
2024-02-19 07:00:00,2024,2,19,SUROESTE2,1,3.555,20.2,6.0,77.5,64.2,otra
2024-02-19 08:00:00,2024,2,19,CENTRO,1,2.6,18.0,,82.0,,otra
2024-02-19 08:00:00,2024,2,19,NORESTE3,0,3.5991666666666666,22.45,5.3,114.16666666666667,43.5,otra
2024-02-19 08:00:00,2024,2,19,NOROESTE3,0,2.8200000000000003,14.5,6.0,94.16666666666667,34.25,otra
2024-02-19 08:00:00,2024,2,19,NORTE2,1,2.425,25.0,13.0,105.0,30.5,otra
2024-02-19 08:00:00,2024,2,19,SUR,1,3.35125,16.2875,5.75,158.875,38.1175,otra
2024-02-19 08:00:00,2024,2,19,SUROESTE2,1,4.9350000000000005,23.25,7.5,122.0,96.2,otra
2024-02-20 07:00:00,2024,2,20,CENTRO,1,2.06,30.1,13.0,58.0,,otra
2024-02-20 07:00:00,2024,2,20,NORESTE3,0,2.7159999999999997,23.766666666666666,6.65,124.83333333333333,42.5,otra
2024-02-20 07:00:00,2024,2,20,NOROESTE3,0,2.0933333333333333,22.46666666666667,5.0,68.83333333333333,21.25,otra
2024-02-20 07:00:00,2024,2,20,NORTE2,1,1.925,30.849999999999998,12.0,101.5,32.0,otra
2024-02-20 07:00:00,2024,2,20,SUR,1,2.6325,27.4875,6.375,123.625,31.8775,otra
2024-02-20 07:00:00,2024,2,20,SUROESTE2,1,3.34,27.55,11.5,52.0,23.335,otra
2024-02-20 08:00:00,2024,2,20,CENTRO,1,2.91,32.0,12.0,62.0,,otra
2024-02-20 08:00:00,2024,2,20,NORESTE3,0,3.528333333333333,26.7,8.625,150.83333333333334,47.0,otra
2024-02-20 08:00:00,2024,2,20,NOROESTE3,0,2.2583333333333333,22.883333333333336,6.6,83.5,19.25,otra
2024-02-20 08:00:00,2024,2,20,NORTE2,1,3.1900000000000004,34.05,13.0,146.0,44.5,otra
2024-02-20 08:00:00,2024,2,20,SUR,1,3.51625,28.237499999999997,6.625,187.25,40.81,otra
2024-02-20 08:00:00,2024,2,20,SUROESTE2,1,4.87,32.85,9.0,97.5,28.62,otra
2024-02-21 07:00:00,2024,2,21,CENTRO,1,2.28,27.0,,85.0,,otra
2024-02-21 07:00:00,2024,2,21,NORESTE3,0,1.78825,22.35,7.05,85.25,32.0,otra
2024-02-21 07:00:00,2024,2,21,NOROESTE3,0,2.2600000000000002,15.799999999999999,5.0,77.66666666666667,16.0,otra
2024-02-21 07:00:00,2024,2,21,NORTE2,1,1.7850000000000001,25.2,,133.0,43.0,otra
2024-02-21 07:00:00,2024,2,21,SUR,1,2.19375,20.125,11.5,94.5,28.655,otra
2024-02-21 07:00:00,2024,2,21,SUROESTE2,1,3.3049999999999997,27.45,13.0,83.0,25.355,otra
2024-02-21 08:00:00,2024,2,21,CENTRO,1,2.56,31.1,12.0,84.0,,otra
2024-02-21 08:00:00,2024,2,21,NORESTE3,0,2.28625,23.55,3.9,136.25,43.0,otra
2024-02-21 08:00:00,2024,2,21,NOROESTE3,0,2.5233333333333334,17.983333333333334,5.5,92.0,19.25,otra
2024-02-21 08:00:00,2024,2,21,NORTE2,1,2.42,27.4,12.0,140.5,31.5,otra
2024-02-21 08:00:00,2024,2,21,SUR,1,2.84875,21.5375,11.666666666666666,110.875,29.1075,otra
2024-02-21 08:00:00,2024,2,21,SUROESTE2,1,5.02,36.05,8.5,91.5,33.885000000000005,otra
2024-02-22 07:00:00,2024,2,22,CENTRO,1,2.28,30.9,12.0,71.0,,otra
2024-02-22 07:00:00,2024,2,22,NORESTE3,0,2.2790000000000004,22.483333333333334,7.083333333333333,76.66666666666667,27.0,otra
2024-02-22 07:00:00,2024,2,22,NOROESTE3,0,2.5033333333333334,18.783333333333335,18.25,78.83333333333333,23.0,otra
2024-02-22 07:00:00,2024,2,22,NORTE2,1,1.875,28.5,8.0,92.5,31.5,otra
2024-02-22 07:00:00,2024,2,22,SUR,1,2.1275,19.1125,7.5,67.75,31.0,otra
2024-02-22 07:00:00,2024,2,22,SUROESTE2,1,3.145,31.95,16.0,105.5,23.884999999999998,otra
2024-02-22 08:00:00,2024,2,22,CENTRO,1,2.97,31.1,13.0,85.0,,otra
2024-02-22 08:00:00,2024,2,22,NORESTE3,0,2.4773333333333336,23.75,7.2250000000000005,82.0,30.0,otra
2024-02-22 08:00:00,2024,2,22,NOROESTE3,0,2.5433333333333334,17.383333333333333,21.0,91.0,23.25,otra
2024-02-22 08:00:00,2024,2,22,NORTE2,1,2.385,28.799999999999997,11.0,133.5,34.0,otra
2024-02-22 08:00:00,2024,2,22,SUR,1,2.8475,21.4875,6.5,97.375,30.5,otra
2024-02-22 08:00:00,2024,2,22,SUROESTE2,1,4.225,39.4,10.0,94.0,30.115,otra
2024-02-23 07:00:00,2024,2,23,CENTRO,1,3.12,31.0,13.0,74.0,,otra
2024-02-23 07:00:00,2024,2,23,NORESTE3,0,2.0606666666666666,27.650000000000002,7.833333333333333,112.5,29.0,otra
2024-02-23 07:00:00,2024,2,23,NOROESTE3,0,2.27,21.2,5.666666666666667,109.66666666666667,23.5,otra
2024-02-23 07:00:00,2024,2,23,NORTE2,1,1.585,36.95,7.5,131.0,31.5,otra
2024-02-23 07:00:00,2024,2,23,SUR,1,2.0,27.85,8.5,103.705,32.475,otra
2024-02-23 07:00:00,2024,2,23,SUROESTE2,1,3.08,26.55,13.0,84.0,21.59,otra
2024-02-23 08:00:00,2024,2,23,CENTRO,1,3.37,36.8,10.0,136.0,,otra
2024-02-23 08:00:00,2024,2,23,NORESTE3,0,2.1108333333333333,24.833333333333332,13.933333333333332,121.16666666666667,27.0,otra
2024-02-23 08:00:00,2024,2,23,NOROESTE3,0,2.4916666666666667,21.45,6.4,126.33333333333333,28.5,otra
2024-02-23 08:00:00,2024,2,23,NORTE2,1,1.545,29.900000000000002,14.0,152.5,21.5,otra
2024-02-23 08:00:00,2024,2,23,SUR,1,2.1725000000000003,30.2,9.0,110.5725,30.075,otra
2024-02-23 08:00:00,2024,2,23,SUROESTE2,1,3.53,32.15,9.0,89.0,29.02,otra
2024-02-24 07:00:00,2024,2,24,CENTRO,0,2.16,30.8,21.0,64.0,,otra
2024-02-24 07:00:00,2024,2,24,NORESTE3,0,2.094,29.666666666666668,11.216666666666667,74.16666666666667,25.0,otra
2024-02-24 07:00:00,2024,2,24,NOROESTE3,0,1.9166666666666667,22.066666666666666,14.666666666666666,59.666666666666664,12.0,otra
2024-02-24 07:00:00,2024,2,24,NORTE2,0,1.2499999999999998,43.849999999999994,9.5,68.0,16.5,otra
2024-02-24 07:00:00,2024,2,24,SUR,0,1.81375,27.975,15.125,72.625,19.5,otra
2024-02-24 07:00:00,2024,2,24,SUROESTE2,0,3.045,30.6,17.0,65.5,21.23,otra
2024-02-24 08:00:00,2024,2,24,CENTRO,0,2.21,31.7,21.0,65.0,,otra
2024-02-24 08:00:00,2024,2,24,NORESTE3,0,2.1971666666666665,31.400000000000002,12.983333333333334,81.83333333333333,25.5,otra
2024-02-24 08:00:00,2024,2,24,NOROESTE3,0,2.0866666666666664,21.183333333333334,19.0,70.33333333333333,15.75,otra
2024-02-24 08:00:00,2024,2,24,NORTE2,0,1.595,44.900000000000006,9.5,81.5,19.0,otra
2024-02-24 08:00:00,2024,2,24,SUR,0,2.23,32.175,10.25,86.625,26.625,otra
2024-02-24 08:00:00,2024,2,24,SUROESTE2,0,3.0300000000000002,31.5,17.0,52.0,22.415,otra
2024-02-25 07:00:00,2024,2,25,CENTRO,0,2.28,24.4,12.0,63.0,28.0,otra
2024-02-25 07:00:00,2024,2,25,NORESTE3,0,2.053666666666667,24.75,9.85,52.166666666666664,22.5,otra
2024-02-25 07:00:00,2024,2,25,NOROESTE3,0,1.9349999999999998,14.183333333333332,12.0,60.166666666666664,18.0,otra
2024-02-25 07:00:00,2024,2,25,NORTE2,0,1.35,33.05,9.0,61.0,19.5,otra
2024-02-25 07:00:00,2024,2,25,SUR,0,2.19125,23.35,7.25,84.0,28.625,otra
2024-02-25 07:00:00,2024,2,25,SUROESTE2,0,2.9749999999999996,20.9,13.5,59.0,22.5,otra
2024-02-25 08:00:00,2024,2,25,CENTRO,0,2.26,22.3,15.0,59.0,25.0,otra
2024-02-25 08:00:00,2024,2,25,NORESTE3,0,2.065166666666667,22.366666666666664,14.433333333333332,71.33333333333333,25.0,otra
2024-02-25 08:00:00,2024,2,25,NOROESTE3,0,1.9516666666666669,14.200000000000001,12.833333333333334,58.5,17.333333333333332,otra
2024-02-25 08:00:00,2024,2,25,NORTE2,0,1.4500000000000002,27.9,10.0,71.0,21.5,otra
2024-02-25 08:00:00,2024,2,25,SUR,0,2.08125,24.125,10.125,84.375,32.0,otra
2024-02-25 08:00:00,2024,2,25,SUROESTE2,0,3.165,19.5,17.0,53.5,24.185,otra
2024-02-26 07:00:00,2024,2,26,CENTRO,1,2.34,34.0,10.0,88.0,26.0,otra
2024-02-26 07:00:00,2024,2,26,NORESTE3,0,2.5071666666666665,26.683333333333334,7.066666666666666,126.5,40.0,otra
2024-02-26 07:00:00,2024,2,26,NOROESTE3,0,2.2399999999999998,31.549999999999997,7.5,83.5,37.0,otra
2024-02-26 07:00:00,2024,2,26,NORTE2,1,1.8399999999999999,36.6,12.0,125.0,33.0,otra
2024-02-26 07:00:00,2024,2,26,SUR,1,2.39875,25.7625,5.75,100.75,31.375,otra
2024-02-26 07:00:00,2024,2,26,SUROESTE2,1,3.505,30.549999999999997,15.0,57.5,20.564999999999998,otra
2024-02-26 08:00:00,2024,2,26,CENTRO,1,3.09,36.3,10.0,148.0,29.0,otra
2024-02-26 08:00:00,2024,2,26,NORESTE3,0,2.829333333333333,28.75,9.85,156.83333333333334,45.5,otra
2024-02-26 08:00:00,2024,2,26,NOROESTE3,0,2.34,27.2,10.0,78.8,27.333333333333332,otra
2024-02-26 08:00:00,2024,2,26,NORTE2,1,2.76,41.15,12.0,134.0,37.0,otra
2024-02-26 08:00:00,2024,2,26,SUR,1,3.155,29.125,6.375,139.875,37.75,otra
2024-02-26 08:00:00,2024,2,26,SUROESTE2,1,5.095000000000001,40.95,9.0,94.5,78.78,otra
2024-02-27 07:00:00,2024,2,27,CENTRO,1,2.5,39.4,12.0,102.0,28.0,otra
2024-02-27 07:00:00,2024,2,27,NORESTE3,0,2.3851666666666667,30.11666666666667,7.925,148.0,40.5,otra
2024-02-27 07:00:00,2024,2,27,NOROESTE3,0,2.1266666666666665,27.25,19.666666666666668,88.0,19.5,otra
2024-02-27 07:00:00,2024,2,27,NORTE2,1,2.085,45.650000000000006,12.0,144.5,39.5,otra
2024-02-27 07:00:00,2024,2,27,SUR,1,2.21125,31.725,7.25,99.625,29.125,otra
2024-02-27 07:00:00,2024,2,27,SUROESTE2,1,3.455,36.9,22.0,64.0,20.585,otra
2024-02-27 08:00:00,2024,2,27,CENTRO,1,2.49,41.2,15.0,111.0,25.0,otra
2024-02-27 08:00:00,2024,2,27,NORESTE3,0,3.236333333333333,35.01666666666667,9.183333333333334,191.0,43.0,otra
2024-02-27 08:00:00,2024,2,27,NOROESTE3,0,2.2883333333333336,28.883333333333336,18.5,100.33333333333333,17.666666666666668,otra
2024-02-27 08:00:00,2024,2,27,NORTE2,1,2.685,52.7,9.5,192.5,30.5,otra
2024-02-27 08:00:00,2024,2,27,SUR,1,2.91,31.65,10.25,139.875,34.5,otra
2024-02-27 08:00:00,2024,2,27,SUROESTE2,1,3.75,33.95,26.0,105.5,23.17,otra
2024-02-28 07:00:00,2024,2,28,CENTRO,1,2.48,41.2,9.0,174.0,38.0,otra
2024-02-28 07:00:00,2024,2,28,NORESTE3,0,2.3640000000000003,30.7,16.95,124.0,23.5,otra
2024-02-28 07:00:00,2024,2,28,NOROESTE3,0,2.025,24.150000000000002,12.333333333333334,69.83333333333333,7.0,otra
2024-02-28 07:00:00,2024,2,28,NORTE2,1,1.4,45.9,10.0,96.5,17.0,otra
2024-02-28 07:00:00,2024,2,28,SUR,1,2.24375,43.475,9.625,129.0,36.875,otra
2024-02-28 07:00:00,2024,2,28,SUROESTE2,1,3.2800000000000002,33.25,48.0,82.5,25.15,otra
2024-02-28 08:00:00,2024,2,28,CENTRO,1,3.07,44.4,10.0,224.0,40.0,otra
2024-02-28 08:00:00,2024,2,28,NORESTE3,0,2.5193333333333334,28.616666666666664,22.0,140.83333333333334,27.0,otra
2024-02-28 08:00:00,2024,2,28,NOROESTE3,0,2.033333333333333,23.733333333333334,14.666666666666666,81.33333333333333,14.75,otra
2024-02-28 08:00:00,2024,2,28,NORTE2,1,1.7249999999999999,48.650000000000006,9.5,102.0,20.5,otra
2024-02-28 08:00:00,2024,2,28,SUR,1,2.325,41.85,13.375,139.0,31.375,otra
2024-02-28 08:00:00,2024,2,28,SUROESTE2,1,4.0649999999999995,39.7,25.5,90.5,28.58,otra
2024-02-29 07:00:00,2024,2,29,CENTRO,1,1.99,18.6,26.0,72.0,23.0,otra
2024-02-29 07:00:00,2024,2,29,NORESTE3,0,1.9683333333333335,12.72,27.316666666666666,50.666666666666664,12.5,otra
2024-02-29 07:00:00,2024,2,29,NOROESTE3,0,1.8399999999999999,13.583333333333334,20.166666666666668,56.333333333333336,14.5,otra
2024-02-29 07:00:00,2024,2,29,NORTE2,1,0.975,22.25,22.5,51.5,10.0,otra
2024-02-29 07:00:00,2024,2,29,SUR,1,1.78125,14.15,30.625,78.375,28.0,otra
2024-02-29 07:00:00,2024,2,29,SUROESTE2,1,2.965,14.3,31.5,61.0,26.83,otra
2024-02-29 08:00:00,2024,2,29,CENTRO,1,2.09,20.8,27.0,107.0,39.0,otra
2024-02-29 08:00:00,2024,2,29,NORESTE3,0,2.1291666666666664,16.34,25.516666666666666,59.666666666666664,15.5,otra
2024-02-29 08:00:00,2024,2,29,NOROESTE3,0,1.9116666666666668,15.35,16.666666666666668,56.0,8.25,otra
2024-02-29 08:00:00,2024,2,29,NORTE2,1,1.175,26.75,18.5,56.5,10.5,otra
2024-02-29 08:00:00,2024,2,29,SUR,1,1.86,16.6125,28.125,72.625,19.0,otra
2024-02-29 08:00:00,2024,2,29,SUROESTE2,1,3.2350000000000003,23.9,20.0,62.5,26.33,otra
2024-03-01 07:00:00,2024,3,1,CENTRO,1,2.31,31.2,9.0,106.0,33.0,otra
2024-03-01 07:00:00,2024,3,1,NORESTE3,0,2.3181666666666665,22.883333333333336,7.033333333333334,86.66666666666667,31.0,otra
2024-03-01 07:00:00,2024,3,1,NOROESTE3,0,2.4266666666666667,20.8,5.6,87.83333333333333,28.0,otra
2024-03-01 07:00:00,2024,3,1,NORTE2,1,1.435,38.05,9.0,110.0,29.5,otra
2024-03-01 07:00:00,2024,3,1,SUR,1,2.10875,22.55,8.125,70.125,26.0,otra
2024-03-01 07:00:00,2024,3,1,SUROESTE2,1,3.7550000000000003,33.05,6.0,125.0,30.0,otra
2024-03-01 08:00:00,2024,3,1,CENTRO,1,2.48,31.5,10.0,154.0,37.0,otra
2024-03-01 08:00:00,2024,3,1,NORESTE3,0,2.510333333333333,24.46666666666667,6.975,115.5,32.0,otra
2024-03-01 08:00:00,2024,3,1,NOROESTE3,0,2.8166666666666664,22.03333333333333,6.0,105.66666666666667,30.0,otra
2024-03-01 08:00:00,2024,3,1,NORTE2,1,1.705,36.150000000000006,9.5,152.5,36.0,otra
2024-03-01 08:00:00,2024,3,1,SUR,1,2.485,25.0125,7.5,109.75,30.0,otra
2024-03-01 08:00:00,2024,3,1,SUROESTE2,1,4.015000000000001,30.650000000000002,8.0,162.0,32.0,otra
2024-03-02 07:00:00,2024,3,2,CENTRO,0,2.5,33.7,9.0,116.0,40.0,otra
2024-03-02 07:00:00,2024,3,2,NORESTE3,0,2.229833333333333,25.78333333333333,7.566666666666666,71.66666666666667,29.0,otra
2024-03-02 07:00:00,2024,3,2,NOROESTE3,0,2.191666666666667,22.616666666666664,9.166666666666666,81.16666666666667,25.0,otra
2024-03-02 07:00:00,2024,3,2,NORTE2,0,1.3599999999999999,34.0,8.5,88.0,21.5,otra
2024-03-02 07:00:00,2024,3,2,SUR,0,2.0425,28.8875,6.125,71.125,27.0,otra
2024-03-02 07:00:00,2024,3,2,SUROESTE2,0,3.8200000000000003,42.25,9.0,145.0,53.605,otra
2024-03-02 08:00:00,2024,3,2,CENTRO,0,2.81,34.9,10.0,131.0,43.0,otra
2024-03-02 08:00:00,2024,3,2,NORESTE3,0,2.6446666666666667,26.833333333333332,8.733333333333333,106.33333333333333,42.5,otra
2024-03-02 08:00:00,2024,3,2,NOROESTE3,0,2.255,24.083333333333332,9.833333333333334,95.5,22.333333333333332,otra
2024-03-02 08:00:00,2024,3,2,NORTE2,0,2.105,37.5,9.0,131.0,35.5,otra
2024-03-02 08:00:00,2024,3,2,SUR,0,2.35375,32.0125,8.25,96.25,31.25,otra
2024-03-02 08:00:00,2024,3,2,SUROESTE2,0,4.275,38.85,13.0,134.0,35.29,otra
2024-03-03 07:00:00,2024,3,3,CENTRO,0,2.43,18.9,10.0,78.0,42.0,otra
2024-03-03 07:00:00,2024,3,3,NORESTE3,0,1.8838333333333332,9.9,21.666666666666668,47.333333333333336,27.5,otra
2024-03-03 07:00:00,2024,3,3,NOROESTE3,0,2.1216666666666666,14.133333333333333,8.333333333333334,77.66666666666667,24.25,otra
2024-03-03 07:00:00,2024,3,3,NORTE2,0,1.605,24.200000000000003,9.5,69.5,30.5,otra
2024-03-03 07:00:00,2024,3,3,SUR,0,1.84625,14.7625,12.25,65.75,31.625,otra
2024-03-03 07:00:00,2024,3,3,SUROESTE2,0,3.3200000000000003,25.0,15.5,68.0,18.0,otra
2024-03-03 08:00:00,2024,3,3,CENTRO,0,2.47,23.4,9.0,81.0,40.0,otra
2024-03-03 08:00:00,2024,3,3,NORESTE3,0,1.9703333333333335,12.266666666666666,19.583333333333332,53.0,29.5,otra
2024-03-03 08:00:00,2024,3,3,NOROESTE3,0,2.195,14.350000000000001,9.333333333333334,82.83333333333333,24.25,otra
2024-03-03 08:00:00,2024,3,3,NORTE2,0,1.48,23.799999999999997,8.0,82.5,32.0,otra
2024-03-03 08:00:00,2024,3,3,SUR,0,1.9475,17.175,11.375,71.625,31.25,otra
2024-03-03 08:00:00,2024,3,3,SUROESTE2,0,3.455,25.099999999999998,19.0,65.0,15.0,otra
2024-03-04 07:00:00,2024,3,4,CENTRO,1,2.42,29.8,10.0,101.0,41.0,otra
2024-03-04 07:00:00,2024,3,4,NORESTE3,0,2.034666666666667,15.016666666666666,11.516666666666666,50.666666666666664,27.5,otra
2024-03-04 07:00:00,2024,3,4,NOROESTE3,0,2.265,13.266666666666667,6.166666666666667,99.66666666666667,30.75,otra
2024-03-04 07:00:00,2024,3,4,NORTE2,1,1.405,20.85,8.0,75.0,28.0,otra
2024-03-04 07:00:00,2024,3,4,SUR,1,1.88625,12.95,11.75,57.75,27.875,otra
2024-03-04 07:00:00,2024,3,4,SUROESTE2,1,3.6100000000000003,28.65,12.0,78.0,22.0,otra
2024-03-04 08:00:00,2024,3,4,CENTRO,1,2.64,31.8,10.0,125.0,43.0,otra
2024-03-04 08:00:00,2024,3,4,NORESTE3,0,2.3325,17.383333333333333,10.866666666666667,68.66666666666667,32.0,otra
2024-03-04 08:00:00,2024,3,4,NOROESTE3,0,2.4133333333333336,13.85,7.0,117.16666666666667,34.5,otra
2024-03-04 08:00:00,2024,3,4,NORTE2,1,1.73,22.85,8.0,104.5,38.0,otra
2024-03-04 08:00:00,2024,3,4,SUR,1,2.31625,17.4875,10.25,77.125,29.125,otra
2024-03-04 08:00:00,2024,3,4,SUROESTE2,1,4.2700000000000005,36.2,7.5,96.5,44.0,otra
2024-03-05 07:00:00,2024,3,5,CENTRO,1,2.51,28.0,9.0,185.0,53.0,otra
2024-03-05 07:00:00,2024,3,5,NORESTE3,0,2.3315,19.833333333333332,7.016666666666667,88.5,39.5,otra
2024-03-05 07:00:00,2024,3,5,NOROESTE3,0,2.2916666666666665,14.566666666666668,5.75,82.0,29.0775,otra
2024-03-05 07:00:00,2024,3,5,NORTE2,1,1.3699999999999999,24.799999999999997,7.5,112.0,37.0,otra
2024-03-05 07:00:00,2024,3,5,SUR,1,2.02125,18.8875,6.125,80.75,36.625,otra
2024-03-05 07:00:00,2024,3,5,SUROESTE2,1,3.705,30.55,7.5,122.5,20.0,otra
2024-03-05 08:00:00,2024,3,5,CENTRO,1,2.69,30.2,10.0,159.0,44.0,otra
2024-03-05 08:00:00,2024,3,5,NORESTE3,0,2.585833333333333,20.133333333333333,7.816666666666666,112.83333333333333,40.0,otra
2024-03-05 08:00:00,2024,3,5,NOROESTE3,0,2.35,15.700000000000001,6.833333333333333,85.66666666666667,28.805,otra
2024-03-05 08:00:00,2024,3,5,NORTE2,1,1.735,25.049999999999997,12.0,125.0,28.0,otra
2024-03-05 08:00:00,2024,3,5,SUR,1,2.23375,22.7125,7.25,112.25,47.25,otra
2024-03-05 08:00:00,2024,3,5,SUROESTE2,1,4.34,35.35,8.0,120.5,27.0,otra
2024-03-06 07:00:00,2024,3,6,CENTRO,1,2.44,23.9,9.0,111.0,58.0,otra
2024-03-06 07:00:00,2024,3,6,NORESTE3,0,2.0501666666666667,14.733333333333334,12.416666666666666,66.66666666666667,39.5,otra
2024-03-06 07:00:00,2024,3,6,NOROESTE3,0,2.0866666666666664,12.783333333333333,10.333333333333334,77.33333333333333,37.75,otra
2024-03-06 07:00:00,2024,3,6,NORTE2,1,1.28,21.1,12.5,84.5,34.5,otra
2024-03-06 07:00:00,2024,3,6,SUR,1,1.7375,11.7,13.375,73.625,39.625,otra
2024-03-06 07:00:00,2024,3,6,SUROESTE2,1,3.7249999999999996,24.8,9.0,88.5,35.0,otra
2024-03-06 08:00:00,2024,3,6,CENTRO,1,2.67,23.8,10.0,118.0,61.0,otra
2024-03-06 08:00:00,2024,3,6,NORESTE3,0,2.0345,15.649999999999999,13.666666666666666,75.0,42.5,otra
2024-03-06 08:00:00,2024,3,6,NOROESTE3,0,2.125,12.666666666666666,10.5,87.5,42.0,otra
2024-03-06 08:00:00,2024,3,6,NORTE2,1,1.48,23.5,10.5,94.5,34.5,otra
2024-03-06 08:00:00,2024,3,6,SUR,1,1.8525,14.225,10.625,81.75,40.875,otra
2024-03-06 08:00:00,2024,3,6,SUROESTE2,1,4.145,28.8,10.0,103.5,34.0,otra
2024-03-07 07:00:00,2024,3,7,CENTRO,1,1.94,13.1,14.0,65.0,33.0,otra
2024-03-07 07:00:00,2024,3,7,NORESTE3,0,2.0166666666666666,12.4,14.4,60.333333333333336,33.5,otra
2024-03-07 07:00:00,2024,3,7,NOROESTE3,0,2.05,10.899999999999999,9.0,58.0,27.0,otra
2024-03-07 07:00:00,2024,3,7,NORTE2,1,1.145,15.15,13.5,62.5,27.5,otra
2024-03-07 07:00:00,2024,3,7,SUR,1,1.68,8.1375,17.375,59.5,29.375,otra
2024-03-07 07:00:00,2024,3,7,SUROESTE2,1,3.785,19.799999999999997,11.0,61.0,22.0,otra
2024-03-07 08:00:00,2024,3,7,CENTRO,1,2.16,18.4,10.0,71.0,34.0,otra
2024-03-07 08:00:00,2024,3,7,NORESTE3,0,2.254166666666667,13.616666666666667,14.366666666666667,69.83333333333333,37.0,otra
2024-03-07 08:00:00,2024,3,7,NOROESTE3,0,2.1466666666666665,11.866666666666667,8.333333333333334,69.0,29.666666666666668,otra
2024-03-07 08:00:00,2024,3,7,NORTE2,1,1.3299999999999998,18.35,11.0,66.5,27.5,otra
2024-03-07 08:00:00,2024,3,7,SUR,1,1.795,11.15,14.875,67.375,30.125,otra
2024-03-07 08:00:00,2024,3,7,SUROESTE2,1,4.140000000000001,24.75,9.5,81.5,20.0,otra
2024-03-08 07:00:00,2024,3,8,CENTRO,1,2.89,32.1,9.0,123.0,54.0,otra
2024-03-08 07:00:00,2024,3,8,NORESTE3,0,1.57975,20.25,6.675,94.75,42.0,otra
2024-03-08 07:00:00,2024,3,8,NOROESTE3,0,2.308333333333333,19.416666666666668,24.0,141.16666666666666,31.0,otra
2024-03-08 07:00:00,2024,3,8,NORTE2,1,1.5950000000000002,35.5,,146.0,43.0,otra
2024-03-08 07:00:00,2024,3,8,SUR,1,2.2275,24.6125,6.25,90.0,38.625,otra
2024-03-08 07:00:00,2024,3,8,SUROESTE2,1,4.055,33.9,9.0,118.0,,otra
2024-03-08 08:00:00,2024,3,8,CENTRO,1,3.17,33.6,10.0,134.0,50.0,otra
2024-03-08 08:00:00,2024,3,8,NORESTE3,0,2.5726666666666667,21.316666666666666,9.5,122.33333333333333,50.5,otra
2024-03-08 08:00:00,2024,3,8,NOROESTE3,0,2.473333333333333,19.333333333333332,25.75,166.5,30.75,otra
2024-03-08 08:00:00,2024,3,8,NORTE2,1,2.2,35.150000000000006,,166.0,48.5,otra
2024-03-08 08:00:00,2024,3,8,SUR,1,2.8137499999999998,27.775,6.375,118.375,44.125,otra
2024-03-08 08:00:00,2024,3,8,SUROESTE2,1,4.0600000000000005,28.650000000000002,16.5,119.0,,otra
2024-03-09 07:00:00,2024,3,9,CENTRO,0,2.18,10.5,32.0,63.0,11.0,otra
2024-03-09 07:00:00,2024,3,9,NORESTE3,0,1.8490000000000002,8.4,26.8,83.5,11.0,otra
2024-03-09 07:00:00,2024,3,9,NOROESTE3,0,1.7299999999999998,5.883333333333333,32.5,68.5,4.5,otra
2024-03-09 07:00:00,2024,3,9,NORTE2,0,0.8949999999999999,16.05,25.0,53.0,6.5,otra
2024-03-09 07:00:00,2024,3,9,SUR,0,1.60125,11.8375,26.5,76.375,11.666666666666666,otra
2024-03-09 07:00:00,2024,3,9,SUROESTE2,0,3.2150000000000003,12.399999999999999,30.5,73.0,5.0,otra
2024-03-09 08:00:00,2024,3,9,CENTRO,0,2.4,14.2,28.0,39.0,10.0,otra
2024-03-09 08:00:00,2024,3,9,NORESTE3,0,1.8576666666666666,9.783333333333333,22.650000000000002,51.666666666666664,7.5,otra
2024-03-09 08:00:00,2024,3,9,NOROESTE3,0,1.7633333333333334,7.199999999999999,28.666666666666668,50.333333333333336,5.0,otra
2024-03-09 08:00:00,2024,3,9,NORTE2,0,1.045,15.799999999999999,22.5,51.0,5.0,otra
2024-03-09 08:00:00,2024,3,9,SUR,0,1.6537499999999998,12.825000000000001,22.75,62.75,9.666666666666666,otra
2024-03-09 08:00:00,2024,3,9,SUROESTE2,0,3.2899999999999996,13.7,27.0,66.0,5.0,otra
2024-03-10 07:00:00,2024,3,10,CENTRO,0,2.18,4.9,43.0,15.0,4.0,otra
2024-03-10 07:00:00,2024,3,10,NORESTE3,0,1.8961666666666666,9.166666666666666,32.78333333333333,21.833333333333332,5.0,otra
2024-03-10 07:00:00,2024,3,10,NOROESTE3,0,1.8183333333333334,4.720000000000001,35.5,33.833333333333336,2.75,otra
2024-03-10 07:00:00,2024,3,10,NORTE2,0,0.82,12.049999999999999,35.5,10.5,3.5,otra
2024-03-10 07:00:00,2024,3,10,SUR,0,1.6225,10.225000000000001,34.75,24.5,9.666666666666666,otra
2024-03-10 07:00:00,2024,3,10,SUROESTE2,0,3.13,4.9,42.5,15.5,5.0,otra
2024-03-10 08:00:00,2024,3,10,CENTRO,0,2.2,5.7,43.0,16.0,4.0,otra
2024-03-10 08:00:00,2024,3,10,NORESTE3,0,1.8861666666666668,10.583333333333334,31.733333333333334,24.666666666666668,4.5,otra
2024-03-10 08:00:00,2024,3,10,NOROESTE3,0,1.8150000000000002,5.279999999999999,35.0,27.166666666666668,3.0,otra
2024-03-10 08:00:00,2024,3,10,NORTE2,0,0.83,11.25,34.5,17.0,4.0,otra
2024-03-10 08:00:00,2024,3,10,SUR,0,1.6425,9.8375,34.625,26.25,5.333333333333333,otra
2024-03-10 08:00:00,2024,3,10,SUROESTE2,0,3.1399999999999997,5.5,43.0,22.5,2.0,otra
2024-03-11 07:00:00,2024,3,11,CENTRO,1,2.43,25.3,13.0,61.0,18.0,otra
2024-03-11 07:00:00,2024,3,11,NORESTE3,0,2.0588333333333333,24.28333333333333,10.766666666666666,45.0,14.5,otra
2024-03-11 07:00:00,2024,3,11,NOROESTE3,0,2.1750000000000003,16.566666666666666,10.666666666666666,66.83333333333333,13.75,otra
2024-03-11 07:00:00,2024,3,11,NORTE2,1,1.15,28.0,11.5,31.0,14.0,otra
2024-03-11 07:00:00,2024,3,11,SUR,1,1.855,18.8375,16.125,38.25,11.125,otra
2024-03-11 07:00:00,2024,3,11,SUROESTE2,1,3.7600000000000002,27.45,12.0,35.0,11.0,otra
2024-03-11 08:00:00,2024,3,11,CENTRO,1,2.58,26.5,13.0,71.0,20.0,otra
2024-03-11 08:00:00,2024,3,11,NORESTE3,0,2.299,23.933333333333337,13.433333333333332,54.5,13.5,otra
2024-03-11 08:00:00,2024,3,11,NOROESTE3,0,2.3333333333333335,18.233333333333334,9.666666666666666,72.83333333333333,25.0,otra
2024-03-11 08:00:00,2024,3,11,NORTE2,1,1.5,31.65,10.0,57.0,14.0,otra
2024-03-11 08:00:00,2024,3,11,SUR,1,2.13625,23.3,14.125,46.75,12.625,otra
2024-03-11 08:00:00,2024,3,11,SUROESTE2,1,4.105,30.75,9.0,65.0,13.0,otra
2024-03-12 07:00:00,2024,3,12,CENTRO,1,2.48,19.2,16.0,50.0,19.0,otra
2024-03-12 07:00:00,2024,3,12,NORESTE3,0,1.9278333333333333,14.9,18.983333333333334,33.5,13.0,otra
2024-03-12 07:00:00,2024,3,12,NOROESTE3,0,1.99,12.950000000000001,11.833333333333334,44.333333333333336,15.25,otra
2024-03-12 07:00:00,2024,3,12,NORTE2,1,1.16,23.549999999999997,13.0,35.5,11.0,otra
2024-03-12 07:00:00,2024,3,12,SUR,1,1.70875,11.4875,20.166666666666668,30.75,8.125,otra
2024-03-12 07:00:00,2024,3,12,SUROESTE2,1,3.82,19.9,8.0,50.0,17.0,otra
2024-03-12 08:00:00,2024,3,12,CENTRO,1,2.57,23.6,12.0,43.0,17.0,otra
2024-03-12 08:00:00,2024,3,12,NORESTE3,0,2.1151666666666666,17.05,17.483333333333334,44.333333333333336,13.5,otra
2024-03-12 08:00:00,2024,3,12,NOROESTE3,0,2.236666666666667,14.483333333333334,9.333333333333334,56.833333333333336,19.25,otra
2024-03-12 08:00:00,2024,3,12,NORTE2,1,1.255,23.049999999999997,14.0,52.5,11.0,otra
2024-03-12 08:00:00,2024,3,12,SUR,1,1.8725,14.075,18.5,39.875,10.0,otra
2024-03-12 08:00:00,2024,3,12,SUROESTE2,1,4.41,21.700000000000003,7.5,82.0,15.0,otra
2024-03-13 07:00:00,2024,3,13,CENTRO,1,2.85,34.1,,168.0,44.0,otra
2024-03-13 07:00:00,2024,3,13,NORESTE3,0,2.4106666666666667,19.083333333333332,7.066666666666666,75.33333333333333,27.5,otra
2024-03-13 07:00:00,2024,3,13,NOROESTE3,0,2.5416666666666665,18.583333333333332,6.0,92.83333333333333,19.0,otra
2024-03-13 07:00:00,2024,3,13,NORTE2,1,1.6500000000000001,23.5,5.0,87.0,27.5,otra
2024-03-13 07:00:00,2024,3,13,SUR,1,2.085,17.1375,7.375,57.625,22.25,otra
2024-03-13 07:00:00,2024,3,13,SUROESTE2,1,4.21,31.3,11.0,104.5,35.17,otra
2024-03-13 08:00:00,2024,3,13,CENTRO,1,2.99,33.3,10.0,142.0,37.0,otra
2024-03-13 08:00:00,2024,3,13,NORESTE3,0,2.8426666666666667,22.083333333333332,9.133333333333333,81.66666666666667,30.0,otra
2024-03-13 08:00:00,2024,3,13,NOROESTE3,0,2.8000000000000003,20.349999999999998,6.8,100.5,24.0,otra
2024-03-13 08:00:00,2024,3,13,NORTE2,1,2.035,31.25,8.5,98.0,28.0,otra
2024-03-13 08:00:00,2024,3,13,SUR,1,2.3337499999999998,21.1125,8.25,74.75,23.0,otra
2024-03-13 08:00:00,2024,3,13,SUROESTE2,1,5.74,39.9,8.5,151.5,51.33,otra
2024-03-14 07:00:00,2024,3,14,CENTRO,1,3.14,21.3,9.0,69.0,2.0,otra
2024-03-14 07:00:00,2024,3,14,NORESTE3,0,2.2708333333333335,18.599999999999998,7.433333333333334,55.666666666666664,21.0,otra
2024-03-14 07:00:00,2024,3,14,NOROESTE3,0,2.4533333333333336,17.516666666666666,5.5,90.83333333333333,13.5,otra
2024-03-14 07:00:00,2024,3,14,NORTE2,1,1.415,24.700000000000003,7.5,86.5,22.5,otra
2024-03-14 07:00:00,2024,3,14,SUR,1,2.1887499999999998,18.6,6.125,67.0,24.5,otra
2024-03-14 07:00:00,2024,3,14,SUROESTE2,1,3.935,26.45,18.0,90.0,28.09,otra
2024-03-14 08:00:00,2024,3,14,CENTRO,1,3.19,32.1,11.0,77.0,,otra
2024-03-14 08:00:00,2024,3,14,NORESTE3,0,2.4901666666666666,19.216666666666665,9.766666666666667,76.83333333333333,25.5,otra
2024-03-14 08:00:00,2024,3,14,NOROESTE3,0,2.7283333333333335,17.099999999999998,6.5,110.16666666666667,19.5,otra
2024-03-14 08:00:00,2024,3,14,NORTE2,1,1.56,24.15,9.0,95.5,27.5,otra
2024-03-14 08:00:00,2024,3,14,SUR,1,2.4775,21.2,7.625,141.25,28.0,otra
2024-03-14 08:00:00,2024,3,14,SUROESTE2,1,5.46,37.75,8.5,120.0,36.685,otra
2024-03-15 07:00:00,2024,3,15,CENTRO,1,3.0,24.2,9.0,67.0,34.0,otra
2024-03-15 07:00:00,2024,3,15,NORESTE3,0,2.459,19.65,6.816666666666666,75.16666666666667,36.5,otra
2024-03-15 07:00:00,2024,3,15,NOROESTE3,0,2.4949999999999997,15.433333333333332,6.166666666666667,81.16666666666667,18.5,otra
2024-03-15 07:00:00,2024,3,15,NORTE2,1,1.825,27.7,7.0,101.5,33.5,otra
2024-03-15 07:00:00,2024,3,15,SUR,1,2.22125,19.6375,6.375,91.0,37.333333333333336,otra
2024-03-15 07:00:00,2024,3,15,SUROESTE2,1,2.665,26.0,8.0,80.5,27.115,otra
2024-03-15 08:00:00,2024,3,15,CENTRO,1,3.69,26.0,10.0,92.0,43.0,otra
2024-03-15 08:00:00,2024,3,15,NORESTE3,0,2.6501666666666663,19.7,9.033333333333333,90.83333333333333,39.0,otra
2024-03-15 08:00:00,2024,3,15,NOROESTE3,0,2.7566666666666664,16.066666666666666,6.333333333333333,100.83333333333333,22.75,otra
2024-03-15 08:00:00,2024,3,15,NORTE2,1,2.205,28.450000000000003,8.0,131.5,33.5,otra
2024-03-15 08:00:00,2024,3,15,SUR,1,2.3225,17.25,8.375,106.125,39.833333333333336,otra
2024-03-15 08:00:00,2024,3,15,SUROESTE2,1,3.42,28.6,7.5,117.5,31.205,otra
2024-03-16 07:00:00,2024,3,16,CENTRO,0,2.58,19.9,17.0,47.0,16.0,otra
2024-03-16 07:00:00,2024,3,16,NORESTE3,0,2.0036666666666667,13.566666666666668,16.2,22.5,11.5,otra
2024-03-16 07:00:00,2024,3,16,NOROESTE3,0,1.9183333333333332,8.966666666666667,20.166666666666668,37.666666666666664,,otra
2024-03-16 07:00:00,2024,3,16,NORTE2,0,1.105,16.75,18.5,23.5,11.0,otra
2024-03-16 07:00:00,2024,3,16,SUR,0,1.6625,9.225,18.875,32.25,16.5,otra
2024-03-16 07:00:00,2024,3,16,SUROESTE2,0,2.57,15.45,19.0,44.0,18.25,otra
2024-03-16 08:00:00,2024,3,16,CENTRO,0,2.74,26.8,10.0,42.0,22.0,otra
2024-03-16 08:00:00,2024,3,16,NORESTE3,0,2.116,14.65,14.799999999999999,20.333333333333332,14.0,otra
2024-03-16 08:00:00,2024,3,16,NOROESTE3,0,1.9633333333333332,9.65,17.166666666666668,37.333333333333336,6.0,otra
2024-03-16 08:00:00,2024,3,16,NORTE2,0,1.24,21.5,13.5,25.5,8.0,otra
2024-03-16 08:00:00,2024,3,16,SUR,0,1.70625,10.3,16.25,30.375,12.166666666666666,otra
2024-03-16 08:00:00,2024,3,16,SUROESTE2,0,2.755,23.55,10.0,42.5,20.515,otra
2024-03-17 07:00:00,2024,3,17,CENTRO,0,2.79,12.7,19.0,50.0,17.0,otra
2024-03-17 07:00:00,2024,3,17,NORESTE3,0,1.9488333333333332,8.033333333333333,16.233333333333334,29.833333333333332,15.5,otra
2024-03-17 07:00:00,2024,3,17,NOROESTE3,0,2.0416666666666665,7.916666666666667,13.0,25.166666666666668,8.0,otra
2024-03-17 07:00:00,2024,3,17,NORTE2,0,1.0699999999999998,11.85,17.0,29.0,6.0,otra
2024-03-17 07:00:00,2024,3,17,SUR,0,1.7249999999999999,11.0875,12.875,42.125,16.833333333333332,otra
2024-03-17 07:00:00,2024,3,17,SUROESTE2,0,2.6,20.049999999999997,7.0,47.0,15.184999999999999,otra
2024-03-17 08:00:00,2024,3,17,CENTRO,0,2.85,10.7,20.0,44.0,19.0,otra
2024-03-17 08:00:00,2024,3,17,NORESTE3,0,1.9706666666666666,8.066666666666666,17.5,26.833333333333332,12.5,otra
2024-03-17 08:00:00,2024,3,17,NOROESTE3,0,2.018333333333333,8.700000000000001,11.833333333333334,30.0,7.5,otra
2024-03-17 08:00:00,2024,3,17,NORTE2,0,1.095,10.95,16.5,29.5,12.0,otra
2024-03-17 08:00:00,2024,3,17,SUR,0,1.7275,10.2125,12.875,56.375,16.333333333333332,otra
2024-03-17 08:00:00,2024,3,17,SUROESTE2,0,2.73,17.4,10.0,45.0,13.71,otra
2024-03-18 07:00:00,2024,3,18,CENTRO,1,2.71,,22.0,23.0,5.0,otra
2024-03-18 07:00:00,2024,3,18,NORESTE3,0,2.0036666666666667,7.7,16.133333333333333,6.166666666666667,3.0,otra
2024-03-18 07:00:00,2024,3,18,NOROESTE3,0,1.8416666666666668,2.966666666666667,25.166666666666668,10.5,2.0,otra
2024-03-18 07:00:00,2024,3,18,NORTE2,1,1.0,8.149999999999999,21.5,4.0,2.0,otra
2024-03-18 07:00:00,2024,3,18,SUR,1,1.6775,7.9875,20.5,15.75,5.8,otra
2024-03-18 07:00:00,2024,3,18,SUROESTE2,1,2.34,4.7,23.0,15.0,,otra
2024-03-18 08:00:00,2024,3,18,CENTRO,1,2.63,,22.0,22.0,6.0,otra
2024-03-18 08:00:00,2024,3,18,NORESTE3,0,2.0111666666666665,7.733333333333333,16.983333333333334,4.333333333333333,,otra
2024-03-18 08:00:00,2024,3,18,NOROESTE3,0,1.8783333333333332,3.675,23.166666666666668,14.0,,otra
2024-03-18 08:00:00,2024,3,18,NORTE2,1,1.02,8.2,20.5,7.5,,otra
2024-03-18 08:00:00,2024,3,18,SUR,1,1.73,8.2375,17.75,15.5,6.2,otra
2024-03-18 08:00:00,2024,3,18,SUROESTE2,1,2.335,4.949999999999999,23.0,17.0,4.0,otra
2024-03-19 07:00:00,2024,3,19,CENTRO,1,2.32,17.3,31.0,31.0,9.0,otra
2024-03-19 07:00:00,2024,3,19,NORESTE3,0,2.175333333333333,19.883333333333333,11.9,31.666666666666668,10.5,otra
2024-03-19 07:00:00,2024,3,19,NOROESTE3,0,1.9033333333333333,6.816666666666666,37.0,29.166666666666668,4.5,otra
2024-03-19 07:00:00,2024,3,19,NORTE2,1,1.3,31.35,10.0,52.0,12.5,otra
2024-03-19 07:00:00,2024,3,19,SUR,1,2.1466666666666665,16.3,18.75,31.25,13.0,otra
2024-03-19 07:00:00,2024,3,19,SUROESTE2,1,2.3200000000000003,11.75,39.0,20.5,6.81,otra
2024-03-19 08:00:00,2024,3,19,CENTRO,1,2.55,28.2,19.0,36.0,13.0,otra
2024-03-19 08:00:00,2024,3,19,NORESTE3,0,2.283333333333333,19.033333333333335,12.133333333333333,32.666666666666664,14.0,otra
2024-03-19 08:00:00,2024,3,19,NOROESTE3,0,1.9749999999999999,9.616666666666667,32.166666666666664,31.0,5.0,otra
2024-03-19 08:00:00,2024,3,19,NORTE2,1,1.4449999999999998,31.05,9.5,67.5,14.5,otra
2024-03-19 08:00:00,2024,3,19,SUR,1,2.2866666666666666,16.2375,17.5,34.0,17.833333333333332,otra
2024-03-19 08:00:00,2024,3,19,SUROESTE2,1,2.63,24.6,22.5,22.0,9.16,otra
2024-03-20 07:00:00,2024,3,20,CENTRO,1,2.45,20.5,11.0,35.0,18.0,otra
2024-03-20 07:00:00,2024,3,20,NORESTE3,0,2.166166666666667,15.366666666666665,15.283333333333333,16.166666666666668,11.5,otra
2024-03-20 07:00:00,2024,3,20,NOROESTE3,0,2.111666666666667,12.699999999999998,8.166666666666666,44.666666666666664,15.5,otra
2024-03-20 07:00:00,2024,3,20,NORTE2,1,1.15,18.200000000000003,13.0,35.0,11.0,otra
2024-03-20 07:00:00,2024,3,20,SUR,1,2.1033333333333335,10.0625,17.25,19.75,5.5,otra
2024-03-20 07:00:00,2024,3,20,SUROESTE2,1,2.51,19.3,8.5,41.0,22.64,otra
2024-03-20 08:00:00,2024,3,20,CENTRO,1,2.68,22.0,10.0,49.0,22.0,otra
2024-03-20 08:00:00,2024,3,20,NORESTE3,0,2.2495,15.399999999999999,14.566666666666668,16.0,9.5,otra
2024-03-20 08:00:00,2024,3,20,NOROESTE3,0,2.138333333333333,12.766666666666666,9.0,48.666666666666664,14.5,otra
2024-03-20 08:00:00,2024,3,20,NORTE2,1,1.29,21.1,10.5,27.5,12.0,otra
2024-03-20 08:00:00,2024,3,20,SUR,1,2.2033333333333336,11.925,14.625,21.5,5.5,otra
2024-03-20 08:00:00,2024,3,20,SUROESTE2,1,2.705,20.25,8.0,65.5,30.025,otra
2024-03-21 07:00:00,2024,3,21,CENTRO,1,2.69,15.2,10.0,46.0,26.0,otra
2024-03-21 07:00:00,2024,3,21,NORESTE3,0,2.5375,14.333333333333334,7.183333333333334,55.166666666666664,22.0,otra
2024-03-21 07:00:00,2024,3,21,NOROESTE3,0,2.6583333333333337,11.700000000000001,5.75,93.83333333333333,21.5,otra
2024-03-21 07:00:00,2024,3,21,NORTE2,1,1.5599999999999998,19.450000000000003,11.0,72.5,18.0,otra
2024-03-21 07:00:00,2024,3,21,SUR,1,2.7399999999999998,12.0375,5.875,42.75,19.25,otra
2024-03-21 07:00:00,2024,3,21,SUROESTE2,1,3.01,15.8,7.0,72.5,33.1,otra
2024-03-21 08:00:00,2024,3,21,CENTRO,1,3.23,19.4,10.0,57.0,32.0,otra
2024-03-21 08:00:00,2024,3,21,NORESTE3,0,3.0653333333333332,16.133333333333333,9.425,105.66666666666667,36.0,otra
2024-03-21 08:00:00,2024,3,21,NOROESTE3,0,3.14,12.883333333333335,6.2,109.16666666666667,24.5,otra
2024-03-21 08:00:00,2024,3,21,NORTE2,1,2.15,22.700000000000003,12.0,95.5,26.5,otra
2024-03-21 08:00:00,2024,3,21,SUR,1,3.43,13.5125,7.25,54.375,22.125,otra
2024-03-21 08:00:00,2024,3,21,SUROESTE2,1,3.7,19.0,7.5,79.5,38.965,otra
2024-03-22 07:00:00,2024,3,22,CENTRO,1,2.89,27.2,10.0,84.0,33.1,otra
2024-03-22 07:00:00,2024,3,22,NORESTE3,0,2.4495,18.666666666666668,6.933333333333334,101.0,31.0,otra
2024-03-22 07:00:00,2024,3,22,NOROESTE3,0,2.3366666666666664,15.466666666666667,7.5,70.5,25.0,otra
2024-03-22 07:00:00,2024,3,22,NORTE2,1,1.47,25.4,,124.0,30.0,otra
2024-03-22 07:00:00,2024,3,22,SUR,1,2.64,19.75,5.625,106.0,29.3,otra
2024-03-22 07:00:00,2024,3,22,SUROESTE2,1,2.785,26.95,11.5,90.0,25.78,otra
2024-03-22 08:00:00,2024,3,22,CENTRO,1,2.94,29.5,14.0,91.0,26.93,otra
2024-03-22 08:00:00,2024,3,22,NORESTE3,0,2.6641666666666666,19.53333333333333,9.133333333333333,118.66666666666667,24.0,otra
2024-03-22 08:00:00,2024,3,22,NOROESTE3,0,2.4533333333333336,16.1,8.166666666666666,74.16666666666667,22.5,otra
2024-03-22 08:00:00,2024,3,22,NORTE2,1,2.08,30.5,12.0,129.0,36.0,otra
2024-03-22 08:00:00,2024,3,22,SUR,1,2.9599999999999995,21.8625,7.25,165.5,31.725,otra
2024-03-22 08:00:00,2024,3,22,SUROESTE2,1,3.395,29.799999999999997,14.0,92.5,29.02,otra
2024-03-23 07:00:00,2024,3,23,CENTRO,0,2.3,8.8,50.0,37.0,8.55,otra
2024-03-23 07:00:00,2024,3,23,NORESTE3,0,2.1525,20.483333333333334,25.183333333333334,45.333333333333336,14.5,otra
2024-03-23 07:00:00,2024,3,23,NOROESTE3,0,1.968333333333333,6.616666666666667,44.0,28.333333333333332,4.5,otra
2024-03-23 07:00:00,2024,3,23,NORTE2,0,1.1099999999999999,22.299999999999997,34.0,39.0,10.5,otra
2024-03-23 07:00:00,2024,3,23,SUR,0,2.1366666666666667,17.4125,34.875,44.75,10.48,otra
2024-03-23 07:00:00,2024,3,23,SUROESTE2,0,2.385,10.75,47.5,28.5,7.425,otra
2024-03-23 08:00:00,2024,3,23,CENTRO,0,2.34,12.6,45.0,36.0,9.13,otra
2024-03-23 08:00:00,2024,3,23,NORESTE3,0,2.2159999999999997,19.849999999999998,27.55,54.5,18.5,otra
2024-03-23 08:00:00,2024,3,23,NOROESTE3,0,2.0416666666666665,7.816666666666667,42.166666666666664,30.166666666666668,5.5,otra
2024-03-23 08:00:00,2024,3,23,NORTE2,0,1.155,21.45,35.5,44.5,5.5,otra
2024-03-23 08:00:00,2024,3,23,SUR,0,2.276666666666667,21.162499999999998,31.25,56.375,11.234285714285715,otra
2024-03-23 08:00:00,2024,3,23,SUROESTE2,0,2.4450000000000003,12.4,46.0,21.0,7.45,otra
2024-03-24 07:00:00,2024,3,24,CENTRO,0,2.39,21.4,17.0,49.0,,otra
2024-03-24 07:00:00,2024,3,24,NORESTE3,0,2.0471666666666666,10.266666666666666,26.416666666666668,20.5,13.0,otra
2024-03-24 07:00:00,2024,3,24,NOROESTE3,0,2.035,5.5,26.5,30.5,15.75,otra
2024-03-24 07:00:00,2024,3,24,NORTE2,0,1.015,10.5,27.5,30.5,17.5,otra
2024-03-24 07:00:00,2024,3,24,SUR,0,2.026666666666667,6.3,30.875,32.25,13.190000000000001,otra
2024-03-24 07:00:00,2024,3,24,SUROESTE2,0,2.4850000000000003,16.65,18.5,44.5,24.66,otra
2024-03-24 08:00:00,2024,3,24,CENTRO,0,2.46,22.3,17.0,60.0,32.85,otra
2024-03-24 08:00:00,2024,3,24,NORESTE3,0,2.0385,8.9,27.116666666666664,27.166666666666668,12.5,otra
2024-03-24 08:00:00,2024,3,24,NOROESTE3,0,2.085,6.966666666666668,23.333333333333332,34.333333333333336,20.0,otra
2024-03-24 08:00:00,2024,3,24,NORTE2,0,1.04,11.25,26.5,37.0,17.0,otra
2024-03-24 08:00:00,2024,3,24,SUR,0,2.046666666666667,7.325,30.0,35.5,15.6125,otra
2024-03-24 08:00:00,2024,3,24,SUROESTE2,0,2.5300000000000002,15.4,20.5,49.5,23.095,otra
2024-03-25 07:00:00,2024,3,25,CENTRO,1,2.83,21.3,10.0,63.0,25.54,otra
2024-03-25 07:00:00,2024,3,25,NORESTE3,0,2.4906666666666664,20.53333333333333,7.8999999999999995,55.0,32.5,otra
2024-03-25 07:00:00,2024,3,25,NOROESTE3,0,2.185,11.950000000000001,29.833333333333332,83.66666666666667,15.0,otra
2024-03-25 07:00:00,2024,3,25,NORTE2,1,1.415,22.25,7.5,90.0,24.0,otra
2024-03-25 07:00:00,2024,3,25,SUR,1,2.4133333333333336,14.725000000000001,10.0,59.125,20.094285714285714,otra
2024-03-25 07:00:00,2024,3,25,SUROESTE2,1,2.95,26.1,8.5,57.0,18.36,otra
2024-03-25 08:00:00,2024,3,25,CENTRO,1,2.91,24.5,12.0,66.0,24.32,otra
2024-03-25 08:00:00,2024,3,25,NORESTE3,0,2.7243333333333335,20.466666666666665,9.9,64.83333333333333,29.5,otra
2024-03-25 08:00:00,2024,3,25,NOROESTE3,0,2.2016666666666667,10.883333333333333,35.666666666666664,82.16666666666667,13.25,otra
2024-03-25 08:00:00,2024,3,25,NORTE2,1,1.7550000000000001,28.4,8.5,98.5,29.0,otra
2024-03-25 08:00:00,2024,3,25,SUR,1,2.763333333333333,17.225,9.5,73.375,24.063333333333333,otra
2024-03-25 08:00:00,2024,3,25,SUROESTE2,1,2.98,25.4,14.5,67.0,16.505000000000003,otra
2024-03-26 07:00:00,2024,3,26,CENTRO,1,2.39,31.7,15.0,56.0,11.0,otra
2024-03-26 07:00:00,2024,3,26,NORESTE3,0,2.3715,29.883333333333336,13.200000000000001,82.66666666666667,16.5,otra
2024-03-26 07:00:00,2024,3,26,NOROESTE3,0,2.3699999999999997,22.150000000000002,7.666666666666667,81.33333333333333,6.5200000000000005,otra
2024-03-26 07:00:00,2024,3,26,NORTE2,1,1.1749999999999998,39.1,13.0,95.5,12.5,otra
2024-03-26 07:00:00,2024,3,26,SUR,1,2.2866666666666666,29.4625,15.375,73.75,12.049999999999999,otra
2024-03-26 07:00:00,2024,3,26,SUROESTE2,1,2.7,32.85,14.0,118.0,16.325,otra
2024-03-26 08:00:00,2024,3,26,CENTRO,1,2.63,32.5,17.0,69.0,13.0,otra
2024-03-26 08:00:00,2024,3,26,NORESTE3,0,2.4616666666666664,26.416666666666668,17.966666666666665,79.0,15.5,otra
2024-03-26 08:00:00,2024,3,26,NOROESTE3,0,2.598333333333333,22.983333333333334,8.5,114.83333333333333,12.068000000000001,otra
2024-03-26 08:00:00,2024,3,26,NORTE2,1,1.385,42.0,13.0,86.0,13.0,otra
2024-03-26 08:00:00,2024,3,26,SUR,1,2.39,28.0,19.5,90.875,15.153333333333334,otra
2024-03-26 08:00:00,2024,3,26,SUROESTE2,1,3.085,42.0,14.5,131.0,19.045,otra
2024-03-27 07:00:00,2024,3,27,CENTRO,1,2.41,13.4,37.0,75.0,21.0,otra
2024-03-27 07:00:00,2024,3,27,NORESTE3,0,2.1963333333333335,17.466666666666665,32.300000000000004,67.83333333333333,20.5,otra
2024-03-27 07:00:00,2024,3,27,NOROESTE3,0,2.2183333333333333,12.833333333333334,23.333333333333332,72.66666666666667,11.482,otra
2024-03-27 07:00:00,2024,3,27,NORTE2,1,1.085,25.9,28.0,72.5,18.0,otra
2024-03-27 07:00:00,2024,3,27,SUR,1,2.1866666666666665,17.075,27.25,74.5,18.386666666666667,otra
2024-03-27 07:00:00,2024,3,27,SUROESTE2,1,2.815,33.5,10.0,91.0,29.96,otra
2024-03-27 08:00:00,2024,3,27,CENTRO,1,2.53,15.6,37.0,77.0,23.0,otra
2024-03-27 08:00:00,2024,3,27,NORESTE3,0,2.1675,17.400000000000002,33.11666666666667,64.83333333333333,18.0,otra
2024-03-27 08:00:00,2024,3,27,NOROESTE3,0,2.36,19.583333333333332,13.833333333333334,84.5,16.619999999999997,otra
2024-03-27 08:00:00,2024,3,27,NORTE2,1,1.1549999999999998,29.15,25.5,85.0,16.5,otra
2024-03-27 08:00:00,2024,3,27,SUR,1,2.31,20.6875,25.5,82.25,21.453333333333333,otra
2024-03-27 08:00:00,2024,3,27,SUROESTE2,1,2.925,32.3,13.5,125.0,32.635000000000005,otra
2024-03-28 07:00:00,2024,3,28,CENTRO,1,2.35,15.5,32.0,43.0,16.16,otra
2024-03-28 07:00:00,2024,3,28,NORESTE3,0,2.1534999999999997,18.583333333333332,22.3,42.666666666666664,11.0,otra
2024-03-28 07:00:00,2024,3,28,NOROESTE3,0,2.143333333333333,10.716666666666667,23.833333333333332,43.666666666666664,13.331999999999999,otra
2024-03-28 07:00:00,2024,3,28,NORTE2,1,1.125,22.45,27.0,49.5,11.0,otra
2024-03-28 07:00:00,2024,3,28,SUR,1,2.0833333333333335,12.6625,28.0,46.5,12.48,otra
2024-03-28 07:00:00,2024,3,28,SUROESTE2,1,2.5300000000000002,14.95,24.5,49.0,19.015,otra
2024-03-28 08:00:00,2024,3,28,CENTRO,1,2.37,18.3,30.0,55.0,27.34,otra
2024-03-28 08:00:00,2024,3,28,NORESTE3,0,2.1746666666666665,17.516666666666666,26.650000000000002,53.166666666666664,17.0,otra
2024-03-28 08:00:00,2024,3,28,NOROESTE3,0,2.185,14.566666666666665,19.333333333333332,53.666666666666664,15.428,otra
2024-03-28 08:00:00,2024,3,28,NORTE2,1,1.23,28.8,22.0,59.5,13.0,otra
2024-03-28 08:00:00,2024,3,28,SUR,1,2.17,15.4125,27.75,53.5,15.5475,otra
2024-03-28 08:00:00,2024,3,28,SUROESTE2,1,2.575,13.3,29.0,55.0,22.61,otra
2024-03-29 07:00:00,2024,3,29,CENTRO,1,2.33,19.6,30.0,38.0,10.07,otra
2024-03-29 07:00:00,2024,3,29,NORESTE3,0,2.1731666666666665,20.45,21.75,33.333333333333336,9.5,otra
2024-03-29 07:00:00,2024,3,29,NOROESTE3,0,2.1716666666666664,18.650000000000002,15.0,32.5,6.664,otra
2024-03-29 07:00:00,2024,3,29,NORTE2,1,0.99,25.25,25.5,30.5,9.5,otra
2024-03-29 07:00:00,2024,3,29,SUR,1,2.07875,23.375,13.5,53.125,12.915,otra
2024-03-29 07:00:00,2024,3,29,SUROESTE2,1,2.76,23.5,16.0,53.0,15.965,otra
2024-03-29 08:00:00,2024,3,29,CENTRO,1,2.34,17.3,33.0,47.0,10.38,otra
2024-03-29 08:00:00,2024,3,29,NORESTE3,0,2.1933333333333334,18.616666666666667,26.96666666666667,45.833333333333336,13.0,otra
2024-03-29 08:00:00,2024,3,29,NOROESTE3,0,2.2266666666666666,19.666666666666668,13.333333333333334,53.666666666666664,8.422,otra
2024-03-29 08:00:00,2024,3,29,NORTE2,1,1.065,19.45,33.0,38.5,5.0,otra
2024-03-29 08:00:00,2024,3,29,SUR,1,2.0837499999999998,21.7625,21.125,81.75,13.4275,otra
2024-03-29 08:00:00,2024,3,29,SUROESTE2,1,2.825,23.95,20.5,78.0,16.560000000000002,otra
2024-03-30 07:00:00,2024,3,30,CENTRO,0,2.47,13.7,18.0,43.0,12.82,otra
2024-03-30 07:00:00,2024,3,30,NORESTE3,0,2.228,20.083333333333332,11.466666666666667,35.333333333333336,11.0,otra
2024-03-30 07:00:00,2024,3,30,NOROESTE3,0,2.2449999999999997,13.366666666666667,10.166666666666666,41.5,7.5,otra
2024-03-30 07:00:00,2024,3,30,NORTE2,0,1.22,30.35,9.0,53.5,15.0,otra
2024-03-30 07:00:00,2024,3,30,SUR,0,2.125,17.95,11.0,52.75,12.333333333333334,otra
2024-03-30 07:00:00,2024,3,30,SUROESTE2,0,2.795,20.0,10.0,69.0,20.61,otra
2024-03-30 08:00:00,2024,3,30,CENTRO,0,2.5,15.8,23.0,45.0,15.49,otra
2024-03-30 08:00:00,2024,3,30,NORESTE3,0,2.1943333333333332,15.4,19.483333333333334,45.5,10.5,otra
2024-03-30 08:00:00,2024,3,30,NOROESTE3,0,2.305,13.016666666666666,11.833333333333334,56.166666666666664,18.25,otra
2024-03-30 08:00:00,2024,3,30,NORTE2,0,1.3050000000000002,26.0,15.0,72.5,11.5,otra
2024-03-30 08:00:00,2024,3,30,SUR,0,2.09625,17.275,16.5,63.5,14.333333333333334,otra
2024-03-30 08:00:00,2024,3,30,SUROESTE2,0,2.955,24.049999999999997,13.5,96.0,25.38,otra
2024-03-31 07:00:00,2024,3,31,CENTRO,0,2.5,16.6,15.0,63.0,33.35,otra
2024-03-31 07:00:00,2024,3,31,NORESTE3,0,2.11,11.983333333333334,15.383333333333333,53.666666666666664,25.5,otra
2024-03-31 07:00:00,2024,3,31,NOROESTE3,0,2.2983333333333333,10.116666666666667,12.5,52.333333333333336,11.75,otra
2024-03-31 07:00:00,2024,3,31,NORTE2,0,1.2000000000000002,21.7,12.0,82.5,22.0,otra
2024-03-31 07:00:00,2024,3,31,SUR,0,2.0516666666666667,8.5875,20.125,50.875,22.125,otra
2024-03-31 07:00:00,2024,3,31,SUROESTE2,0,2.825,15.1,12.0,65.0,25.275,otra
2024-03-31 08:00:00,2024,3,31,CENTRO,0,2.54,17.6,21.0,68.0,38.09,otra
2024-03-31 08:00:00,2024,3,31,NORESTE3,0,2.1016666666666666,10.216666666666667,20.533333333333335,53.166666666666664,26.0,otra
2024-03-31 08:00:00,2024,3,31,NOROESTE3,0,2.295,8.733333333333334,14.666666666666666,56.5,14.5,otra
2024-03-31 08:00:00,2024,3,31,NORTE2,0,1.27,20.15,14.5,73.0,28.5,otra
2024-03-31 08:00:00,2024,3,31,SUR,0,2.0533333333333332,9.7,21.125,57.625,22.875,otra
2024-03-31 08:00:00,2024,3,31,SUROESTE2,0,2.9,16.450000000000003,18.5,78.0,24.5,otra
2024-04-01 07:00:00,2024,4,1,CENTRO,1,3.0,23.9,9.0,84.0,44.0,otra
2024-04-01 07:00:00,2024,4,1,NORESTE3,0,2.299,16.083333333333332,10.466666666666667,61.666666666666664,31.5,otra
2024-04-01 07:00:00,2024,4,1,NOROESTE3,0,2.485,15.9,6.333333333333333,84.16666666666667,10.81,otra
2024-04-01 07:00:00,2024,4,1,NORTE2,1,1.555,30.0,8.0,92.5,28.5,otra
2024-04-01 07:00:00,2024,4,1,SUR,1,2.14,14.9375,9.75,72.5,35.833333333333336,otra
2024-04-01 07:00:00,2024,4,1,SUROESTE2,1,3.0549999999999997,20.8,13.0,73.0,17.22,otra
2024-04-01 08:00:00,2024,4,1,CENTRO,1,3.21,27.3,11.0,97.0,47.39,otra
2024-04-01 08:00:00,2024,4,1,NORESTE3,0,2.4685,17.883333333333333,11.216666666666667,80.0,35.5,otra
2024-04-01 08:00:00,2024,4,1,NOROESTE3,0,2.5416666666666665,15.816666666666668,7.666666666666667,109.0,10.46,otra
2024-04-01 08:00:00,2024,4,1,NORTE2,1,1.885,32.3,12.0,113.5,30.5,otra
2024-04-01 08:00:00,2024,4,1,SUR,1,2.3866666666666663,17.0625,9.25,81.375,35.25,otra
2024-04-01 08:00:00,2024,4,1,SUROESTE2,1,3.4,24.85,11.0,112.0,23.43,otra
2024-04-02 07:00:00,2024,4,2,CENTRO,1,2.2,19.4,31.0,166.0,21.35,otra
2024-04-02 07:00:00,2024,4,2,NORESTE3,0,2.097166666666667,9.35,39.4,114.66666666666667,11.5,otra
2024-04-02 07:00:00,2024,4,2,NOROESTE3,0,1.9833333333333332,7.333333333333333,31.333333333333332,208.5,22.873333333333335,otra
2024-04-02 07:00:00,2024,4,2,NORTE2,1,1.045,18.549999999999997,32.5,181.5,16.0,otra
2024-04-02 07:00:00,2024,4,2,SUR,1,1.9333333333333333,10.5875,42.375,142.5,15.375,otra
2024-04-02 07:00:00,2024,4,2,SUROESTE2,1,1.6500000000000001,10.95,36.0,250.0,25.925,otra
2024-04-02 08:00:00,2024,4,2,CENTRO,1,2.2,15.8,38.0,119.0,15.46,otra
2024-04-02 08:00:00,2024,4,2,NORESTE3,0,2.1635,11.75,36.88333333333333,101.66666666666667,13.0,otra
2024-04-02 08:00:00,2024,4,2,NOROESTE3,0,2.0166666666666666,8.85,33.333333333333336,163.33333333333334,17.12333333333333,otra
2024-04-02 08:00:00,2024,4,2,NORTE2,1,1.09,20.0,32.5,125.5,11.0,otra
2024-04-02 08:00:00,2024,4,2,SUR,1,1.9866666666666666,11.3625,42.0,103.375,12.714285714285714,otra
2024-04-02 08:00:00,2024,4,2,SUROESTE2,1,1.665,11.45,40.0,176.0,16.35,otra
2024-04-03 07:00:00,2024,4,3,CENTRO,1,2.29,25.5,25.0,47.0,9.84,otra
2024-04-03 07:00:00,2024,4,3,NORESTE3,0,2.2158333333333333,21.516666666666666,22.0,48.333333333333336,6.5,otra
2024-04-03 07:00:00,2024,4,3,NOROESTE3,0,2.2566666666666664,14.983333333333334,19.833333333333332,58.833333333333336,9.343333333333334,otra
2024-04-03 07:00:00,2024,4,3,NORTE2,1,1.005,32.05,18.5,48.5,8.0,otra
2024-04-03 07:00:00,2024,4,3,SUR,1,2.22,20.25,21.75,47.0,8.666666666666666,otra
2024-04-03 07:00:00,2024,4,3,SUROESTE2,1,1.78,11.75,39.5,32.0,5.92,otra
2024-04-03 08:00:00,2024,4,3,CENTRO,1,2.26,22.2,30.0,62.0,9.11,otra
2024-04-03 08:00:00,2024,4,3,NORESTE3,0,2.4118333333333335,23.400000000000002,21.416666666666668,63.166666666666664,15.0,otra
2024-04-03 08:00:00,2024,4,3,NOROESTE3,0,2.43,17.283333333333335,17.5,67.66666666666667,10.59,otra
2024-04-03 08:00:00,2024,4,3,NORTE2,1,1.17,31.1,22.0,63.5,10.0,otra
2024-04-03 08:00:00,2024,4,3,SUR,1,2.171666666666667,18.4625,26.0,57.25,8.666666666666666,otra
2024-04-03 08:00:00,2024,4,3,SUROESTE2,1,1.7750000000000001,16.2,34.5,49.0,8.09,otra
2024-04-04 07:00:00,2024,4,4,CENTRO,1,2.97,36.9,11.0,81.0,22.54,otra
2024-04-04 07:00:00,2024,4,4,NORESTE3,0,2.4886666666666666,33.81666666666667,8.783333333333333,75.5,22.0,otra
2024-04-04 07:00:00,2024,4,4,NOROESTE3,0,2.433333333333333,25.816666666666663,6.833333333333333,70.0,9.316666666666666,otra
2024-04-04 07:00:00,2024,4,4,NORTE2,1,1.3399999999999999,43.849999999999994,9.0,53.0,12.0,otra
2024-04-04 07:00:00,2024,4,4,SUR,1,2.44125,31.625,10.125,91.375,17.5,otra
2024-04-04 07:00:00,2024,4,4,SUROESTE2,1,2.035,31.8,15.0,88.5,22.43,otra
2024-04-04 08:00:00,2024,4,4,CENTRO,1,2.71,36.5,16.0,85.0,19.0,otra
2024-04-04 08:00:00,2024,4,4,NORESTE3,0,2.553833333333333,29.76666666666667,17.966666666666665,93.5,25.0,otra
2024-04-04 08:00:00,2024,4,4,NOROESTE3,0,2.5616666666666665,25.05,8.333333333333334,82.66666666666667,10.176666666666668,otra
2024-04-04 08:00:00,2024,4,4,NORTE2,1,1.57,43.35,13.0,73.0,12.0,otra
2024-04-04 08:00:00,2024,4,4,SUR,1,2.4175,29.1375,15.625,91.0,20.25,otra
2024-04-04 08:00:00,2024,4,4,SUROESTE2,1,2.285,41.5,23.5,106.0,29.245,otra
2024-04-05 07:00:00,2024,4,5,CENTRO,1,2.41,36.6,12.0,55.0,16.64,otra
2024-04-05 07:00:00,2024,4,5,NORESTE3,0,2.3731666666666666,31.316666666666663,11.833333333333334,52.166666666666664,17.0,otra
2024-04-05 07:00:00,2024,4,5,NOROESTE3,0,2.283333333333333,24.55,8.833333333333334,61.666666666666664,10.013333333333334,otra
2024-04-05 07:00:00,2024,4,5,NORTE2,1,1.2950000000000002,45.95,9.5,53.0,15.0,otra
2024-04-05 07:00:00,2024,4,5,SUR,1,2.20125,25.1,14.5,67.875,13.666666666666666,otra
2024-04-05 07:00:00,2024,4,5,SUROESTE2,1,2.075,30.349999999999998,11.5,79.0,23.0,otra
2024-04-05 08:00:00,2024,4,5,CENTRO,1,2.39,29.6,21.0,66.0,14.53,otra
2024-04-05 08:00:00,2024,4,5,NORESTE3,0,2.4155,28.883333333333336,20.216666666666665,68.16666666666667,17.5,otra
2024-04-05 08:00:00,2024,4,5,NOROESTE3,0,2.438333333333333,22.866666666666664,12.833333333333334,75.16666666666667,9.396666666666667,otra
2024-04-05 08:00:00,2024,4,5,NORTE2,1,1.4,44.150000000000006,13.5,91.5,12.5,otra
2024-04-05 08:00:00,2024,4,5,SUR,1,2.2424999999999997,24.075,21.125,63.875,11.0,otra
2024-04-05 08:00:00,2024,4,5,SUROESTE2,1,2.44,35.55,11.5,107.5,25.0,otra
2024-04-06 07:00:00,2024,4,6,CENTRO,0,2.52,20.0,14.0,67.0,16.42,otra
2024-04-06 07:00:00,2024,4,6,NORESTE3,0,2.3023333333333333,21.53333333333333,10.316666666666666,47.5,15.5,otra
2024-04-06 07:00:00,2024,4,6,NOROESTE3,0,2.316666666666667,16.53333333333333,6.833333333333333,66.66666666666667,8.863333333333333,otra
2024-04-06 07:00:00,2024,4,6,NORTE2,0,1.26,32.25,8.5,71.5,15.0,otra
2024-04-06 07:00:00,2024,4,6,SUR,0,2.1975,20.6,8.25,61.25,12.833333333333334,otra
2024-04-06 07:00:00,2024,4,6,SUROESTE2,0,2.23,27.1,7.5,88.0,23.5,otra
2024-04-06 08:00:00,2024,4,6,CENTRO,0,2.61,26.0,14.0,57.0,23.53,otra
2024-04-06 08:00:00,2024,4,6,NORESTE3,0,2.454,22.21666666666667,13.216666666666667,59.666666666666664,15.0,otra
2024-04-06 08:00:00,2024,4,6,NOROESTE3,0,2.3866666666666667,15.15,9.0,69.16666666666667,8.616666666666667,otra
2024-04-06 08:00:00,2024,4,6,NORTE2,0,1.5950000000000002,35.05,9.5,83.5,20.0,otra
2024-04-06 08:00:00,2024,4,6,SUR,0,2.26625,23.0875,10.375,75.125,17.5,otra
2024-04-06 08:00:00,2024,4,6,SUROESTE2,0,2.515,32.15,9.0,122.5,33.5,otra
2024-04-07 07:00:00,2024,4,7,CENTRO,0,2.57,24.25,11.5,63.5,23.025,otra
2024-04-07 07:00:00,2024,4,7,NORESTE3,0,2.1736666666666666,16.766666666666666,10.366666666666667,45.5,19.5,otra
2024-04-07 07:00:00,2024,4,7,NOROESTE3,0,2.3733333333333335,16.483333333333334,8.166666666666666,76.33333333333333,8.66,otra
2024-04-07 07:00:00,2024,4,7,NORTE2,0,1.41,24.35,7.5,101.0,21.5,otra
2024-04-07 07:00:00,2024,4,7,SUR,0,2.0612500000000002,16.925,12.375,59.875,16.5,otra
2024-04-07 07:00:00,2024,4,7,SUROESTE2,0,1.975,26.299999999999997,15.5,73.0,20.0,otra
2024-04-07 08:00:00,2024,4,7,CENTRO,0,2.62,26.2,16.5,64.0,21.0,otra
2024-04-07 08:00:00,2024,4,7,NORESTE3,0,2.6332,15.959999999999999,13.38,65.8,24.0,otra
2024-04-07 08:00:00,2024,4,7,NOROESTE3,0,2.28,16.5,14.166666666666666,66.66666666666667,7.53,otra
2024-04-07 08:00:00,2024,4,7,NORTE2,0,1.54,27.8,11.0,119.5,20.5,otra
2024-04-07 08:00:00,2024,4,7,SUR,0,2.0475,17.175,19.375,69.25,17.166666666666668,otra
2024-04-07 08:00:00,2024,4,7,SUROESTE2,0,2.08,25.349999999999998,23.5,72.0,24.0,otra
2024-04-08 07:00:00,2024,4,8,CENTRO,1,2.59,26.1,11.0,60.0,26.585,otra
2024-04-08 07:00:00,2024,4,8,NORESTE3,0,2.2224999999999997,18.96666666666667,12.283333333333333,58.0,30.0,otra
2024-04-08 07:00:00,2024,4,8,NOROESTE3,0,2.83,19.5,7.166666666666667,54.333333333333336,10.493333333333334,otra
2024-04-08 07:00:00,2024,4,8,NORTE2,1,1.2999999999999998,23.5,11.5,58.0,22.0,otra
2024-04-08 07:00:00,2024,4,8,SUR,1,1.9537499999999999,13.1625,15.0,56.75,23.333333333333332,otra
2024-04-08 07:00:00,2024,4,8,SUROESTE2,1,2.165,19.9,14.5,51.0,20.5,otra
2024-04-08 08:00:00,2024,4,8,CENTRO,1,2.79,27.8,12.5,83.0,31.634999999999998,otra
2024-04-08 08:00:00,2024,4,8,NORESTE3,0,2.6558,19.16,13.16,62.2,28.0,otra
2024-04-08 08:00:00,2024,4,8,NOROESTE3,0,2.956666666666667,19.166666666666668,8.0,80.5,12.18,otra
2024-04-08 08:00:00,2024,4,8,NORTE2,1,1.5199999999999998,23.9,12.0,75.5,25.0,otra
2024-04-08 08:00:00,2024,4,8,SUR,1,2.09875,15.2,14.875,65.875,22.833333333333332,otra
2024-04-08 08:00:00,2024,4,8,SUROESTE2,1,2.52,29.2,14.0,83.0,22.5,otra
2024-04-09 07:00:00,2024,4,9,CENTRO,1,2.7199999999999998,19.35,9.5,86.0,51.095,otra
2024-04-09 07:00:00,2024,4,9,NORESTE3,0,2.2944999999999998,16.349999999999998,10.483333333333333,75.5,41.0,otra
2024-04-09 07:00:00,2024,4,9,NOROESTE3,0,2.5066666666666664,13.866666666666667,6.5,83.33333333333333,21.233333333333334,otra
2024-04-09 07:00:00,2024,4,9,NORTE2,1,1.49,24.200000000000003,7.5,103.0,46.5,otra
2024-04-09 07:00:00,2024,4,9,SUR,1,1.98625,13.1375,11.5,82.16666666666667,42.833333333333336,otra
2024-04-09 07:00:00,2024,4,9,SUROESTE2,1,2.395,17.85,8.5,116.0,42.5,otra
2024-04-09 08:00:00,2024,4,9,CENTRO,1,2.99,22.1,11.0,93.0,52.455,otra
2024-04-09 08:00:00,2024,4,9,NORESTE3,0,2.467166666666667,18.45,11.616666666666667,91.16666666666667,45.0,otra
2024-04-09 08:00:00,2024,4,9,NOROESTE3,0,2.8083333333333336,15.216666666666667,7.0,87.83333333333333,23.143333333333334,otra
2024-04-09 08:00:00,2024,4,9,NORTE2,1,1.805,24.65,9.5,116.0,42.0,otra
2024-04-09 08:00:00,2024,4,9,SUR,1,2.2275,13.7625,12.875,96.83333333333333,43.166666666666664,otra
2024-04-09 08:00:00,2024,4,9,SUROESTE2,1,2.625,19.799999999999997,9.5,97.5,41.0,otra
2024-04-10 07:00:00,2024,4,10,CENTRO,1,2.205,13.7,43.0,99.0,22.055,otra
2024-04-10 07:00:00,2024,4,10,NORESTE3,0,2.1918333333333333,11.549999999999999,38.03333333333333,51.0,11.5,otra
2024-04-10 07:00:00,2024,4,10,NOROESTE3,0,1.975,6.575,43.25,87.25,8.473333333333334,otra
2024-04-10 07:00:00,2024,4,10,NORTE2,1,1.2049999999999998,28.1,28.5,77.5,14.0,otra
2024-04-10 07:00:00,2024,4,10,SUR,1,1.94,14.7625,38.125,72.25,14.333333333333334,otra
2024-04-10 07:00:00,2024,4,10,SUROESTE2,1,1.9100000000000001,14.65,42.0,111.0,18.5,otra
2024-04-10 08:00:00,2024,4,10,CENTRO,1,2.21,14.15,46.0,90.5,18.265,otra
2024-04-10 08:00:00,2024,4,10,NORESTE3,0,2.2304999999999997,11.799999999999999,38.550000000000004,60.75,14.5,otra
2024-04-10 08:00:00,2024,4,10,NOROESTE3,0,2.015,6.325,45.25,94.75,8.553333333333333,otra
2024-04-10 08:00:00,2024,4,10,NORTE2,1,1.415,25.0,33.5,81.0,15.0,otra
2024-04-10 08:00:00,2024,4,10,SUR,1,2.025,14.8625,40.75,89.25,21.166666666666668,otra
2024-04-10 08:00:00,2024,4,10,SUROESTE2,1,1.99,17.35,43.5,152.5,16.5,otra
2024-04-11 07:00:00,2024,4,11,CENTRO,1,2.1950000000000003,10.55,48.0,33.0,7.285,otra
2024-04-11 07:00:00,2024,4,11,NORESTE3,0,2.5313333333333334,29.266666666666666,18.650000000000002,55.5,12.5,otra
2024-04-11 07:00:00,2024,4,11,NOROESTE3,0,2.15,12.766666666666666,29.666666666666668,37.166666666666664,5.91,otra
2024-04-11 07:00:00,2024,4,11,NORTE2,1,1.1,39.15,19.5,91.5,12.5,otra
2024-04-11 07:00:00,2024,4,11,SUR,1,2.155,26.362499999999997,20.75,52.0,13.0,otra
2024-04-11 07:00:00,2024,4,11,SUROESTE2,1,1.935,13.95,40.5,20.0,6.0,otra
2024-04-11 08:00:00,2024,4,11,CENTRO,1,2.315,14.75,45.5,41.0,8.0,otra
2024-04-11 08:00:00,2024,4,11,NORESTE3,0,2.654166666666667,25.633333333333336,25.46666666666667,82.16666666666667,15.0,otra
2024-04-11 08:00:00,2024,4,11,NOROESTE3,0,2.335,18.683333333333334,23.5,47.666666666666664,6.253333333333333,otra
2024-04-11 08:00:00,2024,4,11,NORTE2,1,1.415,46.599999999999994,14.5,82.5,14.0,otra
2024-04-11 08:00:00,2024,4,11,SUR,1,2.3075,24.849999999999998,25.75,62.25,16.0,otra
2024-04-11 08:00:00,2024,4,11,SUROESTE2,1,2.065,16.4,39.0,38.0,6.0,otra
2024-04-12 07:00:00,2024,4,12,CENTRO,1,2.33,34.45,21.5,61.5,18.515,otra
2024-04-12 07:00:00,2024,4,12,NORESTE3,0,2.3718333333333335,28.416666666666668,20.783333333333335,52.0,13.5,otra
2024-04-12 07:00:00,2024,4,12,NOROESTE3,0,2.285,21.71666666666667,22.0,51.333333333333336,7.216666666666666,otra
2024-04-12 07:00:00,2024,4,12,NORTE2,1,1.33,49.400000000000006,11.5,60.0,19.0,otra
2024-04-12 07:00:00,2024,4,12,SUR,1,1.95,20.3,32.625,47.75,11.5,otra
2024-04-12 07:00:00,2024,4,12,SUROESTE2,1,2.125,30.65,20.5,48.5,15.0,otra
2024-04-12 08:00:00,2024,4,12,CENTRO,1,2.98,34.599999999999994,24.5,68.5,24.23,otra
2024-04-12 08:00:00,2024,4,12,NORESTE3,0,2.437,26.71666666666667,25.349999999999998,61.333333333333336,17.0,otra
2024-04-12 08:00:00,2024,4,12,NOROESTE3,0,2.316666666666667,21.083333333333332,23.166666666666668,62.833333333333336,9.003333333333332,otra
2024-04-12 08:00:00,2024,4,12,NORTE2,1,1.52,46.7,15.0,95.5,21.5,otra
2024-04-12 08:00:00,2024,4,12,SUR,1,2.01,17.8625,37.75,55.625,12.5,otra
2024-04-12 08:00:00,2024,4,12,SUROESTE2,1,2.355,32.25,22.5,58.0,17.0,otra
2024-04-13 07:00:00,2024,4,13,CENTRO,0,2.4000000000000004,23.75,23.0,45.5,16.83,otra
2024-04-13 07:00:00,2024,4,13,NORESTE3,0,2.223,19.133333333333333,23.766666666666666,41.5,12.0,otra
2024-04-13 07:00:00,2024,4,13,NOROESTE3,0,2.3583333333333334,14.733333333333334,19.0,44.25,5.81,otra
2024-04-13 07:00:00,2024,4,13,NORTE2,0,1.15,23.1,26.5,35.5,9.5,otra
2024-04-13 07:00:00,2024,4,13,SUR,0,1.9,14.1875,30.125,40.0,11.75,otra
2024-04-13 07:00:00,2024,4,13,SUROESTE2,0,2.1500000000000004,26.75,14.5,47.5,13.5,otra
2024-04-13 08:00:00,2024,4,13,CENTRO,0,2.545,30.4,18.0,57.5,22.435000000000002,otra
2024-04-13 08:00:00,2024,4,13,NORESTE3,0,2.2651666666666666,17.433333333333334,27.55,43.5,13.0,otra
2024-04-13 08:00:00,2024,4,13,NOROESTE3,0,2.2933333333333334,16.599999999999998,17.5,51.0,6.836666666666666,otra
2024-04-13 08:00:00,2024,4,13,NORTE2,0,1.2850000000000001,24.5,27.5,46.0,7.0,otra
2024-04-13 08:00:00,2024,4,13,SUR,0,1.9337499999999999,13.0125,35.375,45.25,9.833333333333334,otra
2024-04-13 08:00:00,2024,4,13,SUROESTE2,0,2.255,26.049999999999997,17.5,72.5,16.0,otra
2024-04-14 07:00:00,2024,4,14,CENTRO,0,2.53,20.75,17.5,51.0,24.0,otra
2024-04-14 07:00:00,2024,4,14,NORESTE3,0,2.156,12.633333333333333,22.933333333333334,31.0,10.5,otra
2024-04-14 07:00:00,2024,4,14,NOROESTE3,0,2.18,13.080000000000002,14.833333333333334,59.75,8.693333333333333,otra
2024-04-14 07:00:00,2024,4,14,NORTE2,0,1.1949999999999998,24.85,16.5,78.5,15.0,otra
2024-04-14 07:00:00,2024,4,14,SUR,0,1.88625,13.2875,21.0,46.75,13.333333333333334,otra
2024-04-14 07:00:00,2024,4,14,SUROESTE2,0,2.3899999999999997,22.450000000000003,9.5,88.0,24.0,otra
2024-04-14 08:00:00,2024,4,14,CENTRO,0,2.5,17.05,23.0,55.5,27.0,otra
2024-04-14 08:00:00,2024,4,14,NORESTE3,0,2.1683333333333334,11.35,27.633333333333336,35.666666666666664,11.0,otra
2024-04-14 08:00:00,2024,4,14,NOROESTE3,0,2.2133333333333334,11.183333333333332,18.166666666666668,64.25,8.833333333333334,otra
2024-04-14 08:00:00,2024,4,14,NORTE2,0,1.275,21.4,21.5,65.0,8.5,otra
2024-04-14 08:00:00,2024,4,14,SUR,0,1.9,11.3,27.0,49.75,12.333333333333334,otra
2024-04-14 08:00:00,2024,4,14,SUROESTE2,0,2.44,22.4,15.0,96.5,26.0,otra
2024-04-15 07:00:00,2024,4,15,CENTRO,1,2.955,11.9,21.0,73.0,41.0,otra
2024-04-15 07:00:00,2024,4,15,NORESTE3,0,2.22,11.816666666666668,19.016666666666666,41.166666666666664,19.0,otra
2024-04-15 07:00:00,2024,4,15,NOROESTE3,0,2.28,8.316666666666666,13.833333333333334,62.5,13.803333333333333,otra
2024-04-15 07:00:00,2024,4,15,NORTE2,1,0.58,11.3,19.0,70.0,,otra
2024-04-15 07:00:00,2024,4,15,SUR,1,1.9725,11.2625,17.666666666666668,50.375,20.833333333333332,otra
2024-04-15 07:00:00,2024,4,15,SUROESTE2,1,2.4,17.8,10.5,87.0,28.5,otra
2024-04-15 08:00:00,2024,4,15,CENTRO,1,2.91,15.15,18.5,76.0,40.0,otra
2024-04-15 08:00:00,2024,4,15,NORESTE3,0,2.6622,13.279999999999998,19.080000000000002,50.0,21.5,otra
2024-04-15 08:00:00,2024,4,15,NOROESTE3,0,2.3316666666666666,9.4,13.166666666666666,78.75,20.843333333333334,otra
2024-04-15 08:00:00,2024,4,15,NORTE2,1,0.67,15.8,16.0,80.0,22.0,otra
2024-04-15 08:00:00,2024,4,15,SUR,1,2.0675,12.1,16.5,66.25,22.0,otra
2024-04-15 08:00:00,2024,4,15,SUROESTE2,1,2.415,17.35,13.0,87.5,30.0,otra
2024-04-16 07:00:00,2024,4,16,CENTRO,1,2.865,20.8,12.0,62.0,35.0,otra
2024-04-16 07:00:00,2024,4,16,NORESTE3,0,2.275,17.316666666666666,14.4,58.833333333333336,31.5,otra
2024-04-16 07:00:00,2024,4,16,NOROESTE3,0,2.3733333333333335,12.216666666666667,8.666666666666666,70.83333333333333,12.773333333333333,otra
2024-04-16 07:00:00,2024,4,16,NORTE2,1,1.515,28.9,8.5,89.0,28.5,otra
2024-04-16 07:00:00,2024,4,16,SUR,1,2.0625,13.9375,11.25,70.5,32.833333333333336,otra
2024-04-16 07:00:00,2024,4,16,SUROESTE2,1,2.6399999999999997,22.0,7.5,124.5,36.5,otra
2024-04-16 08:00:00,2024,4,16,CENTRO,1,2.895,19.9,13.5,72.5,38.0,otra
2024-04-16 08:00:00,2024,4,16,NORESTE3,0,2.319,13.733333333333333,19.8,62.666666666666664,31.5,otra
2024-04-16 08:00:00,2024,4,16,NOROESTE3,0,2.3383333333333334,11.533333333333333,10.833333333333334,77.16666666666667,14.773333333333333,otra
2024-04-16 08:00:00,2024,4,16,NORTE2,1,1.6700000000000002,25.799999999999997,12.0,96.0,29.0,otra
2024-04-16 08:00:00,2024,4,16,SUR,1,2.155,15.125,12.0,81.75,34.333333333333336,otra
2024-04-16 08:00:00,2024,4,16,SUROESTE2,1,2.8049999999999997,22.6,8.5,144.5,41.0,otra
2024-04-17 07:00:00,2024,4,17,CENTRO,1,2.6500000000000004,21.5,11.0,66.0,32.0,otra
2024-04-17 07:00:00,2024,4,17,NORESTE3,0,2.2683333333333335,13.083333333333334,14.266666666666666,48.833333333333336,24.5,otra
2024-04-17 07:00:00,2024,4,17,NOROESTE3,0,2.54,16.116666666666667,6.833333333333333,74.83333333333333,12.5,otra
2024-04-17 07:00:00,2024,4,17,NORTE2,1,1.395,22.2,11.0,84.5,34.5,otra
2024-04-17 07:00:00,2024,4,17,SUR,1,2.0575,10.8625,14.75,62.0,24.0,otra
2024-04-17 07:00:00,2024,4,17,SUROESTE2,1,2.41,20.15,12.0,68.5,26.0,otra
2024-04-17 08:00:00,2024,4,17,CENTRO,1,2.875,22.549999999999997,11.5,83.0,31.0,otra
2024-04-17 08:00:00,2024,4,17,NORESTE3,0,2.3655,12.916666666666666,18.400000000000002,55.5,29.0,otra
2024-04-17 08:00:00,2024,4,17,NOROESTE3,0,2.6,15.333333333333334,8.333333333333334,79.0,14.0,otra
2024-04-17 08:00:00,2024,4,17,NORTE2,1,1.535,23.35,12.0,75.0,32.0,otra
2024-04-17 08:00:00,2024,4,17,SUR,1,2.1075,10.825,16.125,70.375,27.0,otra
2024-04-17 08:00:00,2024,4,17,SUROESTE2,1,2.76,24.5,9.0,97.5,29.0,otra
2024-04-18 07:00:00,2024,4,18,CENTRO,1,2.79,15.35,9.5,51.0,35.0,otra
2024-04-18 07:00:00,2024,4,18,NORESTE3,0,2.380333333333333,16.483333333333334,9.483333333333333,55.666666666666664,23.5,otra
2024-04-18 07:00:00,2024,4,18,NOROESTE3,0,2.4166666666666665,13.883333333333333,7.333333333333333,63.0,18.0,otra
2024-04-18 07:00:00,2024,4,18,NORTE2,1,1.475,24.3,8.5,87.0,36.5,otra
2024-04-18 07:00:00,2024,4,18,SUR,1,2.2225,14.0625,6.625,80.625,31.833333333333332,otra
2024-04-18 07:00:00,2024,4,18,SUROESTE2,1,2.535,20.1,9.5,63.0,33.0,otra
2024-04-18 08:00:00,2024,4,18,CENTRO,1,2.885,19.9,11.5,91.5,40.0,otra
2024-04-18 08:00:00,2024,4,18,NORESTE3,0,2.542666666666667,16.983333333333334,12.633333333333333,65.33333333333333,27.5,otra
2024-04-18 08:00:00,2024,4,18,NOROESTE3,0,2.515,14.033333333333333,8.833333333333334,79.0,21.5,otra
2024-04-18 08:00:00,2024,4,18,NORTE2,1,1.73,24.95,10.5,108.5,38.5,otra
2024-04-18 08:00:00,2024,4,18,SUR,1,2.3075,15.575,9.375,87.875,31.666666666666668,otra
2024-04-18 08:00:00,2024,4,18,SUROESTE2,1,3.0700000000000003,23.25,9.0,111.5,35.5,otra
2024-04-19 07:00:00,2024,4,19,CENTRO,1,2.995,23.9,9.0,78.0,38.25,otra
2024-04-19 07:00:00,2024,4,19,NORESTE3,0,2.354,11.65,12.325,64.5,31.5,otra
2024-04-19 07:00:00,2024,4,19,NOROESTE3,0,2.605,16.083333333333332,6.666666666666667,65.16666666666667,17.5,otra
2024-04-19 07:00:00,2024,4,19,NORTE2,1,1.445,27.4,9.0,89.0,30.0,otra
2024-04-19 07:00:00,2024,4,19,SUR,1,1.8399999999999999,11.466666666666667,8.166666666666666,70.5,26.166666666666668,otra
2024-04-19 07:00:00,2024,4,19,SUROESTE2,1,2.56,21.4,9.5,89.5,31.5,otra
2024-04-19 08:00:00,2024,4,19,CENTRO,1,2.995,29.049999999999997,13.0,105.5,44.165,otra
2024-04-19 08:00:00,2024,4,19,NORESTE3,0,2.3933333333333335,10.15,14.05,54.333333333333336,30.5,otra
2024-04-19 08:00:00,2024,4,19,NOROESTE3,0,2.8033333333333332,16.266666666666666,8.666666666666666,79.5,19.5,otra
2024-04-19 08:00:00,2024,4,19,NORTE2,1,1.59,23.15,12.5,92.5,27.0,otra
2024-04-19 08:00:00,2024,4,19,SUR,1,1.9466666666666665,11.983333333333334,11.0,79.5,27.833333333333332,otra
2024-04-19 08:00:00,2024,4,19,SUROESTE2,1,2.71,23.85,15.0,87.5,23.5,otra
2024-04-20 07:00:00,2024,4,20,CENTRO,0,2.53,11.6,19.0,65.0,24.13,otra
2024-04-20 07:00:00,2024,4,20,NORESTE3,0,2.179666666666667,12.25,12.700000000000001,28.333333333333332,16.0,otra
2024-04-20 07:00:00,2024,4,20,NOROESTE3,0,2.0316666666666667,5.7,20.833333333333332,33.333333333333336,7.5,otra
2024-04-20 07:00:00,2024,4,20,NORTE2,0,1.23,14.950000000000001,18.5,46.0,20.5,otra
2024-04-20 07:00:00,2024,4,20,SUR,0,1.8816666666666666,8.766666666666666,17.666666666666668,50.666666666666664,23.333333333333332,otra
2024-04-20 07:00:00,2024,4,20,SUROESTE2,0,2.215,14.05,14.0,64.5,21.0,otra
2024-04-20 08:00:00,2024,4,20,CENTRO,0,2.58,11.1,19.0,60.0,29.47,otra
2024-04-20 08:00:00,2024,4,20,NORESTE3,0,2.2384999999999997,11.200000000000001,13.366666666666667,32.833333333333336,18.0,otra
2024-04-20 08:00:00,2024,4,20,NOROESTE3,0,2.1616666666666666,6.983333333333333,19.0,35.5,8.5,otra
2024-04-20 08:00:00,2024,4,20,NORTE2,0,1.275,17.049999999999997,17.0,46.0,23.0,otra
2024-04-20 08:00:00,2024,4,20,SUR,0,1.89625,7.1625,17.166666666666668,52.666666666666664,17.375,otra
2024-04-20 08:00:00,2024,4,20,SUROESTE2,0,2.29,15.549999999999999,13.0,78.0,27.5,otra
2024-04-21 07:00:00,2024,4,21,CENTRO,0,1.96,7.9,22.0,26.0,,otra
2024-04-21 07:00:00,2024,4,21,NORESTE3,0,2.0265,5.483333333333333,17.666666666666668,6.0,3.0,otra
2024-04-21 07:00:00,2024,4,21,NOROESTE3,0,2.02,3.725,17.0,18.5,2.0,otra
2024-04-21 07:00:00,2024,4,21,NORTE2,0,1.05,7.425000000000001,20.5,16.5,2.0,otra
2024-04-21 07:00:00,2024,4,21,SUR,0,2.2125,4.875,16.75,21.0,3.75,otra
2024-04-21 07:00:00,2024,4,21,SUROESTE2,0,2.2175000000000002,7.7250000000000005,17.0,20.25,7.0,otra
2024-04-21 08:00:00,2024,4,21,CENTRO,0,1.92,9.1,20.0,29.0,,otra
2024-04-21 08:00:00,2024,4,21,NORESTE3,0,2.0436666666666667,5.733333333333333,17.55,6.333333333333333,2.0,otra
2024-04-21 08:00:00,2024,4,21,NOROESTE3,0,2.035,3.975,16.0,18.75,,otra
2024-04-21 08:00:00,2024,4,21,NORTE2,0,1.105,7.875,20.25,14.5,3.5,otra
2024-04-21 08:00:00,2024,4,21,SUR,0,2.265,5.7125,17.0,21.375,3.0,otra
2024-04-21 08:00:00,2024,4,21,SUROESTE2,0,2.2375,7.375,18.0,25.0,7.25,otra
2024-04-22 07:00:00,2024,4,22,CENTRO,1,2.23,15.1,33.0,33.0,,otra
2024-04-22 07:00:00,2024,4,22,NORESTE3,0,2.2661666666666664,14.116666666666667,24.03333333333333,12.5,8.25,otra
2024-04-22 07:00:00,2024,4,22,NOROESTE3,0,2.0475,5.824999999999999,31.75,19.75,4.0,otra
2024-04-22 07:00:00,2024,4,22,NORTE2,1,1.2075,21.6,27.0,17.25,5.5,otra
2024-04-22 07:00:00,2024,4,22,SUR,1,2.365,11.325,27.714285714285715,27.375,6.166666666666667,otra
2024-04-22 07:00:00,2024,4,22,SUROESTE2,1,2.2925,15.85,28.75,16.25,9.0,otra
2024-04-22 08:00:00,2024,4,22,CENTRO,1,2.43,19.8,27.0,17.0,,otra
2024-04-22 08:00:00,2024,4,22,NORESTE3,0,2.3295,15.833333333333334,24.56,11.833333333333334,6.5,otra
2024-04-22 08:00:00,2024,4,22,NOROESTE3,0,2.1550000000000002,7.775,27.75,22.0,6.0,otra
2024-04-22 08:00:00,2024,4,22,NORTE2,1,1.21,20.9,27.0,18.75,6.5,otra
2024-04-22 08:00:00,2024,4,22,SUR,1,2.53625,10.9375,26.875,25.142857142857142,7.0,otra
2024-04-22 08:00:00,2024,4,22,SUROESTE2,1,2.4275,20.0,24.75,16.75,9.5,otra
2024-04-23 07:00:00,2024,4,23,CENTRO,1,2.48,13.4,15.0,28.0,,otra
2024-04-23 07:00:00,2024,4,23,NORESTE3,0,2.2641666666666667,13.783333333333333,13.666666666666666,7.5,10.0,otra
2024-04-23 07:00:00,2024,4,23,NOROESTE3,0,2.29,10.35,10.166666666666666,23.833333333333332,7.5,otra
2024-04-23 07:00:00,2024,4,23,NORTE2,1,1.4175,22.875,11.0,23.75,7.0,otra
2024-04-23 07:00:00,2024,4,23,SUR,1,2.495,15.275,9.75,26.25,9.0,otra
2024-04-23 07:00:00,2024,4,23,SUROESTE2,1,2.58,16.8,8.75,40.0,15.75,otra
2024-04-23 08:00:00,2024,4,23,CENTRO,1,2.66,18.2,13.0,32.0,,otra
2024-04-23 08:00:00,2024,4,23,NORESTE3,0,2.3743333333333334,13.283333333333333,15.6,12.0,9.25,otra
2024-04-23 08:00:00,2024,4,23,NOROESTE3,0,2.455,12.0,10.166666666666666,24.0,7.5,otra
2024-04-23 08:00:00,2024,4,23,NORTE2,1,1.6075,23.525,13.5,26.5,18.333333333333332,otra
2024-04-23 08:00:00,2024,4,23,SUR,1,2.5666666666666664,14.95,12.0,32.625,9.333333333333334,otra
2024-04-23 08:00:00,2024,4,23,SUROESTE2,1,2.755,17.275,10.75,43.5,16.5,otra
2024-04-24 07:00:00,2024,4,24,CENTRO,1,2.59,17.7,11.0,60.0,,otra
2024-04-24 07:00:00,2024,4,24,NORESTE3,0,2.4371666666666667,12.983333333333334,12.316666666666668,52.333333333333336,17.0,otra
2024-04-24 07:00:00,2024,4,24,NOROESTE3,0,2.5516666666666663,11.116666666666667,8.333333333333334,61.333333333333336,15.0,otra
2024-04-24 07:00:00,2024,4,24,NORTE2,1,1.4249999999999998,18.15,15.25,72.75,29.0,otra
2024-04-24 07:00:00,2024,4,24,SUR,1,2.365,8.9875,13.625,50.375,14.5,otra
2024-04-24 07:00:00,2024,4,24,SUROESTE2,1,2.6550000000000002,18.35,10.25,44.0,15.0,otra
2024-04-24 08:00:00,2024,4,24,CENTRO,1,2.72,18.5,12.0,70.0,,otra
2024-04-24 08:00:00,2024,4,24,NORESTE3,0,2.4968333333333335,11.816666666666668,15.283333333333333,63.0,19.0,otra
2024-04-24 08:00:00,2024,4,24,NOROESTE3,0,2.48,10.216666666666667,13.666666666666666,71.5,13.5,otra
2024-04-24 08:00:00,2024,4,24,NORTE2,1,1.4849999999999999,19.45,16.75,65.5,26.75,otra
2024-04-24 08:00:00,2024,4,24,SUR,1,2.421666666666667,9.3625,14.625,50.125,15.5,otra
2024-04-24 08:00:00,2024,4,24,SUROESTE2,1,2.8475,19.975,14.25,61.0,18.5,otra
2024-04-25 07:00:00,2024,4,25,CENTRO,1,2.59,14.5,14.0,54.0,,otra
2024-04-25 07:00:00,2024,4,25,NORESTE3,0,2.4036666666666666,11.216666666666667,15.1,41.833333333333336,20.25,otra
2024-04-25 07:00:00,2024,4,25,NOROESTE3,0,2.3516666666666666,8.016666666666666,14.166666666666666,45.166666666666664,14.5,otra
2024-04-25 07:00:00,2024,4,25,NORTE2,1,1.385,17.049999999999997,15.75,54.75,25.0,otra
2024-04-25 07:00:00,2024,4,25,SUR,1,2.356666666666667,6.7125,16.714285714285715,49.625,21.75,otra
2024-04-25 07:00:00,2024,4,25,SUROESTE2,1,2.485,17.0,10.75,60.25,24.75,otra
2024-04-25 08:00:00,2024,4,25,CENTRO,1,2.76,18.0,12.0,67.0,,otra
2024-04-25 08:00:00,2024,4,25,NORESTE3,0,2.606666666666667,11.383333333333333,17.375,47.166666666666664,24.0,otra
2024-04-25 08:00:00,2024,4,25,NOROESTE3,0,2.388333333333333,8.483333333333333,14.333333333333334,51.0,14.5,otra
2024-04-25 08:00:00,2024,4,25,NORTE2,1,1.4475,17.125,16.0,62.25,28.5,otra
2024-04-25 08:00:00,2024,4,25,SUR,1,2.4283333333333332,8.25,14.375,53.625,22.166666666666668,otra
2024-04-25 08:00:00,2024,4,25,SUROESTE2,1,2.7075,17.125,12.0,69.75,26.75,otra
2024-04-26 07:00:00,2024,4,26,CENTRO,1,2.67,15.5,15.0,72.0,,otra
2024-04-26 07:00:00,2024,4,26,NORESTE3,0,2.3253333333333335,12.116666666666667,14.64,54.333333333333336,22.5,otra
2024-04-26 07:00:00,2024,4,26,NOROESTE3,0,2.401666666666667,11.1,8.333333333333334,55.666666666666664,14.0,otra
2024-04-26 07:00:00,2024,4,26,NORTE2,1,1.45,20.3,16.75,67.5,24.0,otra
2024-04-26 07:00:00,2024,4,26,SUR,1,2.4283333333333332,11.5625,12.75,77.5,23.333333333333332,otra
2024-04-26 07:00:00,2024,4,26,SUROESTE2,1,2.645,20.35,9.5,103.25,37.75,otra
2024-04-26 08:00:00,2024,4,26,CENTRO,1,2.77,18.3,14.0,70.0,,otra
2024-04-26 08:00:00,2024,4,26,NORESTE3,0,2.3850000000000002,13.133333333333333,15.049999999999999,62.333333333333336,28.25,otra
2024-04-26 08:00:00,2024,4,26,NOROESTE3,0,2.4583333333333335,11.35,10.5,69.83333333333333,15.0,otra
2024-04-26 08:00:00,2024,4,26,NORTE2,1,1.5525,21.925,19.75,77.0,27.0,otra
2024-04-26 08:00:00,2024,4,26,SUR,1,2.5033333333333334,12.7375,15.125,82.375,25.5,otra
2024-04-26 08:00:00,2024,4,26,SUROESTE2,1,2.89,23.675,12.25,141.25,42.5,otra
2024-04-27 07:00:00,2024,4,27,CENTRO,0,2.71,19.5,17.0,86.0,,otra
2024-04-27 07:00:00,2024,4,27,NORESTE3,0,1.7975,7.2,26.25,46.75,35.0,otra
2024-04-27 07:00:00,2024,4,27,NOROESTE3,0,2.2925,8.225,13.25,91.0,30.5,otra
2024-04-27 07:00:00,2024,4,27,NORTE2,0,1.45,16.625,25.5,69.75,25.666666666666668,otra
2024-04-27 07:00:00,2024,4,27,SUR,0,2.3833333333333333,8.600000000000001,20.375,81.375,35.125,otra
2024-04-27 07:00:00,2024,4,27,SUROESTE2,0,2.4475,13.575,19.0,92.75,36.5,otra
2024-04-27 08:00:00,2024,4,27,CENTRO,0,2.85,20.7,17.0,91.0,,otra
2024-04-27 08:00:00,2024,4,27,NORESTE3,0,1.8070000000000002,7.475,27.475,50.75,38.0,otra
2024-04-27 08:00:00,2024,4,27,NOROESTE3,0,2.345,7.449999999999999,18.5,92.0,29.5,otra
2024-04-27 08:00:00,2024,4,27,NORTE2,0,1.53,16.55,29.75,75.5,32.666666666666664,otra
2024-04-27 08:00:00,2024,4,27,SUR,0,2.4116666666666666,9.25,24.125,83.375,33.875,otra
2024-04-27 08:00:00,2024,4,27,SUROESTE2,0,2.59,15.100000000000001,23.0,92.25,42.0,otra
2024-04-28 07:00:00,2024,4,28,CENTRO,0,2.79,15.7,21.0,89.0,,otra
2024-04-28 07:00:00,2024,4,28,NORESTE3,0,1.85775,7.1,29.1,59.5,48.0,otra
2024-04-28 07:00:00,2024,4,28,NOROESTE3,0,2.345,7.875,18.0,86.83333333333333,23.0,otra
2024-04-28 07:00:00,2024,4,28,NORTE2,0,1.4675,13.700000000000001,23.5,86.0,35.0,otra
2024-04-28 07:00:00,2024,4,28,SUR,0,2.5083333333333333,5.6125,27.25,94.14285714285714,49.0,otra
2024-04-28 07:00:00,2024,4,28,SUROESTE2,0,2.6025,14.5,19.5,107.5,50.5,otra
2024-04-28 08:00:00,2024,4,28,CENTRO,0,2.85,18.0,22.0,122.0,,otra
2024-04-28 08:00:00,2024,4,28,NORESTE3,0,1.8657499999999998,6.7,32.075,61.0,47.0,otra
2024-04-28 08:00:00,2024,4,28,NOROESTE3,0,2.15,6.2,33.5,94.5,14.5,otra
2024-04-28 08:00:00,2024,4,28,NORTE2,0,1.475,13.65,25.25,87.5,31.5,otra
2024-04-28 08:00:00,2024,4,28,SUR,0,2.501666666666667,7.3,28.25,94.0,50.0,otra
2024-04-28 08:00:00,2024,4,28,SUROESTE2,0,2.6725000000000003,15.075,26.75,93.0,53.0,otra
2024-04-29 07:00:00,2024,4,29,CENTRO,1,2.75,19.6,16.0,67.0,,otra
2024-04-29 07:00:00,2024,4,29,NORESTE3,0,2.0498000000000003,10.040000000000001,19.02,55.0,24.333333333333332,otra
2024-04-29 07:00:00,2024,4,29,NOROESTE3,0,2.3775,11.4,10.5,92.0,18.5,otra
2024-04-29 07:00:00,2024,4,29,NORTE2,1,1.4725000000000001,19.55,16.25,85.75,23.75,otra
2024-04-29 07:00:00,2024,4,29,SUR,1,2.408333333333333,11.737499999999999,18.75,77.875,29.375,otra
2024-04-29 07:00:00,2024,4,29,SUROESTE2,1,2.5675,21.15,18.5,80.75,26.25,otra
2024-04-29 08:00:00,2024,4,29,CENTRO,1,2.83,20.5,18.0,79.0,,otra
2024-04-29 08:00:00,2024,4,29,NORESTE3,0,2.1982,9.540000000000001,21.46,54.2,25.666666666666668,otra
2024-04-29 08:00:00,2024,4,29,NOROESTE3,0,2.335,9.875,16.25,93.16666666666667,20.0,otra
2024-04-29 08:00:00,2024,4,29,NORTE2,1,1.54,17.675,20.25,85.0,24.25,otra
2024-04-29 08:00:00,2024,4,29,SUR,1,2.4466666666666668,11.3375,22.625,85.625,31.25,otra
2024-04-29 08:00:00,2024,4,29,SUROESTE2,1,2.7525,25.125,21.25,81.75,34.75,otra
2024-04-30 07:00:00,2024,4,30,CENTRO,1,2.58,6.3,34.0,65.0,,otra
2024-04-30 07:00:00,2024,4,30,NORESTE3,0,2.439833333333333,11.35,17.383333333333333,55.333333333333336,31.25,otra
2024-04-30 07:00:00,2024,4,30,NOROESTE3,0,2.1575,5.925,21.5,56.0,16.0,otra
2024-04-30 07:00:00,2024,4,30,NORTE2,1,1.415,18.75,16.0,71.0,25.0,otra
2024-04-30 07:00:00,2024,4,30,SUR,1,2.4283333333333332,8.5625,20.0,70.0,31.0,otra
2024-04-30 07:00:00,2024,4,30,SUROESTE2,1,2.4725,12.775,26.0,73.0,26.75,otra
2024-04-30 08:00:00,2024,4,30,CENTRO,1,2.74,16.7,23.0,59.0,,otra
2024-04-30 08:00:00,2024,4,30,NORESTE3,0,2.4396666666666667,12.25,17.349999999999998,62.166666666666664,35.5,otra
2024-04-30 08:00:00,2024,4,30,NOROESTE3,0,2.1475,6.8,23.5,60.333333333333336,15.5,otra
2024-04-30 08:00:00,2024,4,30,NORTE2,1,1.4925,16.7,18.25,76.5,24.5,otra
2024-04-30 08:00:00,2024,4,30,SUR,1,2.433333333333333,6.5625,23.25,76.625,30.875,otra
2024-04-30 08:00:00,2024,4,30,SUROESTE2,1,2.6075,16.875,23.0,71.75,29.5,otra
2024-05-01 07:00:00,2024,5,1,CENTRO,1,2.58,6.7,24.0,40.0,,otra
2024-05-01 07:00:00,2024,5,1,NORESTE3,0,2.2018333333333335,8.65,16.416666666666668,38.333333333333336,21.75,otra
2024-05-01 07:00:00,2024,5,1,NOROESTE3,0,2.0625,4.6,17.75,43.666666666666664,14.5,otra
2024-05-01 07:00:00,2024,5,1,NORTE2,1,1.2725,10.575,16.0,37.25,16.25,otra
2024-05-01 07:00:00,2024,5,1,SUR,1,2.3433333333333333,4.1375,19.25,53.125,19.69666666666667,otra
2024-05-01 07:00:00,2024,5,1,SUROESTE2,1,2.34,16.7,13.0,59.5,23.825,otra
2024-05-01 08:00:00,2024,5,1,CENTRO,1,2.61,7.9,23.0,39.0,,otra
2024-05-01 08:00:00,2024,5,1,NORESTE3,0,2.2401666666666666,9.183333333333334,17.419999999999998,38.666666666666664,20.0,otra
2024-05-01 08:00:00,2024,5,1,NOROESTE3,0,2.1175,5.275,17.75,36.5,13.0,otra
2024-05-01 08:00:00,2024,5,1,NORTE2,1,1.315,11.45,17.333333333333332,46.25,17.0,otra
2024-05-01 08:00:00,2024,5,1,SUR,1,2.3683333333333336,4.1875,20.875,49.125,21.312,otra
2024-05-01 08:00:00,2024,5,1,SUROESTE2,1,2.3475,13.125,16.5,48.75,25.05,otra
2024-05-02 07:00:00,2024,5,2,CENTRO,1,2.98,17.7,15.0,111.0,,otra
2024-05-02 07:00:00,2024,5,2,NORESTE3,0,3.1715,10.9,17.866666666666667,61.333333333333336,36.0,otra
2024-05-02 07:00:00,2024,5,2,NOROESTE3,0,2.2225,5.15,13.75,74.16666666666667,20.0,otra
2024-05-02 07:00:00,2024,5,2,NORTE2,1,0.665,16.0,19.0,84.0,29.5,otra
2024-05-02 07:00:00,2024,5,2,SUR,1,2.4533333333333336,9.6,20.875,83.625,39.735,otra
2024-05-02 07:00:00,2024,5,2,SUROESTE2,1,2.9425,18.925,10.5,118.75,47.75,otra
2024-05-02 08:00:00,2024,5,2,CENTRO,1,3.02,18.7,16.0,115.0,,otra
2024-05-02 08:00:00,2024,5,2,NORESTE3,0,3.8415999999999997,13.8,14.98,66.2,40.5,otra
2024-05-02 08:00:00,2024,5,2,NOROESTE3,0,2.2824999999999998,6.0,17.5,75.5,22.0,otra
2024-05-02 08:00:00,2024,5,2,NORTE2,1,0.725,17.4,23.0,82.0,31.5,otra
2024-05-02 08:00:00,2024,5,2,SUR,1,2.5500000000000003,11.4125,23.125,91.5,39.7,otra
2024-05-02 08:00:00,2024,5,2,SUROESTE2,1,2.995,19.775,15.0,123.5,56.25,otra
2024-05-03 07:00:00,2024,5,3,CENTRO,1,2.77,14.3,28.0,72.0,,otra
2024-05-03 07:00:00,2024,5,3,NORESTE3,0,4.037,11.683333333333332,16.466666666666665,56.5,34.0,otra
2024-05-03 07:00:00,2024,5,3,NOROESTE3,0,2.25,7.65,22.5,60.166666666666664,17.0,otra
2024-05-03 07:00:00,2024,5,3,NORTE2,1,1.5074999999999998,24.15,21.25,68.0,20.0,otra
2024-05-03 07:00:00,2024,5,3,SUR,1,2.4766666666666666,7.75,26.375,73.25,28.705,otra
2024-05-03 07:00:00,2024,5,3,SUROESTE2,1,2.5225,18.825000000000003,24.0,69.5,34.25,otra
2024-05-03 08:00:00,2024,5,3,CENTRO,1,2.83,15.5,30.0,90.0,,otra
2024-05-03 08:00:00,2024,5,3,NORESTE3,0,3.971,12.833333333333334,17.05,65.33333333333333,34.25,otra
2024-05-03 08:00:00,2024,5,3,NOROESTE3,0,2.2824999999999998,8.175,26.0,68.66666666666667,19.0,otra
2024-05-03 08:00:00,2024,5,3,NORTE2,1,1.63,28.3,24.75,87.0,29.25,otra
2024-05-03 08:00:00,2024,5,3,SUR,1,2.5683333333333334,9.8375,30.25,84.625,32.93,otra
2024-05-03 08:00:00,2024,5,3,SUROESTE2,1,2.7,17.9,29.75,88.75,37.0,otra
2024-05-04 07:00:00,2024,5,4,CENTRO,0,2.65,12.1,29.0,54.0,,otra
2024-05-04 07:00:00,2024,5,4,NORESTE3,0,2.1736666666666666,8.983333333333333,17.583333333333332,37.166666666666664,21.75,otra
2024-05-04 07:00:00,2024,5,4,NOROESTE3,0,2.405,7.466666666666666,24.333333333333332,48.166666666666664,11.5,otra
2024-05-04 07:00:00,2024,5,4,NORTE2,0,1.35,15.799999999999999,23.25,50.0,15.25,otra
2024-05-04 07:00:00,2024,5,4,SUR,0,2.44,7.5125,23.25,52.5,19.406666666666666,otra
2024-05-04 07:00:00,2024,5,4,SUROESTE2,0,2.3325,11.9,28.5,60.0,22.5,otra
2024-05-04 08:00:00,2024,5,4,CENTRO,0,2.65,8.0,32.0,56.0,,otra
2024-05-04 08:00:00,2024,5,4,NORESTE3,0,2.2258333333333336,9.083333333333334,17.099999999999998,36.833333333333336,25.25,otra
2024-05-04 08:00:00,2024,5,4,NOROESTE3,0,2.3766666666666665,6.3999999999999995,25.833333333333332,47.833333333333336,12.0,otra
2024-05-04 08:00:00,2024,5,4,NORTE2,0,1.415,18.424999999999997,21.75,54.5,20.5,otra
2024-05-04 08:00:00,2024,5,4,SUR,0,2.46,8.9875,21.5,58.375,20.956666666666667,otra
2024-05-04 08:00:00,2024,5,4,SUROESTE2,0,2.465,14.625,26.25,54.5,23.5,otra
2024-05-05 07:00:00,2024,5,5,CENTRO,0,2.77,12.5,19.0,75.0,31.0,otra
2024-05-05 07:00:00,2024,5,5,NORESTE3,0,2.1601666666666666,6.833333333333333,19.9,46.833333333333336,30.75,otra
2024-05-05 07:00:00,2024,5,5,NOROESTE3,0,2.295,5.533333333333334,19.5,61.166666666666664,,otra
2024-05-05 07:00:00,2024,5,5,NORTE2,0,1.2825,12.125,21.5,61.25,18.75,otra
2024-05-05 07:00:00,2024,5,5,SUR,0,2.3466666666666667,4.575,22.875,60.875,23.926666666666666,otra
2024-05-05 07:00:00,2024,5,5,SUROESTE2,0,2.515,10.575000000000001,20.0,105.25,36.75,otra
2024-05-05 08:00:00,2024,5,5,CENTRO,0,2.98,10.3,23.0,64.0,40.21,otra
2024-05-05 08:00:00,2024,5,5,NORESTE3,0,2.1241666666666665,6.733333333333333,21.525,41.333333333333336,30.5,otra
2024-05-05 08:00:00,2024,5,5,NOROESTE3,0,2.311666666666667,5.083333333333333,23.833333333333332,54.0,15.0,otra
2024-05-05 08:00:00,2024,5,5,NORTE2,0,1.315,11.225000000000001,25.0,72.75,30.0,otra
2024-05-05 08:00:00,2024,5,5,SUR,0,2.3916666666666666,5.45,25.5,64.25,28.179999999999996,otra
2024-05-05 08:00:00,2024,5,5,SUROESTE2,0,2.495,10.6,24.0,92.75,37.5,otra
2024-05-06 07:00:00,2024,5,6,CENTRO,1,2.76,18.6,14.0,82.0,31.5,otra
2024-05-06 07:00:00,2024,5,6,NORESTE3,0,2.273166666666667,10.450000000000001,18.666666666666668,44.0,25.5,otra
2024-05-06 07:00:00,2024,5,6,NOROESTE3,0,2.4616666666666664,9.666666666666666,13.166666666666666,53.166666666666664,14.5,otra
2024-05-06 07:00:00,2024,5,6,NORTE2,1,1.365,17.525,19.5,63.75,23.25,otra
2024-05-06 07:00:00,2024,5,6,SUR,1,2.4600000000000004,8.475,19.5,68.75,27.790000000000003,otra
2024-05-06 07:00:00,2024,5,6,SUROESTE2,1,2.6225,16.5,14.0,73.5,27.0,otra
2024-05-06 08:00:00,2024,5,6,CENTRO,1,2.91,19.3,15.0,93.0,34.97,otra
2024-05-06 08:00:00,2024,5,6,NORESTE3,0,2.322,10.983333333333334,19.75,57.833333333333336,33.0,otra
2024-05-06 08:00:00,2024,5,6,NOROESTE3,0,2.405,9.016666666666667,15.833333333333334,57.666666666666664,18.0,otra
2024-05-06 08:00:00,2024,5,6,NORTE2,1,1.4475,19.775,19.5,68.75,25.25,otra
2024-05-06 08:00:00,2024,5,6,SUR,1,2.52,9.125,21.125,78.875,28.33666666666667,otra
2024-05-06 08:00:00,2024,5,6,SUROESTE2,1,2.7925,18.174999999999997,17.75,92.0,31.25,otra
2024-05-07 07:00:00,2024,5,7,CENTRO,1,2.86,18.6,12.0,57.0,36.51,otra
2024-05-07 07:00:00,2024,5,7,NORESTE3,0,2.15075,13.05,15.425,66.5,37.5,otra
2024-05-07 07:00:00,2024,5,7,NOROESTE3,0,2.651666666666667,12.433333333333332,9.166666666666666,82.66666666666667,16.5,otra
2024-05-07 07:00:00,2024,5,7,NORTE2,1,2.6,27.200000000000003,14.75,104.5,29.0,otra
2024-05-07 07:00:00,2024,5,7,SUR,1,2.5516666666666663,13.3375,16.75,88.75,34.5125,otra
2024-05-07 07:00:00,2024,5,7,SUROESTE2,1,2.74,22.35,19.25,122.0,40.25,otra
2024-05-07 08:00:00,2024,5,7,CENTRO,1,3.04,17.8,17.0,74.0,39.5,otra
2024-05-07 08:00:00,2024,5,7,NORESTE3,0,2.445,12.95,21.625,87.25,39.5,otra
2024-05-07 08:00:00,2024,5,7,NOROESTE3,0,2.643333333333333,12.733333333333334,15.666666666666666,89.16666666666667,15.0,otra
2024-05-07 08:00:00,2024,5,7,NORTE2,1,2.895,25.525,21.75,110.0,39.333333333333336,otra
2024-05-07 08:00:00,2024,5,7,SUR,1,2.6750000000000003,16.775,24.25,101.875,37.29,otra
2024-05-07 08:00:00,2024,5,7,SUROESTE2,1,3.02,34.85,22.25,151.0,46.25,otra
2024-05-08 07:00:00,2024,5,8,CENTRO,1,2.98,17.0,11.0,99.0,44.39,otra
2024-05-08 07:00:00,2024,5,8,NORESTE3,0,2.23975,11.75,13.533333333333333,68.0,34.5,otra
2024-05-08 07:00:00,2024,5,8,NOROESTE3,0,2.735,11.766666666666666,9.0,79.16666666666667,23.13,otra
2024-05-08 07:00:00,2024,5,8,NORTE2,1,0.835,26.2,12.75,99.25,27.75,otra
2024-05-08 07:00:00,2024,5,8,SUR,1,2.5666666666666664,12.8875,17.75,88.125,36.666666666666664,otra
2024-05-08 07:00:00,2024,5,8,SUROESTE2,1,2.8275,26.15,21.75,122.75,43.31,otra
2024-05-08 08:00:00,2024,5,8,CENTRO,1,3.09,21.6,16.0,114.0,47.44,otra
2024-05-08 08:00:00,2024,5,8,NORESTE3,0,2.40425,15.0,17.55,76.75,40.5,otra
2024-05-08 08:00:00,2024,5,8,NOROESTE3,0,2.768333333333333,13.833333333333334,15.166666666666666,86.66666666666667,23.585,otra
2024-05-08 08:00:00,2024,5,8,NORTE2,1,0.79,30.425,18.5,103.75,25.25,otra
2024-05-08 08:00:00,2024,5,8,SUR,1,2.7466666666666666,17.5625,19.875,101.75,40.833333333333336,otra
2024-05-08 08:00:00,2024,5,8,SUROESTE2,1,3.2649999999999997,37.875,31.0,138.25,48.725,otra
2024-05-09 07:00:00,2024,5,9,CENTRO,1,2.7,32.6,16.0,102.0,23.18,otra
2024-05-09 07:00:00,2024,5,9,NORESTE3,0,2.8328333333333333,18.433333333333334,12.116666666666667,121.5,55.25,otra
2024-05-09 07:00:00,2024,5,9,NOROESTE3,0,3.0549999999999997,23.3,9.833333333333334,124.5,,otra
2024-05-09 07:00:00,2024,5,9,NORTE2,1,1.9275,44.025,17.5,183.75,46.0,otra
2024-05-09 07:00:00,2024,5,9,SUR,1,3.355,27.1625,13.125,140.875,70.0,otra
2024-05-09 07:00:00,2024,5,9,SUROESTE2,1,2.6075,28.075,21.25,81.75,27.47,otra
2024-05-09 08:00:00,2024,5,9,CENTRO,1,2.88,37.1,17.0,89.0,19.57,otra
2024-05-09 08:00:00,2024,5,9,NORESTE3,0,2.9919999999999995,20.166666666666668,17.233333333333334,129.83333333333334,64.5,otra
2024-05-09 08:00:00,2024,5,9,NOROESTE3,0,2.765,20.0,20.5,125.5,,otra
2024-05-09 08:00:00,2024,5,9,NORTE2,1,1.8775,41.95,27.5,172.25,38.75,otra
2024-05-09 08:00:00,2024,5,9,SUR,1,3.4299999999999997,27.5375,23.75,150.875,70.0,otra
2024-05-09 08:00:00,2024,5,9,SUROESTE2,1,3.05,36.6,22.0,120.25,35.565,otra
2024-05-10 07:00:00,2024,5,10,CENTRO,1,3.34,28.3,19.0,100.0,60.7,otra
2024-05-10 07:00:00,2024,5,10,NORESTE3,0,2.728,14.449999999999998,18.05,81.66666666666667,49.75,otra
2024-05-10 07:00:00,2024,5,10,NOROESTE3,0,2.4225,10.35,23.25,87.0,,otra
2024-05-10 07:00:00,2024,5,10,NORTE2,1,1.5625,22.6,27.5,113.0,49.5,otra
2024-05-10 07:00:00,2024,5,10,SUR,1,2.86,12.9625,33.25,97.125,49.666666666666664,otra
2024-05-10 07:00:00,2024,5,10,SUROESTE2,1,2.805,24.875,32.5,84.0,44.0,otra
2024-05-10 08:00:00,2024,5,10,CENTRO,1,3.34,21.6,29.0,106.0,64.52,otra
2024-05-10 08:00:00,2024,5,10,NORESTE3,0,2.7471666666666668,11.850000000000001,25.766666666666666,86.83333333333333,55.0,otra
2024-05-10 08:00:00,2024,5,10,NOROESTE3,0,2.453333333333333,10.9,27.666666666666668,93.33333333333333,,otra
2024-05-10 08:00:00,2024,5,10,NORTE2,1,1.595,20.125,35.25,109.0,50.0,otra
2024-05-10 08:00:00,2024,5,10,SUR,1,2.7866666666666666,10.4875,41.5,105.5,51.166666666666664,otra
2024-05-10 08:00:00,2024,5,10,SUROESTE2,1,2.9175,24.725,39.75,90.0,55.0,otra
2024-05-11 07:00:00,2024,5,11,CENTRO,0,2.93,6.5,41.0,87.0,65.0,otra
2024-05-11 07:00:00,2024,5,11,NORESTE3,0,2.654,11.833333333333334,21.425,71.16666666666667,57.5,otra
2024-05-11 07:00:00,2024,5,11,NOROESTE3,0,2.566666666666667,6.1499999999999995,35.5,72.0,,otra
2024-05-11 07:00:00,2024,5,11,NORTE2,0,1.475,16.0,29.75,88.5,48.333333333333336,otra
2024-05-11 07:00:00,2024,5,11,SUR,0,2.98,5.4125,27.875,78.5,55.25,otra
2024-05-11 07:00:00,2024,5,11,SUROESTE2,0,2.635,11.35,38.75,100.0,48.59,otra
2024-05-11 08:00:00,2024,5,11,CENTRO,0,2.98,10.9,35.0,94.0,64.0,otra
2024-05-11 08:00:00,2024,5,11,NORESTE3,0,2.7723333333333335,11.733333333333334,23.95,76.0,53.5,otra
2024-05-11 08:00:00,2024,5,11,NOROESTE3,0,2.6300000000000003,9.433333333333334,30.833333333333332,79.66666666666667,,otra
2024-05-11 08:00:00,2024,5,11,NORTE2,0,1.4849999999999999,17.175,29.5,89.0,45.75,otra
2024-05-11 08:00:00,2024,5,11,SUR,0,2.9924999999999997,6.300000000000001,25.625,81.71428571428571,51.5,otra
2024-05-11 08:00:00,2024,5,11,SUROESTE2,0,2.6725,14.075,30.5,105.0,50.54,otra
2024-05-12 07:00:00,2024,5,12,CENTRO,0,2.76,12.9,17.0,75.0,40.0,otra
2024-05-12 07:00:00,2024,5,12,NORESTE3,0,2.4739999999999998,7.783333333333334,15.450000000000001,36.5,20.5,otra
2024-05-12 07:00:00,2024,5,12,NOROESTE3,0,2.5016666666666665,7.333333333333333,13.0,38.0,,otra
2024-05-12 07:00:00,2024,5,12,NORTE2,0,1.175,12.775,17.0,51.75,20.5,otra
2024-05-12 07:00:00,2024,5,12,SUR,0,2.7775,5.8875,17.625,53.0,21.0,otra
2024-05-12 07:00:00,2024,5,12,SUROESTE2,0,2.5175,14.075,16.25,79.5,33.075,otra
2024-05-12 08:00:00,2024,5,12,CENTRO,0,2.8,12.6,17.0,81.0,41.0,otra
2024-05-12 08:00:00,2024,5,12,NORESTE3,0,2.5431666666666666,7.916666666666667,17.066666666666666,39.5,23.0,otra
2024-05-12 08:00:00,2024,5,12,NOROESTE3,0,2.49,7.95,13.0,47.166666666666664,,otra
2024-05-12 08:00:00,2024,5,12,NORTE2,0,1.2175,13.15,18.75,56.25,22.0,otra
2024-05-12 08:00:00,2024,5,12,SUR,0,2.8125,7.2625,17.875,59.166666666666664,25.5,otra
2024-05-12 08:00:00,2024,5,12,SUROESTE2,0,2.5675,12.925,19.0,89.0,38.655,otra
2024-05-13 07:00:00,2024,5,13,CENTRO,0,3.19,20.8,12.0,91.0,,otra
2024-05-13 07:00:00,2024,5,13,NORESTE3,0,2.7763333333333335,12.116666666666667,12.48,73.33333333333333,44.25,otra
2024-05-13 07:00:00,2024,5,13,NOROESTE3,0,2.9775,23.8,8.0,89.75,,otra
2024-05-13 07:00:00,2024,5,13,NORTE2,1,1.6775,30.225,12.0,103.75,42.25,otra
2024-05-13 07:00:00,2024,5,13,SUR,1,3.235,16.2375,13.5,100.66666666666667,49.5,otra
2024-05-13 07:00:00,2024,5,13,SUROESTE2,1,3.1774999999999998,29.375,19.25,141.25,46.870000000000005,otra
2024-05-13 08:00:00,2024,5,13,CENTRO,0,3.65,28.9,12.0,103.0,,otra
2024-05-13 08:00:00,2024,5,13,NORESTE3,0,3.1511666666666667,14.450000000000001,15.016666666666666,86.5,45.75,otra
2024-05-13 08:00:00,2024,5,13,NOROESTE3,0,3.1325000000000003,24.575,13.0,109.25,,otra
2024-05-13 08:00:00,2024,5,13,NORTE2,1,1.8125,30.55,20.75,116.75,36.75,otra
2024-05-13 08:00:00,2024,5,13,SUR,1,3.2525,14.3,20.75,111.16666666666667,41.8,otra
2024-05-13 08:00:00,2024,5,13,SUROESTE2,1,3.455,33.449999999999996,22.75,164.75,57.864999999999995,otra
2024-05-14 07:00:00,2024,5,14,CENTRO,0,2.92,24.1,20.0,97.0,35.19,otra
2024-05-14 07:00:00,2024,5,14,NORESTE3,0,2.6248333333333336,16.21666666666667,17.7,64.83333333333333,26.25,otra
2024-05-14 07:00:00,2024,5,14,NOROESTE3,0,2.7883333333333336,16.616666666666664,15.166666666666666,122.0,,otra
2024-05-14 07:00:00,2024,5,14,NORTE2,1,1.4649999999999999,32.15,20.75,99.5,26.25,otra
2024-05-14 07:00:00,2024,5,14,SUR,1,2.92,14.112499999999999,22.375,76.0,27.833333333333332,otra
2024-05-14 07:00:00,2024,5,14,SUROESTE2,1,2.67,24.5,26.25,108.25,35.0,otra
2024-05-14 08:00:00,2024,5,14,CENTRO,0,3.01,32.4,20.0,82.0,38.16,otra
2024-05-14 08:00:00,2024,5,14,NORESTE3,0,2.6808333333333336,16.45,22.599999999999998,62.166666666666664,25.25,otra
2024-05-14 08:00:00,2024,5,14,NOROESTE3,0,2.8000000000000003,16.216666666666665,22.666666666666668,110.0,,otra
2024-05-14 08:00:00,2024,5,14,NORTE2,1,1.555,31.474999999999998,28.5,97.25,27.0,otra
2024-05-14 08:00:00,2024,5,14,SUR,1,3.0225,15.274999999999999,30.625,93.625,28.0,otra
2024-05-14 08:00:00,2024,5,14,SUROESTE2,1,2.8625,27.65,34.75,80.0,44.5,otra
2024-05-15 07:00:00,2024,5,15,CENTRO,0,2.87,12.6,25.0,64.0,32.99,otra
2024-05-15 07:00:00,2024,5,15,NORESTE3,0,2.3970000000000002,11.45,19.45,59.0,36.0,otra
2024-05-15 07:00:00,2024,5,15,NOROESTE3,0,2.51,7.866666666666667,24.166666666666668,48.166666666666664,,otra
2024-05-15 07:00:00,2024,5,15,NORTE2,1,1.2774999999999999,14.875,24.0,58.333333333333336,31.25,otra
2024-05-15 07:00:00,2024,5,15,SUR,1,2.955,6.737500000000001,23.875,59.75,30.833333333333332,otra
2024-05-15 07:00:00,2024,5,15,SUROESTE2,1,2.6375,15.975000000000001,30.75,56.0,31.5,otra
2024-05-15 08:00:00,2024,5,15,CENTRO,0,2.98,17.2,22.0,67.0,37.13,otra
2024-05-15 08:00:00,2024,5,15,NORESTE3,0,2.476,11.75,24.03333333333333,65.0,35.5,otra
2024-05-15 08:00:00,2024,5,15,NOROESTE3,0,2.545,7.05,27.833333333333332,48.666666666666664,,otra
2024-05-15 08:00:00,2024,5,15,NORTE2,1,1.4933333333333334,15.933333333333332,27.333333333333332,83.33333333333333,27.0,otra
2024-05-15 08:00:00,2024,5,15,SUR,1,3.0375,8.3375,22.75,63.875,35.166666666666664,otra
2024-05-15 08:00:00,2024,5,15,SUROESTE2,1,2.7375,16.65,34.0,114.75,32.5,otra
2024-05-16 07:00:00,2024,5,16,CENTRO,0,2.99,21.0,16.0,89.0,54.42,otra
2024-05-16 07:00:00,2024,5,16,NORESTE3,0,2.7119999999999997,10.283333333333333,18.233333333333334,69.75,40.25,otra
2024-05-16 07:00:00,2024,5,16,NOROESTE3,0,2.6816666666666666,9.333333333333334,17.5,65.66666666666667,,otra
2024-05-16 07:00:00,2024,5,16,NORTE2,1,1.4275,16.3,24.0,75.75,35.0,otra
2024-05-16 07:00:00,2024,5,16,SUR,1,3.2,6.5125,25.125,78.0,39.666666666666664,otra
2024-05-16 07:00:00,2024,5,16,SUROESTE2,1,2.8225,21.025,27.5,102.5,45.760000000000005,otra
2024-05-16 08:00:00,2024,5,16,CENTRO,0,3.1,18.1,20.0,93.0,53.28,otra
2024-05-16 08:00:00,2024,5,16,NORESTE3,0,2.824666666666667,10.916666666666666,20.583333333333332,80.25,45.5,otra
2024-05-16 08:00:00,2024,5,16,NOROESTE3,0,2.72,7.95,22.0,73.16666666666667,,otra
2024-05-16 08:00:00,2024,5,16,NORTE2,1,1.5225,19.3,27.5,95.25,34.25,otra
2024-05-16 08:00:00,2024,5,16,SUR,1,3.2275,9.7875,27.375,82.875,39.75,otra
2024-05-16 08:00:00,2024,5,16,SUROESTE2,1,2.995,22.425,32.75,96.5,54.355000000000004,otra
2024-05-17 07:00:00,2024,5,17,CENTRO,0,3.04,14.6,29.0,63.0,,otra
2024-05-17 07:00:00,2024,5,17,NORESTE3,0,2.4963333333333333,9.516666666666666,22.21666666666667,30.0,7.25,otra
2024-05-17 07:00:00,2024,5,17,NOROESTE3,0,2.4716666666666667,8.333333333333334,22.666666666666668,38.5,,otra
2024-05-17 07:00:00,2024,5,17,NORTE2,1,1.0925,18.175,20.0,40.5,6.333333333333333,otra
2024-05-17 07:00:00,2024,5,17,SUR,1,3.1775,8.9625,24.5,59.375,21.25,otra
2024-05-17 07:00:00,2024,5,17,SUROESTE2,1,2.5375,13.9,35.5,63.5,9.5,otra
2024-05-17 08:00:00,2024,5,17,CENTRO,0,2.92,19.1,24.0,51.0,,otra
2024-05-17 08:00:00,2024,5,17,NORESTE3,0,2.476166666666667,9.799999999999999,22.833333333333332,29.5,10.25,otra
2024-05-17 08:00:00,2024,5,17,NOROESTE3,0,2.5683333333333334,10.133333333333333,20.833333333333332,36.0,,otra
2024-05-17 08:00:00,2024,5,17,NORTE2,1,1.215,19.9,20.0,43.25,12.0,otra
2024-05-17 08:00:00,2024,5,17,SUR,1,3.1625,9.6125,26.125,44.5,21.666666666666668,otra
2024-05-17 08:00:00,2024,5,17,SUROESTE2,1,2.64,19.8,27.75,52.25,9.0,otra
2024-05-18 07:00:00,2024,5,18,CENTRO,0,2.98,18.5,24.0,48.0,,otra
2024-05-18 07:00:00,2024,5,18,NORESTE3,0,2.7420000000000004,15.416666666666666,17.066666666666666,56.666666666666664,25.75,otra
2024-05-18 07:00:00,2024,5,18,NOROESTE3,0,2.6616666666666666,13.066666666666668,18.666666666666668,47.666666666666664,,otra
2024-05-18 07:00:00,2024,5,18,NORTE2,0,1.4125,28.0,23.0,63.75,20.0,otra
2024-05-18 07:00:00,2024,5,18,SUR,0,3.5175,10.75,26.75,54.833333333333336,21.0,otra
2024-05-18 07:00:00,2024,5,18,SUROESTE2,0,2.7225,20.25,35.0,54.75,28.5,otra
2024-05-18 08:00:00,2024,5,18,CENTRO,0,3.1,24.2,24.0,58.0,,otra
2024-05-18 08:00:00,2024,5,18,NORESTE3,0,2.6508333333333334,13.833333333333334,25.53333333333333,58.666666666666664,26.5,otra
2024-05-18 08:00:00,2024,5,18,NOROESTE3,0,2.59,11.9,26.666666666666668,53.6,,otra
2024-05-18 08:00:00,2024,5,18,NORTE2,0,1.4825,23.15,36.25,77.0,24.0,otra
2024-05-18 08:00:00,2024,5,18,SUR,0,3.7025,8.5875,36.75,59.166666666666664,25.75,otra
2024-05-18 08:00:00,2024,5,18,SUROESTE2,0,2.71,17.825,46.0,73.25,35.5,otra
2024-05-19 07:00:00,2024,5,19,CENTRO,0,2.91,8.6,27.0,77.0,,otra
2024-05-19 07:00:00,2024,5,19,NORESTE3,0,2.5848333333333335,8.166666666666666,17.833333333333332,71.2,45.5,otra
2024-05-19 07:00:00,2024,5,19,NOROESTE3,0,2.7266666666666666,6.133333333333333,21.666666666666668,61.0,,otra
2024-05-19 07:00:00,2024,5,19,NORTE2,0,1.4175,9.725,31.25,78.5,32.5,otra
2024-05-19 07:00:00,2024,5,19,SUR,0,3.8425,3.5999999999999996,29.625,74.0,36.833333333333336,otra
2024-05-19 07:00:00,2024,5,19,SUROESTE2,0,2.56,14.850000000000001,33.75,99.5,42.0,otra
2024-05-19 08:00:00,2024,5,19,CENTRO,0,2.95,15.9,22.0,82.0,,otra
2024-05-19 08:00:00,2024,5,19,NORESTE3,0,2.657,8.883333333333333,19.95,68.83333333333333,44.75,otra
2024-05-19 08:00:00,2024,5,19,NOROESTE3,0,2.7116666666666664,6.166666666666667,27.333333333333332,68.66666666666667,,otra
2024-05-19 08:00:00,2024,5,19,NORTE2,0,1.405,11.25,37.75,84.25,34.0,otra
2024-05-19 08:00:00,2024,5,19,SUR,0,4.0425,5.057142857142857,33.125,78.16666666666667,38.5,otra
2024-05-19 08:00:00,2024,5,19,SUROESTE2,0,2.6125,13.175,41.25,91.0,47.0,otra
2024-05-20 07:00:00,2024,5,20,CENTRO,0,3.02,10.7,26.0,88.0,,otra
2024-05-20 07:00:00,2024,5,20,NORESTE3,0,2.8671666666666664,11.266666666666666,14.066666666666668,79.5,49.5,otra
2024-05-20 07:00:00,2024,5,20,NOROESTE3,0,2.6666666666666665,6.2,23.333333333333332,74.83333333333333,,otra
2024-05-20 07:00:00,2024,5,20,NORTE2,1,1.455,14.975,27.0,87.75,43.5,otra
2024-05-20 07:00:00,2024,5,20,SUR,1,4.2625,5.6875,27.25,85.83333333333333,52.75,otra
2024-05-20 07:00:00,2024,5,20,SUROESTE2,1,2.7325,14.325,34.0,97.5,52.5,otra
2024-05-20 08:00:00,2024,5,20,CENTRO,0,3.07,11.9,27.0,88.0,,otra
2024-05-20 08:00:00,2024,5,20,NORESTE3,0,2.8808333333333334,11.916666666666666,15.016666666666666,81.16666666666667,47.25,otra
2024-05-20 08:00:00,2024,5,20,NOROESTE3,0,2.7133333333333334,5.933333333333333,27.5,75.33333333333333,,otra
2024-05-20 08:00:00,2024,5,20,NORTE2,1,1.505,15.375,33.25,90.0,36.75,otra
2024-05-20 08:00:00,2024,5,20,SUR,1,4.3375,6.2875,31.125,87.5,50.25,otra
2024-05-20 08:00:00,2024,5,20,SUROESTE2,1,2.7675,15.625,36.75,95.25,59.5,otra
2024-05-21 07:00:00,2024,5,21,CENTRO,0,0.87,13.0,11.0,89.0,,otra
2024-05-21 07:00:00,2024,5,21,NORESTE3,0,4.390000000000001,13.45,11.0,80.5,37.5,otra
2024-05-21 07:00:00,2024,5,21,NOROESTE3,0,2.76,8.616666666666665,13.0,61.666666666666664,,otra
2024-05-21 07:00:00,2024,5,21,NORTE2,1,0.8575,16.15,15.25,73.75,32.5,otra
2024-05-21 07:00:00,2024,5,21,SUR,1,3.6733333333333333,6.1875,18.625,73.33333333333333,36.0,otra
2024-05-21 07:00:00,2024,5,21,SUROESTE2,1,2.795,14.075000000000001,28.75,81.5,50.0,otra
2024-05-21 08:00:00,2024,5,21,CENTRO,0,0.95,17.8,9.0,73.0,,otra
2024-05-21 08:00:00,2024,5,21,NORESTE3,0,4.65,13.399999999999999,12.0,84.0,39.0,otra
2024-05-21 08:00:00,2024,5,21,NOROESTE3,0,2.89,8.966666666666667,15.0,68.33333333333333,,otra
2024-05-21 08:00:00,2024,5,21,NORTE2,1,0.925,15.625,20.5,74.75,29.0,otra
2024-05-21 08:00:00,2024,5,21,SUR,1,3.611666666666667,5.4375,23.0,80.5,40.5,otra
2024-05-21 08:00:00,2024,5,21,SUROESTE2,1,2.9,16.85,32.0,88.5,49.5,otra
2024-05-22 07:00:00,2024,5,22,CENTRO,0,0.92,17.8,19.0,112.0,,otra
2024-05-22 07:00:00,2024,5,22,NORESTE3,0,4.6075,14.95,13.75,76.75,57.0,otra
2024-05-22 07:00:00,2024,5,22,NOROESTE3,0,2.7083333333333335,9.583333333333334,18.333333333333332,89.5,,otra
2024-05-22 07:00:00,2024,5,22,NORTE2,1,0.9325,21.35,20.5,96.0,51.5,otra
2024-05-22 07:00:00,2024,5,22,SUR,1,2.3125,8.8,27.125,92.16666666666667,61.0,otra
2024-05-22 07:00:00,2024,5,22,SUROESTE2,1,2.9725,18.225,32.75,133.0,63.0,otra
2024-05-22 08:00:00,2024,5,22,CENTRO,0,0.96,22.9,16.0,121.0,,otra
2024-05-22 08:00:00,2024,5,22,NORESTE3,0,4.63,15.925,14.25,83.0,55.0,otra
2024-05-22 08:00:00,2024,5,22,NOROESTE3,0,2.7266666666666666,9.950000000000001,21.166666666666668,86.0,,otra
2024-05-22 08:00:00,2024,5,22,NORTE2,1,0.9025000000000001,20.175,27.75,101.25,43.5,otra
2024-05-22 08:00:00,2024,5,22,SUR,1,2.54625,8.65,32.875,98.0,57.75,otra
2024-05-22 08:00:00,2024,5,22,SUROESTE2,1,2.95,21.325000000000003,37.5,104.25,65.0,otra
2024-05-23 07:00:00,2024,5,23,CENTRO,0,1.3,22.0,22.0,102.0,,otra
2024-05-23 07:00:00,2024,5,23,NORESTE3,0,4.7175,20.125,13.25,89.75,49.5,otra
2024-05-23 07:00:00,2024,5,23,NOROESTE3,0,2.7616666666666667,15.6,14.166666666666666,106.33333333333333,,otra
2024-05-23 07:00:00,2024,5,23,NORTE2,1,0.9433333333333334,33.36666666666667,17.666666666666668,125.33333333333333,46.0,otra
2024-05-23 07:00:00,2024,5,23,SUR,1,1.85125,13.8375,27.75,92.0,52.75,otra
2024-05-23 07:00:00,2024,5,23,SUROESTE2,1,2.975,26.4,23.5,123.25,51.5,otra
2024-05-23 08:00:00,2024,5,23,CENTRO,0,1.26,19.7,29.0,106.0,,otra
2024-05-23 08:00:00,2024,5,23,NORESTE3,0,4.6675,20.55,14.75,103.75,51.25,otra
2024-05-23 08:00:00,2024,5,23,NOROESTE3,0,2.733333333333333,14.166666666666666,23.333333333333332,104.33333333333333,,otra
2024-05-23 08:00:00,2024,5,23,NORTE2,1,0.89,29.875,28.0,114.0,42.75,otra
2024-05-23 08:00:00,2024,5,23,SUR,1,1.65375,11.225,35.5,92.75,40.666666666666664,otra
2024-05-23 08:00:00,2024,5,23,SUROESTE2,1,3.1350000000000002,30.025,31.25,159.0,61.5,otra
2024-05-24 07:00:00,2024,5,24,NORESTE3,0,4.2524999999999995,14.45,11.75,72.75,38.5,otra
2024-05-24 07:00:00,2024,5,24,NOROESTE3,0,2.6799999999999997,13.35,12.166666666666666,89.83333333333333,,otra
2024-05-24 07:00:00,2024,5,24,NORTE2,1,0.9924999999999999,26.975,14.75,83.5,32.25,otra
2024-05-24 07:00:00,2024,5,24,SUR,1,0.72625,15.15,19.5,83.125,37.0,otra
2024-05-24 07:00:00,2024,5,24,SUROESTE2,1,3.0575,28.925,23.25,129.75,69.0,otra
2024-05-24 08:00:00,2024,5,24,NORESTE3,0,3.7475,12.825,13.5,85.75,46.25,otra
2024-05-24 08:00:00,2024,5,24,NOROESTE3,0,2.6966666666666668,13.483333333333334,20.333333333333332,92.33333333333333,,otra
2024-05-24 08:00:00,2024,5,24,NORTE2,1,0.9824999999999999,26.375,25.5,100.25,24.25,otra
2024-05-24 08:00:00,2024,5,24,SUR,1,0.7987500000000001,15.5625,26.875,92.5,45.0,otra
2024-05-24 08:00:00,2024,5,24,SUROESTE2,1,3.095,29.075,35.25,164.5,78.0,otra
2024-05-25 07:00:00,2024,5,25,CENTRO,0,0.86,18.6,7.0,93.0,,otra
2024-05-25 07:00:00,2024,5,25,NORESTE3,0,0.451,8.25,20.275,43.666666666666664,34.0,otra
2024-05-25 07:00:00,2024,5,25,NOROESTE3,0,2.598333333333333,9.233333333333334,12.333333333333334,58.25,,otra
2024-05-25 07:00:00,2024,5,25,NORTE2,0,0.7625,19.05,17.0,70.75,26.0,otra
2024-05-25 07:00:00,2024,5,25,SUR,0,0.68625,9.3625,22.5,71.875,33.25,otra
2024-05-25 07:00:00,2024,5,25,SUROESTE2,0,2.7199999999999998,21.05,33.75,90.25,36.5,otra
2024-05-25 08:00:00,2024,5,25,CENTRO,0,0.98,18.1,10.0,109.0,,otra
2024-05-25 08:00:00,2024,5,25,NORESTE3,0,0.49724999999999997,9.025,26.9,59.25,36.0,otra
2024-05-25 08:00:00,2024,5,25,NOROESTE3,0,2.591666666666667,9.016666666666667,16.833333333333332,63.75,,otra
2024-05-25 08:00:00,2024,5,25,NORTE2,0,0.8175,20.15,24.5,95.5,28.5,otra
2024-05-25 08:00:00,2024,5,25,SUR,0,0.8175,11.875,28.0,78.375,36.5,otra
2024-05-25 08:00:00,2024,5,25,SUROESTE2,0,2.7875,21.975,41.0,95.75,52.0,otra
2024-05-26 07:00:00,2024,5,26,CENTRO,0,1.05,15.3,11.0,82.0,,otra
2024-05-26 07:00:00,2024,5,26,NORESTE3,0,0.46,8.65,22.625,49.25,32.0,otra
2024-05-26 07:00:00,2024,5,26,NOROESTE3,0,2.7099999999999995,7.966666666666666,15.0,56.25,,otra
2024-05-26 07:00:00,2024,5,26,NORTE2,0,0.6425000000000001,14.274999999999999,22.75,57.5,24.5,otra
2024-05-26 07:00:00,2024,5,26,SUR,0,0.6975,8.6,21.0,63.5,30.25,otra
2024-05-26 07:00:00,2024,5,26,SUROESTE2,0,2.7750000000000004,22.375,30.5,73.25,39.5,otra
2024-05-26 08:00:00,2024,5,26,CENTRO,0,1.19,15.4,17.0,64.0,,otra
2024-05-26 08:00:00,2024,5,26,NORESTE3,0,0.4615,9.5,27.0,40.25,,otra
2024-05-26 08:00:00,2024,5,26,NOROESTE3,0,2.655,7.483333333333333,22.666666666666668,66.25,,otra
2024-05-26 08:00:00,2024,5,26,NORTE2,0,0.7075,15.125,30.0,63.75,24.75,otra
2024-05-26 08:00:00,2024,5,26,SUR,0,0.7875,8.1875,31.571428571428573,70.875,35.75,otra
2024-05-26 08:00:00,2024,5,26,SUROESTE2,0,2.7675,18.15,41.5,104.0,50.0,otra
2024-05-27 07:00:00,2024,5,27,CENTRO,0,1.29,24.2,8.0,106.0,,otra
2024-05-27 07:00:00,2024,5,27,NORESTE3,0,1.053,14.533333333333333,10.883333333333333,95.16666666666667,50.5,otra
2024-05-27 07:00:00,2024,5,27,NOROESTE3,0,3.16,11.275,12.25,82.33333333333333,,otra
2024-05-27 07:00:00,2024,5,27,NORTE2,1,1.0175,25.175,14.25,110.5,38.25,otra
2024-05-27 07:00:00,2024,5,27,SUR,1,0.94875,8.85,27.25,87.875,43.75,otra
2024-05-27 07:00:00,2024,5,27,SUROESTE2,0,3.06,21.725,37.25,103.0,52.0,otra
2024-05-27 08:00:00,2024,5,27,CENTRO,0,1.46,23.3,11.0,151.0,,otra
2024-05-27 08:00:00,2024,5,27,NORESTE3,0,1.1231666666666666,15.383333333333333,17.133333333333333,106.66666666666667,64.0,otra
2024-05-27 08:00:00,2024,5,27,NOROESTE3,0,3.21,11.875,16.0,108.0,,otra
2024-05-27 08:00:00,2024,5,27,NORTE2,1,0.9850000000000001,25.225,21.0,123.0,41.5,otra
2024-05-27 08:00:00,2024,5,27,SUR,1,1.10625,11.899999999999999,31.375,89.625,46.5,otra
2024-05-27 08:00:00,2024,5,27,SUROESTE2,0,3.1125,21.775,46.5,118.5,62.5,otra
2024-05-28 07:00:00,2024,5,28,CENTRO,0,1.17,20.6,13.0,69.0,,otra
2024-05-28 07:00:00,2024,5,28,NORESTE3,0,1.8048333333333335,13.733333333333334,9.033333333333333,63.166666666666664,34.0,otra
2024-05-28 07:00:00,2024,5,28,NOROESTE3,0,2.17,11.700000000000001,16.5,74.83333333333333,,otra
2024-05-28 07:00:00,2024,5,28,NORTE2,1,0.9950000000000001,27.475,11.5,88.0,30.0,otra
2024-05-28 07:00:00,2024,5,28,SUR,1,0.7262500000000001,11.5,22.625,67.375,36.25,otra
2024-05-28 07:00:00,2024,5,28,SUROESTE2,0,2.7,20.35,29.0,90.0,37.0,otra
2024-05-28 08:00:00,2024,5,28,CENTRO,0,1.27,22.3,15.0,81.0,,otra
2024-05-28 08:00:00,2024,5,28,NORESTE3,0,1.4240000000000002,14.283333333333333,10.566666666666666,73.66666666666667,40.5,otra
2024-05-28 08:00:00,2024,5,28,NOROESTE3,0,2.1533333333333333,12.033333333333333,21.333333333333332,76.33333333333333,,otra
2024-05-28 08:00:00,2024,5,28,NORTE2,1,0.93,26.5,18.25,99.0,33.666666666666664,otra
2024-05-28 08:00:00,2024,5,28,SUR,1,0.7825,11.7375,28.75,66.5,40.25,otra
2024-05-28 08:00:00,2024,5,28,SUROESTE2,0,2.825,22.55,34.0,79.25,62.0,otra
2024-05-29 07:00:00,2024,5,29,NORESTE3,0,0.557,16.46,17.419999999999998,22.6,11.666666666666666,otra
2024-05-29 07:00:00,2024,5,29,NOROESTE3,0,2.585,4.9,36.75,12.25,,otra
2024-05-29 07:00:00,2024,5,29,NORTE2,1,0.745,32.45,16.0,93.5,8.5,otra
2024-05-29 07:00:00,2024,5,29,SUR,1,0.60875,9.3625,25.0,34.625,13.0,otra
2024-05-29 07:00:00,2024,5,29,SUROESTE2,0,2.665,12.700000000000001,25.75,31.5,12.0,otra
2024-05-29 08:00:00,2024,5,29,NORESTE3,0,0.5796,14.959999999999999,16.64,34.4,20.0,otra
2024-05-29 08:00:00,2024,5,29,NOROESTE3,0,2.6325000000000003,5.25,34.25,41.0,,otra
2024-05-29 08:00:00,2024,5,29,NORTE2,1,0.8600000000000001,31.35,20.5,90.5,6.0,otra
2024-05-29 08:00:00,2024,5,29,SUR,1,0.56625,6.637499999999999,29.875,40.5,14.75,otra
2024-05-29 08:00:00,2024,5,29,SUROESTE2,0,2.73,13.9,26.0,42.5,18.5,otra
2024-05-30 07:00:00,2024,5,30,NORESTE3,0,0.541,9.683333333333334,9.78,56.5,28.5,otra
2024-05-30 07:00:00,2024,5,30,NOROESTE3,0,1.555,10.275,13.25,50.75,,otra
2024-05-30 07:00:00,2024,5,30,NORTE2,1,0.5800000000000001,14.375,9.75,61.333333333333336,22.5,otra
2024-05-30 07:00:00,2024,5,30,SUR,1,1.575,5.2875,20.25,58.375,33.0,otra
2024-05-30 07:00:00,2024,5,30,SUROESTE2,0,2.7175000000000002,10.95,15.75,65.25,36.0,otra
2024-05-30 08:00:00,2024,5,30,NORESTE3,0,0.6111666666666667,10.966666666666667,9.559999999999999,58.333333333333336,32.25,otra
2024-05-30 08:00:00,2024,5,30,NOROESTE3,0,1.705,8.64,14.5,60.75,,otra
2024-05-30 08:00:00,2024,5,30,NORTE2,1,0.62,14.775,13.75,61.666666666666664,23.75,otra
2024-05-30 08:00:00,2024,5,30,SUR,1,1.65875,5.2375,25.25,56.375,32.5,otra
2024-05-30 08:00:00,2024,5,30,SUROESTE2,0,2.8225,11.55,18.0,68.25,34.5,otra
2024-05-31 07:00:00,2024,5,31,CENTRO,0,1.06,18.7,7.0,79.0,,otra
2024-05-31 07:00:00,2024,5,31,NORESTE3,0,1.0796666666666668,11.25,7.95,49.333333333333336,24.5,otra
2024-05-31 07:00:00,2024,5,31,NOROESTE3,0,2.9116666666666666,12.483333333333334,10.666666666666666,68.5,,otra
2024-05-31 07:00:00,2024,5,31,NORTE2,1,0.535,17.425,9.75,61.0,20.75,otra
2024-05-31 07:00:00,2024,5,31,SUR,1,2.45875,7.65,16.5,59.125,24.25,otra
2024-05-31 07:00:00,2024,5,31,SUROESTE2,0,2.765,14.175,10.0,77.75,46.5,otra
2024-05-31 08:00:00,2024,5,31,CENTRO,0,1.13,18.3,8.0,92.0,,otra
2024-05-31 08:00:00,2024,5,31,NORESTE3,0,1.1121666666666667,12.033333333333333,8.966666666666667,56.333333333333336,24.5,otra
2024-05-31 08:00:00,2024,5,31,NOROESTE3,0,2.86,11.866666666666667,12.333333333333334,71.33333333333333,,otra
2024-05-31 08:00:00,2024,5,31,NORTE2,1,0.57,17.65,11.75,59.75,20.5,otra
2024-05-31 08:00:00,2024,5,31,SUR,1,2.42125,7.875,18.75,63.125,25.25,otra
2024-05-31 08:00:00,2024,5,31,SUROESTE2,0,2.8475,14.4,15.5,83.0,39.5,otra
2024-06-01 07:00:00,2024,6,1,CENTRO,0,0.94,8.7,16.0,59.0,39.31,otra
2024-06-01 07:00:00,2024,6,1,NORESTE3,0,1.5961666666666667,9.833333333333334,10.566666666666666,53.166666666666664,28.5,otra
2024-06-01 07:00:00,2024,6,1,NOROESTE3,0,0.7025,9.149999999999999,15.25,51.75,18.665,otra
2024-06-01 07:00:00,2024,6,1,NORTE2,0,0.4825,12.950000000000001,14.25,64.75,26.5,otra
2024-06-01 07:00:00,2024,6,1,SUR,0,2.01625,4.075,20.5,52.833333333333336,36.5,otra
2024-06-01 07:00:00,2024,6,1,SUROESTE2,0,2.5625,10.375,23.5,65.75,33.25,otra
2024-06-01 08:00:00,2024,6,1,CENTRO,0,1.0,9.9,17.0,63.0,38.03,otra
2024-06-01 08:00:00,2024,6,1,NORESTE3,0,1.6589999999999998,10.366666666666667,11.533333333333333,59.0,36.0,otra
2024-06-01 08:00:00,2024,6,1,NOROESTE3,0,0.74,9.875,16.5,55.75,19.04,otra
2024-06-01 08:00:00,2024,6,1,NORTE2,0,0.5475,13.475000000000001,15.75,68.0,30.25,otra
2024-06-01 08:00:00,2024,6,1,SUR,0,1.9937500000000001,4.7125,24.75,54.666666666666664,40.0,otra
2024-06-01 08:00:00,2024,6,1,SUROESTE2,0,2.6125000000000003,11.55,24.5,67.0,32.0,otra
2024-06-02 07:00:00,2024,6,2,CENTRO,0,1.01,6.0,21.0,67.0,50.08,otra
2024-06-02 07:00:00,2024,6,2,NORESTE3,0,2.0326666666666666,8.016666666666666,13.35,52.5,36.5,otra
2024-06-02 07:00:00,2024,6,2,NOROESTE3,0,0.8066666666666666,5.92,20.5,49.0,16.4,otra
2024-06-02 07:00:00,2024,6,2,NORTE2,0,0.425,8.325,21.75,68.75,34.5,otra
2024-06-02 07:00:00,2024,6,2,SUR,0,2.185,3.4428571428571426,27.666666666666668,59.333333333333336,49.75,otra
2024-06-02 07:00:00,2024,6,2,SUROESTE2,0,2.56,8.6,17.75,79.0,42.75,otra
2024-06-02 08:00:00,2024,6,2,CENTRO,0,1.04,6.9,22.0,63.0,48.87,otra
2024-06-02 08:00:00,2024,6,2,NORESTE3,0,1.9256666666666666,9.049999999999999,13.883333333333333,60.666666666666664,43.0,otra
2024-06-02 08:00:00,2024,6,2,NOROESTE3,0,0.84,6.4,21.0,59.5,20.15,otra
2024-06-02 08:00:00,2024,6,2,NORTE2,0,0.45,8.1,24.0,67.0,30.5,otra
2024-06-02 08:00:00,2024,6,2,SUR,0,2.46625,3.728571428571428,29.0,61.333333333333336,51.75,otra
2024-06-02 08:00:00,2024,6,2,SUROESTE2,0,2.5975,9.05,29.5,75.75,38.333333333333336,otra
2024-06-03 07:00:00,2024,6,3,CENTRO,0,1.14,23.0,7.0,73.0,42.13,otra
2024-06-03 07:00:00,2024,6,3,NORESTE3,0,1.9395,13.633333333333333,8.683333333333334,55.5,36.0,otra
2024-06-03 07:00:00,2024,6,3,NOROESTE3,0,0.8433333333333333,14.25,12.333333333333334,61.333333333333336,15.07,otra
2024-06-03 07:00:00,2024,6,3,NORTE2,1,0.58,17.625,16.5,65.0,25.0,otra
2024-06-03 07:00:00,2024,6,3,SUR,1,3.47,10.9,20.625,63.0,34.25,otra
2024-06-03 07:00:00,2024,6,3,SUROESTE2,0,2.8049999999999997,13.175,21.0,63.0,31.0,otra
2024-06-03 08:00:00,2024,6,3,CENTRO,0,1.25,22.6,9.0,83.0,45.95,otra
2024-06-03 08:00:00,2024,6,3,NORESTE3,0,1.4265,12.716666666666667,11.966666666666667,68.33333333333333,38.0,otra
2024-06-03 08:00:00,2024,6,3,NOROESTE3,0,0.87,14.333333333333334,16.833333333333332,59.166666666666664,15.225000000000001,otra
2024-06-03 08:00:00,2024,6,3,NORTE2,1,0.675,19.325,23.0,67.0,26.5,otra
2024-06-03 08:00:00,2024,6,3,SUR,1,3.0225000000000004,8.6375,28.75,70.33333333333333,39.0,otra
2024-06-03 08:00:00,2024,6,3,SUROESTE2,0,2.885,14.950000000000001,27.0,77.0,40.75,otra
2024-06-04 07:00:00,2024,6,4,CENTRO,0,1.35,25.2,7.0,72.0,,otra
2024-06-04 07:00:00,2024,6,4,NORESTE3,0,1.4253333333333333,11.85,7.366666666666667,69.0,37.0,otra
2024-06-04 07:00:00,2024,6,4,NOROESTE3,0,1.0325,17.675,9.75,84.0,,otra
2024-06-04 07:00:00,2024,6,4,NORTE2,1,0.745,22.575,12.333333333333334,93.0,32.75,otra
2024-06-04 07:00:00,2024,6,4,SUR,1,2.9312500000000004,15.2375,18.5,88.75,36.5,otra
2024-06-04 07:00:00,2024,6,4,SUROESTE2,0,2.945,17.150000000000002,20.25,92.0,45.81,otra
2024-06-04 08:00:00,2024,6,4,CENTRO,0,1.67,29.3,10.0,106.0,,otra
2024-06-04 08:00:00,2024,6,4,NORESTE3,0,1.7908333333333333,12.833333333333334,9.440000000000001,76.33333333333333,42.0,otra
2024-06-04 08:00:00,2024,6,4,NOROESTE3,0,1.0425,18.5,16.5,97.0,,otra
2024-06-04 08:00:00,2024,6,4,NORTE2,1,0.8374999999999999,23.700000000000003,24.666666666666668,82.25,15.666666666666666,otra
2024-06-04 08:00:00,2024,6,4,SUR,1,2.86125,15.4875,28.875,98.875,42.0,otra
2024-06-04 08:00:00,2024,6,4,SUROESTE2,0,3.0475000000000003,20.9,22.5,157.0,45.105000000000004,otra
2024-06-05 07:00:00,2024,6,5,CENTRO,0,1.06,40.2,7.0,76.0,,otra
2024-06-05 07:00:00,2024,6,5,NORESTE3,0,1.6778333333333333,21.583333333333332,10.9,108.66666666666667,25.0,otra
2024-06-05 07:00:00,2024,6,5,NOROESTE3,0,0.935,26.875,10.5,77.0,,otra
2024-06-05 07:00:00,2024,6,5,NORTE2,1,0.7324999999999999,38.125,11.75,147.75,29.75,otra
2024-06-05 07:00:00,2024,6,5,SUR,1,0.87,25.9125,19.0,125.375,29.80666666666667,otra
2024-06-05 07:00:00,2024,6,5,SUROESTE2,0,2.7925,22.775000000000002,18.75,78.25,33.08,otra
2024-06-05 08:00:00,2024,6,5,CENTRO,0,1.23,44.5,12.0,84.0,,otra
2024-06-05 08:00:00,2024,6,5,NORESTE3,0,1.4473333333333331,20.833333333333332,12.399999999999999,109.16666666666667,28.0,otra
2024-06-05 08:00:00,2024,6,5,NOROESTE3,0,0.98,25.8,15.75,81.5,,otra
2024-06-05 08:00:00,2024,6,5,NORTE2,1,0.8025,36.775,20.75,165.25,26.5,otra
2024-06-05 08:00:00,2024,6,5,SUR,1,0.89625,25.1375,24.625,117.0,36.82333333333333,otra
2024-06-05 08:00:00,2024,6,5,SUROESTE2,0,2.9299999999999997,25.075,25.75,134.0,44.17,otra
2024-06-06 07:00:00,2024,6,6,CENTRO,0,1.2,22.8,10.0,104.0,,otra
2024-06-06 07:00:00,2024,6,6,NORESTE3,0,1.8888333333333334,12.333333333333334,11.1,70.5,43.75,otra
2024-06-06 07:00:00,2024,6,6,NOROESTE3,0,0.9500000000000001,18.383333333333333,8.0,80.16666666666667,,otra
2024-06-06 07:00:00,2024,6,6,NORTE2,1,0.635,19.200000000000003,10.75,112.75,44.0,otra
2024-06-06 07:00:00,2024,6,6,SUR,1,0.8716666666666667,10.45,26.5,82.875,43.725,otra
2024-06-06 07:00:00,2024,6,6,SUROESTE2,0,2.75,16.35,22.25,96.25,26.5,otra
2024-06-06 08:00:00,2024,6,6,CENTRO,0,1.28,30.1,14.0,80.0,,otra
2024-06-06 08:00:00,2024,6,6,NORESTE3,0,2.560166666666667,13.200000000000001,13.066666666666668,71.66666666666667,46.25,otra
2024-06-06 08:00:00,2024,6,6,NOROESTE3,0,0.9900000000000001,16.833333333333332,13.5,102.0,,otra
2024-06-06 08:00:00,2024,6,6,NORTE2,1,0.685,19.3,16.5,104.0,36.25,otra
2024-06-06 08:00:00,2024,6,6,SUR,1,0.9416666666666668,10.512500000000001,28.571428571428573,85.5,41.0,otra
2024-06-06 08:00:00,2024,6,6,SUROESTE2,0,2.9299999999999997,17.75,23.25,138.25,38.0,otra
2024-06-07 07:00:00,2024,6,7,NORESTE3,0,3.6945,24.825,14.025,77.75,32.0,otra
2024-06-07 07:00:00,2024,6,7,NOROESTE3,0,1.2449999999999999,32.333333333333336,7.666666666666667,110.16666666666667,,otra
2024-06-07 07:00:00,2024,6,7,NORTE2,1,0.69,35.7,17.5,79.75,22.5,otra
2024-06-07 07:00:00,2024,6,7,SUR,1,0.8275,17.2625,27.375,64.875,20.1475,otra
2024-06-07 07:00:00,2024,6,7,SUROESTE2,0,2.825,22.85,20.5,99.5,29.0,otra
2024-06-07 08:00:00,2024,6,7,NORESTE3,0,4.057666666666667,25.566666666666666,16.466666666666665,107.66666666666667,35.0,otra
2024-06-07 08:00:00,2024,6,7,NOROESTE3,0,1.1616666666666666,31.766666666666666,18.0,108.66666666666667,,otra
2024-06-07 08:00:00,2024,6,7,NORTE2,1,0.6125,28.125,32.25,98.0,23.0,otra
2024-06-07 08:00:00,2024,6,7,SUR,1,0.8425,13.450000000000001,36.75,64.125,24.3625,otra
2024-06-07 08:00:00,2024,6,7,SUROESTE2,0,2.8775,22.5,24.5,85.25,28.5,otra
2024-06-08 07:00:00,2024,6,8,CENTRO,0,1.79,22.1,10.0,61.0,,otra
2024-06-08 07:00:00,2024,6,8,NORESTE3,0,1.5651666666666666,13.516666666666666,13.266666666666666,38.666666666666664,21.5,otra
2024-06-08 07:00:00,2024,6,8,NOROESTE3,0,0.9116666666666666,18.3,14.166666666666666,42.5,,otra
2024-06-08 07:00:00,2024,6,8,NORTE2,0,0.455,18.45,16.25,43.75,19.25,otra
2024-06-08 07:00:00,2024,6,8,SUR,0,0.6725000000000001,8.442857142857141,25.75,52.0,22.79,otra
2024-06-08 07:00:00,2024,6,8,SUROESTE2,0,2.6875,15.4,17.5,67.0,21.5,otra
2024-06-08 08:00:00,2024,6,8,CENTRO,0,1.86,16.4,18.0,66.0,,otra
2024-06-08 08:00:00,2024,6,8,NORESTE3,0,1.3308333333333333,12.799999999999999,16.400000000000002,46.0,28.5,otra
2024-06-08 08:00:00,2024,6,8,NOROESTE3,0,0.8883333333333333,18.6,17.333333333333332,49.666666666666664,,otra
2024-06-08 08:00:00,2024,6,8,NORTE2,0,0.45,15.95,24.5,53.75,23.5,otra
2024-06-08 08:00:00,2024,6,8,SUR,0,0.715,7.714285714285714,29.25,58.375,24.28,otra
2024-06-08 08:00:00,2024,6,8,SUROESTE2,0,2.74,17.3,21.5,67.75,25.0,otra
2024-06-09 07:00:00,2024,6,9,CENTRO,0,1.99,32.7,8.0,44.0,,otra
2024-06-09 07:00:00,2024,6,9,NORESTE3,0,2.1671666666666667,12.883333333333333,15.833333333333334,26.833333333333332,16.0,otra
2024-06-09 07:00:00,2024,6,9,NOROESTE3,0,0.7725,13.75,14.75,38.0,,otra
2024-06-09 07:00:00,2024,6,9,NORTE2,0,0.4925,14.899999999999999,25.75,38.5,11.0,otra
2024-06-09 07:00:00,2024,6,9,SUR,0,0.515,11.214285714285714,26.875,51.625,19.155,otra
2024-06-09 07:00:00,2024,6,9,SUROESTE2,0,2.65,15.1,22.5,50.0,14.0,otra
2024-06-09 08:00:00,2024,6,9,CENTRO,0,2.14,27.7,16.0,50.0,,otra
2024-06-09 08:00:00,2024,6,9,NORESTE3,0,1.8941666666666668,11.433333333333332,21.55,32.666666666666664,19.3,otra
2024-06-09 08:00:00,2024,6,9,NOROESTE3,0,0.8075,12.7,20.5,41.0,,otra
2024-06-09 08:00:00,2024,6,9,NORTE2,0,0.505,16.2,30.0,33.5,16.5,otra
2024-06-09 08:00:00,2024,6,9,SUR,0,0.585,10.833333333333334,37.0,52.125,17.7275,otra
2024-06-09 08:00:00,2024,6,9,SUROESTE2,0,2.665,14.450000000000001,34.5,48.5,28.0,otra
2024-06-10 07:00:00,2024,6,10,CENTRO,0,2.18,18.7,13.0,61.0,,otra
2024-06-10 07:00:00,2024,6,10,NORESTE3,0,3.456166666666667,12.683333333333332,9.416666666666666,56.0,28.990000000000002,otra
2024-06-10 07:00:00,2024,6,10,NOROESTE3,0,1.2325,20.625,7.25,119.0,,otra
2024-06-10 07:00:00,2024,6,10,NORTE2,1,0.6925,22.4,11.0,65.25,28.0,otra
2024-06-10 07:00:00,2024,6,10,SUR,1,0.5225,9.9875,20.875,51.5,22.645,otra
2024-06-10 07:00:00,2024,6,10,SUROESTE2,0,2.87,17.4,19.5,110.25,,otra
2024-06-10 08:00:00,2024,6,10,CENTRO,0,2.34,24.9,11.0,59.0,,otra
2024-06-10 08:00:00,2024,6,10,NORESTE3,0,2.876,10.233333333333333,13.233333333333334,76.66666666666667,32.155,otra
2024-06-10 08:00:00,2024,6,10,NOROESTE3,0,1.1300000000000001,20.0,14.0,110.75,,otra
2024-06-10 08:00:00,2024,6,10,NORTE2,1,0.545,16.45,17.25,79.0,30.25,otra
2024-06-10 08:00:00,2024,6,10,SUR,1,0.5325,8.0125,27.0,56.125,24.665,otra
2024-06-10 08:00:00,2024,6,10,SUROESTE2,0,2.9775,17.75,23.0,142.0,,otra
2024-06-11 07:00:00,2024,6,11,CENTRO,0,2.34,25.1,8.0,69.0,,otra
2024-06-11 07:00:00,2024,6,11,NORESTE3,0,2.548833333333333,14.833333333333334,16.383333333333333,68.66666666666667,21.5,otra
2024-06-11 07:00:00,2024,6,11,NOROESTE3,0,0.9866666666666667,21.233333333333334,8.5,52.333333333333336,,otra
2024-06-11 07:00:00,2024,6,11,NORTE2,1,0.6825,27.700000000000003,11.25,77.5,27.75,otra
2024-06-11 07:00:00,2024,6,11,SUR,1,0.6325000000000001,14.775,19.875,53.625,22.666666666666668,otra
2024-06-11 07:00:00,2024,6,11,SUROESTE2,0,2.0149999999999997,25.9,19.75,63.25,29.325,otra
2024-06-11 08:00:00,2024,6,11,CENTRO,0,2.51,28.7,12.0,71.0,,otra
2024-06-11 08:00:00,2024,6,11,NORESTE3,0,2.8176666666666663,16.366666666666667,20.7,73.16666666666667,27.5,otra
2024-06-11 08:00:00,2024,6,11,NOROESTE3,0,0.9966666666666667,19.316666666666666,16.5,60.666666666666664,,otra
2024-06-11 08:00:00,2024,6,11,NORTE2,1,0.6975,24.825000000000003,21.0,96.75,24.5,otra
2024-06-11 08:00:00,2024,6,11,SUR,1,0.695,14.774999999999999,27.0,66.5,22.666666666666668,otra
2024-06-11 08:00:00,2024,6,11,SUROESTE2,0,2.1125,28.174999999999997,31.0,79.0,31.66,otra
2024-06-12 07:00:00,2024,6,12,CENTRO,0,2.14,16.7,9.0,58.0,25.59,otra
2024-06-12 07:00:00,2024,6,12,NORESTE3,0,0.28150000000000003,14.416666666666666,11.916666666666666,44.5,22.72,otra
2024-06-12 07:00:00,2024,6,12,NOROESTE3,0,0.8566666666666666,12.5,7.666666666666667,51.333333333333336,,otra
2024-06-12 07:00:00,2024,6,12,NORTE2,1,0.65,20.275,13.0,58.75,17.75,otra
2024-06-12 07:00:00,2024,6,12,SUR,1,0.5483333333333333,9.775,18.875,46.625,16.5,otra
2024-06-12 07:00:00,2024,6,12,SUROESTE2,0,1.705,16.925,19.75,46.0,20.325,otra
2024-06-12 08:00:00,2024,6,12,CENTRO,0,2.43,25.7,10.0,62.0,36.36,otra
2024-06-12 08:00:00,2024,6,12,NORESTE3,0,0.3175,13.716666666666667,16.349999999999998,47.833333333333336,23.439999999999998,otra
2024-06-12 08:00:00,2024,6,12,NOROESTE3,0,0.8916666666666666,12.35,14.166666666666666,60.0,,otra
2024-06-12 08:00:00,2024,6,12,NORTE2,1,0.66,20.45,17.5,70.5,22.333333333333332,otra
2024-06-12 08:00:00,2024,6,12,SUR,1,0.58,9.875,26.625,54.0,17.375,otra
2024-06-12 08:00:00,2024,6,12,SUROESTE2,0,1.955,21.25,26.0,52.5,19.395,otra
2024-06-13 07:00:00,2024,6,13,CENTRO,0,0.71,16.1,7.0,46.0,17.72,otra
2024-06-13 07:00:00,2024,6,13,NORESTE3,0,0.25375000000000003,11.34,11.040000000000001,34.8,12.160000000000002,otra
2024-06-13 07:00:00,2024,6,13,NOROESTE3,0,1.0316666666666665,12.066666666666668,7.5,38.0,,otra
2024-06-13 07:00:00,2024,6,13,NORTE2,1,0.4625,14.600000000000001,8.75,39.5,9.0,otra
2024-06-13 07:00:00,2024,6,13,SUR,1,0.70625,7.428571428571429,18.75,43.125,11.875,otra
2024-06-13 07:00:00,2024,6,13,SUROESTE2,0,1.6975,18.8,14.0,46.25,17.3,otra
2024-06-13 08:00:00,2024,6,13,CENTRO,0,0.91,19.8,10.0,53.0,20.65,otra
2024-06-13 08:00:00,2024,6,13,NORESTE3,0,0.25275000000000003,10.540000000000001,14.780000000000001,39.4,16.673333333333332,otra
2024-06-13 08:00:00,2024,6,13,NOROESTE3,0,0.8933333333333332,11.883333333333333,12.833333333333334,44.5,,otra
2024-06-13 08:00:00,2024,6,13,NORTE2,1,0.48500000000000004,16.4,12.25,40.25,13.666666666666666,otra
2024-06-13 08:00:00,2024,6,13,SUR,1,0.75,7.557142857142858,25.125,40.875,13.428571428571429,otra
2024-06-13 08:00:00,2024,6,13,SUROESTE2,0,1.8575,20.25,21.0,52.25,12.719999999999999,otra
2024-06-14 07:00:00,2024,6,14,CENTRO,0,0.72,14.8,6.0,46.0,16.89,otra
2024-06-14 07:00:00,2024,6,14,NORESTE3,0,0.18875,10.133333333333333,8.616666666666667,32.0,11.085,otra
2024-06-14 07:00:00,2024,6,14,NOROESTE3,0,0.812,8.9,7.8,24.6,,otra
2024-06-14 07:00:00,2024,6,14,NORTE2,1,0.505,13.375,6.75,37.5,8.0,otra
2024-06-14 07:00:00,2024,6,14,SUR,1,0.69875,5.512499999999999,18.0,35.0,10.857142857142858,otra
2024-06-14 07:00:00,2024,6,14,SUROESTE2,0,1.5825,13.35,16.0,40.25,11.285,otra
2024-06-14 08:00:00,2024,6,14,CENTRO,0,0.82,15.5,10.0,63.0,17.02,otra
2024-06-14 08:00:00,2024,6,14,NORESTE3,0,0.2175,10.166666666666666,11.483333333333334,34.0,13.49,otra
2024-06-14 08:00:00,2024,6,14,NOROESTE3,0,0.8539999999999999,8.66,12.8,23.6,,otra
2024-06-14 08:00:00,2024,6,14,NORTE2,1,0.5025,14.475000000000001,11.25,50.75,14.333333333333334,otra
2024-06-14 08:00:00,2024,6,14,SUR,1,0.76625,7.942857142857143,23.625,36.875,12.625,otra
2024-06-14 08:00:00,2024,6,14,SUROESTE2,0,1.7725,14.475,22.75,43.25,15.530000000000001,otra
2024-06-15 07:00:00,2024,6,15,CENTRO,0,0.63,11.7,8.0,42.0,13.87,otra
2024-06-15 07:00:00,2024,6,15,NORESTE3,0,0.16575,9.35,9.483333333333333,28.166666666666668,11.04,otra
2024-06-15 07:00:00,2024,6,15,NOROESTE3,0,0.7016666666666667,7.1499999999999995,10.166666666666666,23.5,,otra
2024-06-15 07:00:00,2024,6,15,NORTE2,0,0.36750000000000005,9.975,11.0,23.0,6.75,otra
2024-06-15 07:00:00,2024,6,15,SUR,0,0.6875,5.028571428571429,18.5,29.125,10.375,otra
2024-06-15 07:00:00,2024,6,15,SUROESTE2,0,1.53,11.925,15.75,35.75,8.626666666666667,otra
2024-06-15 08:00:00,2024,6,15,CENTRO,0,0.66,12.7,9.0,43.0,18.29,otra
2024-06-15 08:00:00,2024,6,15,NORESTE3,0,0.17325,9.15,11.85,32.0,12.280000000000001,otra
2024-06-15 08:00:00,2024,6,15,NOROESTE3,0,0.7016666666666667,7.083333333333333,14.666666666666666,26.666666666666668,,otra
2024-06-15 08:00:00,2024,6,15,NORTE2,0,0.3775,10.0,17.5,33.5,8.666666666666666,otra
2024-06-15 08:00:00,2024,6,15,SUR,0,0.69125,5.166666666666666,22.75,31.75,10.25,otra
2024-06-15 08:00:00,2024,6,15,SUROESTE2,0,1.6,12.175,21.75,38.25,14.59,otra
2024-06-16 07:00:00,2024,6,16,CENTRO,0,0.57,7.1,13.0,31.0,12.76,otra
2024-06-16 07:00:00,2024,6,16,NORESTE3,0,0.17375000000000002,7.433333333333334,14.4,24.166666666666668,10.725,otra
2024-06-16 07:00:00,2024,6,16,NOROESTE3,0,0.685,6.733333333333334,13.666666666666666,21.333333333333332,,otra
2024-06-16 07:00:00,2024,6,16,NORTE2,0,0.33,7.6499999999999995,15.25,26.0,7.25,otra
2024-06-16 07:00:00,2024,6,16,SUR,0,0.71625,3.6166666666666667,22.875,28.5,11.82,otra
2024-06-16 07:00:00,2024,6,16,SUROESTE2,0,1.4125,11.625,18.0,36.0,9.26,otra
2024-06-16 08:00:00,2024,6,16,CENTRO,0,0.59,11.6,12.0,39.0,16.69,otra
2024-06-16 08:00:00,2024,6,16,NORESTE3,0,0.17700000000000002,7.516666666666667,14.549999999999999,25.0,9.675,otra
2024-06-16 08:00:00,2024,6,16,NOROESTE3,0,0.8083333333333335,6.1499999999999995,17.666666666666668,23.5,,otra
2024-06-16 08:00:00,2024,6,16,NORTE2,0,0.34,7.35,20.75,32.25,11.0,otra
2024-06-16 08:00:00,2024,6,16,SUR,0,0.70875,3.766666666666667,25.5,29.5,11.875,otra
2024-06-16 08:00:00,2024,6,16,SUROESTE2,0,1.4475,10.0,24.0,35.75,12.58,otra
2024-06-17 07:00:00,2024,6,17,CENTRO,0,0.57,9.2,14.0,33.0,9.0,otra
2024-06-17 07:00:00,2024,6,17,NORESTE3,0,0.186,8.466666666666667,12.26,22.5,5.779999999999999,otra
2024-06-17 07:00:00,2024,6,17,NOROESTE3,0,0.7283333333333334,7.633333333333333,12.666666666666666,18.166666666666668,,otra
2024-06-17 07:00:00,2024,6,17,NORTE2,1,0.35250000000000004,8.625,13.5,23.25,6.75,otra
2024-06-17 07:00:00,2024,6,17,SUR,1,0.6825,4.457142857142857,19.625,27.125,8.655000000000001,otra
2024-06-17 07:00:00,2024,6,17,SUROESTE2,0,1.47,11.075,18.0,30.25,6.505,otra
2024-06-17 08:00:00,2024,6,17,CENTRO,0,0.62,7.9,16.0,31.0,9.0,otra
2024-06-17 08:00:00,2024,6,17,NORESTE3,0,0.222,8.633333333333333,11.950000000000001,26.333333333333332,5.26,otra
2024-06-17 08:00:00,2024,6,17,NOROESTE3,0,0.735,7.133333333333333,15.333333333333334,22.666666666666668,,otra
2024-06-17 08:00:00,2024,6,17,NORTE2,1,0.38,8.575,16.25,25.75,12.333333333333334,otra
2024-06-17 08:00:00,2024,6,17,SUR,1,0.72375,3.7142857142857144,22.0,30.75,11.245714285714286,otra
2024-06-17 08:00:00,2024,6,17,SUROESTE2,0,1.5474999999999999,11.95,21.75,32.0,9.58,otra
2024-06-18 07:00:00,2024,6,18,CENTRO,0,0.55,8.3,16.0,39.0,7.0,otra
2024-06-18 07:00:00,2024,6,18,NORESTE3,0,0.174,9.0,13.35,21.833333333333332,7.38,otra
2024-06-18 07:00:00,2024,6,18,NOROESTE3,0,0.69,7.916666666666667,13.666666666666666,21.666666666666668,,otra
2024-06-18 07:00:00,2024,6,18,NORTE2,1,0.385,10.25,12.75,28.0,5.25,otra
2024-06-18 07:00:00,2024,6,18,SUR,1,0.705,4.833333333333333,21.75,29.375,11.5,otra
2024-06-18 07:00:00,2024,6,18,SUROESTE2,0,0.635,12.825,17.5,42.5,6.36,otra
2024-06-18 08:00:00,2024,6,18,CENTRO,0,0.62,9.5,15.0,37.0,7.0,otra
2024-06-18 08:00:00,2024,6,18,NORESTE3,0,0.21475,9.066666666666666,13.233333333333334,25.166666666666668,8.745000000000001,otra
2024-06-18 08:00:00,2024,6,18,NOROESTE3,0,0.7633333333333333,8.35,13.166666666666666,28.0,,otra
2024-06-18 08:00:00,2024,6,18,NORTE2,1,0.42000000000000004,10.55,15.25,25.5,7.25,otra
2024-06-18 08:00:00,2024,6,18,SUR,1,0.72,4.8,22.375,29.875,9.905714285714286,otra
2024-06-18 08:00:00,2024,6,18,SUROESTE2,0,0.7424999999999999,12.95,18.5,41.0,7.25,otra
2024-06-19 07:00:00,2024,6,19,CENTRO,0,0.56,12.2,13.0,46.0,10.0,otra
2024-06-19 07:00:00,2024,6,19,NORESTE3,0,0.179,9.75,11.333333333333334,24.666666666666668,6.84,otra
2024-06-19 07:00:00,2024,6,19,NOROESTE3,0,0.6,7.816666666666666,13.5,26.333333333333332,,otra
2024-06-19 07:00:00,2024,6,19,NORTE2,1,0.45499999999999996,12.75,12.0,31.25,5.5,otra
2024-06-19 07:00:00,2024,6,19,SUR,1,0.67625,6.0375,19.75,29.125,9.666666666666666,otra
2024-06-19 07:00:00,2024,6,19,SUROESTE2,0,0.6875,14.175,14.5,38.0,8.77,otra
2024-06-19 08:00:00,2024,6,19,CENTRO,0,0.7,11.2,16.0,44.0,9.0,otra
2024-06-19 08:00:00,2024,6,19,NORESTE3,0,0.17325000000000002,8.016666666666667,13.299999999999999,30.833333333333332,6.890000000000001,otra
2024-06-19 08:00:00,2024,6,19,NOROESTE3,0,0.605,6.666666666666667,17.666666666666668,28.166666666666668,,otra
2024-06-19 08:00:00,2024,6,19,NORTE2,1,0.4675,10.775,15.75,37.75,5.0,otra
2024-06-19 08:00:00,2024,6,19,SUR,1,0.72375,8.0,21.25,34.125,11.125,otra
2024-06-19 08:00:00,2024,6,19,SUROESTE2,0,0.8200000000000001,13.2,18.75,37.75,9.44,otra
2024-06-20 07:00:00,2024,6,20,CENTRO,0,0.47,6.1,20.0,35.0,12.0,otra
2024-06-20 07:00:00,2024,6,20,NORESTE3,0,0.36724999999999997,5.583333333333333,15.883333333333333,13.0,8.0,otra
2024-06-20 07:00:00,2024,6,20,NOROESTE3,0,0.52,5.199999999999999,24.833333333333332,7.833333333333333,,otra
2024-06-20 07:00:00,2024,6,20,NORTE2,1,0.2375,3.5250000000000004,21.0,12.5,8.5,otra
2024-06-20 07:00:00,2024,6,20,SUR,1,0.62375,2.2666666666666666,27.25,19.857142857142858,11.5,otra
2024-06-20 07:00:00,2024,6,20,SUROESTE2,0,0.4425,5.125,30.75,22.75,9.42,otra
2024-06-20 08:00:00,2024,6,20,CENTRO,0,0.47,9.4,16.0,39.0,13.0,otra
2024-06-20 08:00:00,2024,6,20,NORESTE3,0,0.37775000000000003,5.75,16.616666666666667,14.666666666666666,12.0,otra
2024-06-20 08:00:00,2024,6,20,NOROESTE3,0,0.5299999999999999,5.0,25.666666666666668,8.5,,otra
2024-06-20 08:00:00,2024,6,20,NORTE2,1,0.26,3.525,22.75,15.0,8.666666666666666,otra
2024-06-20 08:00:00,2024,6,20,SUR,1,0.625,2.316666666666667,27.375,23.571428571428573,8.142857142857142,otra
2024-06-20 08:00:00,2024,6,20,SUROESTE2,0,0.4575,3.625,32.5,34.75,,otra
2024-06-21 07:00:00,2024,6,21,CENTRO,0,0.41,3.6,19.0,24.0,10.0,otra
2024-06-21 07:00:00,2024,6,21,NORESTE3,0,0.38825,8.333333333333334,10.633333333333335,30.666666666666668,9.0,otra
2024-06-21 07:00:00,2024,6,21,NOROESTE3,0,0.6325000000000001,4.65,16.5,20.75,,otra
2024-06-21 07:00:00,2024,6,21,NORTE2,1,0.3375,7.6,15.5,32.75,6.666666666666667,otra
2024-06-21 07:00:00,2024,6,21,SUR,1,0.6775,4.766666666666667,18.25,34.875,14.166666666666666,otra
2024-06-21 07:00:00,2024,6,21,SUROESTE2,0,0.62,4.25,24.5,42.0,9.0,otra
2024-06-21 08:00:00,2024,6,21,CENTRO,0,0.49,5.1,17.0,30.0,17.0,otra
2024-06-21 08:00:00,2024,6,21,NORESTE3,0,0.40325,9.049999999999999,12.48,31.0,10.5,otra
2024-06-21 08:00:00,2024,6,21,NOROESTE3,0,0.665,5.175000000000001,16.5,29.75,,otra
2024-06-21 08:00:00,2024,6,21,NORTE2,1,0.38,8.4,16.5,32.25,5.333333333333333,otra
2024-06-21 08:00:00,2024,6,21,SUR,1,0.6975,4.533333333333333,20.125,41.0,14.8,otra
2024-06-21 08:00:00,2024,6,21,SUROESTE2,0,0.66,5.4,23.0,17.5,3.0,otra
2024-06-22 07:00:00,2024,6,22,CENTRO,0,0.69,18.4,6.0,40.0,21.0,otra
2024-06-22 07:00:00,2024,6,22,NORESTE3,0,0.473,12.633333333333333,8.08,18.833333333333332,11.5,otra
2024-06-22 07:00:00,2024,6,22,NOROESTE3,0,0.8375,15.125,10.75,27.25,,otra
2024-06-22 07:00:00,2024,6,22,NORTE2,0,0.5725,18.65,12.0,44.666666666666664,6.0,otra
2024-06-22 07:00:00,2024,6,22,SUR,0,1.02125,12.975,9.0,37.25,19.939999999999998,otra
2024-06-22 07:00:00,2024,6,22,SUROESTE2,0,0.65,19.125,14.75,45.5,16.0,otra
2024-06-22 08:00:00,2024,6,22,CENTRO,0,0.86,19.5,6.0,37.0,22.0,otra
2024-06-22 08:00:00,2024,6,22,NORESTE3,0,0.49275,12.683333333333335,9.575,19.833333333333332,8.5,otra
2024-06-22 08:00:00,2024,6,22,NOROESTE3,0,0.82,11.225000000000001,15.75,24.25,,otra
2024-06-22 08:00:00,2024,6,22,NORTE2,0,0.5225,17.75,10.666666666666666,58.333333333333336,8.25,otra
2024-06-22 08:00:00,2024,6,22,SUR,0,1.0474999999999999,12.55,11.625,39.5,15.4975,otra
2024-06-22 08:00:00,2024,6,22,SUROESTE2,0,0.5974999999999999,15.024999999999999,16.25,42.25,20.5,otra
2024-06-23 07:00:00,2024,6,23,CENTRO,0,0.52,12.3,17.0,41.0,17.0,otra
2024-06-23 07:00:00,2024,6,23,NORESTE3,0,0.58925,12.299999999999999,9.8,22.833333333333332,7.5,otra
2024-06-23 07:00:00,2024,6,23,NOROESTE3,0,0.84,13.15,9.5,32.0,,otra
2024-06-23 07:00:00,2024,6,23,NORTE2,0,0.4575,22.575,7.25,41.25,17.0,otra
2024-06-23 07:00:00,2024,6,23,SUR,0,0.84125,8.5875,20.285714285714285,39.0,17.735,otra
2024-06-23 07:00:00,2024,6,23,SUROESTE2,0,0.3775,11.1,23.0,23.75,8.0,otra
2024-06-23 08:00:00,2024,6,23,CENTRO,0,0.5,12.6,16.0,47.0,18.0,otra
2024-06-23 08:00:00,2024,6,23,NORESTE3,0,0.5435,11.950000000000001,13.62,18.833333333333332,6.0,otra
2024-06-23 08:00:00,2024,6,23,NOROESTE3,0,0.8175,13.625,12.75,28.75,,otra
2024-06-23 08:00:00,2024,6,23,NORTE2,0,0.375,18.75,13.0,48.25,14.0,otra
2024-06-23 08:00:00,2024,6,23,SUR,0,0.79625,8.5,20.75,37.0,14.997142857142858,otra
2024-06-23 08:00:00,2024,6,23,SUROESTE2,0,0.395,10.049999999999999,24.5,30.0,8.5,otra
2024-06-24 07:00:00,2024,6,24,CENTRO,0,0.5,11.1,13.0,29.0,8.41,otra
2024-06-24 07:00:00,2024,6,24,NORESTE3,0,0.6932499999999999,14.233333333333334,8.75,20.666666666666668,12.5,otra
2024-06-24 07:00:00,2024,6,24,NOROESTE3,0,1.1725,16.8,7.5,22.75,,otra
2024-06-24 07:00:00,2024,6,24,NORTE2,1,0.99,23.5,3.5,24.25,11.333333333333334,otra
2024-06-24 07:00:00,2024,6,24,SUR,1,1.0462500000000001,10.55,11.5,20.75,13.75,otra
2024-06-24 07:00:00,2024,6,24,SUROESTE2,0,0.6699999999999999,15.100000000000001,19.25,21.0,5.5,otra
2024-06-24 08:00:00,2024,6,24,CENTRO,0,0.63,14.1,11.0,29.0,11.0,otra
2024-06-24 08:00:00,2024,6,24,NORESTE3,0,0.7842500000000001,15.299999999999999,9.6,21.666666666666668,16.5,otra
2024-06-24 08:00:00,2024,6,24,NOROESTE3,0,1.0625,17.15,9.25,33.0,,otra
2024-06-24 08:00:00,2024,6,24,NORTE2,1,0.9225,22.9,5.0,44.75,10.0,otra
2024-06-24 08:00:00,2024,6,24,SUR,1,1.265,10.8625,12.75,25.25,14.475999999999999,otra
2024-06-24 08:00:00,2024,6,24,SUROESTE2,0,0.885,17.425,18.75,9.0,7.0,otra
2024-06-25 07:00:00,2024,6,25,CENTRO,0,0.55,15.3,5.0,35.0,18.0,otra
2024-06-25 07:00:00,2024,6,25,NORESTE3,0,0.47250000000000003,11.183333333333332,10.325,36.833333333333336,14.0,otra
2024-06-25 07:00:00,2024,6,25,NOROESTE3,0,0.7225,10.783333333333333,9.333333333333334,47.0,,otra
2024-06-25 07:00:00,2024,6,25,NORTE2,1,0.515,13.700000000000001,11.5,50.25,13.0,otra
2024-06-25 07:00:00,2024,6,25,SUR,1,0.90125,8.285714285714286,15.25,38.0,14.034285714285716,otra
2024-06-25 07:00:00,2024,6,25,SUROESTE2,0,0.695,13.65,18.5,45.75,19.0,otra
2024-06-25 08:00:00,2024,6,25,CENTRO,0,0.67,15.5,6.0,41.0,24.0,otra
2024-06-25 08:00:00,2024,6,25,NORESTE3,0,0.506,10.75,13.525,46.833333333333336,14.0,otra
2024-06-25 08:00:00,2024,6,25,NOROESTE3,0,0.7375,9.85,13.666666666666666,41.5,,otra
2024-06-25 08:00:00,2024,6,25,NORTE2,1,0.56,13.924999999999999,15.5,51.75,12.75,otra
2024-06-25 08:00:00,2024,6,25,SUR,1,0.96,9.716666666666667,19.375,42.125,13.895,otra
2024-06-25 08:00:00,2024,6,25,SUROESTE2,0,0.735,13.6,23.0,45.75,21.0,otra
2024-06-26 07:00:00,2024,6,26,CENTRO,0,0.47,11.6,6.0,47.0,20.0,otra
2024-06-26 07:00:00,2024,6,26,NORESTE3,0,0.44125,9.333333333333334,8.166666666666666,35.333333333333336,11.5,otra
2024-06-26 07:00:00,2024,6,26,NOROESTE3,0,0.7725,9.35,7.5,51.75,,otra
2024-06-26 07:00:00,2024,6,26,NORTE2,1,0.7225,11.375,9.0,45.0,10.75,otra
2024-06-26 07:00:00,2024,6,26,SUR,1,0.69875,5.2625,16.5,34.857142857142854,15.34,otra
2024-06-26 07:00:00,2024,6,26,SUROESTE2,0,0.6875,11.55,26.25,45.25,15.0,otra
2024-06-26 08:00:00,2024,6,26,CENTRO,0,0.58,12.8,6.0,53.0,21.0,otra
2024-06-26 08:00:00,2024,6,26,NORESTE3,0,0.4595,9.116666666666667,10.233333333333333,39.5,16.0,otra
2024-06-26 08:00:00,2024,6,26,NOROESTE3,0,0.75,7.775,13.5,52.75,,otra
2024-06-26 08:00:00,2024,6,26,NORTE2,1,0.7575000000000001,12.6,13.0,51.25,12.0,otra
2024-06-26 08:00:00,2024,6,26,SUR,1,0.76375,6.5875,18.75,41.714285714285715,16.502499999999998,otra
2024-06-26 08:00:00,2024,6,26,SUROESTE2,0,0.7224999999999999,12.675,32.0,43.25,20.0,otra
2024-06-27 07:00:00,2024,6,27,CENTRO,0,0.58,12.8,5.0,54.0,26.0,otra
2024-06-27 07:00:00,2024,6,27,NORESTE3,0,0.437,9.416666666666666,8.883333333333333,30.5,14.0,otra
2024-06-27 07:00:00,2024,6,27,NOROESTE3,0,0.6599999999999999,7.683333333333334,8.333333333333334,32.666666666666664,,otra
2024-06-27 07:00:00,2024,6,27,NORTE2,1,0.7324999999999999,12.350000000000001,9.0,42.75,11.25,otra
2024-06-27 07:00:00,2024,6,27,SUR,1,0.74375,6.35,15.875,33.375,12.465,otra
2024-06-27 07:00:00,2024,6,27,SUROESTE2,0,0.6174999999999999,10.95,27.75,35.0,13.5,otra
2024-06-27 08:00:00,2024,6,27,CENTRO,0,0.63,13.4,6.0,66.0,28.0,otra
2024-06-27 08:00:00,2024,6,27,NORESTE3,0,0.47000000000000003,9.966666666666667,11.049999999999999,33.6,14.5,otra
2024-06-27 08:00:00,2024,6,27,NOROESTE3,0,0.69,7.316666666666666,10.666666666666666,37.166666666666664,,otra
2024-06-27 08:00:00,2024,6,27,NORTE2,1,0.79,12.9,12.5,49.75,15.75,otra
2024-06-27 08:00:00,2024,6,27,SUR,1,0.725,7.35,19.5,37.25,16.9325,otra
2024-06-27 08:00:00,2024,6,27,SUROESTE2,0,0.735,11.225,32.5,49.0,14.5,otra
2024-06-28 07:00:00,2024,6,28,CENTRO,0,0.75,15.4,7.0,61.0,30.0,otra
2024-06-28 07:00:00,2024,6,28,NORESTE3,0,0.43574999999999997,11.866666666666667,9.72,34.666666666666664,18.0,otra
2024-06-28 07:00:00,2024,6,28,NOROESTE3,0,0.7575000000000001,10.05,8.833333333333334,45.0,,otra
2024-06-28 07:00:00,2024,6,28,NORTE2,1,0.7550000000000001,17.25,9.0,56.5,16.25,otra
2024-06-28 07:00:00,2024,6,28,SUR,1,0.7366666666666667,12.75,11.0,45.666666666666664,19.163333333333334,otra
2024-06-28 07:00:00,2024,6,28,SUROESTE2,0,0.705,15.75,29.25,42.5,19.095,otra
2024-06-28 08:00:00,2024,6,28,CENTRO,0,0.7,16.2,7.0,60.0,31.0,otra
2024-06-28 08:00:00,2024,6,28,NORESTE3,0,0.45875,11.950000000000001,10.200000000000001,39.666666666666664,19.5,otra
2024-06-28 08:00:00,2024,6,28,NOROESTE3,0,0.795,11.125,11.5,52.166666666666664,,otra
2024-06-28 08:00:00,2024,6,28,NORTE2,1,0.8425,18.275,11.0,56.75,21.0,otra
2024-06-28 08:00:00,2024,6,28,SUR,1,0.7866666666666666,11.333333333333334,15.0,47.0,18.94666666666667,otra
2024-06-28 08:00:00,2024,6,28,SUROESTE2,0,0.8525,18.975,35.0,58.5,29.485,otra
2024-06-29 07:00:00,2024,6,29,CENTRO,0,0.48,12.5,13.0,43.0,26.18,otra
2024-06-29 07:00:00,2024,6,29,NORESTE3,0,0.434,11.35,15.74,39.166666666666664,22.0,otra
2024-06-29 07:00:00,2024,6,29,NOROESTE3,0,0.7225,7.9,17.333333333333332,34.833333333333336,,otra
2024-06-29 07:00:00,2024,6,29,NORTE2,0,0.62,11.524999999999999,14.0,38.5,15.0,otra
2024-06-29 07:00:00,2024,6,29,SUR,0,0.7416666666666667,5.550000000000001,24.166666666666668,36.5,14.926666666666668,otra
2024-06-29 07:00:00,2024,6,29,SUROESTE2,0,0.6025,14.05,13.5,39.75,21.38,otra
2024-06-29 08:00:00,2024,6,29,CENTRO,0,0.53,13.5,14.0,42.0,29.9,otra
2024-06-29 08:00:00,2024,6,29,NORESTE3,0,0.43674999999999997,10.483333333333333,17.98,44.5,25.0,otra
2024-06-29 08:00:00,2024,6,29,NOROESTE3,0,0.7775000000000001,7.825,19.0,38.0,,otra
2024-06-29 08:00:00,2024,6,29,NORTE2,0,0.7325,13.275,15.75,42.5,16.0,otra
2024-06-29 08:00:00,2024,6,29,SUR,0,0.6616666666666666,6.266666666666667,27.0,41.833333333333336,16.026666666666667,otra
2024-06-29 08:00:00,2024,6,29,SUROESTE2,0,0.71,13.25,18.75,62.25,25.835,otra
2024-06-30 07:00:00,2024,6,30,CENTRO,0,0.41,6.0,12.0,38.0,11.3,otra
2024-06-30 07:00:00,2024,6,30,NORESTE3,0,0.389,6.75,9.366666666666667,21.333333333333332,9.0,otra
2024-06-30 07:00:00,2024,6,30,NOROESTE3,0,0.6699999999999999,5.9,15.0,24.0,,otra
2024-06-30 07:00:00,2024,6,30,NORTE2,0,0.51,8.575,9.0,34.0,13.666666666666666,otra
2024-06-30 07:00:00,2024,6,30,SUR,0,0.655,4.783333333333334,12.166666666666666,25.166666666666668,5.25,otra
2024-06-30 07:00:00,2024,6,30,SUROESTE2,0,0.5225,8.25,12.0,34.75,13.5,otra
2024-06-30 08:00:00,2024,6,30,CENTRO,0,0.44,6.0,12.0,39.0,12.99,otra
2024-06-30 08:00:00,2024,6,30,NORESTE3,0,0.3875,6.8500000000000005,11.85,18.333333333333332,9.5,otra
2024-06-30 08:00:00,2024,6,30,NOROESTE3,0,0.7225,5.95,17.25,21.166666666666668,,otra
2024-06-30 08:00:00,2024,6,30,NORTE2,0,0.5025,7.075,10.5,31.25,7.0,otra
2024-06-30 08:00:00,2024,6,30,SUR,0,0.6416666666666666,4.483333333333333,14.166666666666666,32.0,8.0,otra
2024-06-30 08:00:00,2024,6,30,SUROESTE2,0,0.5,6.425000000000001,15.25,37.25,4.5,otra
2024-07-01 07:00:00,2024,7,1,CENTRO,0,0.43,12.2,7.0,34.0,,otra
2024-07-01 07:00:00,2024,7,1,NORESTE3,0,0.44149999999999995,9.233333333333333,7.659999999999999,20.5,10.0,otra
2024-07-01 07:00:00,2024,7,1,NOROESTE3,0,0.725,8.425,11.333333333333334,28.0,7.0375,otra
2024-07-01 07:00:00,2024,7,1,NORTE2,1,0.7324999999999999,15.35,9.333333333333334,43.5,15.0,otra
2024-07-01 07:00:00,2024,7,1,SUR,0,0.73625,7.9375,13.625,28.5,10.692499999999999,otra
2024-07-01 07:00:00,2024,7,1,SUROESTE2,0,0.595,12.7,8.0,43.75,14.5,otra
2024-07-01 08:00:00,2024,7,1,CENTRO,0,0.59,13.4,8.0,34.0,,otra
2024-07-01 08:00:00,2024,7,1,NORESTE3,0,0.4895,9.483333333333333,10.1,24.833333333333332,13.3,otra
2024-07-01 08:00:00,2024,7,1,NOROESTE3,0,0.725,7.15,16.166666666666668,24.5,6.422499999999999,otra
2024-07-01 08:00:00,2024,7,1,NORTE2,1,0.77,16.575000000000003,9.0,47.75,14.5,otra
2024-07-01 08:00:00,2024,7,1,SUR,0,0.80375,8.0,16.625,32.5,13.648571428571428,otra
2024-07-01 08:00:00,2024,7,1,SUROESTE2,0,0.6775,13.525,11.25,45.75,16.0,otra
2024-07-02 07:00:00,2024,7,2,CENTRO,0,0.61,14.6,5.0,54.0,11.67,otra
2024-07-02 07:00:00,2024,7,2,NORESTE3,0,0.48325,8.799999999999999,7.959999999999999,47.5,20.415,otra
2024-07-02 07:00:00,2024,7,2,NOROESTE3,0,0.8425,11.075,6.166666666666667,53.333333333333336,11.7125,otra
2024-07-02 07:00:00,2024,7,2,NORTE2,1,0.6325,14.275,4.75,72.5,20.25,otra
2024-07-02 07:00:00,2024,7,2,SUR,0,0.8462500000000001,8.525,11.0,58.666666666666664,18.5,otra
2024-07-02 07:00:00,2024,7,2,SUROESTE2,0,0.76,12.725,5.0,64.75,17.405,otra
2024-07-02 08:00:00,2024,7,2,CENTRO,0,0.67,16.9,8.0,64.0,13.79,otra
2024-07-02 08:00:00,2024,7,2,NORESTE3,0,0.46975,9.283333333333333,9.120000000000001,55.333333333333336,22.945,otra
2024-07-02 08:00:00,2024,7,2,NOROESTE3,0,0.8725,10.95,7.5,61.833333333333336,15.2975,otra
2024-07-02 08:00:00,2024,7,2,NORTE2,1,0.725,15.35,7.75,68.0,19.25,otra
2024-07-02 08:00:00,2024,7,2,SUR,0,0.9099999999999999,9.8,16.0,60.0,21.833333333333332,otra
2024-07-02 08:00:00,2024,7,2,SUROESTE2,0,0.825,14.1,9.5,69.75,18.64,otra
2024-07-03 07:00:00,2024,7,3,CENTRO,0,0.45,12.3,5.0,69.0,23.32,otra
2024-07-03 07:00:00,2024,7,3,NORESTE3,0,0.435,7.8999999999999995,8.22,50.666666666666664,20.775,otra
2024-07-03 07:00:00,2024,7,3,NOROESTE3,0,0.835,7.575,14.166666666666666,48.0,8.575,otra
2024-07-03 07:00:00,2024,7,3,NORTE2,1,0.565,11.2,3.75,59.5,13.75,otra
2024-07-03 07:00:00,2024,7,3,SUR,0,0.6583333333333333,5.95,16.625,55.125,15.46,otra
2024-07-03 07:00:00,2024,7,3,SUROESTE2,0,0.605,12.125,7.75,63.5,18.509999999999998,otra
2024-07-03 08:00:00,2024,7,3,CENTRO,0,0.56,12.7,6.0,70.0,31.095,otra
2024-07-03 08:00:00,2024,7,3,NORESTE3,0,0.45975,8.016666666666667,9.72,51.666666666666664,20.445,otra
2024-07-03 08:00:00,2024,7,3,NOROESTE3,0,0.925,7.725,9.333333333333334,51.333333333333336,10.445,otra
2024-07-03 08:00:00,2024,7,3,NORTE2,1,0.6325000000000001,12.35,5.5,63.25,21.5,otra
2024-07-03 08:00:00,2024,7,3,SUR,0,0.7333333333333334,6.3625,20.5,60.125,16.585,otra
2024-07-03 08:00:00,2024,7,3,SUROESTE2,0,0.735,13.275,10.25,63.75,20.455,otra
2024-07-04 07:00:00,2024,7,4,CENTRO,0,0.46,13.0,5.0,60.0,27.73,otra
2024-07-04 07:00:00,2024,7,4,NORESTE3,0,0.4645,8.216666666666667,7.983333333333333,38.333333333333336,16.775,otra
2024-07-04 07:00:00,2024,7,4,NOROESTE3,0,0.8475,9.675,5.5,46.333333333333336,9.84,otra
2024-07-04 07:00:00,2024,7,4,NORTE2,1,0.625,12.75,4.75,55.75,13.0,otra
2024-07-04 07:00:00,2024,7,4,SUR,0,0.7000000000000001,6.65,16.75,45.375,15.9625,otra
2024-07-04 07:00:00,2024,7,4,SUROESTE2,0,0.7025,15.275,12.5,68.0,21.425,otra
2024-07-04 08:00:00,2024,7,4,CENTRO,0,0.59,13.4,6.0,61.0,27.72,otra
2024-07-04 08:00:00,2024,7,4,NORESTE3,0,0.5377500000000001,8.85,9.333333333333334,46.166666666666664,19.66,otra
2024-07-04 08:00:00,2024,7,4,NOROESTE3,0,0.855,9.275,8.166666666666666,50.5,10.775,otra
2024-07-04 08:00:00,2024,7,4,NORTE2,1,0.7075,13.899999999999999,6.0,58.25,14.0,otra
2024-07-04 08:00:00,2024,7,4,SUR,0,0.7283333333333334,7.050000000000001,20.25,52.5,19.25142857142857,otra
2024-07-04 08:00:00,2024,7,4,SUROESTE2,0,0.765,14.9,12.25,87.5,25.715,otra
2024-07-05 07:00:00,2024,7,5,CENTRO,0,0.45,14.0,5.0,67.0,40.65,otra
2024-07-05 07:00:00,2024,7,5,NORESTE3,0,0.4345,9.316666666666666,8.833333333333334,55.5,29.59,otra
2024-07-05 07:00:00,2024,7,5,NOROESTE3,0,0.7949999999999999,9.375,7.833333333333333,62.5,13.059999999999999,otra
2024-07-05 07:00:00,2024,7,5,NORTE2,1,0.6300000000000001,12.9,6.75,61.25,25.25,otra
2024-07-05 07:00:00,2024,7,5,SUR,0,0.6783333333333333,7.0125,15.0,63.875,23.69,otra
2024-07-05 07:00:00,2024,7,5,SUROESTE2,0,0.655,12.95,7.75,88.75,32.84,otra
2024-07-05 08:00:00,2024,7,5,CENTRO,0,0.53,14.2,6.0,68.0,43.01,otra
2024-07-05 08:00:00,2024,7,5,NORESTE3,0,0.47325,9.966666666666667,9.933333333333334,59.0,29.31,otra
2024-07-05 08:00:00,2024,7,5,NOROESTE3,0,0.8275,8.475,10.5,61.666666666666664,13.6125,otra
2024-07-05 08:00:00,2024,7,5,NORTE2,1,0.65,13.25,8.75,77.75,25.25,otra
2024-07-05 08:00:00,2024,7,5,SUR,0,0.7116666666666666,7.928571428571429,16.714285714285715,67.71428571428571,27.346666666666664,otra
2024-07-05 08:00:00,2024,7,5,SUROESTE2,0,0.7949999999999999,14.725,11.25,73.5,29.91,otra
2024-07-06 07:00:00,2024,7,6,CENTRO,0,0.41,13.8,5.0,45.0,32.71,otra
2024-07-06 07:00:00,2024,7,6,NORESTE3,0,0.43324999999999997,8.733333333333333,9.466666666666667,55.0,22.17,otra
2024-07-06 07:00:00,2024,7,6,NOROESTE3,0,0.7999999999999999,7.925,7.5,63.166666666666664,12.475,otra
2024-07-06 07:00:00,2024,7,6,NORTE2,0,0.6475,13.375,10.25,75.25,19.0,otra
2024-07-06 07:00:00,2024,7,6,SUR,0,0.6775,8.85,13.333333333333334,65.25,20.666666666666668,otra
2024-07-06 07:00:00,2024,7,6,SUROESTE2,0,0.725,14.75,10.5,63.5,29.24,otra
2024-07-06 08:00:00,2024,7,6,CENTRO,0,0.27,12.8,9.0,,39.99,otra
2024-07-06 08:00:00,2024,7,6,NORESTE3,0,0.46799999999999997,8.833333333333334,12.533333333333333,55.333333333333336,27.17,otra
2024-07-06 08:00:00,2024,7,6,NOROESTE3,0,0.875,8.825,10.0,69.83333333333333,13.467500000000001,otra
2024-07-06 08:00:00,2024,7,6,NORTE2,0,0.6824999999999999,14.700000000000001,14.25,78.0,24.75,otra
2024-07-06 08:00:00,2024,7,6,SUR,0,0.75125,8.825,20.833333333333332,74.125,26.166666666666668,otra
2024-07-06 08:00:00,2024,7,6,SUROESTE2,0,0.72,12.425,17.0,78.0,35.33,otra
2024-07-07 07:00:00,2024,7,7,CENTRO,0,0.44,16.0,6.0,94.0,,otra
2024-07-07 07:00:00,2024,7,7,NORESTE3,0,0.504,10.916666666666666,6.720000000000001,59.0,22.57,otra
2024-07-07 07:00:00,2024,7,7,NOROESTE3,0,0.9575,10.2,6.833333333333333,76.5,11.68,otra
2024-07-07 07:00:00,2024,7,7,NORTE2,0,0.6025,16.4,10.666666666666666,89.5,24.5,otra
2024-07-07 07:00:00,2024,7,7,SUR,0,0.785,10.775,11.0,63.125,16.4,otra
2024-07-07 07:00:00,2024,7,7,SUROESTE2,0,0.505,12.575,9.0,76.0,22.515,otra
2024-07-07 08:00:00,2024,7,7,CENTRO,0,0.32,14.1,11.0,80.0,,otra
2024-07-07 08:00:00,2024,7,7,NORESTE3,0,0.47525,9.666666666666666,10.416666666666666,60.166666666666664,24.67,otra
2024-07-07 08:00:00,2024,7,7,NOROESTE3,0,0.9299999999999999,9.375,11.0,76.66666666666667,11.2225,otra
2024-07-07 08:00:00,2024,7,7,NORTE2,0,0.6,14.850000000000001,16.25,90.0,17.25,otra
2024-07-07 08:00:00,2024,7,7,SUR,0,0.77875,10.5625,16.666666666666668,70.875,28.0,otra
2024-07-07 08:00:00,2024,7,7,SUROESTE2,0,0.5175000000000001,12.275,13.5,74.5,26.285,otra
2024-07-08 07:00:00,2024,7,8,CENTRO,0,0.59,20.1,9.0,57.0,,otra
2024-07-08 07:00:00,2024,7,8,NORESTE3,0,0.6025,15.983333333333334,8.933333333333334,65.33333333333333,22.98,otra
2024-07-08 07:00:00,2024,7,8,NOROESTE3,0,1.13,16.35,7.333333333333333,76.5,8.9375,otra
2024-07-08 07:00:00,2024,7,8,NORTE2,1,0.855,25.25,14.0,91.75,21.25,otra
2024-07-08 07:00:00,2024,7,8,SUR,0,0.8049999999999999,15.125,17.666666666666668,58.875,21.21,otra
2024-07-08 07:00:00,2024,7,8,SUROESTE2,0,0.9524999999999999,22.625,14.0,78.5,23.015,otra
2024-07-08 08:00:00,2024,7,8,CENTRO,0,0.52,20.5,19.0,68.0,,otra
2024-07-08 08:00:00,2024,7,8,NORESTE3,0,0.5855,15.316666666666668,14.966666666666667,75.16666666666667,25.64,otra
2024-07-08 08:00:00,2024,7,8,NOROESTE3,0,1.1925,18.7,13.333333333333334,73.66666666666667,8.450000000000001,otra
2024-07-08 08:00:00,2024,7,8,NORTE2,1,0.7875000000000001,25.525,22.5,84.5,18.0,otra
2024-07-08 08:00:00,2024,7,8,SUR,0,0.8612500000000001,15.45,25.0,60.875,23.555,otra
2024-07-08 08:00:00,2024,7,8,SUROESTE2,0,0.8925000000000001,30.975,26.5,118.75,26.30666666666667,otra
2024-07-09 07:00:00,2024,7,9,CENTRO,0,0.79,25.8,6.0,77.0,26.55,otra
2024-07-09 07:00:00,2024,7,9,NORESTE3,0,0.45999999999999996,11.083333333333334,13.483333333333334,35.166666666666664,16.75,otra
2024-07-09 07:00:00,2024,7,9,NOROESTE3,0,1.2375,14.9,7.0,100.0,7.625,otra
2024-07-09 07:00:00,2024,7,9,NORTE2,1,0.7975000000000001,24.375,10.75,52.5,12.0,otra
2024-07-09 07:00:00,2024,7,9,SUR,0,0.73875,15.587499999999999,16.625,55.0,13.8575,otra
2024-07-09 07:00:00,2024,7,9,SUROESTE2,0,0.9325,23.275,9.75,53.0,28.67,otra
2024-07-09 08:00:00,2024,7,9,CENTRO,0,0.89,24.8,11.0,73.0,26.91,otra
2024-07-09 08:00:00,2024,7,9,NORESTE3,0,0.496,11.433333333333332,17.583333333333332,41.0,23.945,otra
2024-07-09 08:00:00,2024,7,9,NOROESTE3,0,1.035,13.4,15.25,98.75,7.115,otra
2024-07-09 08:00:00,2024,7,9,NORTE2,1,0.7875,20.75,21.25,59.0,11.0,otra
2024-07-09 08:00:00,2024,7,9,SUR,0,0.80625,13.4625,25.125,58.833333333333336,14.0725,otra
2024-07-09 08:00:00,2024,7,9,SUROESTE2,0,1.1125,34.325,20.0,98.0,28.37,otra
2024-07-10 07:00:00,2024,7,10,CENTRO,0,0.87,15.7,7.0,56.0,24.78,otra
2024-07-10 07:00:00,2024,7,10,NORESTE3,0,0.41375,7.25,9.466666666666667,24.5,12.215,otra
2024-07-10 07:00:00,2024,7,10,NOROESTE3,0,0.8525,25.733333333333334,7.833333333333333,32.5,7.525,otra
2024-07-10 07:00:00,2024,7,10,NORTE2,1,0.6525000000000001,12.55,9.0,47.0,11.666666666666666,otra
2024-07-10 07:00:00,2024,7,10,SUR,0,0.8025,7.925000000000001,10.166666666666666,36.375,12.5,otra
2024-07-10 07:00:00,2024,7,10,SUROESTE2,0,0.76,16.75,7.25,38.75,21.71,otra
2024-07-10 08:00:00,2024,7,10,CENTRO,0,0.63,12.8,11.0,64.0,26.26,otra
2024-07-10 08:00:00,2024,7,10,NORESTE3,0,0.432,8.216666666666667,11.516666666666666,20.666666666666668,11.82,otra
2024-07-10 08:00:00,2024,7,10,NOROESTE3,0,0.835,24.733333333333334,12.333333333333334,31.166666666666668,7.7975,otra
2024-07-10 08:00:00,2024,7,10,NORTE2,1,0.66,12.15,12.5,44.5,14.0,otra
2024-07-10 08:00:00,2024,7,10,SUR,0,0.80125,7.45,13.166666666666666,37.75,14.43,otra
2024-07-10 08:00:00,2024,7,10,SUROESTE2,0,0.8049999999999999,17.325,10.5,46.0,23.825,otra
2024-07-11 07:00:00,2024,7,11,CENTRO,0,0.41,8.3,12.0,33.0,10.31,otra
2024-07-11 07:00:00,2024,7,11,NORESTE3,0,0.54125,11.833333333333334,7.716666666666666,34.833333333333336,12.280000000000001,otra
2024-07-11 07:00:00,2024,7,11,NOROESTE3,0,0.8300000000000001,24.400000000000002,10.666666666666666,29.333333333333332,5.4175,otra
2024-07-11 07:00:00,2024,7,11,NORTE2,1,0.6825,13.925,8.25,46.5,14.25,otra
2024-07-11 07:00:00,2024,7,11,SUR,0,1.03125,6.0,13.333333333333334,35.375,11.333333333333334,otra
2024-07-11 07:00:00,2024,7,11,SUROESTE2,0,0.535,10.075,11.75,22.0,15.99,otra
2024-07-11 08:00:00,2024,7,11,CENTRO,0,0.47,11.1,11.0,37.0,12.29,otra
2024-07-11 08:00:00,2024,7,11,NORESTE3,0,0.5665,11.200000000000001,9.416666666666666,40.166666666666664,16.205,otra
2024-07-11 08:00:00,2024,7,11,NOROESTE3,0,0.825,23.233333333333334,13.0,30.0,5.445,otra
2024-07-11 08:00:00,2024,7,11,NORTE2,1,0.6625000000000001,13.475,12.25,48.5,8.25,otra
2024-07-11 08:00:00,2024,7,11,SUR,0,1.015,4.875,16.166666666666668,36.25,13.5,otra
2024-07-11 08:00:00,2024,7,11,SUROESTE2,0,0.6375,10.649999999999999,13.5,22.0,10.0,otra
2024-07-12 07:00:00,2024,7,12,CENTRO,0,0.42,10.4,9.0,36.0,12.77,otra
2024-07-12 07:00:00,2024,7,12,NORESTE3,0,0.46424999999999994,11.183333333333332,7.816666666666666,36.0,16.13,otra
2024-07-12 07:00:00,2024,7,12,NOROESTE3,0,0.885,8.75,9.5,20.5,4.945,otra
2024-07-12 07:00:00,2024,7,12,NORTE2,1,0.865,12.45,7.25,42.333333333333336,13.5,otra
2024-07-12 07:00:00,2024,7,12,SUR,0,0.645,6.4625,11.0,36.125,12.33,otra
2024-07-12 07:00:00,2024,7,12,SUROESTE2,0,0.6,14.774999999999999,4.75,33.5,11.254999999999999,otra
2024-07-12 08:00:00,2024,7,12,CENTRO,0,0.51,11.6,8.0,41.0,22.1,otra
2024-07-12 08:00:00,2024,7,12,NORESTE3,0,0.472,9.5,9.716666666666667,43.5,18.119999999999997,otra
2024-07-12 08:00:00,2024,7,12,NOROESTE3,0,0.88,8.2,10.0,24.75,5.43,otra
2024-07-12 08:00:00,2024,7,12,NORTE2,1,0.95,13.425,7.25,53.75,14.5,otra
2024-07-12 08:00:00,2024,7,12,SUR,0,0.65,6.237500000000001,13.5,43.625,13.615,otra
2024-07-12 08:00:00,2024,7,12,SUROESTE2,0,0.6875,14.55,5.75,45.75,11.68,otra
2024-07-13 07:00:00,2024,7,13,CENTRO,0,0.45,13.7,6.0,43.0,16.33,otra
2024-07-13 07:00:00,2024,7,13,NORESTE3,0,0.48675,7.025,10.725,25.0,12.73,otra
2024-07-13 07:00:00,2024,7,13,NOROESTE3,0,0.8925000000000001,6.825,11.166666666666666,31.833333333333332,4.975,otra
2024-07-13 07:00:00,2024,7,13,NORTE2,0,0.7975,10.95,13.5,36.0,8.0,otra
2024-07-13 07:00:00,2024,7,13,SUR,0,0.645,6.025,12.5,45.375,12.594999999999999,otra
2024-07-13 07:00:00,2024,7,13,SUROESTE2,0,0.625,14.525,7.5,38.25,14.835,otra
2024-07-13 08:00:00,2024,7,13,CENTRO,0,0.54,14.9,9.0,46.0,23.15,otra
2024-07-13 08:00:00,2024,7,13,NORESTE3,0,0.47600000000000003,6.475,12.700000000000001,31.25,13.48,otra
2024-07-13 08:00:00,2024,7,13,NOROESTE3,0,0.925,6.5,14.0,36.666666666666664,5.355,otra
2024-07-13 08:00:00,2024,7,13,NORTE2,0,0.795,10.225000000000001,17.0,42.75,13.0,otra
2024-07-13 08:00:00,2024,7,13,SUR,0,0.6549999999999999,5.5375,18.5,52.25,13.48,otra
2024-07-13 08:00:00,2024,7,13,SUROESTE2,0,0.7175,13.9,11.25,55.0,16.1,otra
2024-07-14 07:00:00,2024,7,14,CENTRO,0,0.46,9.2,7.0,86.0,34.69,otra
2024-07-14 07:00:00,2024,7,14,NORESTE3,0,0.41975,6.65,9.3,61.0,27.56,otra
2024-07-14 07:00:00,2024,7,14,NOROESTE3,0,0.885,5.675,10.0,80.75,10.99,otra
2024-07-14 07:00:00,2024,7,14,NORTE2,0,0.775,11.0,8.5,75.5,17.5,otra
2024-07-14 07:00:00,2024,7,14,SUR,0,0.6150000000000001,5.728571428571429,9.833333333333334,83.125,24.7075,otra
2024-07-14 07:00:00,2024,7,14,SUROESTE2,0,0.485,8.15,7.0,87.25,23.2,otra
2024-07-14 08:00:00,2024,7,14,CENTRO,0,0.49,10.0,6.0,90.0,38.31,otra
2024-07-14 08:00:00,2024,7,14,NORESTE3,0,0.4756666666666667,6.533333333333334,13.266666666666666,64.66666666666667,29.19,otra
2024-07-14 08:00:00,2024,7,14,NOROESTE3,0,0.9025000000000001,5.6,12.5,79.75,11.4,otra
2024-07-14 08:00:00,2024,7,14,NORTE2,0,0.845,11.1,13.5,79.0,30.0,otra
2024-07-14 08:00:00,2024,7,14,SUR,0,0.6433333333333334,5.885714285714286,14.333333333333334,84.25,24.095,otra
2024-07-14 08:00:00,2024,7,14,SUROESTE2,0,0.5025,8.075,13.25,88.75,20.655,otra
2024-07-15 07:00:00,2024,7,15,CENTRO,0,0.65,13.0,6.0,59.0,25.835,otra
2024-07-15 07:00:00,2024,7,15,NORESTE3,0,0.4535,8.6,10.18,35.8,16.32,otra
2024-07-15 07:00:00,2024,7,15,NOROESTE3,0,0.96,9.6,7.5,46.666666666666664,12.5575,otra
2024-07-15 07:00:00,2024,7,15,NORTE2,1,1.005,14.2,5.75,55.75,17.0,otra
2024-07-15 07:00:00,2024,7,15,SUR,0,0.7016666666666667,8.2625,11.166666666666666,46.875,15.870000000000001,otra
2024-07-15 07:00:00,2024,7,15,SUROESTE2,0,0.71,15.475,6.0,55.25,22.805,otra
2024-07-15 08:00:00,2024,7,15,CENTRO,0,0.54,10.9,9.0,56.0,28.869999999999997,otra
2024-07-15 08:00:00,2024,7,15,NORESTE3,0,0.48025,8.74,12.48,40.4,21.3,otra
2024-07-15 08:00:00,2024,7,15,NOROESTE3,0,0.965,8.75,10.833333333333334,53.166666666666664,11.846666666666666,otra
2024-07-15 08:00:00,2024,7,15,NORTE2,1,1.0025,13.75,9.0,63.25,19.75,otra
2024-07-15 08:00:00,2024,7,15,SUR,0,0.75,8.8,14.666666666666666,50.125,20.205,otra
2024-07-15 08:00:00,2024,7,15,SUROESTE2,0,0.7225,17.5,11.75,85.75,28.375,otra
2024-07-16 07:00:00,2024,7,16,CENTRO,0,0.56,15.1,5.0,83.0,40.0,otra
2024-07-16 07:00:00,2024,7,16,NORESTE3,0,0.4565,9.700000000000001,10.883333333333333,58.0,23.92,otra
2024-07-16 07:00:00,2024,7,16,NOROESTE3,0,0.9450000000000001,9.375,8.333333333333334,66.0,11.125,otra
2024-07-16 07:00:00,2024,7,16,NORTE2,1,0.9924999999999999,14.5,7.25,79.75,21.25,otra
2024-07-16 07:00:00,2024,7,16,SUR,0,0.71,9.25,12.5,71.875,22.91,otra
2024-07-16 07:00:00,2024,7,16,SUROESTE2,0,0.61,15.1,6.5,84.25,18.0,otra
2024-07-16 08:00:00,2024,7,16,CENTRO,0,0.58,14.0,8.0,77.0,39.0,otra
2024-07-16 08:00:00,2024,7,16,NORESTE3,0,0.49425,9.833333333333334,12.766666666666666,63.5,31.03,otra
2024-07-16 08:00:00,2024,7,16,NOROESTE3,0,0.9725,9.2,11.666666666666666,68.33333333333333,11.285,otra
2024-07-16 08:00:00,2024,7,16,NORTE2,1,1.225,14.875,11.5,96.0,35.5,otra
2024-07-16 08:00:00,2024,7,16,SUR,0,0.7416666666666667,9.9125,16.625,77.75,25.35,otra
2024-07-16 08:00:00,2024,7,16,SUROESTE2,0,0.695,18.175,12.25,103.75,19.0,otra
2024-07-17 07:00:00,2024,7,17,CENTRO,0,0.52,13.4,6.0,67.0,30.0,otra
2024-07-17 07:00:00,2024,7,17,NORESTE3,0,0.45975,9.533333333333333,7.883333333333333,35.0,17.295,otra
2024-07-17 07:00:00,2024,7,17,NOROESTE3,0,0.9025,7.3,7.6,38.333333333333336,8.29,otra
2024-07-17 07:00:00,2024,7,17,NORTE2,0,0.9624999999999999,12.1,5.75,54.25,17.75,otra
2024-07-17 07:00:00,2024,7,17,SUR,0,0.61,6.5875,8.666666666666666,44.125,15.41,otra
2024-07-17 07:00:00,2024,7,17,SUROESTE2,0,0.7525,13.2,6.25,49.25,18.0,otra
2024-07-17 08:00:00,2024,7,17,CENTRO,0,0.65,13.0,5.0,76.0,29.0,otra
2024-07-17 08:00:00,2024,7,17,NORESTE3,0,0.4525,8.666666666666666,9.200000000000001,37.666666666666664,17.1,otra
2024-07-17 08:00:00,2024,7,17,NOROESTE3,0,0.9575,7.5249999999999995,9.25,36.5,8.023333333333333,otra
2024-07-17 08:00:00,2024,7,17,NORTE2,0,1.0350000000000001,11.825,5.75,55.75,15.5,otra
2024-07-17 08:00:00,2024,7,17,SUR,0,0.625,7.314285714285715,10.166666666666666,50.5,14.9825,otra
2024-07-17 08:00:00,2024,7,17,SUROESTE2,0,0.73,13.025,5.25,65.0,22.0,otra
2024-07-18 07:00:00,2024,7,18,CENTRO,0,0.6,16.0,9.0,47.0,28.22,otra
2024-07-18 07:00:00,2024,7,18,NORESTE3,0,0.511,13.433333333333335,10.666666666666666,23.5,16.310000000000002,otra
2024-07-18 07:00:00,2024,7,18,NOROESTE3,0,1.0025,14.05,11.666666666666666,18.666666666666668,5.653333333333333,otra
2024-07-18 07:00:00,2024,7,18,NORTE2,0,1.02,20.35,8.75,40.25,19.75,otra
2024-07-18 07:00:00,2024,7,18,SUR,0,0.8083333333333332,10.0375,15.0,32.0,13.186666666666667,otra
2024-07-18 07:00:00,2024,7,18,SUROESTE2,0,0.64,16.725,9.5,57.25,22.560000000000002,otra
2024-07-18 08:00:00,2024,7,18,CENTRO,0,0.63,16.8,10.0,54.0,30.41,otra
2024-07-18 08:00:00,2024,7,18,NORESTE3,0,0.5850000000000001,13.700000000000001,11.416666666666666,28.166666666666668,17.993333333333332,otra
2024-07-18 08:00:00,2024,7,18,NOROESTE3,0,1.0375,13.25,15.166666666666666,23.5,7.6000000000000005,otra
2024-07-18 08:00:00,2024,7,18,NORTE2,0,1.1425,21.7,10.5,54.75,21.25,otra
2024-07-18 08:00:00,2024,7,18,SUR,0,0.815,11.4375,14.333333333333334,37.875,16.53142857142857,otra
2024-07-18 08:00:00,2024,7,18,SUROESTE2,0,0.6875,15.775,13.5,42.5,23.814999999999998,otra
2024-07-19 07:00:00,2024,7,19,CENTRO,0,0.75,21.0,5.0,69.0,30.35,otra
2024-07-19 07:00:00,2024,7,19,NORESTE3,0,0.47724999999999995,11.016666666666666,11.9,33.0,15.085,otra
2024-07-19 07:00:00,2024,7,19,NOROESTE3,0,1.4125,16.225,6.333333333333333,73.33333333333333,10.91,otra
2024-07-19 07:00:00,2024,7,19,NORTE2,0,1.025,20.875,8.75,60.25,13.5,otra
2024-07-19 07:00:00,2024,7,19,SUR,0,0.785,13.1625,10.166666666666666,53.25,19.148571428571426,otra
2024-07-19 07:00:00,2024,7,19,SUROESTE2,0,0.8075,17.625,6.5,52.25,19.575,otra
2024-07-19 08:00:00,2024,7,19,CENTRO,0,0.69,18.3,9.0,62.0,26.13,otra
2024-07-19 08:00:00,2024,7,19,NORESTE3,0,0.50625,9.533333333333333,16.2,36.666666666666664,19.38,otra
2024-07-19 08:00:00,2024,7,19,NOROESTE3,0,1.28,15.75,10.833333333333334,70.16666666666667,11.465,otra
2024-07-19 08:00:00,2024,7,19,NORTE2,0,1.0075,20.025,13.25,61.25,18.75,otra
2024-07-19 08:00:00,2024,7,19,SUR,0,0.8833333333333333,12.975,15.0,56.875,19.722857142857144,otra
2024-07-19 08:00:00,2024,7,19,SUROESTE2,0,0.8975000000000001,21.5,11.75,85.0,25.12,otra
2024-07-20 07:00:00,2024,7,20,CENTRO,0,0.59,12.4,5.0,80.0,37.15,otra
2024-07-20 07:00:00,2024,7,20,NORESTE3,0,0.477,8.950000000000001,8.333333333333334,58.333333333333336,24.17,otra
2024-07-20 07:00:00,2024,7,20,NOROESTE3,0,0.9299999999999999,8.25,6.833333333333333,66.83333333333333,10.274999999999999,otra
2024-07-20 07:00:00,2024,7,20,NORTE2,0,0.9625,11.825,7.25,85.75,14.333333333333334,otra
2024-07-20 07:00:00,2024,7,20,SUR,0,0.6983333333333334,7.8125,10.625,69.125,22.63,otra
2024-07-20 07:00:00,2024,7,20,SUROESTE2,0,0.6725,15.1,7.0,72.0,28.91,otra
2024-07-20 08:00:00,2024,7,20,CENTRO,0,0.79,11.5,7.0,75.0,36.66,otra
2024-07-20 08:00:00,2024,7,20,NORESTE3,0,0.47724999999999995,8.466666666666667,11.783333333333333,61.5,31.285,otra
2024-07-20 08:00:00,2024,7,20,NOROESTE3,0,0.9725,8.5,10.166666666666666,68.16666666666667,10.425,otra
2024-07-20 08:00:00,2024,7,20,NORTE2,0,0.9475,12.4,12.0,90.25,17.666666666666668,otra
2024-07-20 08:00:00,2024,7,20,SUR,0,0.7333333333333334,8.5125,15.5,75.0,25.8825,otra
2024-07-20 08:00:00,2024,7,20,SUROESTE2,0,0.755,17.625,14.5,82.5,26.869999999999997,otra
2024-07-21 07:00:00,2024,7,21,CENTRO,0,0.64,13.6,5.0,52.0,25.93,otra
2024-07-21 07:00:00,2024,7,21,NORESTE3,0,0.42250000000000004,7.266666666666667,10.483333333333333,25.5,16.445,otra
2024-07-21 07:00:00,2024,7,21,NOROESTE3,0,0.985,8.55,7.5,33.666666666666664,6.77,otra
2024-07-21 07:00:00,2024,7,21,NORTE2,0,0.8125,10.525,8.75,38.75,11.5,otra
2024-07-21 07:00:00,2024,7,21,SUR,0,0.638,5.95,13.142857142857142,36.142857142857146,15.684285714285712,otra
2024-07-21 07:00:00,2024,7,21,SUROESTE2,0,0.595,13.85,7.0,38.5,15.915,otra
2024-07-21 08:00:00,2024,7,21,CENTRO,0,0.62,9.3,10.0,55.0,27.490000000000002,otra
2024-07-21 08:00:00,2024,7,21,NORESTE3,0,0.44,6.816666666666666,13.75,29.0,20.630000000000003,otra
2024-07-21 08:00:00,2024,7,21,NOROESTE3,0,1.0175,8.85,10.166666666666666,41.5,7.949999999999999,otra
2024-07-21 08:00:00,2024,7,21,NORTE2,0,0.905,10.725,13.25,44.0,13.25,otra
2024-07-21 08:00:00,2024,7,21,SUR,0,0.6183333333333333,5.8,18.5,42.142857142857146,17.96125,otra
2024-07-21 08:00:00,2024,7,21,SUROESTE2,0,0.595,11.775,14.75,55.25,19.4,otra
2024-07-22 07:00:00,2024,7,22,CENTRO,0,0.56,17.7,7.0,55.0,18.59,otra
2024-07-22 07:00:00,2024,7,22,NORESTE3,0,0.4665,10.166666666666666,13.483333333333334,29.666666666666668,13.075,otra
2024-07-22 07:00:00,2024,7,22,NOROESTE3,0,0.9425,10.275,12.0,27.666666666666668,4.145,otra
2024-07-22 07:00:00,2024,7,22,NORTE2,0,0.89,13.65,12.5,41.0,10.75,otra
2024-07-22 07:00:00,2024,7,22,SUR,0,0.6483333333333333,6.8125,17.875,34.875,13.268571428571429,otra
2024-07-22 07:00:00,2024,7,22,SUROESTE2,0,0.6699999999999999,16.575000000000003,8.25,44.25,19.0,otra
2024-07-22 08:00:00,2024,7,22,CENTRO,0,0.63,18.1,7.0,49.0,23.98,otra
2024-07-22 08:00:00,2024,7,22,NORESTE3,0,0.501,10.183333333333334,15.283333333333333,31.166666666666668,16.380000000000003,otra
2024-07-22 08:00:00,2024,7,22,NOROESTE3,0,0.9625,10.225,12.666666666666666,32.0,4.785,otra
2024-07-22 08:00:00,2024,7,22,NORTE2,0,0.885,13.274999999999999,16.0,48.5,14.75,otra
2024-07-22 08:00:00,2024,7,22,SUR,0,0.685,6.5375,21.625,37.0,16.456666666666667,otra
2024-07-22 08:00:00,2024,7,22,SUROESTE2,0,0.7,14.925,12.5,48.0,21.0,otra
2024-07-23 07:00:00,2024,7,23,CENTRO,0,0.55,14.5,8.0,56.0,26.67,otra
2024-07-23 07:00:00,2024,7,23,NORESTE3,0,0.46125,11.033333333333333,9.6,35.166666666666664,15.69,otra
2024-07-23 07:00:00,2024,7,23,NOROESTE3,0,0.9675,10.15,7.833333333333333,36.5,7.5525,otra
2024-07-23 07:00:00,2024,7,23,NORTE2,0,1.0,14.899999999999999,7.75,61.5,16.5,otra
2024-07-23 07:00:00,2024,7,23,SUR,0,0.6283333333333333,6.6125,14.75,43.625,13.195,otra
2024-07-23 07:00:00,2024,7,23,SUROESTE2,0,0.625,14.399999999999999,8.0,49.0,18.165,otra
2024-07-23 08:00:00,2024,7,23,CENTRO,0,0.73,14.8,10.0,52.0,25.44,otra
2024-07-23 08:00:00,2024,7,23,NORESTE3,0,0.4915,10.683333333333332,12.133333333333333,35.666666666666664,17.925,otra
2024-07-23 08:00:00,2024,7,23,NOROESTE3,0,1.0025,9.95,11.333333333333334,44.5,9.254999999999999,otra
2024-07-23 08:00:00,2024,7,23,NORTE2,0,1.0025,14.5,10.75,63.25,14.5,otra
2024-07-23 08:00:00,2024,7,23,SUR,0,0.6699999999999999,7.6125,18.25,44.75,14.7725,otra
2024-07-23 08:00:00,2024,7,23,SUROESTE2,0,0.6475,14.425,13.0,48.5,22.435000000000002,otra
2024-07-24 07:00:00,2024,7,24,CENTRO,0,0.76,19.2,5.0,44.0,19.25,otra
2024-07-24 07:00:00,2024,7,24,NORESTE3,0,0.4725,9.866666666666667,10.716666666666667,27.166666666666668,10.275,otra
2024-07-24 07:00:00,2024,7,24,NOROESTE3,0,1.0475,11.125,8.0,34.666666666666664,5.905,otra
2024-07-24 07:00:00,2024,7,24,NORTE2,0,0.9524999999999999,15.45,9.5,52.75,8.25,otra
2024-07-24 07:00:00,2024,7,24,SUR,0,0.6316666666666667,9.25,14.5,35.375,14.386666666666665,otra
2024-07-24 07:00:00,2024,7,24,SUROESTE2,0,0.6775,15.975,5.25,40.0,12.465,otra
2024-07-24 08:00:00,2024,7,24,CENTRO,0,0.89,17.4,6.0,53.0,22.88,otra
2024-07-24 08:00:00,2024,7,24,NORESTE3,0,0.46399999999999997,9.016666666666667,14.700000000000001,26.166666666666668,9.799999999999999,otra
2024-07-24 08:00:00,2024,7,24,NOROESTE3,0,1.0274999999999999,8.85,12.5,40.333333333333336,6.275,otra
2024-07-24 08:00:00,2024,7,24,NORTE2,0,0.9824999999999999,13.375,14.75,58.25,13.5,otra
2024-07-24 08:00:00,2024,7,24,SUR,0,0.6783333333333333,8.85,17.875,36.5,14.324000000000002,otra
2024-07-24 08:00:00,2024,7,24,SUROESTE2,0,0.855,18.049999999999997,6.75,57.0,17.045,otra
2024-07-25 07:00:00,2024,7,25,CENTRO,0,0.63,18.2,7.0,51.0,12.59,otra
2024-07-25 07:00:00,2024,7,25,NORESTE3,0,0.51025,12.166666666666666,11.583333333333334,24.2,10.059999999999999,otra
2024-07-25 07:00:00,2024,7,25,NOROESTE3,0,1.1275,15.1,5.833333333333333,49.5,7.39,otra
2024-07-25 07:00:00,2024,7,25,NORTE2,0,0.995,18.85,7.5,43.25,8.0,otra
2024-07-25 07:00:00,2024,7,25,SUR,0,0.645,12.0,9.857142857142858,45.375,18.7425,otra
2024-07-25 07:00:00,2024,7,25,SUROESTE2,0,0.815,21.950000000000003,3.75,52.5,13.405000000000001,otra
2024-07-25 08:00:00,2024,7,25,CENTRO,0,0.7,17.1,9.0,46.0,13.21,otra
2024-07-25 08:00:00,2024,7,25,NORESTE3,0,0.52525,13.016666666666666,13.916666666666666,26.5,11.48,otra
2024-07-25 08:00:00,2024,7,25,NOROESTE3,0,1.2075,14.875,8.333333333333334,53.666666666666664,7.8225,otra
2024-07-25 08:00:00,2024,7,25,NORTE2,0,1.0375,18.85,10.0,48.25,10.0,otra
2024-07-25 08:00:00,2024,7,25,SUR,0,0.74375,12.666666666666666,13.0,50.5,19.189999999999998,otra
2024-07-25 08:00:00,2024,7,25,SUROESTE2,0,0.8524999999999999,21.075,7.25,51.25,11.165,otra
2024-07-26 07:00:00,2024,7,26,CENTRO,0,0.74,18.0,6.0,43.0,18.01,otra
2024-07-26 07:00:00,2024,7,26,NORESTE3,0,0.62375,15.683333333333332,7.583333333333333,38.333333333333336,15.04,otra
2024-07-26 07:00:00,2024,7,26,NOROESTE3,0,1.5375,20.125,4.6,65.83333333333333,13.29,otra
2024-07-26 07:00:00,2024,7,26,NORTE2,0,1.2375,21.75,4.75,85.25,27.75,otra
2024-07-26 07:00:00,2024,7,26,SUR,0,0.8150000000000001,13.200000000000001,10.625,35.25,12.505714285714285,otra
2024-07-26 07:00:00,2024,7,26,SUROESTE2,0,0.855,21.5,7.5,46.75,19.134999999999998,otra
2024-07-26 08:00:00,2024,7,26,CENTRO,0,0.8,18.7,8.0,48.0,19.41,otra
2024-07-26 08:00:00,2024,7,26,NORESTE3,0,0.64975,16.633333333333333,9.299999999999999,52.333333333333336,21.535,otra
2024-07-26 08:00:00,2024,7,26,NOROESTE3,0,1.5725,21.025000000000002,7.833333333333333,80.16666666666667,14.735,otra
2024-07-26 08:00:00,2024,7,26,NORTE2,0,1.3,26.175,6.0,96.5,31.666666666666668,otra
2024-07-26 08:00:00,2024,7,26,SUR,0,0.8850000000000001,13.685714285714285,13.5,37.25,12.56,otra
2024-07-26 08:00:00,2024,7,26,SUROESTE2,0,1.02,24.974999999999998,6.25,60.25,20.485,otra
2024-07-27 07:00:00,2024,7,27,CENTRO,0,0.76,17.7,5.0,73.0,36.0,otra
2024-07-27 07:00:00,2024,7,27,NORESTE3,0,0.472,11.366666666666667,10.200000000000001,41.5,18.03,otra
2024-07-27 07:00:00,2024,7,27,NOROESTE3,0,1.2325,13.775,6.166666666666667,64.83333333333333,11.8825,otra
2024-07-27 07:00:00,2024,7,27,NORTE2,0,1.0074999999999998,16.325,5.0,59.0,18.75,otra
2024-07-27 07:00:00,2024,7,27,SUR,0,0.7333333333333334,10.1625,11.875,52.0,13.8675,otra
2024-07-27 07:00:00,2024,7,27,SUROESTE2,0,0.905,20.25,4.0,69.25,22.195,otra
2024-07-27 08:00:00,2024,7,27,CENTRO,0,0.86,18.7,5.0,67.0,40.0,otra
2024-07-27 08:00:00,2024,7,27,NORESTE3,0,0.5355,12.233333333333334,12.766666666666666,38.833333333333336,17.985,otra
2024-07-27 08:00:00,2024,7,27,NOROESTE3,0,1.29,12.925,9.0,62.166666666666664,12.0525,otra
2024-07-27 08:00:00,2024,7,27,NORTE2,0,1.1,16.225,9.5,72.25,20.0,otra
2024-07-27 08:00:00,2024,7,27,SUR,0,0.7616666666666667,10.8125,16.875,57.125,18.759999999999998,otra
2024-07-27 08:00:00,2024,7,27,SUROESTE2,0,0.8400000000000001,18.150000000000002,12.75,71.5,23.665,otra
2024-07-28 07:00:00,2024,7,28,CENTRO,0,0.59,14.2,9.0,47.0,21.0,otra
2024-07-28 07:00:00,2024,7,28,NORESTE3,0,0.435,8.266666666666667,14.116666666666667,25.166666666666668,12.295,otra
2024-07-28 07:00:00,2024,7,28,NOROESTE3,0,0.9633333333333334,7.633333333333333,11.2,27.4,7.5875,otra
2024-07-28 07:00:00,2024,7,28,NORTE2,0,0.765,9.85,13.5,29.5,10.75,otra
2024-07-28 07:00:00,2024,7,28,SUR,0,0.5633333333333334,5.8,18.5,34.25,10.0375,otra
2024-07-28 07:00:00,2024,7,28,SUROESTE2,0,0.595,12.35,11.5,34.75,16.740000000000002,otra
2024-07-28 08:00:00,2024,7,28,CENTRO,0,0.55,9.7,13.0,48.0,21.0,otra
2024-07-28 08:00:00,2024,7,28,NORESTE3,0,0.45475,6.866666666666667,15.35,27.833333333333332,13.885,otra
2024-07-28 08:00:00,2024,7,28,NOROESTE3,0,0.9175,6.3999999999999995,14.0,28.333333333333332,8.032499999999999,otra
2024-07-28 08:00:00,2024,7,28,NORTE2,0,0.77,8.8,16.0,32.25,11.75,otra
2024-07-28 08:00:00,2024,7,28,SUR,0,0.5866666666666667,5.733333333333333,21.5,33.125,11.815,otra
2024-07-28 08:00:00,2024,7,28,SUROESTE2,0,0.6425000000000001,10.0,15.25,35.0,17.605,otra
2024-07-29 07:00:00,2024,7,29,CENTRO,0,0.6,11.4,6.0,52.0,27.0,otra
2024-07-29 07:00:00,2024,7,29,NORESTE3,0,0.47175,9.033333333333333,9.799999999999999,39.4,19.575,otra
2024-07-29 07:00:00,2024,7,29,NOROESTE3,0,0.97,9.3,8.166666666666666,28.666666666666668,8.19,otra
2024-07-29 07:00:00,2024,7,29,NORTE2,0,0.8875,11.2,7.0,52.75,15.75,otra
2024-07-29 07:00:00,2024,7,29,SUR,0,0.5816666666666667,6.857142857142857,14.0,46.75,16.5575,otra
2024-07-29 07:00:00,2024,7,29,SUROESTE2,0,0.6775,14.9,4.0,49.5,21.68,otra
2024-07-29 08:00:00,2024,7,29,CENTRO,0,0.66,11.9,6.0,57.0,29.0,otra
2024-07-29 08:00:00,2024,7,29,NORESTE3,0,0.5175,8.933333333333332,11.1,43.0,20.93,otra
2024-07-29 08:00:00,2024,7,29,NOROESTE3,0,1.0175,8.825,8.166666666666666,31.0,8.3325,otra
2024-07-29 08:00:00,2024,7,29,NORTE2,0,0.9075,11.55,8.25,51.75,18.666666666666668,otra
2024-07-29 08:00:00,2024,7,29,SUR,0,0.6416666666666667,6.0875,14.25,46.714285714285715,17.7075,otra
2024-07-29 08:00:00,2024,7,29,SUROESTE2,0,0.7725,14.85,6.0,49.25,24.695,otra
2024-07-30 07:00:00,2024,7,30,CENTRO,0,0.6,12.0,5.0,56.0,15.55,otra
2024-07-30 07:00:00,2024,7,30,NORESTE3,0,0.44225,9.466666666666667,10.6,37.333333333333336,13.865,otra
2024-07-30 07:00:00,2024,7,30,NOROESTE3,0,1.0150000000000001,10.5,6.0,37.833333333333336,7.2749999999999995,otra
2024-07-30 07:00:00,2024,7,30,NORTE2,0,0.89,11.925,6.0,42.5,13.0,otra
2024-07-30 07:00:00,2024,7,30,SUR,0,0.625,6.6,12.75,43.25,10.168571428571429,otra
2024-07-30 07:00:00,2024,7,30,SUROESTE2,0,0.6000000000000001,12.1,5.0,47.25,18.98,otra
2024-07-30 08:00:00,2024,7,30,CENTRO,0,0.72,14.0,5.0,50.0,21.66,otra
2024-07-30 08:00:00,2024,7,30,NORESTE3,0,0.48500000000000004,9.283333333333333,12.65,43.0,16.064999999999998,otra
2024-07-30 08:00:00,2024,7,30,NOROESTE3,0,1.0499999999999998,9.675,7.5,46.166666666666664,8.51,otra
2024-07-30 08:00:00,2024,7,30,NORTE2,0,1.0375,13.200000000000001,7.0,53.75,12.75,otra
2024-07-30 08:00:00,2024,7,30,SUR,0,0.6633333333333333,7.0875,14.75,46.375,11.85,otra
2024-07-30 08:00:00,2024,7,30,SUROESTE2,0,0.6675,12.725,8.25,42.25,19.39,otra
2024-07-31 07:00:00,2024,7,31,CENTRO,0,0.59,13.3,7.0,94.0,36.83,otra
2024-07-31 07:00:00,2024,7,31,NORESTE3,0,0.46599999999999997,9.950000000000001,11.15,87.66666666666667,34.295,otra
2024-07-31 07:00:00,2024,7,31,NOROESTE3,0,0.99,9.525,7.833333333333333,82.0,16.275,otra
2024-07-31 07:00:00,2024,7,31,NORTE2,0,0.92,13.075,6.5,104.0,31.0,otra
2024-07-31 07:00:00,2024,7,31,SUR,0,0.6233333333333334,6.8428571428571425,15.5,99.375,29.2,otra
2024-07-31 07:00:00,2024,7,31,SUROESTE2,0,0.6125,15.525,4.0,88.25,33.665,otra
2024-07-31 08:00:00,2024,7,31,CENTRO,0,0.73,16.0,5.0,93.0,44.36,otra
2024-07-31 08:00:00,2024,7,31,NORESTE3,0,0.50375,9.733333333333333,13.75,95.66666666666667,38.975,otra
2024-07-31 08:00:00,2024,7,31,NOROESTE3,0,1.0175,8.425,9.0,88.0,16.9125,otra
2024-07-31 08:00:00,2024,7,31,NORTE2,0,0.9975,13.15,8.25,114.75,33.0,otra
2024-07-31 08:00:00,2024,7,31,SUR,0,0.655,7.625,14.875,98.875,33.0,otra
2024-07-31 08:00:00,2024,7,31,SUROESTE2,0,0.73,15.175,8.0,87.5,35.475,otra
2024-08-01 07:00:00,2024,8,1,CENTRO,0,0.63,11.6,6.0,81.0,41.53,verano
2024-08-01 07:00:00,2024,8,1,NORESTE3,0,0.5125,10.533333333333333,8.033333333333333,89.0,32.225,verano
2024-08-01 07:00:00,2024,8,1,NOROESTE3,0,1.0950000000000002,10.850000000000001,5.0,92.0,15.41,verano
2024-08-01 07:00:00,2024,8,1,NORTE2,0,0.93,12.15,4.5,99.0,31.5,verano
2024-08-01 07:00:00,2024,8,1,SUR,0,0.62,6.275,9.5,93.0,32.843333333333334,verano
2024-08-01 07:00:00,2024,8,1,SUROESTE2,0,0.525,14.350000000000001,3.0,98.5,36.855000000000004,verano
2024-08-01 08:00:00,2024,8,1,CENTRO,0,0.71,12.5,6.0,102.0,45.7,verano
2024-08-01 08:00:00,2024,8,1,NORESTE3,0,0.583,9.933333333333332,9.299999999999999,95.33333333333333,31.665,verano
2024-08-01 08:00:00,2024,8,1,NOROESTE3,0,1.0250000000000001,8.7,8.666666666666666,97.0,16.525,verano
2024-08-01 08:00:00,2024,8,1,NORTE2,0,0.91,11.5,7.0,105.0,25.5,verano
2024-08-01 08:00:00,2024,8,1,SUR,0,0.63,8.799999999999999,11.5,91.5,31.636666666666667,verano
2024-08-01 08:00:00,2024,8,1,SUROESTE2,0,0.655,13.45,6.0,97.0,32.475,verano
2024-08-02 07:00:00,2024,8,2,CENTRO,0,0.7,13.9,5.0,87.0,33.24,verano
2024-08-02 07:00:00,2024,8,2,NORESTE3,0,0.4605,8.733333333333333,8.033333333333333,62.666666666666664,18.53,verano
2024-08-02 07:00:00,2024,8,2,NOROESTE3,0,0.935,7.699999999999999,7.0,57.666666666666664,11.51,verano
2024-08-02 07:00:00,2024,8,2,NORTE2,0,0.95,12.7,5.0,67.0,22.0,verano
2024-08-02 07:00:00,2024,8,2,SUR,0,0.6233333333333334,7.45,9.0,69.25,20.6475,verano
2024-08-02 07:00:00,2024,8,2,SUROESTE2,0,0.73,13.65,3.5,100.0,28.42,verano
2024-08-02 08:00:00,2024,8,2,CENTRO,0,1.1,13.6,7.0,85.0,34.16,verano
2024-08-02 08:00:00,2024,8,2,NORESTE3,0,0.489,8.833333333333334,10.533333333333333,58.333333333333336,23.310000000000002,verano
2024-08-02 08:00:00,2024,8,2,NOROESTE3,0,0.9550000000000001,6.6,10.0,67.66666666666667,13.219999999999999,verano
2024-08-02 08:00:00,2024,8,2,NORTE2,0,1.045,12.899999999999999,6.5,95.5,17.5,verano
2024-08-02 08:00:00,2024,8,2,SUR,0,0.6699999999999999,7.4,12.0,66.5,20.8975,verano
2024-08-02 08:00:00,2024,8,2,SUROESTE2,0,0.77,12.2,7.0,80.0,30.86,verano
2024-08-03 07:00:00,2024,8,3,CENTRO,0,0.82,14.2,5.0,78.0,28.5,verano
2024-08-03 07:00:00,2024,8,3,NORESTE3,0,0.5475,7.966666666666666,5.766666666666667,36.333333333333336,10.620000000000001,verano
2024-08-03 07:00:00,2024,8,3,NOROESTE3,0,1.12,12.633333333333333,6.5,65.0,12.825,verano
2024-08-03 07:00:00,2024,8,3,NORTE2,0,0.885,11.7,4.5,72.0,20.5,verano
2024-08-03 07:00:00,2024,8,3,SUR,0,0.8000000000000002,8.625,7.25,50.0,17.1475,verano
2024-08-03 07:00:00,2024,8,3,SUROESTE2,0,0.5800000000000001,15.700000000000001,6.5,73.5,17.46,verano
2024-08-03 08:00:00,2024,8,3,CENTRO,0,0.81,13.9,8.0,78.0,40.33,verano
2024-08-03 08:00:00,2024,8,3,NORESTE3,0,0.5825,8.866666666666667,8.266666666666667,49.0,20.65,verano
2024-08-03 08:00:00,2024,8,3,NOROESTE3,0,1.2349999999999999,12.233333333333334,8.666666666666666,56.0,14.5,verano
2024-08-03 08:00:00,2024,8,3,NORTE2,0,0.955,11.05,7.5,74.0,13.0,verano
2024-08-03 08:00:00,2024,8,3,SUR,0,0.8833333333333333,9.75,10.0,67.5,18.03,verano
2024-08-03 08:00:00,2024,8,3,SUROESTE2,0,0.75,17.35,8.5,74.0,24.77,verano
2024-08-04 07:00:00,2024,8,4,CENTRO,0,0.75,12.9,5.0,89.0,25.03,verano
2024-08-04 07:00:00,2024,8,4,NORESTE3,0,0.498,9.066666666666668,7.1000000000000005,51.666666666666664,19.29,verano
2024-08-04 07:00:00,2024,8,4,NOROESTE3,0,1.2000000000000002,14.233333333333334,5.333333333333333,58.0,9.445,verano
2024-08-04 07:00:00,2024,8,4,NORTE2,0,0.85,10.149999999999999,6.0,71.0,26.0,verano
2024-08-04 07:00:00,2024,8,4,SUR,0,0.7833333333333333,8.4,9.5,55.25,22.5,verano
2024-08-04 07:00:00,2024,8,4,SUROESTE2,0,0.46499999999999997,15.5,9.0,47.5,11.81,verano
2024-08-04 08:00:00,2024,8,4,CENTRO,0,0.65,12.3,16.0,84.0,17.62,verano
2024-08-04 08:00:00,2024,8,4,NORESTE3,0,0.6675,9.666666666666666,9.799999999999999,53.0,23.009999999999998,verano
2024-08-04 08:00:00,2024,8,4,NOROESTE3,0,1.19,13.1,11.666666666666666,58.333333333333336,9.379999999999999,verano
2024-08-04 08:00:00,2024,8,4,NORTE2,0,0.8300000000000001,10.1,9.5,75.0,9.0,verano
2024-08-04 08:00:00,2024,8,4,SUR,0,0.8466666666666667,9.075,12.5,66.25,20.645,verano
2024-08-04 08:00:00,2024,8,4,SUROESTE2,0,0.46,12.850000000000001,17.5,51.0,21.8,verano
2024-08-05 07:00:00,2024,8,5,CENTRO,1,0.77,15.7,5.0,73.0,22.13,verano
2024-08-05 07:00:00,2024,8,5,NORESTE3,0,0.5245,10.333333333333334,6.7,42.0,13.485,verano
2024-08-05 07:00:00,2024,8,5,NOROESTE3,0,0.9850000000000001,12.833333333333334,6.333333333333333,43.333333333333336,8.035,verano
2024-08-05 07:00:00,2024,8,5,NORTE2,0,0.835,12.5,5.5,52.5,11.5,verano
2024-08-05 07:00:00,2024,8,5,SUR,1,0.6699999999999999,8.200000000000001,9.0,49.333333333333336,15.7375,verano
2024-08-05 07:00:00,2024,8,5,SUROESTE2,1,0.7050000000000001,14.7,2.5,68.0,20.759999999999998,verano
2024-08-05 08:00:00,2024,8,5,CENTRO,1,0.95,16.0,6.0,62.0,24.01,verano
2024-08-05 08:00:00,2024,8,5,NORESTE3,0,0.5429999999999999,9.1,11.0,40.5,18.189999999999998,verano
2024-08-05 08:00:00,2024,8,5,NOROESTE3,0,1.025,12.233333333333334,8.0,51.666666666666664,8.73,verano
2024-08-05 08:00:00,2024,8,5,NORTE2,0,0.98,12.9,7.5,51.5,7.0,verano
2024-08-05 08:00:00,2024,8,5,SUR,1,0.7066666666666667,6.6,11.0,52.333333333333336,14.73,verano
2024-08-05 08:00:00,2024,8,5,SUROESTE2,1,0.835,15.15,6.0,48.0,21.16,verano
2024-08-06 07:00:00,2024,8,6,CENTRO,1,1.09,12.4,6.0,54.0,19.51,verano
2024-08-06 07:00:00,2024,8,6,NORESTE3,0,0.6286666666666666,8.066666666666668,6.733333333333333,53.0,8.09,verano
2024-08-06 07:00:00,2024,8,6,NOROESTE3,0,0.99,12.233333333333334,7.0,42.333333333333336,7.449999999999999,verano
2024-08-06 07:00:00,2024,8,6,NORTE2,0,1.0350000000000001,11.0,4.0,46.5,11.5,verano
2024-08-06 07:00:00,2024,8,6,SUR,1,0.6766666666666667,8.375,7.5,42.75,12.61,verano
2024-08-06 07:00:00,2024,8,6,SUROESTE2,1,0.42,11.8,5.0,51.0,16.64,verano
2024-08-06 08:00:00,2024,8,6,CENTRO,1,1.15,12.7,6.0,60.0,19.3,verano
2024-08-06 08:00:00,2024,8,6,NORESTE3,0,0.63,7.3999999999999995,10.2,41.666666666666664,14.835,verano
2024-08-06 08:00:00,2024,8,6,NOROESTE3,0,1.045,11.666666666666666,7.666666666666667,49.0,8.84,verano
2024-08-06 08:00:00,2024,8,6,NORTE2,0,1.03,10.25,6.5,64.0,8.5,verano
2024-08-06 08:00:00,2024,8,6,SUR,1,0.7333333333333334,7.25,11.25,49.75,14.14,verano
2024-08-06 08:00:00,2024,8,6,SUROESTE2,1,0.6,13.45,9.5,41.0,15.795,verano
2024-08-07 07:00:00,2024,8,7,CENTRO,1,0.91,14.3,4.0,68.0,15.64,verano
2024-08-07 07:00:00,2024,8,7,NORESTE3,0,0.7226666666666667,9.833333333333334,6.733333333333333,22.333333333333332,11.98,verano
2024-08-07 07:00:00,2024,8,7,NOROESTE3,0,1.5499999999999998,11.299999999999999,4.0,54.333333333333336,8.73,verano
2024-08-07 07:00:00,2024,8,7,NORTE2,0,1.135,14.4,4.0,63.5,13.0,verano
2024-08-07 07:00:00,2024,8,7,SUR,1,0.7933333333333333,11.075,7.25,40.75,12.39,verano
2024-08-07 07:00:00,2024,8,7,SUROESTE2,1,0.96,22.9,5.5,79.5,20.56,verano
2024-08-07 08:00:00,2024,8,7,CENTRO,1,0.93,19.1,7.0,60.0,16.52,verano
2024-08-07 08:00:00,2024,8,7,NORESTE3,0,0.757,11.066666666666668,7.766666666666667,50.0,17.735,verano
2024-08-07 08:00:00,2024,8,7,NOROESTE3,0,1.435,12.366666666666667,7.0,75.66666666666667,9.895,verano
2024-08-07 08:00:00,2024,8,7,NORTE2,0,1.395,17.8,5.5,81.5,12.5,verano
2024-08-07 08:00:00,2024,8,7,SUR,1,0.89,11.825,11.5,65.0,13.335,verano
2024-08-07 08:00:00,2024,8,7,SUROESTE2,1,1.11,26.049999999999997,10.5,105.0,21.635,verano
2024-08-08 07:00:00,2024,8,8,CENTRO,1,0.73,16.9,38.0,53.0,18.82,verano
2024-08-08 07:00:00,2024,8,8,NORESTE3,0,0.8540000000000001,20.733333333333334,5.8,66.0,25.815,verano
2024-08-08 07:00:00,2024,8,8,NOROESTE3,0,1.5499999999999998,29.3,6.0,58.5,10.77,verano
2024-08-08 07:00:00,2024,8,8,NORTE2,0,1.3900000000000001,31.099999999999998,4.5,127.5,19.0,verano
2024-08-08 07:00:00,2024,8,8,SUR,1,0.8033333333333333,17.35,15.25,56.75,13.9375,verano
2024-08-08 07:00:00,2024,8,8,SUROESTE2,1,0.96,34.15,16.5,50.5,15.97,verano
2024-08-08 08:00:00,2024,8,8,CENTRO,1,0.94,37.0,16.0,54.0,19.95,verano
2024-08-08 08:00:00,2024,8,8,NORESTE3,0,0.9426666666666667,22.766666666666666,10.4,80.5,31.759999999999998,verano
2024-08-08 08:00:00,2024,8,8,NOROESTE3,0,1.5350000000000001,27.55,12.0,86.0,10.89,verano
2024-08-08 08:00:00,2024,8,8,NORTE2,0,1.38,39.3,8.0,118.0,9.0,verano
2024-08-08 08:00:00,2024,8,8,SUR,1,0.9566666666666667,18.75,17.75,59.5,15.9475,verano
2024-08-08 08:00:00,2024,8,8,SUROESTE2,1,1.06,33.7,21.5,75.5,22.625,verano
2024-08-09 07:00:00,2024,8,9,CENTRO,1,0.71,7.6,18.0,49.0,16.25,verano
2024-08-09 07:00:00,2024,8,9,NORESTE3,0,0.7376666666666667,9.533333333333333,11.166666666666666,34.0,15.675,verano
2024-08-09 07:00:00,2024,8,9,NOROESTE3,0,1.145,12.433333333333332,8.666666666666666,41.666666666666664,13.616666666666667,verano
2024-08-09 07:00:00,2024,8,9,NORTE2,0,0.87,12.35,10.5,42.5,15.0,verano
2024-08-09 07:00:00,2024,8,9,SUR,1,0.6766666666666666,7.050000000000001,15.25,38.5,16.0,verano
2024-08-09 07:00:00,2024,8,9,SUROESTE2,1,0.69,17.25,9.0,42.0,23.09,verano
2024-08-09 08:00:00,2024,8,9,CENTRO,1,0.75,8.9,20.0,50.0,17.43,verano
2024-08-09 08:00:00,2024,8,9,NORESTE3,0,0.8043333333333332,10.0,10.5,43.0,18.84,verano
2024-08-09 08:00:00,2024,8,9,NOROESTE3,0,1.12,10.533333333333333,11.333333333333334,46.333333333333336,8.845,verano
2024-08-09 08:00:00,2024,8,9,NORTE2,0,1.055,13.1,11.0,44.5,19.5,verano
2024-08-09 08:00:00,2024,8,9,SUR,1,0.7000000000000001,6.875,16.5,41.25,17.666666666666668,verano
2024-08-09 08:00:00,2024,8,9,SUROESTE2,1,0.79,14.7,13.0,64.5,23.6,verano
2024-08-10 07:00:00,2024,8,10,CENTRO,0,0.77,16.7,4.0,66.0,28.0,verano
2024-08-10 07:00:00,2024,8,10,NORESTE3,0,0.6966666666666667,10.4,6.5,36.666666666666664,19.025,verano
2024-08-10 07:00:00,2024,8,10,NOROESTE3,0,1.165,10.799999999999999,4.666666666666667,50.666666666666664,13.065,verano
2024-08-10 07:00:00,2024,8,10,NORTE2,0,1.04,14.75,4.0,66.0,20.5,verano
2024-08-10 07:00:00,2024,8,10,SUR,0,0.63,6.275,10.5,43.5,20.4075,verano
2024-08-10 07:00:00,2024,8,10,SUROESTE2,0,0.75,14.9,5.5,68.5,24.755000000000003,verano
2024-08-10 08:00:00,2024,8,10,CENTRO,0,0.88,15.8,7.0,57.0,28.0,verano
2024-08-10 08:00:00,2024,8,10,NORESTE3,0,0.7406666666666667,10.366666666666667,8.566666666666666,41.0,20.335,verano
2024-08-10 08:00:00,2024,8,10,NOROESTE3,0,1.22,9.700000000000001,7.666666666666667,51.0,12.18,verano
2024-08-10 08:00:00,2024,8,10,NORTE2,0,1.025,14.1,6.5,66.0,16.5,verano
2024-08-10 08:00:00,2024,8,10,SUR,0,0.6666666666666666,7.9,11.75,43.5,21.62,verano
2024-08-10 08:00:00,2024,8,10,SUROESTE2,0,0.87,14.45,9.5,41.0,24.52,verano
2024-08-11 07:00:00,2024,8,11,CENTRO,0,0.94,11.9,6.0,45.0,10.0,verano
2024-08-11 07:00:00,2024,8,11,NORESTE3,0,0.6709999999999999,8.799999999999999,8.299999999999999,19.666666666666668,6.08,verano
2024-08-11 07:00:00,2024,8,11,NOROESTE3,0,1.0699999999999998,8.666666666666666,5.0,26.0,10.209999999999999,verano
2024-08-11 07:00:00,2024,8,11,NORTE2,0,0.89,11.25,5.0,31.5,4.5,verano
2024-08-11 07:00:00,2024,8,11,SUR,0,0.71,6.033333333333334,9.25,29.5,7.7,verano
2024-08-11 07:00:00,2024,8,11,SUROESTE2,0,0.735,15.649999999999999,2.5,50.5,13.125,verano
2024-08-11 08:00:00,2024,8,11,CENTRO,0,0.89,12.4,9.0,38.0,11.0,verano
2024-08-11 08:00:00,2024,8,11,NORESTE3,0,0.655,5.733333333333333,12.833333333333334,23.333333333333332,8.805,verano
2024-08-11 08:00:00,2024,8,11,NOROESTE3,0,1.065,7.366666666666667,7.666666666666667,30.0,10.37,verano
2024-08-11 08:00:00,2024,8,11,NORTE2,0,0.975,10.65,8.0,34.5,5.5,verano
2024-08-11 08:00:00,2024,8,11,SUR,0,0.82,6.066666666666666,12.0,36.75,8.153333333333334,verano
2024-08-11 08:00:00,2024,8,11,SUROESTE2,0,0.8200000000000001,14.9,7.0,46.5,10.71,verano
2024-08-12 07:00:00,2024,8,12,CENTRO,1,0.88,18.1,6.0,52.0,,verano
2024-08-12 07:00:00,2024,8,12,NORESTE3,0,0.7719999999999999,12.533333333333333,8.533333333333333,25.333333333333332,9.92,verano
2024-08-12 07:00:00,2024,8,12,NOROESTE3,0,1.165,14.15,5.0,33.0,5.449999999999999,verano
2024-08-12 07:00:00,2024,8,12,NORTE2,0,1.135,17.7,5.0,41.5,12.5,verano
2024-08-12 07:00:00,2024,8,12,SUR,1,0.7600000000000001,11.066666666666668,11.0,33.5,11.5,verano
2024-08-12 07:00:00,2024,8,12,SUROESTE2,1,0.7250000000000001,14.1,7.0,43.0,13.01,verano
2024-08-12 08:00:00,2024,8,12,CENTRO,1,0.94,18.8,7.0,47.0,,verano
2024-08-12 08:00:00,2024,8,12,NORESTE3,0,0.805,11.6,11.933333333333332,32.666666666666664,13.305,verano
2024-08-12 08:00:00,2024,8,12,NOROESTE3,0,1.1600000000000001,10.55,10.666666666666666,39.666666666666664,6.6933333333333325,verano
2024-08-12 08:00:00,2024,8,12,NORTE2,0,1.045,16.0,8.0,62.5,10.5,verano
2024-08-12 08:00:00,2024,8,12,SUR,1,0.8066666666666666,7.833333333333333,14.5,37.0,12.0,verano
2024-08-12 08:00:00,2024,8,12,SUROESTE2,1,0.9199999999999999,15.15,10.0,27.5,9.805,verano
2024-08-13 07:00:00,2024,8,13,CENTRO,1,0.8,18.0,6.0,51.0,14.83,verano
2024-08-13 07:00:00,2024,8,13,NORESTE3,0,0.7803333333333334,13.5,7.3999999999999995,32.0,6.945,verano
2024-08-13 07:00:00,2024,8,13,NOROESTE3,0,1.06,7.0,6.0,30.333333333333332,5.46,verano
2024-08-13 07:00:00,2024,8,13,NORTE2,0,0.925,14.299999999999999,6.0,44.5,10.5,verano
2024-08-13 07:00:00,2024,8,13,SUR,1,0.7033333333333333,9.133333333333335,11.25,35.25,8.495000000000001,verano
2024-08-13 07:00:00,2024,8,13,SUROESTE2,1,0.77,13.9,6.5,44.5,9.79,verano
2024-08-13 08:00:00,2024,8,13,CENTRO,1,0.88,17.9,6.0,53.0,19.22,verano
2024-08-13 08:00:00,2024,8,13,NORESTE3,0,0.8593333333333333,11.033333333333333,11.133333333333333,39.333333333333336,13.415,verano
2024-08-13 08:00:00,2024,8,13,NOROESTE3,0,1.055,8.65,8.333333333333334,43.0,6.0,verano
2024-08-13 08:00:00,2024,8,13,NORTE2,0,1.035,13.799999999999999,7.5,45.5,8.0,verano
2024-08-13 08:00:00,2024,8,13,SUR,1,0.8033333333333333,7.633333333333333,13.75,39.75,9.2725,verano
2024-08-13 08:00:00,2024,8,13,SUROESTE2,1,0.99,16.1,7.0,42.0,13.46,verano
2024-08-14 07:00:00,2024,8,14,CENTRO,1,0.75,16.8,4.0,48.0,17.67,verano
2024-08-14 07:00:00,2024,8,14,NORESTE3,0,0.7643333333333334,11.833333333333334,9.066666666666666,25.0,8.1,verano
2024-08-14 07:00:00,2024,8,14,NOROESTE3,0,1.03,8.8,7.0,33.0,6.28,verano
2024-08-14 07:00:00,2024,8,14,NORTE2,0,0.97,12.45,6.0,36.5,11.0,verano
2024-08-14 07:00:00,2024,8,14,SUR,1,0.6699999999999999,7.133333333333333,11.0,35.5,10.0425,verano
2024-08-14 07:00:00,2024,8,14,SUROESTE2,1,0.74,12.75,5.5,44.0,12.61,verano
2024-08-14 08:00:00,2024,8,14,CENTRO,1,0.83,16.0,6.0,65.0,18.8,verano
2024-08-14 08:00:00,2024,8,14,NORESTE3,0,0.7583333333333333,10.299999999999999,11.0,32.666666666666664,9.885,verano
2024-08-14 08:00:00,2024,8,14,NOROESTE3,0,1.1,9.0,7.0,36.333333333333336,6.76,verano
2024-08-14 08:00:00,2024,8,14,NORTE2,0,1.04,11.700000000000001,8.0,46.0,7.5,verano
2024-08-14 08:00:00,2024,8,14,SUR,1,0.7566666666666667,5.833333333333333,12.75,39.25,9.735,verano
2024-08-14 08:00:00,2024,8,14,SUROESTE2,1,0.8049999999999999,12.4,7.5,45.0,14.175,verano
2024-08-15 07:00:00,2024,8,15,CENTRO,1,0.77,12.9,5.0,60.0,21.04,verano
2024-08-15 07:00:00,2024,8,15,NORESTE3,0,0.7400000000000001,10.9,7.266666666666667,39.0,10.34,verano
2024-08-15 07:00:00,2024,8,15,NOROESTE3,0,1.095,11.1,4.333333333333333,39.333333333333336,6.890000000000001,verano
2024-08-15 07:00:00,2024,8,15,NORTE2,0,0.945,14.0,4.0,46.5,11.0,verano
2024-08-15 07:00:00,2024,8,15,SUR,1,0.7033333333333333,8.6,9.25,40.5,15.515,verano
2024-08-15 07:00:00,2024,8,15,SUROESTE2,1,0.855,15.600000000000001,2.0,67.5,22.060000000000002,verano
2024-08-15 08:00:00,2024,8,15,CENTRO,1,0.82,12.6,7.0,55.0,21.12,verano
2024-08-15 08:00:00,2024,8,15,NORESTE3,0,0.8173333333333334,10.200000000000001,10.700000000000001,40.0,12.969999999999999,verano
2024-08-15 08:00:00,2024,8,15,NOROESTE3,0,1.17,9.350000000000001,6.666666666666667,39.666666666666664,7.455,verano
2024-08-15 08:00:00,2024,8,15,NORTE2,0,1.0,13.15,7.0,56.5,10.5,verano
2024-08-15 08:00:00,2024,8,15,SUR,1,0.73,8.675,12.5,49.5,12.2575,verano
2024-08-15 08:00:00,2024,8,15,SUROESTE2,1,0.895,16.2,6.0,73.5,18.735,verano
2024-08-16 07:00:00,2024,8,16,CENTRO,1,0.76,12.7,7.0,51.0,13.74,verano
2024-08-16 07:00:00,2024,8,16,NORESTE3,0,0.8163333333333332,9.633333333333333,10.766666666666666,17.0,7.065,verano
2024-08-16 07:00:00,2024,8,16,NOROESTE3,0,1.06,9.133333333333333,7.666666666666667,21.333333333333332,4.63,verano
2024-08-16 07:00:00,2024,8,16,NORTE2,0,0.875,11.8,8.5,25.0,8.5,verano
2024-08-16 07:00:00,2024,8,16,SUR,1,0.6433333333333333,6.175000000000001,13.5,28.75,9.3575,verano
2024-08-16 07:00:00,2024,8,16,SUROESTE2,1,0.72,12.100000000000001,7.5,47.0,14.135,verano
2024-08-16 08:00:00,2024,8,16,CENTRO,1,0.81,15.5,6.0,47.0,17.25,verano
2024-08-16 08:00:00,2024,8,16,NORESTE3,0,0.908,11.166666666666666,10.9,15.5,9.395,verano
2024-08-16 08:00:00,2024,8,16,NOROESTE3,0,1.05,8.566666666666666,8.666666666666666,28.0,5.33,verano
2024-08-16 08:00:00,2024,8,16,NORTE2,0,0.97,10.55,10.5,29.0,5.0,verano
2024-08-16 08:00:00,2024,8,16,SUR,1,0.7033333333333333,6.7,14.5,36.0,8.8575,verano
2024-08-16 08:00:00,2024,8,16,SUROESTE2,1,0.875,15.4,7.0,51.5,16.72,verano
2024-08-17 07:00:00,2024,8,17,CENTRO,0,0.78,14.9,4.0,47.0,17.93,verano
2024-08-17 07:00:00,2024,8,17,NORESTE3,0,0.8113333333333334,11.333333333333334,9.5,27.333333333333332,10.030000000000001,verano
2024-08-17 07:00:00,2024,8,17,NOROESTE3,0,1.085,8.6,7.333333333333333,32.333333333333336,7.165,verano
2024-08-17 07:00:00,2024,8,17,NORTE2,0,0.91,12.9,6.5,32.0,12.5,verano
2024-08-17 07:00:00,2024,8,17,SUR,0,0.66,6.85,13.0,31.0,12.863333333333335,verano
2024-08-17 07:00:00,2024,8,17,SUROESTE2,0,0.73,13.65,4.5,39.5,17.455,verano
2024-08-17 08:00:00,2024,8,17,CENTRO,0,0.78,13.2,7.0,57.0,18.42,verano
2024-08-17 08:00:00,2024,8,17,NORESTE3,0,0.836,9.633333333333333,12.033333333333333,42.333333333333336,10.735,verano
2024-08-17 08:00:00,2024,8,17,NOROESTE3,0,1.1099999999999999,8.133333333333333,8.333333333333334,32.666666666666664,7.315,verano
2024-08-17 08:00:00,2024,8,17,NORTE2,0,0.98,11.350000000000001,9.0,47.5,11.5,verano
2024-08-17 08:00:00,2024,8,17,SUR,0,0.6633333333333333,7.025,14.5,39.75,9.21,verano
2024-08-17 08:00:00,2024,8,17,SUROESTE2,0,0.8049999999999999,11.5,9.5,46.0,14.165,verano
2024-08-18 07:00:00,2024,8,18,CENTRO,0,0.79,12.9,5.0,52.0,19.99,verano
2024-08-18 07:00:00,2024,8,18,NORESTE3,0,0.7586666666666666,7.400000000000001,8.466666666666667,28.666666666666668,10.219999999999999,verano
2024-08-18 07:00:00,2024,8,18,NOROESTE3,0,1.12,9.15,4.666666666666667,24.666666666666668,5.17,verano
2024-08-18 07:00:00,2024,8,18,NORTE2,0,0.845,10.35,6.0,34.0,10.5,verano
2024-08-18 07:00:00,2024,8,18,SUR,0,0.63,5.2,11.5,31.0,9.1225,verano
2024-08-18 07:00:00,2024,8,18,SUROESTE2,0,0.855,13.9,3.0,61.5,16.615000000000002,verano
2024-08-18 08:00:00,2024,8,18,CENTRO,0,0.95,10.0,9.0,62.0,21.48,verano
2024-08-18 08:00:00,2024,8,18,NORESTE3,0,0.7680000000000001,7.833333333333333,9.733333333333333,34.0,10.475,verano
2024-08-18 08:00:00,2024,8,18,NOROESTE3,0,1.115,7.5,6.666666666666667,27.666666666666668,5.71,verano
2024-08-18 08:00:00,2024,8,18,NORTE2,0,0.925,10.2,8.0,27.0,6.0,verano
2024-08-18 08:00:00,2024,8,18,SUR,0,0.6633333333333332,5.825,13.25,37.0,13.9625,verano
2024-08-18 08:00:00,2024,8,18,SUROESTE2,0,0.935,11.25,8.5,50.5,18.67,verano
2024-08-19 07:00:00,2024,8,19,CENTRO,1,0.89,14.8,4.0,53.0,13.37,verano
2024-08-19 07:00:00,2024,8,19,NORESTE3,0,0.9113333333333333,8.9,7.766666666666667,29.0,6.095000000000001,verano
2024-08-19 07:00:00,2024,8,19,NOROESTE3,0,1.105,10.350000000000001,4.0,22.0,4.13,verano
2024-08-19 07:00:00,2024,8,19,NORTE2,0,1.03,11.2,5.5,29.0,7.0,verano
2024-08-19 07:00:00,2024,8,19,SUR,1,0.68,6.824999999999999,8.0,27.25,4.796666666666667,verano
2024-08-19 07:00:00,2024,8,19,SUROESTE2,1,0.905,13.5,2.5,42.5,11.59,verano
2024-08-19 08:00:00,2024,8,19,CENTRO,1,1.04,14.6,7.0,57.0,13.44,verano
2024-08-19 08:00:00,2024,8,19,NORESTE3,0,0.8596666666666666,8.733333333333333,9.6,32.0,8.445,verano
2024-08-19 08:00:00,2024,8,19,NOROESTE3,0,1.125,8.649999999999999,5.666666666666667,27.0,4.68,verano
2024-08-19 08:00:00,2024,8,19,NORTE2,0,1.09,10.6,7.5,34.5,6.0,verano
2024-08-19 08:00:00,2024,8,19,SUR,1,0.9733333333333333,8.8,9.5,33.25,8.8675,verano
2024-08-19 08:00:00,2024,8,19,SUROESTE2,1,0.9299999999999999,12.45,6.5,33.5,12.295,verano
2024-08-20 07:00:00,2024,8,20,CENTRO,1,1.01,18.3,7.0,55.0,14.06,verano
2024-08-20 07:00:00,2024,8,20,NORESTE3,0,0.9169999999999999,13.0,7.8,30.333333333333332,7.735,verano
2024-08-20 07:00:00,2024,8,20,NOROESTE3,0,1.295,15.149999999999999,4.666666666666667,35.0,6.155,verano
2024-08-20 07:00:00,2024,8,20,NORTE2,0,1.1600000000000001,19.5,4.0,45.5,9.0,verano
2024-08-20 07:00:00,2024,8,20,SUR,1,0.84,11.05,9.5,34.75,10.405,verano
2024-08-20 07:00:00,2024,8,20,SUROESTE2,1,0.995,18.65,4.5,60.5,14.49,verano
2024-08-20 08:00:00,2024,8,20,CENTRO,1,1.07,18.7,9.0,56.0,15.24,verano
2024-08-20 08:00:00,2024,8,20,NORESTE3,0,0.914,11.666666666666666,13.733333333333334,39.333333333333336,13.48,verano
2024-08-20 08:00:00,2024,8,20,NOROESTE3,0,1.2349999999999999,10.600000000000001,9.0,41.666666666666664,6.575,verano
2024-08-20 08:00:00,2024,8,20,NORTE2,0,1.25,17.6,7.5,62.5,10.0,verano
2024-08-20 08:00:00,2024,8,20,SUR,1,0.9133333333333334,11.2,14.25,41.75,11.3475,verano
2024-08-20 08:00:00,2024,8,20,SUROESTE2,1,1.185,19.85,8.5,56.0,19.615000000000002,verano
2024-08-21 07:00:00,2024,8,21,CENTRO,1,1.18,22.7,5.0,58.0,16.16,verano
2024-08-21 07:00:00,2024,8,21,NORESTE3,0,0.9166666666666666,13.1,10.799999999999999,34.666666666666664,9.54,verano
2024-08-21 07:00:00,2024,8,21,NOROESTE3,0,1.51,17.333333333333332,4.666666666666667,48.0,8.325,verano
2024-08-21 07:00:00,2024,8,21,NORTE2,0,0.975,25.65,4.0,53.0,11.0,verano
2024-08-21 07:00:00,2024,8,21,SUR,1,1.0133333333333334,15.375,8.25,43.25,14.5425,verano
2024-08-21 07:00:00,2024,8,21,SUROESTE2,1,0.92,18.700000000000003,9.0,74.5,26.89,verano
2024-08-21 08:00:00,2024,8,21,CENTRO,1,1.08,27.1,8.0,64.0,24.55,verano
2024-08-21 08:00:00,2024,8,21,NORESTE3,0,1.0196666666666667,16.666666666666668,11.066666666666668,47.666666666666664,15.07,verano
2024-08-21 08:00:00,2024,8,21,NOROESTE3,0,1.625,18.133333333333333,6.666666666666667,58.666666666666664,9.71,verano
2024-08-21 08:00:00,2024,8,21,NORTE2,0,1.06,25.25,7.5,88.5,19.0,verano
2024-08-21 08:00:00,2024,8,21,SUR,1,1.0366666666666668,14.35,14.75,59.25,13.0525,verano
2024-08-21 08:00:00,2024,8,21,SUROESTE2,1,1.075,24.85,10.5,75.5,36.76,verano
2024-08-22 07:00:00,2024,8,22,CENTRO,1,1.1,23.9,7.0,61.0,16.62,verano
2024-08-22 07:00:00,2024,8,22,NORESTE3,0,0.9363333333333334,15.733333333333334,11.6,35.0,9.775,verano
2024-08-22 07:00:00,2024,8,22,NOROESTE3,0,1.665,21.96666666666667,3.6666666666666665,61.333333333333336,10.235,verano
2024-08-22 07:00:00,2024,8,22,NORTE2,0,0.875,29.1,5.5,67.0,8.0,verano
2024-08-22 07:00:00,2024,8,22,SUR,1,0.9033333333333333,15.950000000000001,10.5,45.25,15.195,verano
2024-08-22 07:00:00,2024,8,22,SUROESTE2,1,1.095,26.950000000000003,7.5,74.5,18.11,verano
2024-08-22 08:00:00,2024,8,22,CENTRO,1,1.05,22.4,12.0,56.0,15.34,verano
2024-08-22 08:00:00,2024,8,22,NORESTE3,0,0.9420000000000001,13.333333333333334,18.900000000000002,68.66666666666667,12.29,verano
2024-08-22 08:00:00,2024,8,22,NOROESTE3,0,1.835,22.5,7.0,75.66666666666667,10.015,verano
2024-08-22 08:00:00,2024,8,22,NORTE2,0,0.8700000000000001,25.950000000000003,11.0,78.0,7.0,verano
2024-08-22 08:00:00,2024,8,22,SUR,1,1.0166666666666666,16.4,15.0,62.25,13.7425,verano
2024-08-22 08:00:00,2024,8,22,SUROESTE2,1,1.345,36.2,8.0,95.5,20.9,verano
2024-08-23 07:00:00,2024,8,23,CENTRO,1,0.96,18.9,8.0,49.0,13.05,verano
2024-08-23 07:00:00,2024,8,23,NORESTE3,0,0.9500000000000001,15.633333333333333,7.366666666666667,40.0,5.91,verano
2024-08-23 07:00:00,2024,8,23,NOROESTE3,0,1.365,17.933333333333334,5.333333333333333,36.0,7.38,verano
2024-08-23 07:00:00,2024,8,23,NORTE2,0,0.885,24.25,4.5,69.0,5.5,verano
2024-08-23 07:00:00,2024,8,23,SUR,1,0.81,12.75,11.0,35.5,8.5275,verano
2024-08-23 07:00:00,2024,8,23,SUROESTE2,1,1.025,24.75,3.0,42.0,13.49,verano
2024-08-23 08:00:00,2024,8,23,CENTRO,1,1.08,19.9,11.0,48.0,13.41,verano
2024-08-23 08:00:00,2024,8,23,NORESTE3,0,0.9683333333333334,12.666666666666666,14.066666666666668,37.666666666666664,12.055,verano
2024-08-23 08:00:00,2024,8,23,NOROESTE3,0,1.435,17.2,8.333333333333334,47.333333333333336,7.75,verano
2024-08-23 08:00:00,2024,8,23,NORTE2,0,0.925,23.25,9.0,60.0,6.5,verano
2024-08-23 08:00:00,2024,8,23,SUR,1,0.9400000000000001,12.55,14.5,45.75,11.33,verano
2024-08-23 08:00:00,2024,8,23,SUROESTE2,1,1.255,28.6,7.0,81.5,18.91,verano
2024-08-24 07:00:00,2024,8,24,CENTRO,0,0.95,17.6,5.0,61.0,20.06,verano
2024-08-24 07:00:00,2024,8,24,NORESTE3,0,0.9053333333333334,10.966666666666667,8.5,40.666666666666664,11.594999999999999,verano
2024-08-24 07:00:00,2024,8,24,NOROESTE3,0,1.175,12.766666666666666,6.0,35.666666666666664,7.28,verano
2024-08-24 07:00:00,2024,8,24,NORTE2,0,0.835,16.25,7.0,39.0,8.0,verano
2024-08-24 07:00:00,2024,8,24,SUR,0,0.7200000000000001,9.2,10.25,42.0,11.942499999999999,verano
2024-08-24 07:00:00,2024,8,24,SUROESTE2,0,0.92,15.85,5.0,46.0,15.03,verano
2024-08-24 08:00:00,2024,8,24,CENTRO,0,1.03,12.6,10.0,63.0,21.46,verano
2024-08-24 08:00:00,2024,8,24,NORESTE3,0,0.983,11.5,11.6,40.666666666666664,13.765,verano
2024-08-24 08:00:00,2024,8,24,NOROESTE3,0,1.165,11.933333333333332,8.0,43.0,9.5,verano
2024-08-24 08:00:00,2024,8,24,NORTE2,0,0.835,17.799999999999997,8.0,50.0,9.5,verano
2024-08-24 08:00:00,2024,8,24,SUR,0,0.7799999999999999,9.375,12.75,46.25,15.0075,verano
2024-08-24 08:00:00,2024,8,24,SUROESTE2,0,0.85,14.6,9.0,46.5,17.515,verano
2024-08-25 07:00:00,2024,8,25,CENTRO,0,0.83,13.0,6.0,54.0,18.82,verano
2024-08-25 07:00:00,2024,8,25,NORESTE3,0,0.8780000000000001,7.3999999999999995,12.766666666666666,42.666666666666664,13.975,verano
2024-08-25 07:00:00,2024,8,25,NOROESTE3,0,1.115,7.8999999999999995,8.666666666666666,30.666666666666668,8.07,verano
2024-08-25 07:00:00,2024,8,25,NORTE2,0,0.76,10.0,11.0,42.0,14.0,verano
2024-08-25 07:00:00,2024,8,25,SUR,0,0.6433333333333334,3.75,16.0,38.25,10.865,verano
2024-08-25 07:00:00,2024,8,25,SUROESTE2,0,0.72,12.85,6.5,56.0,16.535,verano
2024-08-25 08:00:00,2024,8,25,CENTRO,0,0.85,13.9,6.0,58.0,22.46,verano
2024-08-25 08:00:00,2024,8,25,NORESTE3,0,0.9009999999999999,7.033333333333334,14.533333333333333,40.666666666666664,16.759999999999998,verano
2024-08-25 08:00:00,2024,8,25,NOROESTE3,0,1.095,5.666666666666667,13.0,35.333333333333336,9.11,verano
2024-08-25 08:00:00,2024,8,25,NORTE2,0,0.78,9.55,12.5,48.0,11.5,verano
2024-08-25 08:00:00,2024,8,25,SUR,0,0.6566666666666667,4.1,16.5,42.0,12.504999999999999,verano
2024-08-25 08:00:00,2024,8,25,SUROESTE2,0,0.825,10.65,9.5,54.0,18.035,verano
2024-08-26 07:00:00,2024,8,26,CENTRO,1,0.93,15.9,5.0,54.0,17.22,verano
2024-08-26 07:00:00,2024,8,26,NORESTE3,0,1.0143333333333333,11.833333333333334,6.266666666666667,44.0,13.29,verano
2024-08-26 07:00:00,2024,8,26,NOROESTE3,0,1.255,12.266666666666666,4.666666666666667,37.333333333333336,7.25,verano
2024-08-26 07:00:00,2024,8,26,NORTE2,1,0.7949999999999999,18.05,4.5,50.5,11.0,verano
2024-08-26 07:00:00,2024,8,26,SUR,1,0.7600000000000001,8.475000000000001,8.25,42.5,13.75,verano
2024-08-26 07:00:00,2024,8,26,SUROESTE2,1,1.0699999999999998,16.5,2.5,59.5,17.675,verano
2024-08-26 08:00:00,2024,8,26,CENTRO,1,1.23,17.0,7.0,54.0,18.54,verano
2024-08-26 08:00:00,2024,8,26,NORESTE3,0,1.0046666666666666,11.133333333333333,10.299999999999999,50.666666666666664,15.725,verano
2024-08-26 08:00:00,2024,8,26,NOROESTE3,0,1.215,11.233333333333334,7.333333333333333,46.333333333333336,8.26,verano
2024-08-26 08:00:00,2024,8,26,NORTE2,1,0.825,17.3,6.5,63.5,10.0,verano
2024-08-26 08:00:00,2024,8,26,SUR,1,0.8133333333333334,8.6,12.0,49.0,11.7275,verano
2024-08-26 08:00:00,2024,8,26,SUROESTE2,1,1.31,16.200000000000003,4.5,67.5,20.564999999999998,verano
2024-08-27 07:00:00,2024,8,27,CENTRO,1,0.91,13.9,7.0,58.0,15.36,verano
2024-08-27 07:00:00,2024,8,27,NORESTE3,0,0.9083333333333333,9.666666666666666,7.366666666666667,36.0,9.305,verano
2024-08-27 07:00:00,2024,8,27,NOROESTE3,0,1.01,10.233333333333333,6.0,31.0,6.574999999999999,verano
2024-08-27 07:00:00,2024,8,27,NORTE2,1,0.7749999999999999,15.35,4.0,33.5,12.0,verano
2024-08-27 07:00:00,2024,8,27,SUR,1,0.675,8.425,9.0,35.0,12.315,verano
2024-08-27 07:00:00,2024,8,27,SUROESTE2,1,0.76,14.0,4.5,46.0,15.975,verano
2024-08-27 08:00:00,2024,8,27,CENTRO,1,0.97,13.9,7.0,60.0,15.59,verano
2024-08-27 08:00:00,2024,8,27,NORESTE3,0,0.9453333333333332,8.6,10.5,41.333333333333336,10.61,verano
2024-08-27 08:00:00,2024,8,27,NOROESTE3,0,0.99,9.700000000000001,6.666666666666667,35.0,7.385,verano
2024-08-27 08:00:00,2024,8,27,NORTE2,1,0.7849999999999999,14.649999999999999,6.0,52.5,8.5,verano
2024-08-27 08:00:00,2024,8,27,SUR,1,0.78,8.45,11.5,44.0,13.243333333333334,verano
2024-08-27 08:00:00,2024,8,27,SUROESTE2,1,0.85,13.2,9.5,56.0,13.095,verano
2024-08-28 07:00:00,2024,8,28,CENTRO,1,0.86,15.3,6.0,45.0,14.77,verano
2024-08-28 07:00:00,2024,8,28,NORESTE3,0,1.2169999999999999,10.700000000000001,8.133333333333333,31.666666666666668,9.11,verano
2024-08-28 07:00:00,2024,8,28,NOROESTE3,0,1.13,13.366666666666665,7.0,30.333333333333332,7.865,verano
2024-08-28 07:00:00,2024,8,28,NORTE2,1,0.815,15.549999999999999,7.0,41.0,9.5,verano
2024-08-28 07:00:00,2024,8,28,SUR,1,0.8166666666666668,11.325,6.25,49.5,11.055,verano
2024-08-28 07:00:00,2024,8,28,SUROESTE2,1,0.845,14.45,8.0,41.0,19.435000000000002,verano
2024-08-28 08:00:00,2024,8,28,CENTRO,1,0.97,14.4,9.0,47.0,15.54,verano
2024-08-28 08:00:00,2024,8,28,NORESTE3,0,1.2923333333333333,11.466666666666667,9.233333333333333,34.0,10.89,verano
2024-08-28 08:00:00,2024,8,28,NOROESTE3,0,1.15,13.6,7.666666666666667,42.666666666666664,9.175,verano
2024-08-28 08:00:00,2024,8,28,NORTE2,1,0.8300000000000001,13.25,10.0,56.5,11.0,verano
2024-08-28 08:00:00,2024,8,28,SUR,1,1.0166666666666666,11.05,9.0,49.5,14.706666666666665,verano
2024-08-28 08:00:00,2024,8,28,SUROESTE2,1,1.055,15.100000000000001,9.0,54.0,25.34,verano
2024-08-29 07:00:00,2024,8,29,CENTRO,1,0.86,13.6,10.0,31.0,6.37,verano
2024-08-29 07:00:00,2024,8,29,NORESTE3,0,1.2873333333333332,14.4,10.0,27.0,14.835,verano
2024-08-29 07:00:00,2024,8,29,NOROESTE3,0,1.13,15.466666666666667,5.666666666666667,33.666666666666664,4.635,verano
2024-08-29 07:00:00,2024,8,29,NORTE2,1,0.865,21.8,6.0,43.5,6.0,verano
2024-08-29 07:00:00,2024,8,29,SUR,1,0.66,8.933333333333334,14.0,22.0,7.5566666666666675,verano
2024-08-29 07:00:00,2024,8,29,SUROESTE2,1,0.855,14.3,11.0,33.5,8.875,verano
2024-08-29 08:00:00,2024,8,29,CENTRO,1,0.92,17.6,9.0,31.0,8.34,verano
2024-08-29 08:00:00,2024,8,29,NORESTE3,0,1.4433333333333334,14.966666666666667,11.299999999999999,34.0,14.885,verano
2024-08-29 08:00:00,2024,8,29,NOROESTE3,0,1.1,16.2,7.0,40.666666666666664,5.4,verano
2024-08-29 08:00:00,2024,8,29,NORTE2,1,0.865,21.25,8.0,45.0,6.5,verano
2024-08-29 08:00:00,2024,8,29,SUR,1,0.7066666666666667,10.700000000000001,15.333333333333334,36.333333333333336,4.963333333333334,verano
2024-08-29 08:00:00,2024,8,29,SUROESTE2,1,1.1,15.8,9.0,36.5,8.765,verano
2024-08-30 07:00:00,2024,8,30,CENTRO,1,0.99,20.4,5.0,42.0,11.45,verano
2024-08-30 07:00:00,2024,8,30,NORESTE3,0,0.6695,16.0,7.0,29.666666666666668,15.17,verano
2024-08-30 07:00:00,2024,8,30,NOROESTE3,0,1.37,18.099999999999998,4.333333333333333,35.0,6.43,verano
2024-08-30 07:00:00,2024,8,30,NORTE2,1,0.825,26.9,4.0,49.0,10.0,verano
2024-08-30 07:00:00,2024,8,30,SUR,1,0.72,13.25,9.0,42.5,13.5375,verano
2024-08-30 07:00:00,2024,8,30,SUROESTE2,1,1.06,22.15,7.0,48.5,19.939999999999998,verano
2024-08-30 08:00:00,2024,8,30,CENTRO,1,1.1,20.2,8.0,50.0,12.23,verano
2024-08-30 08:00:00,2024,8,30,NORESTE3,0,0.7015,16.233333333333334,11.966666666666667,35.333333333333336,16.985,verano
2024-08-30 08:00:00,2024,8,30,NOROESTE3,0,0.805,17.5,6.666666666666667,42.333333333333336,7.96,verano
2024-08-30 08:00:00,2024,8,30,NORTE2,1,0.9,24.45,9.0,66.5,8.0,verano
2024-08-30 08:00:00,2024,8,30,SUR,1,0.785,14.0,12.25,53.0,10.73,verano
2024-08-30 08:00:00,2024,8,30,SUROESTE2,1,1.19,30.0,14.5,99.5,21.075,verano
2024-08-31 07:00:00,2024,8,31,CENTRO,0,0.97,19.7,5.0,47.0,15.53,verano
2024-08-31 07:00:00,2024,8,31,NORESTE3,0,0.9603333333333334,18.733333333333334,5.2,43.0,10.344999999999999,verano
2024-08-31 07:00:00,2024,8,31,NOROESTE3,0,1.24,15.833333333333334,7.0,40.333333333333336,9.69,verano
2024-08-31 07:00:00,2024,8,31,NORTE2,0,0.835,23.0,7.0,59.5,24.0,verano
2024-08-31 07:00:00,2024,8,31,SUR,0,0.7733333333333333,12.475,10.25,40.5,15.48,verano
2024-08-31 07:00:00,2024,8,31,SUROESTE2,0,0.855,18.2,7.0,36.0,18.69,verano
2024-08-31 08:00:00,2024,8,31,CENTRO,0,1.02,17.9,7.0,48.0,18.2,verano
2024-08-31 08:00:00,2024,8,31,NORESTE3,0,0.9986666666666667,17.133333333333336,7.3,58.333333333333336,12.825,verano
2024-08-31 08:00:00,2024,8,31,NOROESTE3,0,0.645,14.9,9.0,45.0,11.74,verano
2024-08-31 08:00:00,2024,8,31,NORTE2,0,0.825,22.099999999999998,9.5,56.0,11.0,verano
2024-08-31 08:00:00,2024,8,31,SUR,0,0.8833333333333333,13.35,10.75,47.75,15.885,verano
2024-08-31 08:00:00,2024,8,31,SUROESTE2,0,1.055,20.3,7.5,65.5,22.415,verano
2024-09-01 07:00:00,2024,9,1,CENTRO,0,0.98,12.1,15.0,27.0,4.27,otra
2024-09-01 07:00:00,2024,9,1,NORESTE3,0,0.9396666666666667,13.566666666666668,16.766666666666666,25.666666666666668,6.279999999999999,otra
2024-09-01 07:00:00,2024,9,1,NOROESTE3,0,1.0,10.899999999999999,19.5,20.0,3.0,otra
2024-09-01 07:00:00,2024,9,1,NORTE2,0,0.845,17.6,19.0,25.5,5.0,otra
2024-09-01 07:00:00,2024,9,1,SUR,0,0.81,12.975,18.25,21.25,5.78,otra
2024-09-01 07:00:00,2024,9,1,SUROESTE2,0,0.98,17.8,13.0,23.5,18.310000000000002,otra
2024-09-01 08:00:00,2024,9,1,CENTRO,0,1.07,13.9,13.0,42.0,5.69,otra
2024-09-01 08:00:00,2024,9,1,NORESTE3,0,0.9726666666666667,13.9,18.366666666666667,34.0,9.295,otra
2024-09-01 08:00:00,2024,9,1,NOROESTE3,0,1.09,10.600000000000001,22.0,22.0,4.0,otra
2024-09-01 08:00:00,2024,9,1,NORTE2,0,0.875,19.950000000000003,18.5,24.5,4.5,otra
2024-09-01 08:00:00,2024,9,1,SUR,0,0.88,12.475,18.75,24.75,7.17,otra
2024-09-01 08:00:00,2024,9,1,SUROESTE2,0,0.865,14.6,14.5,62.5,21.435000000000002,otra
2024-09-02 07:00:00,2024,9,2,CENTRO,1,0.81,15.9,12.0,28.0,,otra
2024-09-02 07:00:00,2024,9,2,NORESTE3,0,0.9206666666666666,15.166666666666666,12.1,18.0,7.535,otra
2024-09-02 07:00:00,2024,9,2,NOROESTE3,0,1.24,16.766666666666666,7.666666666666667,39.0,6.0,otra
2024-09-02 07:00:00,2024,9,2,NORTE2,1,0.855,27.1,7.0,26.0,11.0,otra
2024-09-02 07:00:00,2024,9,2,SUR,1,0.785,16.6,15.25,29.5,9.7,otra
2024-09-02 07:00:00,2024,9,2,SUROESTE2,1,0.865,15.45,21.5,36.0,8.355,otra
2024-09-02 08:00:00,2024,9,2,CENTRO,1,0.98,27.7,8.0,35.0,,otra
2024-09-02 08:00:00,2024,9,2,NORESTE3,0,1.0476666666666667,16.666666666666668,13.333333333333334,25.666666666666668,8.25,otra
2024-09-02 08:00:00,2024,9,2,NOROESTE3,0,1.25,16.233333333333334,8.0,30.333333333333332,5.0,otra
2024-09-02 08:00:00,2024,9,2,NORTE2,1,0.885,26.85,10.5,51.0,8.0,otra
2024-09-02 08:00:00,2024,9,2,SUR,1,0.885,17.225,16.5,36.0,9.3825,otra
2024-09-02 08:00:00,2024,9,2,SUROESTE2,1,1.35,22.1,13.5,27.0,11.36,otra
2024-09-03 07:00:00,2024,9,3,CENTRO,1,0.77,19.5,7.0,27.0,,otra
2024-09-03 07:00:00,2024,9,3,NORESTE3,0,1.0033333333333332,17.900000000000002,9.133333333333333,39.666666666666664,7.92,otra
2024-09-03 07:00:00,2024,9,3,NOROESTE3,0,1.08,19.2,8.0,38.333333333333336,9.0,otra
2024-09-03 07:00:00,2024,9,3,NORTE2,1,1.005,30.75,6.5,28.5,13.5,otra
2024-09-03 07:00:00,2024,9,3,SUR,1,0.795,12.45,13.5,24.25,11.396666666666667,otra
2024-09-03 07:00:00,2024,9,3,SUROESTE2,1,1.08,15.85,10.0,24.5,12.16,otra
2024-09-03 08:00:00,2024,9,3,CENTRO,1,0.92,20.6,10.0,32.0,,otra
2024-09-03 08:00:00,2024,9,3,NORESTE3,0,1.1966666666666665,19.833333333333332,9.5,33.333333333333336,9.895,otra
2024-09-03 08:00:00,2024,9,3,NOROESTE3,0,1.11,16.466666666666665,12.333333333333334,34.666666666666664,9.0,otra
2024-09-03 08:00:00,2024,9,3,NORTE2,1,1.08,33.0,7.0,43.0,8.5,otra
2024-09-03 08:00:00,2024,9,3,SUR,1,0.9725,13.45,15.75,24.5,9.455,otra
2024-09-03 08:00:00,2024,9,3,SUROESTE2,1,1.3399999999999999,20.0,10.0,36.0,10.595,otra
2024-09-04 07:00:00,2024,9,4,CENTRO,1,0.79,20.1,8.0,34.0,6.81,otra
2024-09-04 07:00:00,2024,9,4,NORESTE3,0,0.9940000000000001,19.866666666666664,7.333333333333333,28.0,6.68,otra
2024-09-04 07:00:00,2024,9,4,NOROESTE3,0,1.13,15.9,8.333333333333334,21.333333333333332,2.0,otra
2024-09-04 07:00:00,2024,9,4,NORTE2,1,1.025,24.85,4.0,23.5,7.0,otra
2024-09-04 07:00:00,2024,9,4,SUR,1,0.8999999999999999,18.45,10.25,24.25,8.370000000000001,otra
2024-09-04 07:00:00,2024,9,4,SUROESTE2,1,0.9450000000000001,20.5,8.0,28.5,11.4,otra
2024-09-04 08:00:00,2024,9,4,CENTRO,1,0.91,23.5,7.0,13.0,8.59,otra
2024-09-04 08:00:00,2024,9,4,NORESTE3,0,1.0506666666666666,16.833333333333332,10.266666666666667,28.0,7.25,otra
2024-09-04 08:00:00,2024,9,4,NOROESTE3,0,0.83,18.3,7.0,20.666666666666668,3.0,otra
2024-09-04 08:00:00,2024,9,4,NORTE2,1,1.1,26.8,5.0,42.5,9.0,otra
2024-09-04 08:00:00,2024,9,4,SUR,1,0.9925,17.025,13.5,29.25,9.41,otra
2024-09-04 08:00:00,2024,9,4,SUROESTE2,1,1.5699999999999998,22.5,9.5,21.5,7.385,otra
2024-09-05 07:00:00,2024,9,5,CENTRO,1,0.81,15.3,10.0,31.0,7.47,otra
2024-09-05 07:00:00,2024,9,5,NORESTE3,0,0.4603333333333334,12.799999999999999,15.133333333333333,15.333333333333334,6.07,otra
2024-09-05 07:00:00,2024,9,5,NOROESTE3,0,1.21,12.933333333333332,10.333333333333334,16.0,2.0,otra
2024-09-05 07:00:00,2024,9,5,NORTE2,1,0.875,20.6,8.0,32.0,7.5,otra
2024-09-05 07:00:00,2024,9,5,SUR,1,0.6725,9.25,17.5,24.25,5.6775,otra
2024-09-05 07:00:00,2024,9,5,SUROESTE2,1,1.055,16.5,6.5,39.5,11.635,otra
2024-09-05 08:00:00,2024,9,5,CENTRO,1,0.78,16.4,12.0,33.0,9.54,otra
2024-09-05 08:00:00,2024,9,5,NORESTE3,0,0.4793333333333334,11.9,18.433333333333334,13.666666666666666,3.95,otra
2024-09-05 08:00:00,2024,9,5,NOROESTE3,0,1.64,12.966666666666667,10.666666666666666,18.666666666666668,4.0,otra
2024-09-05 08:00:00,2024,9,5,NORTE2,1,0.91,17.95,15.5,43.0,13.0,otra
2024-09-05 08:00:00,2024,9,5,SUR,1,0.7975,11.45,18.75,22.75,7.22,otra
2024-09-05 08:00:00,2024,9,5,SUROESTE2,1,1.545,19.95,6.5,31.5,9.385,otra
2024-09-06 07:00:00,2024,9,6,CENTRO,1,0.8,23.7,8.0,53.0,11.49,otra
2024-09-06 07:00:00,2024,9,6,NORESTE3,0,0.9009999999999999,21.8,5.8,39.333333333333336,13.61,otra
2024-09-06 07:00:00,2024,9,6,NOROESTE3,0,1.0150000000000001,18.2,6.333333333333333,20.666666666666668,5.64,otra
2024-09-06 07:00:00,2024,9,6,NORTE2,1,0.99,25.099999999999998,9.0,39.0,14.5,otra
2024-09-06 07:00:00,2024,9,6,SUR,1,0.8225,18.3,9.25,35.5,12.8725,otra
2024-09-06 07:00:00,2024,9,6,SUROESTE2,1,1.0750000000000002,20.1,5.5,32.0,16.28,otra
2024-09-06 08:00:00,2024,9,6,CENTRO,1,0.72,26.2,7.0,39.0,12.32,otra
2024-09-06 08:00:00,2024,9,6,NORESTE3,0,1.0866666666666667,21.733333333333334,7.1000000000000005,44.0,15.43,otra
2024-09-06 08:00:00,2024,9,6,NOROESTE3,0,1.46,20.366666666666667,4.333333333333333,28.666666666666668,6.14,otra
2024-09-06 08:00:00,2024,9,6,NORTE2,1,1.085,26.25,9.0,38.5,9.0,otra
2024-09-06 08:00:00,2024,9,6,SUR,1,1.0675,19.425,9.5,45.0,17.45,otra
2024-09-06 08:00:00,2024,9,6,SUROESTE2,1,1.77,20.05,6.0,32.5,10.665,otra
2024-09-07 07:00:00,2024,9,7,CENTRO,0,0.66,14.2,15.0,44.0,14.35,otra
2024-09-07 07:00:00,2024,9,7,NORESTE3,0,0.677,17.466666666666665,13.6,43.666666666666664,13.62,otra
2024-09-07 07:00:00,2024,9,7,NOROESTE3,0,1.1,13.066666666666668,18.0,22.333333333333332,,otra
2024-09-07 07:00:00,2024,9,7,NORTE2,0,0.895,26.5,15.0,35.0,10.5,otra
2024-09-07 07:00:00,2024,9,7,SUR,0,0.8375,17.55,10.25,48.75,15.315,otra
2024-09-07 07:00:00,2024,9,7,SUROESTE2,0,0.885,20.3,12.5,36.5,16.755000000000003,otra
2024-09-07 08:00:00,2024,9,7,CENTRO,0,0.7,22.6,14.0,36.0,13.91,otra
2024-09-07 08:00:00,2024,9,7,NORESTE3,0,0.6869999999999999,10.733333333333334,23.433333333333334,46.333333333333336,10.365,otra
2024-09-07 08:00:00,2024,9,7,NOROESTE3,0,1.16,11.766666666666666,23.0,19.333333333333332,,otra
2024-09-07 08:00:00,2024,9,7,NORTE2,0,0.89,24.2,17.5,40.5,5.0,otra
2024-09-07 08:00:00,2024,9,7,SUR,0,0.7325,11.15,23.25,48.75,10.1775,otra
2024-09-07 08:00:00,2024,9,7,SUROESTE2,0,0.775,11.2,29.5,36.5,9.86,otra
2024-09-08 07:00:00,2024,9,8,CENTRO,0,0.69,7.8,44.0,36.0,10.95,otra
2024-09-08 07:00:00,2024,9,8,NORESTE3,0,0.6823333333333333,12.766666666666666,31.066666666666666,31.666666666666668,14.28,otra
2024-09-08 07:00:00,2024,9,8,NOROESTE3,0,1.22,12.35,29.5,55.5,,otra
2024-09-08 07:00:00,2024,9,8,NORTE2,0,0.8400000000000001,22.65,23.0,37.5,7.0,otra
2024-09-08 07:00:00,2024,9,8,SUR,0,0.725,10.225,29.25,43.5,11.725,otra
2024-09-08 07:00:00,2024,9,8,SUROESTE2,0,0.63,5.25,47.5,31.0,9.74,otra
2024-09-08 08:00:00,2024,9,8,CENTRO,0,0.79,13.5,37.0,46.0,11.34,otra
2024-09-08 08:00:00,2024,9,8,NORESTE3,0,0.7040000000000001,12.700000000000001,31.666666666666668,36.333333333333336,14.33,otra
2024-09-08 08:00:00,2024,9,8,NOROESTE3,0,1.18,14.100000000000001,25.5,49.5,,otra
2024-09-08 08:00:00,2024,9,8,NORTE2,0,0.8300000000000001,24.7,27.0,46.5,4.0,otra
2024-09-08 08:00:00,2024,9,8,SUR,0,0.7325,11.075,30.0,46.5,12.73,otra
2024-09-08 08:00:00,2024,9,8,SUROESTE2,0,0.775,7.4,44.0,16.5,13.46,otra
2024-09-09 07:00:00,2024,9,9,CENTRO,1,0.74,23.1,15.0,42.0,15.27,otra
2024-09-09 07:00:00,2024,9,9,NORESTE3,0,0.8256666666666668,22.0,9.866666666666667,56.0,30.38,otra
2024-09-09 07:00:00,2024,9,9,NOROESTE3,0,0.995,19.599999999999998,6.333333333333333,71.33333333333333,,otra
2024-09-09 07:00:00,2024,9,9,NORTE2,1,1.04,34.65,4.5,64.5,11.5,otra
2024-09-09 07:00:00,2024,9,9,SUR,1,0.96,24.375,10.5,52.25,22.560000000000002,otra
2024-09-09 07:00:00,2024,9,9,SUROESTE2,1,1.095,23.85,9.0,47.5,20.87,otra
2024-09-09 08:00:00,2024,9,9,CENTRO,1,0.81,29.2,11.0,56.0,15.46,otra
2024-09-09 08:00:00,2024,9,9,NORESTE3,0,0.9790000000000001,23.733333333333334,13.6,88.0,18.55,otra
2024-09-09 08:00:00,2024,9,9,NOROESTE3,0,1.08,20.599999999999998,8.0,81.33333333333333,,otra
2024-09-09 08:00:00,2024,9,9,NORTE2,1,1.345,37.25,7.0,89.0,17.0,otra
2024-09-09 08:00:00,2024,9,9,SUR,1,1.075,23.2,15.5,71.5,21.122500000000002,otra
2024-09-09 08:00:00,2024,9,9,SUROESTE2,1,1.48,38.5,16.5,75.5,24.25,otra
2024-09-10 07:00:00,2024,9,10,CENTRO,1,0.78,26.1,13.0,63.0,12.29,otra
2024-09-10 07:00:00,2024,9,10,NORESTE3,0,0.8163333333333332,21.46666666666667,20.0,38.666666666666664,10.88,otra
2024-09-10 07:00:00,2024,9,10,NOROESTE3,0,0.8300000000000001,20.266666666666666,11.333333333333334,55.666666666666664,5.61,otra
2024-09-10 07:00:00,2024,9,10,NORTE2,1,0.9199999999999999,34.35,12.0,117.0,13.0,otra
2024-09-10 07:00:00,2024,9,10,SUR,1,0.9275,25.4,13.25,56.0,14.29,otra
2024-09-10 07:00:00,2024,9,10,SUROESTE2,1,1.075,28.4,9.0,42.0,15.12,otra
2024-09-10 08:00:00,2024,9,10,CENTRO,1,0.84,30.6,9.0,58.0,11.63,otra
2024-09-10 08:00:00,2024,9,10,NORESTE3,0,1.0203333333333333,26.8,15.333333333333334,56.333333333333336,35.225,otra
2024-09-10 08:00:00,2024,9,10,NOROESTE3,0,1.1099999999999999,24.766666666666666,7.333333333333333,60.0,6.1,otra
2024-09-10 08:00:00,2024,9,10,NORTE2,1,1.01,36.8,10.5,69.0,8.5,otra
2024-09-10 08:00:00,2024,9,10,SUR,1,1.175,25.3,14.75,67.75,16.3875,otra
2024-09-10 08:00:00,2024,9,10,SUROESTE2,1,1.565,34.35,5.0,63.5,25.205,otra
2024-09-11 07:00:00,2024,9,11,CENTRO,1,0.73,22.6,10.0,42.0,11.63,otra
2024-09-11 07:00:00,2024,9,11,NORESTE3,0,1.075,23.85,4.25,72.0,21.51,otra
2024-09-11 07:00:00,2024,9,11,NOROESTE3,0,0.975,19.26666666666667,3.6666666666666665,70.33333333333333,8.29,otra
2024-09-11 07:00:00,2024,9,11,NORTE2,1,1.355,31.25,4.0,95.0,9.0,otra
2024-09-11 07:00:00,2024,9,11,SUR,1,1.135,18.825,6.5,85.75,20.12,otra
2024-09-11 07:00:00,2024,9,11,SUROESTE2,1,1.285,23.75,6.5,87.5,28.74,otra
2024-09-11 08:00:00,2024,9,11,CENTRO,1,0.92,27.5,9.0,49.0,13.14,otra
2024-09-11 08:00:00,2024,9,11,NORESTE3,0,1.297,24.6,6.1,96.5,27.08,otra
2024-09-11 08:00:00,2024,9,11,NOROESTE3,0,1.195,20.066666666666666,5.333333333333333,78.0,9.68,otra
2024-09-11 08:00:00,2024,9,11,NORTE2,1,1.5699999999999998,34.5,5.5,120.5,10.0,otra
2024-09-11 08:00:00,2024,9,11,SUR,1,1.4675,20.175,8.75,93.5,24.5125,otra
2024-09-11 08:00:00,2024,9,11,SUROESTE2,1,1.775,44.05,9.0,128.5,40.15,otra
2024-09-12 07:00:00,2024,9,12,CENTRO,1,1.08,37.4,5.0,88.0,19.05,otra
2024-09-12 07:00:00,2024,9,12,NORESTE3,0,0.956,27.2,6.0,81.66666666666667,49.99,otra
2024-09-12 07:00:00,2024,9,12,NOROESTE3,0,1.395,21.0,3.0,145.0,10.55,otra
2024-09-12 07:00:00,2024,9,12,NORTE2,1,1.185,45.650000000000006,4.0,73.5,24.0,otra
2024-09-12 07:00:00,2024,9,12,SUR,1,1.1225,19.8,7.0,58.75,21.4425,otra
2024-09-12 07:00:00,2024,9,12,SUROESTE2,1,1.4,30.65,6.0,94.0,32.91,otra
2024-09-12 08:00:00,2024,9,12,CENTRO,1,1.11,32.3,8.0,112.0,18.51,otra
2024-09-12 08:00:00,2024,9,12,NORESTE3,0,1.0999999999999999,27.566666666666666,8.666666666666666,94.33333333333333,39.269999999999996,otra
2024-09-12 08:00:00,2024,9,12,NOROESTE3,0,1.41,22.0,4.666666666666667,125.0,15.4,otra
2024-09-12 08:00:00,2024,9,12,NORTE2,1,1.085,43.7,8.5,82.0,16.5,otra
2024-09-12 08:00:00,2024,9,12,SUR,1,1.35,22.1,11.0,89.5,24.445,otra
2024-09-12 08:00:00,2024,9,12,SUROESTE2,1,1.3849999999999998,29.049999999999997,9.5,102.5,35.46,otra
2024-09-13 07:00:00,2024,9,13,CENTRO,1,0.8,17.9,8.0,52.0,17.4,otra
2024-09-13 07:00:00,2024,9,13,NORESTE3,0,0.9176666666666667,15.333333333333334,12.833333333333334,49.666666666666664,12.47,otra
2024-09-13 07:00:00,2024,9,13,NOROESTE3,0,1.23,13.266666666666666,9.333333333333334,63.333333333333336,12.0,otra
2024-09-13 07:00:00,2024,9,13,NORTE2,1,0.925,21.5,8.0,58.5,10.0,otra
2024-09-13 07:00:00,2024,9,13,SUR,1,0.8825000000000001,11.225,14.0,44.5,22.439999999999998,otra
2024-09-13 07:00:00,2024,9,13,SUROESTE2,1,1.145,20.95,6.0,54.0,32.11,otra
2024-09-13 08:00:00,2024,9,13,CENTRO,1,1.0,22.3,8.0,58.0,17.54,otra
2024-09-13 08:00:00,2024,9,13,NORESTE3,0,0.9036666666666666,16.366666666666667,13.533333333333333,50.666666666666664,14.0,otra
2024-09-13 08:00:00,2024,9,13,NOROESTE3,0,1.13,11.066666666666668,12.666666666666666,61.0,10.0,otra
2024-09-13 08:00:00,2024,9,13,NORTE2,1,0.95,23.45,9.5,55.5,6.5,otra
2024-09-13 08:00:00,2024,9,13,SUR,1,0.9375,11.275,14.25,48.25,16.923333333333332,otra
2024-09-13 08:00:00,2024,9,13,SUROESTE2,1,1.3599999999999999,20.7,7.5,73.5,32.625,otra
2024-09-14 07:00:00,2024,9,14,CENTRO,0,0.67,10.9,8.0,44.0,17.77,otra
2024-09-14 07:00:00,2024,9,14,NORESTE3,0,0.8143333333333334,11.433333333333332,9.733333333333333,45.0,23.76,otra
2024-09-14 07:00:00,2024,9,14,NOROESTE3,0,0.8799999999999999,6.3999999999999995,10.333333333333334,36.333333333333336,9.715,otra
2024-09-14 07:00:00,2024,9,14,NORTE2,0,0.88,11.700000000000001,10.0,48.5,19.5,otra
2024-09-14 07:00:00,2024,9,14,SUR,0,0.8049999999999999,4.525,15.25,38.5,18.4575,otra
2024-09-14 07:00:00,2024,9,14,SUROESTE2,0,0.7550000000000001,14.45,5.5,48.0,22.53,otra
2024-09-14 08:00:00,2024,9,14,CENTRO,0,0.74,10.6,9.0,52.0,17.79,otra
2024-09-14 08:00:00,2024,9,14,NORESTE3,0,0.7513333333333333,10.233333333333334,10.9,53.666666666666664,25.43,otra
2024-09-14 08:00:00,2024,9,14,NOROESTE3,0,0.8999999999999999,6.833333333333333,10.333333333333334,41.666666666666664,10.385000000000002,otra
2024-09-14 08:00:00,2024,9,14,NORTE2,0,0.89,12.4,10.0,47.5,18.0,otra
2024-09-14 08:00:00,2024,9,14,SUR,0,0.8375,4.775,14.75,40.75,18.622500000000002,otra
2024-09-14 08:00:00,2024,9,14,SUROESTE2,0,0.865,15.4,4.5,61.0,27.16,otra
2024-09-15 07:00:00,2024,9,15,CENTRO,0,0.63,14.3,16.0,24.0,9.98,otra
2024-09-15 07:00:00,2024,9,15,NORESTE3,0,0.6306666666666666,8.0,22.133333333333336,7.223333333333334,4.05,otra
2024-09-15 07:00:00,2024,9,15,NOROESTE3,0,0.805,4.2,22.666666666666668,9.333333333333334,7.58,otra
2024-09-15 07:00:00,2024,9,15,NORTE2,0,0.87,21.1,16.5,6.0,2.0,otra
2024-09-15 07:00:00,2024,9,15,SUR,0,0.7949999999999999,6.3999999999999995,21.75,16.0,9.5,otra
2024-09-15 07:00:00,2024,9,15,SUROESTE2,0,0.65,9.45,23.5,10.5,3.69,otra
2024-09-15 08:00:00,2024,9,15,CENTRO,0,0.72,7.2,21.0,23.0,9.59,otra
2024-09-15 08:00:00,2024,9,15,NORESTE3,0,0.6309999999999999,9.233333333333334,18.8,10.773333333333333,5.68,otra
2024-09-15 08:00:00,2024,9,15,NOROESTE3,0,0.8150000000000001,4.366666666666667,20.333333333333332,10.0,4.7,otra
2024-09-15 08:00:00,2024,9,15,NORTE2,0,0.865,15.3,20.0,16.0,8.5,otra
2024-09-15 08:00:00,2024,9,15,SUR,0,0.865,10.200000000000001,18.75,24.5,11.5,otra
2024-09-15 08:00:00,2024,9,15,SUROESTE2,0,0.73,8.8,22.5,16.5,3.54,otra
2024-09-16 07:00:00,2024,9,16,CENTRO,1,0.65,7.8,13.0,24.0,,otra
2024-09-16 07:00:00,2024,9,16,NORESTE3,0,0.5786666666666667,8.1,15.0,13.55,6.24,otra
2024-09-16 07:00:00,2024,9,16,NOROESTE3,0,0.775,4.533333333333333,9.333333333333334,10.666666666666666,3.565,otra
2024-09-16 07:00:00,2024,9,16,NORTE2,1,0.84,12.95,12.0,9.0,4.0,otra
2024-09-16 07:00:00,2024,9,16,SUR,1,0.78,3.85,17.5,14.25,6.0,otra
2024-09-16 07:00:00,2024,9,16,SUROESTE2,1,0.755,11.600000000000001,8.5,25.0,8.504999999999999,otra
2024-09-16 08:00:00,2024,9,16,CENTRO,1,0.7,10.4,10.0,28.0,,otra
2024-09-16 08:00:00,2024,9,16,NORESTE3,0,0.5986666666666666,8.366666666666667,12.866666666666667,14.436666666666667,10.25,otra
2024-09-16 08:00:00,2024,9,16,NOROESTE3,0,0.77,4.75,11.0,12.0,3.19,otra
2024-09-16 08:00:00,2024,9,16,NORTE2,1,0.86,12.5,12.0,16.0,7.5,otra
2024-09-16 08:00:00,2024,9,16,SUR,1,0.8075,6.033333333333334,15.25,12.75,4.666666666666667,otra
2024-09-16 08:00:00,2024,9,16,SUROESTE2,1,1.02,8.899999999999999,11.0,25.5,9.085,otra
2024-09-17 07:00:00,2024,9,17,CENTRO,1,0.73,12.7,7.0,45.0,,otra
2024-09-17 07:00:00,2024,9,17,NORESTE3,0,0.7753333333333333,11.833333333333334,8.299999999999999,26.416666666666668,10.75,otra
2024-09-17 07:00:00,2024,9,17,NOROESTE3,0,0.845,9.149999999999999,7.5,26.0,5.35,otra
2024-09-17 07:00:00,2024,9,17,NORTE2,1,0.8700000000000001,19.4,2.0,50.0,10.5,otra
2024-09-17 07:00:00,2024,9,17,SUR,1,0.9524999999999999,6.925,7.5,29.5,11.236666666666666,otra
2024-09-17 07:00:00,2024,9,17,SUROESTE2,1,0.91,15.350000000000001,4.0,49.5,18.265,otra
2024-09-17 08:00:00,2024,9,17,CENTRO,1,0.79,12.3,8.0,34.0,,otra
2024-09-17 08:00:00,2024,9,17,NORESTE3,0,0.8366666666666666,12.233333333333334,9.833333333333334,25.51,10.65,otra
2024-09-17 08:00:00,2024,9,17,NOROESTE3,0,0.935,10.8,6.5,27.5,5.25,otra
2024-09-17 08:00:00,2024,9,17,NORTE2,1,0.9550000000000001,20.05,3.0,53.0,7.0,otra
2024-09-17 08:00:00,2024,9,17,SUR,1,1.1475,7.35,7.5,30.5,13.855,otra
2024-09-17 08:00:00,2024,9,17,SUROESTE2,1,1.17,14.5,5.5,47.5,16.445,otra
2024-09-18 07:00:00,2024,9,18,CENTRO,1,0.88,12.5,4.0,22.0,19.0,otra
2024-09-18 07:00:00,2024,9,18,NORESTE3,0,0.6993333333333333,9.833333333333334,6.933333333333334,39.580000000000005,9.53,otra
2024-09-18 07:00:00,2024,9,18,NOROESTE3,0,0.955,9.6,3.6666666666666665,40.333333333333336,6.43,otra
2024-09-18 07:00:00,2024,9,18,NORTE2,1,0.88,14.25,5.0,28.0,4.5,otra
2024-09-18 07:00:00,2024,9,18,SUR,1,0.855,6.866666666666667,7.25,34.333333333333336,13.0975,otra
2024-09-18 07:00:00,2024,9,18,SUROESTE2,1,0.945,11.8,3.5,39.0,10.13,otra
2024-09-18 08:00:00,2024,9,18,CENTRO,1,1.04,13.1,4.0,66.0,25.0,otra
2024-09-18 08:00:00,2024,9,18,NORESTE3,0,0.7633333333333333,11.166666666666666,7.266666666666667,48.653333333333336,14.3,otra
2024-09-18 08:00:00,2024,9,18,NOROESTE3,0,0.835,8.0,5.333333333333333,39.666666666666664,7.42,otra
2024-09-18 08:00:00,2024,9,18,NORTE2,1,0.915,15.25,6.0,28.5,7.0,otra
2024-09-18 08:00:00,2024,9,18,SUR,1,0.9225000000000001,6.2,7.5,39.333333333333336,11.8525,otra
2024-09-18 08:00:00,2024,9,18,SUROESTE2,1,1.31,11.649999999999999,6.0,45.5,10.075,otra
2024-09-19 07:00:00,2024,9,19,CENTRO,1,0.84,11.3,4.0,41.0,20.9,otra
2024-09-19 07:00:00,2024,9,19,NORESTE3,0,0.6763333333333333,10.9,7.766666666666667,51.583333333333336,17.24,otra
2024-09-19 07:00:00,2024,9,19,NOROESTE3,0,0.84,9.0,3.6666666666666665,37.333333333333336,9.3,otra
2024-09-19 07:00:00,2024,9,19,NORTE2,1,0.935,13.25,3.0,32.5,9.5,otra
2024-09-19 07:00:00,2024,9,19,SUR,1,0.8425,4.466666666666667,8.75,42.75,13.65,otra
2024-09-19 07:00:00,2024,9,19,SUROESTE2,1,1.0250000000000001,12.15,4.0,34.5,13.605,otra
2024-09-19 08:00:00,2024,9,19,CENTRO,1,0.98,12.8,4.0,48.0,21.41,otra
2024-09-19 08:00:00,2024,9,19,NORESTE3,0,0.8210000000000001,11.166666666666666,7.033333333333334,58.660000000000004,20.75,otra
2024-09-19 08:00:00,2024,9,19,NOROESTE3,0,0.9550000000000001,9.05,4.666666666666667,39.666666666666664,10.385,otra
2024-09-19 08:00:00,2024,9,19,NORTE2,1,0.9450000000000001,13.05,3.0,53.0,16.0,otra
2024-09-19 08:00:00,2024,9,19,SUR,1,0.9725,5.8,9.25,45.0,18.5675,otra
2024-09-19 08:00:00,2024,9,19,SUROESTE2,1,1.27,17.2,5.5,42.5,16.05,otra
2024-09-20 07:00:00,2024,9,20,CENTRO,1,0.76,10.2,6.0,34.0,17.97,otra
2024-09-20 07:00:00,2024,9,20,NORESTE3,0,0.6579999999999999,10.466666666666667,8.5,49.17333333333334,22.11,otra
2024-09-20 07:00:00,2024,9,20,NOROESTE3,0,0.825,7.75,8.5,29.666666666666668,9.385000000000002,otra
2024-09-20 07:00:00,2024,9,20,NORTE2,1,0.875,11.350000000000001,22.0,34.0,10.0,otra
2024-09-20 07:00:00,2024,9,20,SUR,1,0.8625,4.25,8.5,42.75,23.6875,otra
2024-09-20 07:00:00,2024,9,20,SUROESTE2,1,0.86,12.7,12.0,48.5,24.36,otra
2024-09-20 08:00:00,2024,9,20,CENTRO,1,0.91,9.8,7.0,44.0,20.86,otra
2024-09-20 08:00:00,2024,9,20,NORESTE3,0,0.733,9.9,10.5,58.01,23.54,otra
2024-09-20 08:00:00,2024,9,20,NOROESTE3,0,0.8350000000000001,7.55,8.5,30.666666666666668,9.315000000000001,otra
2024-09-20 08:00:00,2024,9,20,NORTE2,1,0.94,11.600000000000001,15.0,44.0,12.0,otra
2024-09-20 08:00:00,2024,9,20,SUR,1,0.9425,4.1000000000000005,8.75,45.0,19.509999999999998,otra
2024-09-20 08:00:00,2024,9,20,SUROESTE2,1,1.245,16.25,9.0,40.0,23.9,otra
2024-09-21 07:00:00,2024,9,21,CENTRO,0,0.73,8.7,6.0,29.0,14.35,otra
2024-09-21 07:00:00,2024,9,21,NORESTE3,0,0.5489999999999999,8.666666666666666,6.8,34.53666666666667,12.8,otra
2024-09-21 07:00:00,2024,9,21,NOROESTE3,0,0.78,6.65,8.0,27.333333333333332,7.16,otra
2024-09-21 07:00:00,2024,9,21,NORTE2,0,0.8400000000000001,9.9,14.5,27.5,6.0,otra
2024-09-21 07:00:00,2024,9,21,SUR,0,0.86,3.1333333333333333,10.25,33.75,11.33,otra
2024-09-21 07:00:00,2024,9,21,SUROESTE2,0,0.725,10.8,4.5,40.5,12.81,otra
2024-09-21 08:00:00,2024,9,21,CENTRO,0,0.86,9.1,6.0,44.0,13.94,otra
2024-09-21 08:00:00,2024,9,21,NORESTE3,0,0.5956666666666667,9.266666666666667,7.233333333333333,33.67333333333333,12.04,otra
2024-09-21 08:00:00,2024,9,21,NOROESTE3,0,0.835,7.0,8.333333333333334,28.0,7.445,otra
2024-09-21 08:00:00,2024,9,21,NORTE2,0,0.8500000000000001,11.0,12.5,32.0,7.0,otra
2024-09-21 08:00:00,2024,9,21,SUR,0,0.885,3.6333333333333333,12.75,30.75,11.986666666666666,otra
2024-09-21 08:00:00,2024,9,21,SUROESTE2,0,0.7949999999999999,10.95,4.5,52.0,16.244999999999997,otra
2024-09-22 07:00:00,2024,9,22,CENTRO,0,0.73,4.7,6.0,17.0,6.17,otra
2024-09-22 07:00:00,2024,9,22,NORESTE3,0,0.6256666666666667,6.433333333333334,7.6000000000000005,20.94,8.96,otra
2024-09-22 07:00:00,2024,9,22,NOROESTE3,0,0.72,5.550000000000001,8.0,24.333333333333332,5.77,otra
2024-09-22 07:00:00,2024,9,22,NORTE2,0,0.81,8.0,12.0,16.5,8.0,otra
2024-09-22 07:00:00,2024,9,22,SUR,0,0.8350000000000001,1.9333333333333336,12.0,22.75,2.0,otra
2024-09-22 07:00:00,2024,9,22,SUROESTE2,0,0.6900000000000001,10.05,2.0,48.0,11.515,otra
2024-09-22 08:00:00,2024,9,22,CENTRO,0,0.72,6.0,7.0,28.0,8.48,otra
2024-09-22 08:00:00,2024,9,22,NORESTE3,0,0.6699999999999999,6.8,9.0,17.03,8.59,otra
2024-09-22 08:00:00,2024,9,22,NOROESTE3,0,0.73,5.45,7.333333333333333,19.333333333333332,6.23,otra
2024-09-22 08:00:00,2024,9,22,NORTE2,0,0.885,7.8,11.5,22.5,5.0,otra
2024-09-22 08:00:00,2024,9,22,SUR,0,0.845,3.0,10.25,22.5,6.0,otra
2024-09-22 08:00:00,2024,9,22,SUROESTE2,0,0.7050000000000001,8.2,4.5,56.0,8.29,otra
2024-09-23 07:00:00,2024,9,23,CENTRO,1,0.74,10.7,4.0,27.0,14.12,otra
2024-09-23 07:00:00,2024,9,23,NORESTE3,0,0.5583333333333333,10.666666666666666,6.933333333333334,27.166666666666668,6.03,otra
2024-09-23 07:00:00,2024,9,23,NOROESTE3,0,0.87,7.8999999999999995,6.5,17.333333333333332,5.49,otra
2024-09-23 07:00:00,2024,9,23,NORTE2,1,0.8049999999999999,12.1,6.5,22.5,7.5,otra
2024-09-23 07:00:00,2024,9,23,SUR,1,0.8525,4.733333333333333,9.25,28.0,6.516666666666667,otra
2024-09-23 07:00:00,2024,9,23,SUROESTE2,1,0.87,11.65,2.5,47.0,9.585,otra
2024-09-23 08:00:00,2024,9,23,CENTRO,1,0.91,10.2,5.0,44.0,12.95,otra
2024-09-23 08:00:00,2024,9,23,NORESTE3,0,0.6136666666666667,9.666666666666666,8.166666666666666,30.17,7.87,otra
2024-09-23 08:00:00,2024,9,23,NOROESTE3,0,0.87,7.0,7.5,23.666666666666668,4.52,otra
2024-09-23 08:00:00,2024,9,23,NORTE2,1,0.845,12.0,7.0,27.5,6.0,otra
2024-09-23 08:00:00,2024,9,23,SUR,1,0.95,4.075,9.75,28.75,4.6325,otra
2024-09-23 08:00:00,2024,9,23,SUROESTE2,1,1.185,11.9,4.0,30.0,16.89,otra
2024-09-24 07:00:00,2024,9,24,CENTRO,1,0.99,17.9,4.0,45.0,18.03,otra
2024-09-24 07:00:00,2024,9,24,NORESTE3,0,0.7346666666666667,11.666666666666666,6.633333333333333,37.266666666666666,12.32,otra
2024-09-24 07:00:00,2024,9,24,NOROESTE3,0,0.92,12.649999999999999,3.3333333333333335,37.333333333333336,7.55,otra
2024-09-24 07:00:00,2024,9,24,NORTE2,1,0.85,19.9,3.0,45.0,6.0,otra
2024-09-24 07:00:00,2024,9,24,SUR,1,0.9475,8.633333333333333,7.75,36.5,10.8425,otra
2024-09-24 07:00:00,2024,9,24,SUROESTE2,1,0.735,10.350000000000001,6.5,49.5,13.34,otra
2024-09-24 08:00:00,2024,9,24,CENTRO,1,1.1,16.2,6.0,50.0,18.19,otra
2024-09-24 08:00:00,2024,9,24,NORESTE3,0,0.7240000000000001,10.566666666666666,9.633333333333333,43.21333333333333,10.93,otra
2024-09-24 08:00:00,2024,9,24,NOROESTE3,0,0.975,11.5,5.666666666666667,43.333333333333336,7.35,otra
2024-09-24 08:00:00,2024,9,24,NORTE2,1,0.875,19.45,5.5,69.0,7.0,otra
2024-09-24 08:00:00,2024,9,24,SUR,1,1.05,8.6,9.0,46.0,11.27,otra
2024-09-24 08:00:00,2024,9,24,SUROESTE2,1,1.01,13.9,6.0,30.5,11.205,otra
2024-09-25 07:00:00,2024,9,25,CENTRO,1,1.13,16.8,,61.0,12.86,otra
2024-09-25 07:00:00,2024,9,25,NORESTE3,0,0.8473333333333333,13.366666666666667,4.6000000000000005,50.21333333333333,14.89,otra
2024-09-25 07:00:00,2024,9,25,NOROESTE3,0,1.3599999999999999,13.466666666666667,3.6666666666666665,77.33333333333333,8.780000000000001,otra
2024-09-25 07:00:00,2024,9,25,NORTE2,1,0.975,18.15,5.0,61.0,11.0,otra
2024-09-25 07:00:00,2024,9,25,SUR,1,1.2449999999999999,9.850000000000001,6.0,58.5,11.4025,otra
2024-09-25 07:00:00,2024,9,25,SUROESTE2,1,1.07,20.45,4.0,67.0,17.945,otra
2024-09-25 08:00:00,2024,9,25,CENTRO,1,1.12,22.8,6.0,45.0,19.75,otra
2024-09-25 08:00:00,2024,9,25,NORESTE3,0,1.0386666666666666,15.666666666666666,5.533333333333334,74.64666666666666,13.71,otra
2024-09-25 08:00:00,2024,9,25,NOROESTE3,0,1.615,14.4,4.333333333333333,82.33333333333333,8.6,otra
2024-09-25 08:00:00,2024,9,25,NORTE2,1,1.1400000000000001,21.1,4.5,76.0,9.5,otra
2024-09-25 08:00:00,2024,9,25,SUR,1,1.3675,11.5,7.5,70.5,12.6425,otra
2024-09-25 08:00:00,2024,9,25,SUROESTE2,1,1.29,21.0,6.5,77.5,49.89,otra
2024-09-26 07:00:00,2024,9,26,CENTRO,1,0.96,17.9,11.0,41.0,11.32,otra
2024-09-26 07:00:00,2024,9,26,NORESTE3,0,0.5986666666666667,9.966666666666667,25.233333333333334,27.05,8.25,otra
2024-09-26 07:00:00,2024,9,26,NOROESTE3,0,1.01,12.566666666666668,8.666666666666666,36.666666666666664,5.725,otra
2024-09-26 07:00:00,2024,9,26,NORTE2,1,0.8200000000000001,16.65,14.0,31.5,9.0,otra
2024-09-26 07:00:00,2024,9,26,SUR,1,0.8925000000000001,8.9,21.75,40.5,9.756666666666666,otra
2024-09-26 07:00:00,2024,9,26,SUROESTE2,1,1.06,19.7,6.5,42.0,17.645,otra
2024-09-26 08:00:00,2024,9,26,CENTRO,1,1.01,18.0,20.0,49.0,11.69,otra
2024-09-26 08:00:00,2024,9,26,NORESTE3,0,0.6493333333333333,10.633333333333333,33.6,40.49666666666667,9.86,otra
2024-09-26 08:00:00,2024,9,26,NOROESTE3,0,1.015,11.4,16.333333333333332,33.333333333333336,4.890000000000001,otra
2024-09-26 08:00:00,2024,9,26,NORTE2,1,0.835,19.65,22.5,60.0,5.0,otra
2024-09-26 08:00:00,2024,9,26,SUR,1,0.9475,8.625,29.0,41.0,8.85,otra
2024-09-26 08:00:00,2024,9,26,SUROESTE2,1,1.25,17.549999999999997,13.0,48.5,13.495,otra
2024-09-27 07:00:00,2024,9,27,CENTRO,1,0.89,24.2,11.0,53.0,17.88,otra
2024-09-27 07:00:00,2024,9,27,NORESTE3,0,1.0493333333333335,25.53333333333333,4.4,78.12,32.49,otra
2024-09-27 07:00:00,2024,9,27,NOROESTE3,0,1.225,16.666666666666668,3.3333333333333335,86.0,8.405,otra
2024-09-27 07:00:00,2024,9,27,NORTE2,1,1.3250000000000002,30.55,3.0,79.0,18.5,otra
2024-09-27 07:00:00,2024,9,27,SUR,1,1.2625,15.875,6.75,78.0,21.9925,otra
2024-09-27 07:00:00,2024,9,27,SUROESTE2,1,1.17,23.9,7.5,65.5,20.555,otra
2024-09-27 08:00:00,2024,9,27,CENTRO,1,1.08,30.6,9.0,60.0,22.78,otra
2024-09-27 08:00:00,2024,9,27,NORESTE3,0,1.319,26.233333333333334,6.233333333333333,109.12666666666667,35.41,otra
2024-09-27 08:00:00,2024,9,27,NOROESTE3,0,1.4049999999999998,17.866666666666667,5.0,85.66666666666667,7.0649999999999995,otra
2024-09-27 08:00:00,2024,9,27,NORTE2,1,1.585,33.150000000000006,4.5,108.5,17.0,otra
2024-09-27 08:00:00,2024,9,27,SUR,1,1.565,17.05,6.333333333333333,75.75,21.947499999999998,otra
2024-09-27 08:00:00,2024,9,27,SUROESTE2,1,1.715,30.65,5.0,84.5,30.04,otra
2024-09-28 07:00:00,2024,9,28,CENTRO,0,0.72,16.4,26.0,37.0,11.5,otra
2024-09-28 07:00:00,2024,9,28,NORESTE3,0,1.2493333333333334,32.03333333333333,4.9,191.64666666666668,49.29,otra
2024-09-28 07:00:00,2024,9,28,NOROESTE3,0,1.135,23.95,4.0,96.33333333333333,10.73,otra
2024-09-28 07:00:00,2024,9,28,NORTE2,0,1.4049999999999998,40.65,3.5,211.0,28.5,otra
2024-09-28 07:00:00,2024,9,28,SUR,0,1.3275,21.875,8.5,70.5,23.666666666666668,otra
2024-09-28 07:00:00,2024,9,28,SUROESTE2,0,0.975,26.5,13.0,48.0,18.165,otra
2024-09-28 08:00:00,2024,9,28,CENTRO,0,0.81,22.4,20.0,37.0,11.55,otra
2024-09-28 08:00:00,2024,9,28,NORESTE3,0,1.414,32.2,7.633333333333333,178.01666666666665,42.53,otra
2024-09-28 08:00:00,2024,9,28,NOROESTE3,0,1.255,23.7,6.666666666666667,94.66666666666667,9.52,otra
2024-09-28 08:00:00,2024,9,28,NORTE2,0,1.6199999999999999,42.85,7.0,184.0,23.0,otra
2024-09-28 08:00:00,2024,9,28,SUR,0,1.5025,19.6,8.0,95.5,28.333333333333332,otra
2024-09-28 08:00:00,2024,9,28,SUROESTE2,0,1.255,33.4,9.5,54.5,21.08,otra
2024-09-29 07:00:00,2024,9,29,CENTRO,0,0.67,10.2,38.0,36.0,12.65,otra
2024-09-29 07:00:00,2024,9,29,NORESTE3,0,1.2333333333333334,28.866666666666664,10.366666666666667,93.18,26.33,otra
2024-09-29 07:00:00,2024,9,29,NOROESTE3,0,0.935,13.699999999999998,14.0,53.333333333333336,33.215,otra
2024-09-29 07:00:00,2024,9,29,NORTE2,0,1.495,35.0,2.5,99.5,22.5,otra
2024-09-29 07:00:00,2024,9,29,SUR,0,1.0899999999999999,16.325,17.75,66.0,17.02,otra
2024-09-29 07:00:00,2024,9,29,SUROESTE2,0,0.865,20.85,20.0,33.5,14.95,otra
2024-09-29 08:00:00,2024,9,29,CENTRO,0,0.75,15.8,31.0,37.0,13.65,otra
2024-09-29 08:00:00,2024,9,29,NORESTE3,0,1.2536666666666667,28.03333333333333,13.6,103.16666666666667,34.83,otra
2024-09-29 08:00:00,2024,9,29,NOROESTE3,0,0.99,13.833333333333334,16.666666666666668,59.666666666666664,35.84,otra
2024-09-29 08:00:00,2024,9,29,NORTE2,0,1.545,39.7,3.0,101.5,19.0,otra
2024-09-29 08:00:00,2024,9,29,SUR,0,1.1225,16.625,18.75,77.0,19.2875,otra
2024-09-29 08:00:00,2024,9,29,SUROESTE2,0,1.015,26.9,19.0,50.5,18.29,otra
2024-09-30 07:00:00,2024,9,30,CENTRO,1,0.76,23.0,21.0,39.0,14.48,otra
2024-09-30 07:00:00,2024,9,30,NORESTE3,0,1.3566666666666667,29.53333333333333,5.033333333333333,97.66666666666667,29.0,otra
2024-09-30 07:00:00,2024,9,30,NOROESTE3,0,1.255,24.5,5.0,122.0,15.536666666666667,otra
2024-09-30 07:00:00,2024,9,30,NORTE2,1,1.4100000000000001,40.15,3.0,119.5,23.0,otra
2024-09-30 07:00:00,2024,9,30,SUR,1,1.3825,24.724999999999998,6.333333333333333,82.75,29.666666666666668,otra
2024-09-30 07:00:00,2024,9,30,SUROESTE2,1,1.285,32.7,7.0,63.5,27.935,otra
2024-09-30 08:00:00,2024,9,30,CENTRO,1,0.95,29.4,16.0,45.0,15.88,otra
2024-09-30 08:00:00,2024,9,30,NORESTE3,0,1.7219999999999998,32.9,6.033333333333334,118.5,34.0,otra
2024-09-30 08:00:00,2024,9,30,NOROESTE3,0,1.41,23.95,7.333333333333333,90.33333333333333,18.186666666666667,otra
2024-09-30 08:00:00,2024,9,30,NORTE2,1,1.625,43.7,5.0,142.5,22.5,otra
2024-09-30 08:00:00,2024,9,30,SUR,1,1.38,22.525,10.333333333333334,89.5,24.0,otra
2024-09-30 08:00:00,2024,9,30,SUROESTE2,1,1.6800000000000002,36.25,7.5,101.5,27.445,otra
2024-10-01 07:00:00,2024,10,1,CENTRO,1,1.06,28.2,8.0,53.0,19.57,otra
2024-10-01 07:00:00,2024,10,1,NORESTE3,0,0.7959999999999999,16.966666666666665,17.266666666666666,36.5,4.0,otra
2024-10-01 07:00:00,2024,10,1,NOROESTE3,0,1.57,23.799999999999997,8.0,48.666666666666664,10.16,otra
2024-10-01 07:00:00,2024,10,1,NORTE2,1,0.875,38.05,6.0,82.0,11.0,otra
2024-10-01 07:00:00,2024,10,1,SUR,1,1.0,13.475,12.333333333333334,42.75,13.7275,otra
2024-10-01 07:00:00,2024,10,1,SUROESTE2,1,1.095,20.8,12.5,70.5,8.0,otra
2024-10-01 08:00:00,2024,10,1,CENTRO,1,0.96,25.2,15.0,57.0,20.34,otra
2024-10-01 08:00:00,2024,10,1,NORESTE3,0,0.8610000000000001,18.633333333333336,18.533333333333335,44.0,7.0,otra
2024-10-01 08:00:00,2024,10,1,NOROESTE3,0,1.63,20.25,9.666666666666666,75.66666666666667,11.79,otra
2024-10-01 08:00:00,2024,10,1,NORTE2,1,0.855,28.9,21.0,74.0,12.5,otra
2024-10-01 08:00:00,2024,10,1,SUR,1,1.045,13.825,14.666666666666666,49.0,16.6125,otra
2024-10-01 08:00:00,2024,10,1,SUROESTE2,1,1.19,26.950000000000003,13.0,90.5,13.0,otra
2024-10-02 07:00:00,2024,10,2,CENTRO,1,1.28,32.9,5.0,82.0,27.84,otra
2024-10-02 07:00:00,2024,10,2,NORESTE3,0,1.065,28.1,7.5,48.325,27.59,otra
2024-10-02 07:00:00,2024,10,2,NOROESTE3,0,1.69,20.45,4.0,95.33333333333333,10.649999999999999,otra
2024-10-02 07:00:00,2024,10,2,NORTE2,1,0.89,37.15,3.0,73.0,13.0,otra
2024-10-02 07:00:00,2024,10,2,SUR,1,1.0775000000000001,17.875,8.666666666666666,50.5,14.622499999999999,otra
2024-10-02 07:00:00,2024,10,2,SUROESTE2,1,1.355,28.5,5.5,71.0,25.08,otra
2024-10-02 08:00:00,2024,10,2,CENTRO,1,1.3,33.6,7.0,91.0,24.76,otra
2024-10-02 08:00:00,2024,10,2,NORESTE3,0,1.1349999999999998,27.45,11.0,71.83,17.49,otra
2024-10-02 08:00:00,2024,10,2,NOROESTE3,0,1.92,20.9,5.333333333333333,99.0,13.445,otra
2024-10-02 08:00:00,2024,10,2,NORTE2,1,0.9299999999999999,34.95,9.0,73.0,14.0,otra
2024-10-02 08:00:00,2024,10,2,SUR,1,1.3824999999999998,20.9,6.666666666666667,70.0,15.879999999999999,otra
2024-10-02 08:00:00,2024,10,2,SUROESTE2,1,1.82,32.6,5.0,80.5,25.475,otra
2024-10-03 07:00:00,2024,10,3,CENTRO,1,0.88,27.4,13.0,75.0,26.96,otra
2024-10-03 07:00:00,2024,10,3,NORESTE3,0,0.992,25.766666666666666,5.2,64.02333333333333,22.93,otra
2024-10-03 07:00:00,2024,10,3,NOROESTE3,0,1.57,26.85,3.3333333333333335,108.33333333333333,13.72,otra
2024-10-03 07:00:00,2024,10,3,NORTE2,1,0.97,41.75,,104.0,22.5,otra
2024-10-03 07:00:00,2024,10,3,SUR,1,1.21,21.025,9.0,76.0,22.7675,otra
2024-10-03 07:00:00,2024,10,3,SUROESTE2,1,1.17,29.7,11.5,75.0,30.04,otra
2024-10-03 08:00:00,2024,10,3,CENTRO,1,1.03,33.1,11.0,61.0,24.35,otra
2024-10-03 08:00:00,2024,10,3,NORESTE3,0,1.1296666666666668,27.733333333333334,7.233333333333333,87.26333333333334,28.265,otra
2024-10-03 08:00:00,2024,10,3,NOROESTE3,0,1.75,25.25,5.666666666666667,112.33333333333333,14.235,otra
2024-10-03 08:00:00,2024,10,3,NORTE2,1,1.135,41.35,5.0,107.5,25.5,otra
2024-10-03 08:00:00,2024,10,3,SUR,1,1.2875,18.925,11.333333333333334,85.25,22.53,otra
2024-10-03 08:00:00,2024,10,3,SUROESTE2,1,1.4149999999999998,32.8,11.5,101.5,31.24,otra
2024-10-04 07:00:00,2024,10,4,CENTRO,1,1.23,30.7,5.0,64.0,24.48,otra
2024-10-04 07:00:00,2024,10,4,NORESTE3,0,0.953,24.73333333333333,4.85,49.379999999999995,13.86,otra
2024-10-04 07:00:00,2024,10,4,NOROESTE3,0,1.9,22.066666666666666,3.6666666666666665,86.33333333333333,14.235,otra
2024-10-04 07:00:00,2024,10,4,NORTE2,1,1.09,37.0,3.0,96.5,17.0,otra
2024-10-04 07:00:00,2024,10,4,SUR,1,1.1475,18.275,4.666666666666667,56.25,15.145,otra
2024-10-04 07:00:00,2024,10,4,SUROESTE2,1,1.33,28.95,3.5,102.5,33.595,otra
2024-10-04 08:00:00,2024,10,4,CENTRO,1,1.14,29.8,7.0,90.0,25.01,otra
2024-10-04 08:00:00,2024,10,4,NORESTE3,0,1.0976666666666668,24.7,6.95,79.09666666666668,19.38,otra
2024-10-04 08:00:00,2024,10,4,NOROESTE3,0,1.89,20.833333333333332,4.333333333333333,109.0,13.105,otra
2024-10-04 08:00:00,2024,10,4,NORTE2,1,1.18,35.65,6.0,116.5,21.0,otra
2024-10-04 08:00:00,2024,10,4,SUR,1,1.3025,17.525,8.0,74.25,18.015,otra
2024-10-04 08:00:00,2024,10,4,SUROESTE2,1,1.7650000000000001,30.9,7.0,142.0,38.765,otra
2024-10-05 07:00:00,2024,10,5,CENTRO,0,0.83,14.8,28.0,46.0,23.48,otra
2024-10-05 07:00:00,2024,10,5,NORESTE3,0,0.789,11.1,33.53333333333333,25.46666666666667,15.12,otra
2024-10-05 07:00:00,2024,10,5,NOROESTE3,0,0.9566666666666666,10.299999999999999,33.666666666666664,22.666666666666668,5.0,otra
2024-10-05 07:00:00,2024,10,5,NORTE2,0,0.6950000000000001,15.5,36.0,35.5,14.0,otra
2024-10-05 07:00:00,2024,10,5,SUR,0,0.9725,10.05,32.333333333333336,41.25,19.175,otra
2024-10-05 07:00:00,2024,10,5,SUROESTE2,0,0.9450000000000001,24.4,18.5,37.0,20.705,otra
2024-10-05 08:00:00,2024,10,5,CENTRO,0,0.91,18.1,24.0,46.0,23.66,otra
2024-10-05 08:00:00,2024,10,5,NORESTE3,0,0.8353333333333334,13.533333333333333,31.133333333333336,20.073333333333334,14.96,otra
2024-10-05 08:00:00,2024,10,5,NOROESTE3,0,1.0366666666666666,12.799999999999999,28.0,18.666666666666668,4.869999999999999,otra
2024-10-05 08:00:00,2024,10,5,NORTE2,0,0.755,22.85,29.5,34.0,12.5,otra
2024-10-05 08:00:00,2024,10,5,SUR,0,1.025,12.625,28.0,44.25,19.3775,otra
2024-10-05 08:00:00,2024,10,5,SUROESTE2,0,1.085,25.4,20.0,34.5,18.740000000000002,otra
2024-10-06 07:00:00,2024,10,6,CENTRO,0,0.75,11.3,7.0,36.0,6.37,otra
2024-10-06 07:00:00,2024,10,6,NORESTE3,0,1.232,13.166666666666666,4.35,37.26333333333333,19.71,otra
2024-10-06 07:00:00,2024,10,6,NOROESTE3,0,1.01,10.666666666666666,5.333333333333333,36.0,7.28,otra
2024-10-06 07:00:00,2024,10,6,NORTE2,0,1.34,17.15,2.0,54.5,10.0,otra
2024-10-06 07:00:00,2024,10,6,SUR,0,1.15,11.174999999999999,3.3333333333333335,40.25,9.05,otra
2024-10-06 07:00:00,2024,10,6,SUROESTE2,0,1.145,11.850000000000001,4.0,20.0,11.25,otra
2024-10-06 08:00:00,2024,10,6,CENTRO,0,0.82,12.6,8.0,25.0,6.34,otra
2024-10-06 08:00:00,2024,10,6,NORESTE3,0,1.172,15.566666666666668,6.1000000000000005,38.416666666666664,16.89,otra
2024-10-06 08:00:00,2024,10,6,NOROESTE3,0,1.1966666666666665,10.466666666666667,5.666666666666667,35.666666666666664,6.6,otra
2024-10-06 08:00:00,2024,10,6,NORTE2,0,1.335,21.3,4.5,50.0,9.5,otra
2024-10-06 08:00:00,2024,10,6,SUR,0,1.2275,9.975,5.333333333333333,51.0,11.64,otra
2024-10-06 08:00:00,2024,10,6,SUROESTE2,0,1.225,12.75,7.0,39.5,9.715,otra
2024-10-07 07:00:00,2024,10,7,CENTRO,1,1.03,19.2,4.0,31.0,15.0,otra
2024-10-07 07:00:00,2024,10,7,NORESTE3,0,1.0543333333333333,18.0,4.533333333333333,49.89333333333334,15.49,otra
2024-10-07 07:00:00,2024,10,7,NOROESTE3,0,1.7999999999999998,13.266666666666666,3.5,122.33333333333333,10.96,otra
2024-10-07 07:00:00,2024,10,7,NORTE2,1,1.44,28.150000000000002,3.0,63.5,19.5,otra
2024-10-07 07:00:00,2024,10,7,SUR,1,1.4,11.9,3.0,73.0,19.259999999999998,otra
2024-10-07 07:00:00,2024,10,7,SUROESTE2,1,1.595,18.45,3.0,66.0,26.69,otra
2024-10-07 08:00:00,2024,10,7,CENTRO,1,1.2,19.9,5.0,38.0,14.0,otra
2024-10-07 08:00:00,2024,10,7,NORESTE3,0,1.26,19.76666666666667,5.333333333333333,82.88333333333334,21.57,otra
2024-10-07 08:00:00,2024,10,7,NOROESTE3,0,2.0399999999999996,14.4,3.6666666666666665,140.0,12.015,otra
2024-10-07 08:00:00,2024,10,7,NORTE2,1,1.725,28.95,3.0,100.0,18.5,otra
2024-10-07 08:00:00,2024,10,7,SUR,1,1.4,14.075,4.333333333333333,93.5,15.567499999999999,otra
2024-10-07 08:00:00,2024,10,7,SUROESTE2,1,2.335,26.0,3.0,89.5,32.415,otra
2024-10-08 07:00:00,2024,10,8,CENTRO,1,0.84,18.7,12.0,31.0,13.45,otra
2024-10-08 07:00:00,2024,10,8,NORESTE3,0,1.6740000000000002,24.566666666666666,3.35,115.85000000000001,40.89,otra
2024-10-08 07:00:00,2024,10,8,NOROESTE3,0,1.43,16.96666666666667,3.5,88.33333333333333,10.844999999999999,otra
2024-10-08 07:00:00,2024,10,8,NORTE2,1,1.545,30.85,,63.5,22.0,otra
2024-10-08 07:00:00,2024,10,8,SUR,1,1.545,16.975,3.3333333333333335,72.0,26.0,otra
2024-10-08 07:00:00,2024,10,8,SUROESTE2,1,1.255,22.799999999999997,4.5,56.0,16.645,otra
2024-10-08 08:00:00,2024,10,8,CENTRO,1,1.05,25.1,8.0,38.0,14.62,otra
2024-10-08 08:00:00,2024,10,8,NORESTE3,0,1.7916666666666667,27.066666666666666,4.5,149.8033333333333,40.17,otra
2024-10-08 08:00:00,2024,10,8,NOROESTE3,0,1.6466666666666665,17.5,4.666666666666667,83.0,13.2,otra
2024-10-08 08:00:00,2024,10,8,NORTE2,1,2.165,37.2,3.0,85.0,27.0,otra
2024-10-08 08:00:00,2024,10,8,SUR,1,1.85,16.5,4.333333333333333,121.25,26.666666666666668,otra
2024-10-08 08:00:00,2024,10,8,SUROESTE2,1,2.45,29.1,5.5,55.0,22.025,otra
2024-10-09 07:00:00,2024,10,9,CENTRO,1,0.76,22.1,23.0,43.0,18.42,otra
2024-10-09 07:00:00,2024,10,9,NORESTE3,0,1.4373333333333334,31.8,4.7,134.04666666666665,35.42,otra
2024-10-09 07:00:00,2024,10,9,NOROESTE3,0,1.29,24.7,5.666666666666667,80.66666666666667,10.629999999999999,otra
2024-10-09 07:00:00,2024,10,9,NORTE2,1,1.345,39.75,2.0,106.0,23.5,otra
2024-10-09 07:00:00,2024,10,9,SUR,1,1.1175,22.825000000000003,12.0,62.25,18.13,otra
2024-10-09 07:00:00,2024,10,9,SUROESTE2,1,1.42,30.0,8.0,66.0,26.365,otra
2024-10-09 08:00:00,2024,10,9,CENTRO,1,1.12,34.0,10.0,52.0,20.45,otra
2024-10-09 08:00:00,2024,10,9,NORESTE3,0,1.616666666666667,32.699999999999996,7.733333333333333,166.28,40.66,otra
2024-10-09 08:00:00,2024,10,9,NOROESTE3,0,1.42,23.766666666666666,8.666666666666666,84.0,9.89,otra
2024-10-09 08:00:00,2024,10,9,NORTE2,1,1.88,44.349999999999994,6.0,126.5,25.5,otra
2024-10-09 08:00:00,2024,10,9,SUR,1,1.3075,22.2,13.5,81.0,18.884999999999998,otra
2024-10-09 08:00:00,2024,10,9,SUROESTE2,1,1.93,33.900000000000006,9.0,92.5,26.365,otra
2024-10-10 07:00:00,2024,10,10,CENTRO,1,0.78,26.1,18.0,46.0,24.23,otra
2024-10-10 07:00:00,2024,10,10,NORESTE3,0,1.3956666666666668,29.96666666666667,4.566666666666666,126.10666666666667,46.53,otra
2024-10-10 07:00:00,2024,10,10,NOROESTE3,0,1.5866666666666667,23.53333333333333,3.3333333333333335,104.33333333333333,15.08,otra
2024-10-10 07:00:00,2024,10,10,NORTE2,1,1.5699999999999998,41.05,3.0,106.5,31.5,otra
2024-10-10 07:00:00,2024,10,10,SUR,1,1.53,20.275,7.25,115.0,38.945,otra
2024-10-10 07:00:00,2024,10,10,SUROESTE2,1,1.285,30.200000000000003,10.5,64.5,34.245000000000005,otra
2024-10-10 08:00:00,2024,10,10,CENTRO,1,0.98,34.5,11.0,53.0,25.32,otra
2024-10-10 08:00:00,2024,10,10,NORESTE3,0,1.7783333333333333,33.03333333333333,5.733333333333333,156.26666666666668,49.76,otra
2024-10-10 08:00:00,2024,10,10,NOROESTE3,0,1.7833333333333332,23.7,5.0,110.0,14.685,otra
2024-10-10 08:00:00,2024,10,10,NORTE2,1,1.94,43.05,4.0,126.5,36.0,otra
2024-10-10 08:00:00,2024,10,10,SUR,1,1.8050000000000002,20.725,6.333333333333333,152.25,37.81,otra
2024-10-10 08:00:00,2024,10,10,SUROESTE2,1,1.9700000000000002,35.6,7.5,119.5,44.17,otra
2024-10-11 07:00:00,2024,10,11,CENTRO,1,0.83,34.4,7.0,55.0,27.01,otra
2024-10-11 07:00:00,2024,10,11,NORESTE3,0,1.2936666666666667,31.066666666666666,3.85,87.40666666666668,28.99,otra
2024-10-11 07:00:00,2024,10,11,NOROESTE3,0,1.7466666666666668,24.099999999999998,3.3333333333333335,86.0,10.37,otra
2024-10-11 07:00:00,2024,10,11,NORTE2,1,1.4100000000000001,45.2,2.5,79.5,13.0,otra
2024-10-11 07:00:00,2024,10,11,SUR,1,1.2225000000000001,24.299999999999997,4.0,84.0,24.72,otra
2024-10-11 07:00:00,2024,10,11,SUROESTE2,1,1.52,29.200000000000003,8.5,123.5,36.14,otra
2024-10-11 08:00:00,2024,10,11,CENTRO,1,1.03,34.6,8.0,73.0,29.48,otra
2024-10-11 08:00:00,2024,10,11,NORESTE3,0,1.4646666666666668,34.833333333333336,6.366666666666667,103.09666666666668,29.17,otra
2024-10-11 08:00:00,2024,10,11,NOROESTE3,0,1.9800000000000002,24.166666666666668,4.666666666666667,112.0,12.53,otra
2024-10-11 08:00:00,2024,10,11,NORTE2,1,2.235,47.75,3.5,106.0,14.5,otra
2024-10-11 08:00:00,2024,10,11,SUR,1,1.4675,24.075000000000003,9.25,95.0,26.345,otra
2024-10-11 08:00:00,2024,10,11,SUROESTE2,1,1.995,33.0,10.5,116.5,47.075,otra
2024-10-12 07:00:00,2024,10,12,CENTRO,0,0.78,32.4,9.0,61.0,27.77,otra
2024-10-12 07:00:00,2024,10,12,NORESTE3,0,1.0586666666666666,28.400000000000002,5.6000000000000005,73.56333333333333,23.35,otra
2024-10-12 07:00:00,2024,10,12,NOROESTE3,0,1.4533333333333334,23.400000000000002,4.333333333333333,84.66666666666667,11.325,otra
2024-10-12 07:00:00,2024,10,12,NORTE2,0,1.06,42.1,2.5,75.0,19.0,otra
2024-10-12 07:00:00,2024,10,12,SUR,0,1.1525,21.424999999999997,8.0,64.5,19.315,otra
2024-10-12 07:00:00,2024,10,12,SUROESTE2,0,1.18,25.75,14.0,79.5,30.605,otra
2024-10-12 08:00:00,2024,10,12,CENTRO,0,0.85,33.1,9.0,55.0,26.3,otra
2024-10-12 08:00:00,2024,10,12,NORESTE3,0,1.1416666666666666,28.400000000000002,7.866666666666667,86.21666666666665,24.4,otra
2024-10-12 08:00:00,2024,10,12,NOROESTE3,0,1.5366666666666664,23.099999999999998,7.0,83.0,12.055,otra
2024-10-12 08:00:00,2024,10,12,NORTE2,0,1.145,39.0,7.5,87.5,17.0,otra
2024-10-12 08:00:00,2024,10,12,SUR,0,1.1975,20.475,11.75,68.25,20.0875,otra
2024-10-12 08:00:00,2024,10,12,SUROESTE2,0,1.2149999999999999,31.299999999999997,10.5,108.0,29.485,otra
2024-10-13 07:00:00,2024,10,13,CENTRO,0,0.66,20.9,17.0,38.0,21.11,otra
2024-10-13 07:00:00,2024,10,13,NORESTE3,0,0.9593333333333334,19.833333333333332,7.933333333333334,120.46666666666665,18.15,otra
2024-10-13 07:00:00,2024,10,13,NOROESTE3,0,1.37,11.833333333333334,8.666666666666666,58.5,8.465,otra
2024-10-13 07:00:00,2024,10,13,NORTE2,0,1.0050000000000001,31.5,2.5,58.5,19.0,otra
2024-10-13 07:00:00,2024,10,13,SUR,0,1.055,14.125,11.5,43.5,15.555,otra
2024-10-13 07:00:00,2024,10,13,SUROESTE2,0,0.9600000000000001,22.45,13.0,44.5,18.630000000000003,otra
2024-10-13 08:00:00,2024,10,13,CENTRO,0,0.68,22.0,20.0,40.0,20.43,otra
2024-10-13 08:00:00,2024,10,13,NORESTE3,0,1.0563333333333333,20.3,9.299999999999999,65.45666666666666,23.49,otra
2024-10-13 08:00:00,2024,10,13,NOROESTE3,0,1.4066666666666665,14.800000000000002,12.333333333333334,55.0,8.379999999999999,otra
2024-10-13 08:00:00,2024,10,13,NORTE2,0,1.075,30.200000000000003,6.5,90.0,16.0,otra
2024-10-13 08:00:00,2024,10,13,SUR,0,1.0925,14.3,13.5,50.0,18.38,otra
2024-10-13 08:00:00,2024,10,13,SUROESTE2,0,1.085,21.549999999999997,16.5,40.5,35.870000000000005,otra
2024-10-14 07:00:00,2024,10,14,CENTRO,1,0.92,27.3,5.0,37.0,19.79,otra
2024-10-14 07:00:00,2024,10,14,NORESTE3,0,1.1636666666666666,22.633333333333336,4.233333333333333,50.25666666666667,16.66,otra
2024-10-14 07:00:00,2024,10,14,NOROESTE3,0,1.9133333333333333,20.233333333333334,3.0,96.0,15.225,otra
2024-10-14 07:00:00,2024,10,14,NORTE2,1,1.415,30.549999999999997,2.5,59.0,17.0,otra
2024-10-14 07:00:00,2024,10,14,SUR,1,1.375,19.325,5.5,49.5,17.4775,otra
2024-10-14 07:00:00,2024,10,14,SUROESTE2,1,1.46,29.65,7.5,48.5,30.14,otra
2024-10-14 08:00:00,2024,10,14,CENTRO,1,0.97,31.6,8.0,42.0,21.43,otra
2024-10-14 08:00:00,2024,10,14,NORESTE3,0,1.523,24.333333333333332,5.866666666666667,73.39,18.1,otra
2024-10-14 08:00:00,2024,10,14,NOROESTE3,0,2.22,21.133333333333333,4.666666666666667,119.33333333333333,15.934999999999999,otra
2024-10-14 08:00:00,2024,10,14,NORTE2,1,2.245,37.5,3.0,84.5,19.5,otra
2024-10-14 08:00:00,2024,10,14,SUR,1,1.68,20.5,7.0,78.25,21.1425,otra
2024-10-14 08:00:00,2024,10,14,SUROESTE2,1,2.18,33.6,6.5,92.0,28.875,otra
2024-10-15 07:00:00,2024,10,15,CENTRO,1,0.92,29.9,4.0,50.0,24.65,otra
2024-10-15 07:00:00,2024,10,15,NORESTE3,0,1.1643333333333332,22.7,4.566666666666666,49.52,13.95,otra
2024-10-15 07:00:00,2024,10,15,NOROESTE3,0,1.54,22.7,3.3333333333333335,73.33333333333333,10.49,otra
2024-10-15 07:00:00,2024,10,15,NORTE2,1,1.33,37.95,2.5,58.5,16.0,otra
2024-10-15 07:00:00,2024,10,15,SUR,1,1.135,18.525,7.5,55.25,15.0175,otra
2024-10-15 07:00:00,2024,10,15,SUROESTE2,1,1.5150000000000001,29.1,8.0,75.0,22.345,otra
2024-10-15 08:00:00,2024,10,15,CENTRO,1,1.16,33.1,6.0,57.0,24.33,otra
2024-10-15 08:00:00,2024,10,15,NORESTE3,0,1.4160000000000001,25.0,7.233333333333333,64.35333333333334,12.19,otra
2024-10-15 08:00:00,2024,10,15,NOROESTE3,0,1.9400000000000002,23.666666666666668,5.333333333333333,95.66666666666667,10.95,otra
2024-10-15 08:00:00,2024,10,15,NORTE2,1,1.4649999999999999,36.3,4.5,83.5,14.0,otra
2024-10-15 08:00:00,2024,10,15,SUR,1,1.4175,19.775,8.5,60.25,15.835,otra
2024-10-15 08:00:00,2024,10,15,SUROESTE2,1,1.99,35.8,8.0,70.0,37.81,otra
2024-10-16 07:00:00,2024,10,16,CENTRO,1,1.03,27.0,5.0,53.0,26.75,otra
2024-10-16 07:00:00,2024,10,16,NORESTE3,0,0.9096666666666667,16.0,9.833333333333334,39.17666666666667,17.0,otra
2024-10-16 07:00:00,2024,10,16,NOROESTE3,0,1.82,20.533333333333335,3.0,88.0,14.41,otra
2024-10-16 07:00:00,2024,10,16,NORTE2,1,0.8600000000000001,22.15,10.0,52.0,18.0,otra
2024-10-16 07:00:00,2024,10,16,SUR,1,1.0375,16.0,9.25,52.0,29.605,otra
2024-10-16 07:00:00,2024,10,16,SUROESTE2,1,1.525,31.2,9.0,116.0,34.165,otra
2024-10-16 08:00:00,2024,10,16,CENTRO,1,1.11,27.2,7.0,52.0,27.55,otra
2024-10-16 08:00:00,2024,10,16,NORESTE3,0,1.021,17.166666666666668,11.966666666666667,52.28666666666667,16.13,otra
2024-10-16 08:00:00,2024,10,16,NOROESTE3,0,1.82,19.96666666666667,4.0,89.66666666666667,14.51,otra
2024-10-16 08:00:00,2024,10,16,NORTE2,1,0.9249999999999999,20.0,14.0,57.5,14.5,otra
2024-10-16 08:00:00,2024,10,16,SUR,1,1.0725,15.225,13.25,65.0,23.4875,otra
2024-10-16 08:00:00,2024,10,16,SUROESTE2,1,1.97,39.3,8.5,134.0,42.92,otra
2024-10-17 07:00:00,2024,10,17,CENTRO,1,0.71,8.2,39.0,24.0,7.24,otra
2024-10-17 07:00:00,2024,10,17,NORESTE3,0,1.0046666666666668,13.633333333333333,23.866666666666664,21.733333333333334,12.18,otra
2024-10-17 07:00:00,2024,10,17,NOROESTE3,0,1.085,6.833333333333333,35.666666666666664,16.666666666666668,,otra
2024-10-17 07:00:00,2024,10,17,NORTE2,1,0.905,21.45,25.5,30.0,6.5,otra
2024-10-17 07:00:00,2024,10,17,SUR,1,0.9400000000000001,6.324999999999999,32.0,30.75,10.19,otra
2024-10-17 07:00:00,2024,10,17,SUROESTE2,1,0.9299999999999999,10.100000000000001,39.5,20.5,11.64,otra
2024-10-17 08:00:00,2024,10,17,CENTRO,1,0.87,15.2,27.0,26.0,8.82,otra
2024-10-17 08:00:00,2024,10,17,NORESTE3,0,1.153,16.666666666666668,20.866666666666667,27.406666666666666,15.78,otra
2024-10-17 08:00:00,2024,10,17,NOROESTE3,0,1.28,9.933333333333334,29.0,18.666666666666668,,otra
2024-10-17 08:00:00,2024,10,17,NORTE2,1,0.98,22.45,22.5,32.5,14.0,otra
2024-10-17 08:00:00,2024,10,17,SUR,1,1.0425,8.95,27.75,30.5,10.4175,otra
2024-10-17 08:00:00,2024,10,17,SUROESTE2,1,1.155,16.45,30.5,21.5,10.49,otra
2024-10-18 07:00:00,2024,10,18,CENTRO,1,0.76,11.4,27.0,30.0,10.76,otra
2024-10-18 07:00:00,2024,10,18,NORESTE3,0,1.0786666666666667,15.233333333333334,17.266666666666666,22.733333333333334,13.07,otra
2024-10-18 07:00:00,2024,10,18,NOROESTE3,0,1.175,9.299999999999999,24.666666666666668,18.0,4.66,otra
2024-10-18 07:00:00,2024,10,18,NORTE2,1,1.0,22.4,19.0,43.5,12.0,otra
2024-10-18 07:00:00,2024,10,18,SUR,1,0.9475,6.725,26.25,26.75,8.7425,otra
2024-10-18 07:00:00,2024,10,18,SUROESTE2,1,1.025,12.5,26.0,23.0,10.495000000000001,otra
2024-10-18 08:00:00,2024,10,18,CENTRO,1,0.95,19.9,16.0,31.0,10.71,otra
2024-10-18 08:00:00,2024,10,18,NORESTE3,0,1.1783333333333335,16.933333333333334,14.766666666666666,26.933333333333334,13.3,otra
2024-10-18 08:00:00,2024,10,18,NOROESTE3,0,1.4,12.4,21.0,21.0,5.04,otra
2024-10-18 08:00:00,2024,10,18,NORTE2,1,1.01,23.200000000000003,17.0,34.5,12.0,otra
2024-10-18 08:00:00,2024,10,18,SUR,1,0.9975,6.9,24.25,31.75,11.0425,otra
2024-10-18 08:00:00,2024,10,18,SUROESTE2,1,1.35,19.950000000000003,17.0,26.5,11.835,otra
2024-10-19 07:00:00,2024,10,19,CENTRO,0,0.73,7.6,25.0,29.0,7.17,otra
2024-10-19 07:00:00,2024,10,19,NORESTE3,0,0.9616666666666668,13.0,18.599999999999998,21.323333333333334,8.03,otra
2024-10-19 07:00:00,2024,10,19,NOROESTE3,0,1.1600000000000001,5.333333333333333,27.333333333333332,19.333333333333332,3.66,otra
2024-10-19 07:00:00,2024,10,19,NORTE2,0,0.8200000000000001,18.55,21.0,30.5,6.5,otra
2024-10-19 07:00:00,2024,10,19,SUR,0,0.95,4.825,23.75,26.25,5.36,otra
2024-10-19 07:00:00,2024,10,19,SUROESTE2,0,0.875,8.0,25.5,21.0,5.115,otra
2024-10-19 08:00:00,2024,10,19,CENTRO,0,0.77,10.8,22.0,27.0,7.28,otra
2024-10-19 08:00:00,2024,10,19,NORESTE3,0,1.0330000000000001,15.233333333333334,16.5,20.606666666666666,6.86,otra
2024-10-19 08:00:00,2024,10,19,NOROESTE3,0,1.335,7.333333333333333,24.666666666666668,16.0,3.53,otra
2024-10-19 08:00:00,2024,10,19,NORTE2,0,0.895,19.4,17.5,29.0,7.5,otra
2024-10-19 08:00:00,2024,10,19,SUR,0,1.0125,6.775,22.5,26.5,6.3325,otra
2024-10-19 08:00:00,2024,10,19,SUROESTE2,0,0.975,12.9,19.0,21.5,6.305,otra
2024-10-20 07:00:00,2024,10,20,CENTRO,0,0.7,6.1,20.0,32.0,18.18,otra
2024-10-20 07:00:00,2024,10,20,NORESTE3,0,0.8226666666666667,11.633333333333333,20.533333333333335,28.073333333333334,10.06,otra
2024-10-20 07:00:00,2024,10,20,NOROESTE3,0,0.96,5.3999999999999995,23.333333333333332,24.666666666666668,7.6,otra
2024-10-20 07:00:00,2024,10,20,NORTE2,0,0.765,12.1,21.0,35.0,13.0,otra
2024-10-20 07:00:00,2024,10,20,SUR,0,0.9275,3.55,22.75,24.5,6.365,otra
2024-10-20 07:00:00,2024,10,20,SUROESTE2,0,0.9099999999999999,15.2,8.5,43.0,27.509999999999998,otra
2024-10-20 08:00:00,2024,10,20,CENTRO,0,0.72,8.1,19.0,40.0,21.42,otra
2024-10-20 08:00:00,2024,10,20,NORESTE3,0,0.8396666666666667,11.1,21.633333333333336,28.73,10.79,otra
2024-10-20 08:00:00,2024,10,20,NOROESTE3,0,0.965,5.3,27.0,24.666666666666668,6.63,otra
2024-10-20 08:00:00,2024,10,20,NORTE2,0,0.7849999999999999,12.75,21.5,32.5,9.5,otra
2024-10-20 08:00:00,2024,10,20,SUR,0,1.0025,5.2749999999999995,19.75,30.5,12.935,otra
2024-10-20 08:00:00,2024,10,20,SUROESTE2,0,0.915,11.350000000000001,16.5,54.0,24.73,otra
2024-10-21 07:00:00,2024,10,21,CENTRO,1,0.8,12.1,25.0,21.0,3.5,otra
2024-10-21 07:00:00,2024,10,21,NORESTE3,0,1.0473333333333332,14.566666666666668,16.133333333333333,14.036666666666667,4.65,otra
2024-10-21 07:00:00,2024,10,21,NOROESTE3,0,1.025,7.7,24.666666666666668,12.333333333333334,3.77,otra
2024-10-21 07:00:00,2024,10,21,NORTE2,1,0.8500000000000001,17.549999999999997,20.0,25.5,5.0,otra
2024-10-21 07:00:00,2024,10,21,SUR,1,1.0225,5.525,23.0,23.5,5.35,otra
2024-10-21 07:00:00,2024,10,21,SUROESTE2,1,0.94,10.7,22.5,17.0,4.46,otra
2024-10-21 08:00:00,2024,10,21,CENTRO,1,0.95,21.5,15.0,23.0,4.37,otra
2024-10-21 08:00:00,2024,10,21,NORESTE3,0,1.07,15.966666666666667,15.5,16.49,5.55,otra
2024-10-21 08:00:00,2024,10,21,NOROESTE3,0,1.18,10.566666666666666,21.0,11.333333333333334,3.14,otra
2024-10-21 08:00:00,2024,10,21,NORTE2,1,0.9949999999999999,20.85,18.5,25.5,4.0,otra
2024-10-21 08:00:00,2024,10,21,SUR,1,1.14,9.033333333333333,22.0,17.666666666666668,3.643333333333333,otra
2024-10-21 08:00:00,2024,10,21,SUROESTE2,1,1.285,17.85,15.5,12.0,5.47,otra
2024-10-22 07:00:00,2024,10,22,CENTRO,1,0.85,15.5,4.0,30.0,9.56,otra
2024-10-22 07:00:00,2024,10,22,NORESTE3,0,1.0976666666666668,14.933333333333332,5.3,42.28,9.13,otra
2024-10-22 07:00:00,2024,10,22,NOROESTE3,0,1.375,11.866666666666667,8.333333333333334,39.0,9.94,otra
2024-10-22 07:00:00,2024,10,22,NORTE2,1,1.16,22.55,3.5,51.5,8.0,otra
2024-10-22 07:00:00,2024,10,22,SUR,1,1.0875000000000001,8.524999999999999,10.0,37.0,8.473333333333334,otra
2024-10-22 07:00:00,2024,10,22,SUROESTE2,1,1.115,18.05,4.0,42.5,11.745000000000001,otra
2024-10-22 08:00:00,2024,10,22,CENTRO,1,1.07,19.8,6.0,43.0,15.39,otra
2024-10-22 08:00:00,2024,10,22,NORESTE3,0,1.1826666666666668,15.200000000000001,5.833333333333333,60.31666666666666,9.83,otra
2024-10-22 08:00:00,2024,10,22,NOROESTE3,0,1.665,12.533333333333333,8.0,42.333333333333336,8.96,otra
2024-10-22 08:00:00,2024,10,22,NORTE2,1,1.2149999999999999,23.45,5.5,57.5,6.5,otra
2024-10-22 08:00:00,2024,10,22,SUR,1,1.1600000000000001,9.425,9.25,41.5,7.706666666666666,otra
2024-10-22 08:00:00,2024,10,22,SUROESTE2,1,1.53,20.1,3.5,42.0,12.495000000000001,otra
2024-10-23 07:00:00,2024,10,23,CENTRO,1,1.71,17.9,,61.0,29.59,otra
2024-10-23 07:00:00,2024,10,23,NORESTE3,0,1.0583333333333333,13.233333333333334,4.866666666666666,47.050000000000004,27.28,otra
2024-10-23 07:00:00,2024,10,23,NOROESTE3,0,1.6549999999999998,12.566666666666668,2.6666666666666665,79.0,13.04,otra
2024-10-23 07:00:00,2024,10,23,NORTE2,1,1.2650000000000001,22.35,2.0,81.5,25.0,otra
2024-10-23 07:00:00,2024,10,23,SUR,1,1.075,9.025,7.0,42.4275,11.24,otra
2024-10-23 07:00:00,2024,10,23,SUROESTE2,1,1.5350000000000001,16.05,1.5,80.5,25.36,otra
2024-10-23 08:00:00,2024,10,23,CENTRO,1,1.8,19.3,,58.0,31.41,otra
2024-10-23 08:00:00,2024,10,23,NORESTE3,0,0.9893333333333333,13.833333333333334,6.666666666666667,56.67666666666667,25.31,otra
2024-10-23 08:00:00,2024,10,23,NOROESTE3,0,1.75,12.033333333333333,3.6666666666666665,88.0,13.5,otra
2024-10-23 08:00:00,2024,10,23,NORTE2,1,1.26,22.65,2.5,91.5,27.0,otra
2024-10-23 08:00:00,2024,10,23,SUR,1,1.2349999999999999,10.625,9.0,55.2425,15.7825,otra
2024-10-23 08:00:00,2024,10,23,SUROESTE2,1,1.985,18.9,2.0,111.5,21.935,otra
2024-10-24 07:00:00,2024,10,24,CENTRO,1,1.47,19.5,7.0,31.0,14.4,otra
2024-10-24 07:00:00,2024,10,24,NORESTE3,0,0.85,12.633333333333333,3.85,33.333333333333336,19.88,otra
2024-10-24 07:00:00,2024,10,24,NOROESTE3,0,1.695,12.166666666666666,3.0,96.66666666666667,18.85,otra
2024-10-24 07:00:00,2024,10,24,NORTE2,1,1.3050000000000002,22.7,2.0,110.5,26.5,otra
2024-10-24 07:00:00,2024,10,24,SUR,1,1.1825,7.949999999999999,6.25,37.0,9.795,otra
2024-10-24 07:00:00,2024,10,24,SUROESTE2,1,1.45,18.75,4.0,43.5,40.18,otra
2024-10-24 08:00:00,2024,10,24,CENTRO,1,1.76,22.6,6.0,36.0,14.34,otra
2024-10-24 08:00:00,2024,10,24,NORESTE3,0,1.031,13.9,5.233333333333333,34.0,31.29,otra
2024-10-24 08:00:00,2024,10,24,NOROESTE3,0,1.76,13.066666666666668,3.5,118.66666666666667,14.77,otra
2024-10-24 08:00:00,2024,10,24,NORTE2,1,1.79,23.299999999999997,2.5,90.5,29.0,otra
2024-10-24 08:00:00,2024,10,24,SUR,1,1.3925,9.4,8.0,46.0,14.4575,otra
2024-10-24 08:00:00,2024,10,24,SUROESTE2,1,1.665,21.65,5.0,74.5,24.32,otra
2024-10-25 07:00:00,2024,10,25,CENTRO,1,1.61,26.1,5.0,55.0,14.97,otra
2024-10-25 07:00:00,2024,10,25,NORESTE3,0,0.944,15.333333333333334,4.533333333333333,66.33333333333333,39.91,otra
2024-10-25 07:00:00,2024,10,25,NOROESTE3,0,1.565,14.799999999999999,3.0,90.66666666666667,11.35,otra
2024-10-25 07:00:00,2024,10,25,NORTE2,1,1.77,22.5,2.0,107.5,30.5,otra
2024-10-25 07:00:00,2024,10,25,SUR,1,1.3,11.899999999999999,6.25,48.75,17.9725,otra
2024-10-25 07:00:00,2024,10,25,SUROESTE2,1,1.1749999999999998,20.9,6.5,92.0,34.29,otra
2024-10-25 08:00:00,2024,10,25,CENTRO,1,1.79,24.3,6.0,79.0,23.95,otra
2024-10-25 08:00:00,2024,10,25,NORESTE3,0,1.0043333333333333,16.9,6.0,106.0,32.94,otra
2024-10-25 08:00:00,2024,10,25,NOROESTE3,0,1.755,15.866666666666665,3.6666666666666665,99.66666666666667,11.62,otra
2024-10-25 08:00:00,2024,10,25,NORTE2,1,1.6400000000000001,23.55,2.5,118.5,31.5,otra
2024-10-25 08:00:00,2024,10,25,SUR,1,1.3025,14.625,6.75,73.0,24.8875,otra
2024-10-25 08:00:00,2024,10,25,SUROESTE2,1,1.73,25.6,5.0,97.5,26.965,otra
2024-10-26 07:00:00,2024,10,26,CENTRO,0,1.64,27.8,5.0,52.0,22.64,otra
2024-10-26 07:00:00,2024,10,26,NORESTE3,0,0.726,13.466666666666669,8.566666666666666,42.666666666666664,23.09,otra
2024-10-26 07:00:00,2024,10,26,NOROESTE3,0,1.2999999999999998,14.799999999999999,4.0,77.66666666666667,12.37,otra
2024-10-26 07:00:00,2024,10,26,NORTE2,0,1.085,26.0,2.0,70.0,29.0,otra
2024-10-26 07:00:00,2024,10,26,SUR,0,1.0825,11.375,8.25,45.75,16.78,otra
2024-10-26 07:00:00,2024,10,26,SUROESTE2,0,1.125,22.65,6.5,83.0,27.695,otra
2024-10-26 08:00:00,2024,10,26,CENTRO,0,1.83,24.3,5.0,53.0,23.71,otra
2024-10-26 08:00:00,2024,10,26,NORESTE3,0,0.7876666666666666,14.4,8.9,46.0,22.64,otra
2024-10-26 08:00:00,2024,10,26,NOROESTE3,0,1.47,14.966666666666669,4.0,61.0,9.99,otra
2024-10-26 08:00:00,2024,10,26,NORTE2,0,1.1600000000000001,26.0,3.5,102.5,26.5,otra
2024-10-26 08:00:00,2024,10,26,SUR,0,1.1575,12.9,9.25,49.75,18.0975,otra
2024-10-26 08:00:00,2024,10,26,SUROESTE2,0,1.48,30.3,4.5,80.5,30.915,otra
2024-10-27 07:00:00,2024,10,27,CENTRO,0,1.66,16.9,5.0,37.0,16.16,otra
2024-10-27 07:00:00,2024,10,27,NORESTE3,0,0.8193333333333334,14.4,4.633333333333334,31.333333333333332,11.89,otra
2024-10-27 07:00:00,2024,10,27,NOROESTE3,0,1.385,12.033333333333333,2.5,41.666666666666664,10.36,otra
2024-10-27 07:00:00,2024,10,27,NORTE2,0,1.085,23.0,2.5,48.0,11.5,otra
2024-10-27 07:00:00,2024,10,27,SUR,0,1.1099999999999999,8.85,7.333333333333333,37.75,9.2875,otra
2024-10-27 07:00:00,2024,10,27,SUROESTE2,0,1.035,10.65,8.0,33.5,13.325,otra
2024-10-27 08:00:00,2024,10,27,CENTRO,0,1.66,15.6,7.0,39.0,18.83,otra
2024-10-27 08:00:00,2024,10,27,NORESTE3,0,0.8406666666666668,14.333333333333334,6.366666666666667,34.333333333333336,12.47,otra
2024-10-27 08:00:00,2024,10,27,NOROESTE3,0,1.5150000000000001,11.633333333333333,4.0,47.666666666666664,10.39,otra
2024-10-27 08:00:00,2024,10,27,NORTE2,0,1.02,22.05,4.5,63.0,9.0,otra
2024-10-27 08:00:00,2024,10,27,SUR,0,1.165,9.850000000000001,7.5,39.75,10.5125,otra
2024-10-27 08:00:00,2024,10,27,SUROESTE2,0,1.1349999999999998,12.600000000000001,7.0,35.5,17.53,otra
2024-10-28 07:00:00,2024,10,28,CENTRO,1,1.68,20.1,4.0,42.0,14.45,otra
2024-10-28 07:00:00,2024,10,28,NORESTE3,0,0.8553333333333333,14.1,9.233333333333333,31.0,10.1,otra
2024-10-28 07:00:00,2024,10,28,NOROESTE3,0,1.3599999999999999,13.433333333333332,3.6666666666666665,71.66666666666667,8.89,otra
2024-10-28 07:00:00,2024,10,28,NORTE2,1,1.17,27.8,2.5,68.5,16.5,otra
2024-10-28 07:00:00,2024,10,28,SUR,1,1.21,14.075,5.75,35.0,10.66,otra
2024-10-28 07:00:00,2024,10,28,SUROESTE2,1,1.3800000000000001,20.3,3.5,52.0,33.68,otra
2024-10-28 08:00:00,2024,10,28,CENTRO,1,1.96,22.4,5.0,47.0,15.92,otra
2024-10-28 08:00:00,2024,10,28,NORESTE3,0,1.0206666666666666,16.8,8.1,39.333333333333336,17.22,otra
2024-10-28 08:00:00,2024,10,28,NOROESTE3,0,1.59,14.266666666666666,4.333333333333333,89.0,12.27,otra
2024-10-28 08:00:00,2024,10,28,NORTE2,1,1.195,25.1,5.0,73.0,15.0,otra
2024-10-28 08:00:00,2024,10,28,SUR,1,1.4375,14.4,6.75,59.75,14.4625,otra
2024-10-28 08:00:00,2024,10,28,SUROESTE2,1,1.925,22.450000000000003,5.0,69.0,22.525,otra
2024-10-29 07:00:00,2024,10,29,CENTRO,1,1.65,20.2,,52.0,31.76,otra
2024-10-29 07:00:00,2024,10,29,NORESTE3,0,0.7889999999999998,10.6,13.700000000000001,32.333333333333336,14.17,otra
2024-10-29 07:00:00,2024,10,29,NOROESTE3,0,1.365,12.5,6.0,45.333333333333336,24.11,otra
2024-10-29 07:00:00,2024,10,29,NORTE2,1,0.8200000000000001,15.4,10.0,46.0,10.5,otra
2024-10-29 07:00:00,2024,10,29,SUR,1,0.9675,9.525,11.25,37.25,14.455,otra
2024-10-29 07:00:00,2024,10,29,SUROESTE2,1,1.19,19.5,2.5,53.5,18.66,otra
2024-10-29 08:00:00,2024,10,29,CENTRO,1,1.68,19.3,6.0,50.0,29.09,otra
2024-10-29 08:00:00,2024,10,29,NORESTE3,0,0.9033333333333333,11.799999999999999,11.700000000000001,31.666666666666668,8.92,otra
2024-10-29 08:00:00,2024,10,29,NOROESTE3,0,1.3050000000000002,12.133333333333333,7.666666666666667,70.33333333333333,18.24,otra
2024-10-29 08:00:00,2024,10,29,NORTE2,1,0.93,16.85,9.5,47.0,6.0,otra
2024-10-29 08:00:00,2024,10,29,SUR,1,1.0225,11.75,10.0,39.5,13.9225,otra
2024-10-29 08:00:00,2024,10,29,SUROESTE2,1,1.58,20.9,3.5,58.5,22.22,otra
2024-10-30 07:00:00,2024,10,30,CENTRO,1,1.62,17.9,5.0,,13.14,otra
2024-10-30 07:00:00,2024,10,30,NORESTE3,0,0.838,15.033333333333333,9.466666666666667,29.0,13.41,otra
2024-10-30 07:00:00,2024,10,30,NOROESTE3,0,1.245,12.0,4.666666666666667,37.0,10.74,otra
2024-10-30 07:00:00,2024,10,30,NORTE2,1,0.915,18.450000000000003,6.0,37.5,11.0,otra
2024-10-30 07:00:00,2024,10,30,SUR,1,0.98,8.05,12.75,30.5,13.285,otra
2024-10-30 07:00:00,2024,10,30,SUROESTE2,1,1.26,14.75,6.0,38.5,17.130000000000003,otra
2024-10-30 08:00:00,2024,10,30,CENTRO,1,1.81,20.0,5.0,,15.26,otra
2024-10-30 08:00:00,2024,10,30,NORESTE3,0,0.876,14.866666666666667,9.033333333333333,40.666666666666664,15.11,otra
2024-10-30 08:00:00,2024,10,30,NOROESTE3,0,1.425,11.9,4.666666666666667,42.666666666666664,14.71,otra
2024-10-30 08:00:00,2024,10,30,NORTE2,1,1.04,20.5,5.0,47.5,10.0,otra
2024-10-30 08:00:00,2024,10,30,SUR,1,1.1400000000000001,10.95,9.0,37.75,11.9675,otra
2024-10-30 08:00:00,2024,10,30,SUROESTE2,1,2.03,23.7,3.0,46.0,29.28,otra
2024-10-31 07:00:00,2024,10,31,CENTRO,1,1.86,28.4,4.0,63.0,35.75,otra
2024-10-31 07:00:00,2024,10,31,NORESTE3,0,0.7443333333333332,12.9,9.133333333333333,33.333333333333336,18.08,otra
2024-10-31 07:00:00,2024,10,31,NOROESTE3,0,1.645,15.833333333333334,3.5,98.33333333333333,15.36,otra
2024-10-31 07:00:00,2024,10,31,NORTE2,1,1.015,25.85,1.5,85.0,31.0,otra
2024-10-31 07:00:00,2024,10,31,SUR,1,1.1225,15.924999999999999,8.5,47.0,17.835,otra
2024-10-31 07:00:00,2024,10,31,SUROESTE2,1,1.575,26.45,4.0,101.5,34.525,otra
2024-10-31 08:00:00,2024,10,31,CENTRO,1,2.02,32.4,5.0,67.0,36.39,otra
2024-10-31 08:00:00,2024,10,31,NORESTE3,0,0.9223333333333333,15.800000000000002,7.766666666666667,41.666666666666664,19.7,otra
2024-10-31 08:00:00,2024,10,31,NOROESTE3,0,1.865,16.933333333333334,3.6666666666666665,100.0,16.56,otra
2024-10-31 08:00:00,2024,10,31,NORTE2,1,1.055,23.700000000000003,2.0,79.5,28.5,otra
2024-10-31 08:00:00,2024,10,31,SUR,1,1.2125,14.35,11.0,65.0,25.203333333333333,otra
2024-10-31 08:00:00,2024,10,31,SUROESTE2,1,1.8800000000000001,28.5,5.5,118.0,67.77000000000001,otra
2024-11-01 07:00:00,2024,11,1,CENTRO,1,1.72,19.1,5.0,52.0,28.94,otra
2024-11-01 07:00:00,2024,11,1,NORESTE3,0,0.7863333333333333,12.566666666666668,7.8,37.333333333333336,7.0,otra
2024-11-01 07:00:00,2024,11,1,NOROESTE3,0,1.41,9.05,9.0,48.5,,otra
2024-11-01 07:00:00,2024,11,1,NORTE2,1,1.07,20.1,4.5,35.0,22.5,otra
2024-11-01 07:00:00,2024,11,1,SUR,1,1.0425,7.975,11.0,40.75,19.9825,otra
2024-11-01 07:00:00,2024,11,1,SUROESTE2,1,1.035,16.9,9.0,68.5,25.0,otra
2024-11-01 08:00:00,2024,11,1,CENTRO,1,1.79,19.0,7.0,62.0,32.25,otra
2024-11-01 08:00:00,2024,11,1,NORESTE3,0,0.8213333333333334,11.433333333333332,8.766666666666667,42.333333333333336,15.0,otra
2024-11-01 08:00:00,2024,11,1,NOROESTE3,0,1.2,9.850000000000001,9.0,39.0,,otra
2024-11-01 08:00:00,2024,11,1,NORTE2,1,1.255,20.7,3.5,49.0,19.0,otra
2024-11-01 08:00:00,2024,11,1,SUR,1,1.1099999999999999,9.775,9.0,45.75,19.915,otra
2024-11-01 08:00:00,2024,11,1,SUROESTE2,1,1.4049999999999998,20.75,9.0,62.0,26.0,otra
2024-11-02 07:00:00,2024,11,2,CENTRO,0,1.6,12.0,7.0,23.0,9.78,otra
2024-11-02 07:00:00,2024,11,2,NORESTE3,0,0.7913333333333333,9.700000000000001,9.166666666666666,30.666666666666668,10.4,otra
2024-11-02 07:00:00,2024,11,2,NOROESTE3,0,1.095,7.433333333333333,7.666666666666667,21.333333333333332,7.72,otra
2024-11-02 07:00:00,2024,11,2,NORTE2,0,0.85,14.7,5.0,32.5,7.5,otra
2024-11-02 07:00:00,2024,11,2,SUR,0,0.9450000000000001,5.35,12.5,21.75,6.0,otra
2024-11-02 07:00:00,2024,11,2,SUROESTE2,0,0.87,11.25,6.5,29.5,11.355,otra
2024-11-02 08:00:00,2024,11,2,CENTRO,0,1.69,13.0,6.0,28.0,10.37,otra
2024-11-02 08:00:00,2024,11,2,NORESTE3,0,0.7786666666666666,10.033333333333333,8.666666666666666,29.0,10.17,otra
2024-11-02 08:00:00,2024,11,2,NOROESTE3,0,1.165,8.066666666666666,6.666666666666667,25.333333333333332,8.63,otra
2024-11-02 08:00:00,2024,11,2,NORTE2,0,0.93,14.55,4.5,33.0,11.0,otra
2024-11-02 08:00:00,2024,11,2,SUR,0,1.03,6.65,10.0,31.75,9.0175,otra
2024-11-02 08:00:00,2024,11,2,SUROESTE2,0,0.935,11.1,7.0,32.5,12.61,otra
2024-11-03 07:00:00,2024,11,3,CENTRO,0,1.57,11.9,6.0,41.0,16.5,otra
2024-11-03 07:00:00,2024,11,3,NORESTE3,0,0.6206666666666666,7.833333333333333,12.0,21.333333333333332,13.41,otra
2024-11-03 07:00:00,2024,11,3,NOROESTE3,0,1.2599999999999998,7.833333333333333,5.666666666666667,29.0,9.88,otra
2024-11-03 07:00:00,2024,11,3,NORTE2,0,0.78,9.75,8.5,23.0,11.5,otra
2024-11-03 07:00:00,2024,11,3,SUR,0,0.9425,4.075,13.5,31.25,16.103333333333335,otra
2024-11-03 07:00:00,2024,11,3,SUROESTE2,0,0.88,7.6,6.5,41.5,17.025,otra
2024-11-03 08:00:00,2024,11,3,CENTRO,0,1.63,14.0,5.0,51.0,22.45,otra
2024-11-03 08:00:00,2024,11,3,NORESTE3,0,0.6766666666666667,9.033333333333333,10.466666666666667,23.666666666666668,14.45,otra
2024-11-03 08:00:00,2024,11,3,NOROESTE3,0,1.29,8.1,5.333333333333333,30.333333333333332,11.25,otra
2024-11-03 08:00:00,2024,11,3,NORTE2,0,0.815,10.75,8.0,24.0,13.5,otra
2024-11-03 08:00:00,2024,11,3,SUR,0,0.9725,5.6,12.25,35.0,15.355,otra
2024-11-03 08:00:00,2024,11,3,SUROESTE2,0,1.0550000000000002,10.9,3.0,40.5,19.305,otra
2024-11-04 07:00:00,2024,11,4,CENTRO,1,1.82,19.9,4.0,50.0,20.86,otra
2024-11-04 07:00:00,2024,11,4,NORESTE3,0,0.8046666666666668,11.966666666666667,7.0,34.666666666666664,17.45,otra
2024-11-04 07:00:00,2024,11,4,NOROESTE3,0,1.53,11.666666666666666,3.3333333333333335,54.333333333333336,13.1,otra
2024-11-04 07:00:00,2024,11,4,NORTE2,1,1.025,17.85,2.0,49.0,20.5,otra
2024-11-04 07:00:00,2024,11,4,SUR,1,1.2300000000000002,11.075,5.75,50.5,19.1175,otra
2024-11-04 07:00:00,2024,11,4,SUROESTE2,1,1.525,16.0,2.0,97.0,27.925,otra
2024-11-04 08:00:00,2024,11,4,CENTRO,1,1.92,18.0,5.0,63.0,22.13,otra
2024-11-04 08:00:00,2024,11,4,NORESTE3,0,0.9173333333333334,12.833333333333334,7.6000000000000005,39.0,19.98,otra
2024-11-04 08:00:00,2024,11,4,NOROESTE3,0,1.775,12.466666666666667,4.0,72.0,,otra
2024-11-04 08:00:00,2024,11,4,NORTE2,1,1.4500000000000002,21.55,2.5,57.0,13.5,otra
2024-11-04 08:00:00,2024,11,4,SUR,1,1.4100000000000001,11.05,6.25,73.75,19.205,otra
2024-11-04 08:00:00,2024,11,4,SUROESTE2,1,2.255,22.35,2.5,155.0,35.025,otra
2024-11-05 07:00:00,2024,11,5,CENTRO,1,1.34,11.8,32.0,93.0,31.44,otra
2024-11-05 07:00:00,2024,11,5,NORESTE3,0,0.7576666666666667,9.5,34.06666666666667,145.66666666666666,15.67,otra
2024-11-05 07:00:00,2024,11,5,NOROESTE3,0,1.025,12.466666666666667,24.666666666666668,71.33333333333333,7.3,otra
2024-11-05 07:00:00,2024,11,5,NORTE2,1,0.7050000000000001,17.45,30.0,180.0,9.0,otra
2024-11-05 07:00:00,2024,11,5,SUR,1,0.9533333333333335,7.625,36.5,122.0,14.045,otra
2024-11-05 07:00:00,2024,11,5,SUROESTE2,1,0.835,17.0,21.5,113.0,25.09,otra
2024-11-05 08:00:00,2024,11,5,CENTRO,1,1.46,18.8,25.0,94.0,29.21,otra
2024-11-05 08:00:00,2024,11,5,NORESTE3,0,0.8276666666666667,11.833333333333334,31.96666666666667,107.33333333333333,14.6,otra
2024-11-05 08:00:00,2024,11,5,NOROESTE3,0,1.16,15.166666666666666,21.333333333333332,80.33333333333333,8.96,otra
2024-11-05 08:00:00,2024,11,5,NORTE2,1,0.79,21.85,25.5,144.5,11.5,otra
2024-11-05 08:00:00,2024,11,5,SUR,1,0.9733333333333333,9.05,36.0,112.0,14.93,otra
2024-11-05 08:00:00,2024,11,5,SUROESTE2,1,1.09,22.2,17.5,122.0,17.265,otra
2024-11-06 07:00:00,2024,11,6,CENTRO,1,1.66,34.3,6.0,64.0,12.36,otra
2024-11-06 07:00:00,2024,11,6,NORESTE3,0,1.0,27.133333333333336,4.566666666666666,77.66666666666667,23.31,otra
2024-11-06 07:00:00,2024,11,6,NOROESTE3,0,2.04,27.933333333333337,3.6666666666666665,110.66666666666667,13.36,otra
2024-11-06 07:00:00,2024,11,6,NORTE2,1,1.46,45.55,3.0,126.0,24.0,otra
2024-11-06 07:00:00,2024,11,6,SUR,1,1.3099999999999998,22.25,7.5,101.0,24.1325,otra
2024-11-06 07:00:00,2024,11,6,SUROESTE2,1,1.2950000000000002,27.15,11.5,100.0,30.95,otra
2024-11-06 08:00:00,2024,11,6,CENTRO,1,1.89,34.4,6.0,71.0,11.92,otra
2024-11-06 08:00:00,2024,11,6,NORESTE3,0,1.2893333333333332,28.3,5.466666666666666,93.66666666666667,24.48,otra
2024-11-06 08:00:00,2024,11,6,NOROESTE3,0,2.5549999999999997,25.400000000000002,5.0,116.33333333333333,13.76,otra
2024-11-06 08:00:00,2024,11,6,NORTE2,1,1.665,47.3,4.0,180.0,25.5,otra
2024-11-06 08:00:00,2024,11,6,SUR,1,1.5033333333333332,23.925,6.75,123.75,28.2775,otra
2024-11-06 08:00:00,2024,11,6,SUROESTE2,1,2.175,34.1,8.5,137.5,47.075,otra
2024-11-07 07:00:00,2024,11,7,CENTRO,1,1.78,37.8,5.0,71.0,31.0,otra
2024-11-07 07:00:00,2024,11,7,NORESTE3,0,0.8396666666666667,21.46666666666667,4.5,54.333333333333336,21.3,otra
2024-11-07 07:00:00,2024,11,7,NOROESTE3,0,1.67,22.166666666666668,4.5,117.66666666666667,10.92,otra
2024-11-07 07:00:00,2024,11,7,NORTE2,1,1.375,40.2,2.0,101.0,25.5,otra
2024-11-07 07:00:00,2024,11,7,SUR,1,1.2133333333333334,19.7,7.0,72.0,21.4825,otra
2024-11-07 07:00:00,2024,11,7,SUROESTE2,1,1.48,24.95,11.0,85.0,30.375,otra
2024-11-07 08:00:00,2024,11,7,CENTRO,1,2.05,37.8,6.0,78.0,28.0,otra
2024-11-07 08:00:00,2024,11,7,NORESTE3,0,1.0143333333333333,22.133333333333336,5.7,57.333333333333336,23.12,otra
2024-11-07 08:00:00,2024,11,7,NOROESTE3,0,2.0833333333333335,21.46666666666667,4.5,117.66666666666667,16.42,otra
2024-11-07 08:00:00,2024,11,7,NORTE2,1,1.49,39.1,3.0,137.5,25.5,otra
2024-11-07 08:00:00,2024,11,7,SUR,1,1.4833333333333334,22.05,7.0,94.0,25.567500000000003,otra
2024-11-07 08:00:00,2024,11,7,SUROESTE2,1,2.295,36.4,6.5,102.5,44.15,otra
2024-11-08 07:00:00,2024,11,8,CENTRO,1,1.67,14.0,6.0,42.0,19.24,otra
2024-11-08 07:00:00,2024,11,8,NORESTE3,0,0.5256666666666666,12.533333333333333,7.933333333333334,27.666666666666668,,otra
2024-11-08 07:00:00,2024,11,8,NOROESTE3,0,1.0866666666666667,10.133333333333333,5.666666666666667,31.666666666666668,9.65,otra
2024-11-08 07:00:00,2024,11,8,NORTE2,1,0.9600000000000001,16.5,5.0,36.0,19.5,otra
2024-11-08 07:00:00,2024,11,8,SUR,1,1.18,6.6,11.75,33.25,16.965,otra
2024-11-08 07:00:00,2024,11,8,SUROESTE2,1,1.185,14.850000000000001,6.0,38.0,18.795,otra
2024-11-08 08:00:00,2024,11,8,CENTRO,1,1.76,16.5,4.0,49.0,18.34,otra
2024-11-08 08:00:00,2024,11,8,NORESTE3,0,0.7256666666666667,13.700000000000001,7.633333333333333,33.333333333333336,18.5,otra
2024-11-08 08:00:00,2024,11,8,NOROESTE3,0,1.29,11.666666666666666,5.333333333333333,56.666666666666664,10.56,otra
2024-11-08 08:00:00,2024,11,8,NORTE2,1,1.1300000000000001,19.4,3.0,48.0,17.0,otra
2024-11-08 08:00:00,2024,11,8,SUR,1,1.28,8.625,10.0,35.25,17.4825,otra
2024-11-08 08:00:00,2024,11,8,SUROESTE2,1,1.8199999999999998,17.549999999999997,2.5,65.5,23.06,otra
2024-11-09 07:00:00,2024,11,9,CENTRO,0,1.6,22.6,9.0,33.0,14.83,otra
2024-11-09 07:00:00,2024,11,9,NORESTE3,0,0.5496666666666666,9.0,25.433333333333334,19.333333333333332,8.0,otra
2024-11-09 07:00:00,2024,11,9,NOROESTE3,0,0.8800000000000001,13.3,9.5,16.5,,otra
2024-11-09 07:00:00,2024,11,9,NORTE2,0,0.8,34.7,14.5,23.5,6.0,otra
2024-11-09 07:00:00,2024,11,9,SUR,0,1.1566666666666665,8.8,22.75,30.5,7.68,otra
2024-11-09 07:00:00,2024,11,9,SUROESTE2,0,0.99,15.3,14.5,31.0,11.675,otra
2024-11-09 08:00:00,2024,11,9,CENTRO,0,1.62,22.2,14.0,38.0,17.65,otra
2024-11-09 08:00:00,2024,11,9,NORESTE3,0,0.5833333333333334,10.933333333333332,23.233333333333334,19.333333333333332,8.26,otra
2024-11-09 08:00:00,2024,11,9,NOROESTE3,0,0.9850000000000001,12.6,12.0,21.0,,otra
2024-11-09 08:00:00,2024,11,9,NORTE2,0,0.925,21.549999999999997,19.0,73.0,3.5,otra
2024-11-09 08:00:00,2024,11,9,SUR,0,1.1633333333333333,9.675,22.75,28.75,8.576666666666666,otra
2024-11-09 08:00:00,2024,11,9,SUROESTE2,0,1.155,25.55,4.5,37.5,11.3,otra
2024-11-10 07:00:00,2024,11,10,CENTRO,0,1.98,27.3,5.0,51.0,20.43,otra
2024-11-10 07:00:00,2024,11,10,NORESTE3,0,0.6789999999999999,16.166666666666668,11.366666666666667,39.666666666666664,21.81,otra
2024-11-10 07:00:00,2024,11,10,NOROESTE3,0,1.3033333333333335,13.833333333333334,9.0,59.666666666666664,12.91,otra
2024-11-10 07:00:00,2024,11,10,NORTE2,0,0.96,26.049999999999997,7.0,54.0,21.5,otra
2024-11-10 07:00:00,2024,11,10,SUR,0,1.2966666666666666,11.424999999999999,14.5,43.25,20.995,otra
2024-11-10 07:00:00,2024,11,10,SUROESTE2,0,1.215,18.4,7.5,89.5,32.675,otra
2024-11-10 08:00:00,2024,11,10,CENTRO,0,1.99,25.9,6.0,56.0,28.69,otra
2024-11-10 08:00:00,2024,11,10,NORESTE3,0,0.7386666666666666,17.766666666666666,9.766666666666667,42.0,20.64,otra
2024-11-10 08:00:00,2024,11,10,NOROESTE3,0,1.3766666666666667,14.366666666666667,8.666666666666666,52.666666666666664,12.26,otra
2024-11-10 08:00:00,2024,11,10,NORTE2,0,1.02,26.25,6.5,55.5,24.5,otra
2024-11-10 08:00:00,2024,11,10,SUR,0,1.3499999999999999,13.075,13.75,45.75,21.06,otra
2024-11-10 08:00:00,2024,11,10,SUROESTE2,0,1.3,19.85,5.5,73.5,33.915,otra
2024-11-11 07:00:00,2024,11,11,CENTRO,1,2.07,20.5,4.0,43.0,27.76,otra
2024-11-11 07:00:00,2024,11,11,NORESTE3,0,1.063,22.233333333333334,4.566666666666666,44.666666666666664,26.92,otra
2024-11-11 07:00:00,2024,11,11,NOROESTE3,0,1.8099999999999998,14.666666666666666,4.5,62.666666666666664,12.79,otra
2024-11-11 07:00:00,2024,11,11,NORTE2,1,1.5350000000000001,29.6,2.5,73.5,20.5,otra
2024-11-11 07:00:00,2024,11,11,SUR,1,1.8133333333333335,12.075,5.25,80.25,26.9825,otra
2024-11-11 07:00:00,2024,11,11,SUROESTE2,1,1.845,26.4,1.5,63.0,29.525,otra
2024-11-11 08:00:00,2024,11,11,CENTRO,1,2.21,25.4,,45.0,24.7,otra
2024-11-11 08:00:00,2024,11,11,NORESTE3,0,1.4393333333333331,23.133333333333336,4.7,69.0,28.47,otra
2024-11-11 08:00:00,2024,11,11,NOROESTE3,0,2.18,16.2,4.0,74.33333333333333,11.65,otra
2024-11-11 08:00:00,2024,11,11,NORTE2,1,1.9200000000000002,27.450000000000003,3.0,78.0,25.5,otra
2024-11-11 08:00:00,2024,11,11,SUR,1,2.013333333333333,14.375,5.75,93.75,36.53,otra
2024-11-11 08:00:00,2024,11,11,SUROESTE2,1,2.315,30.1,2.0,76.0,35.465,otra
2024-11-12 07:00:00,2024,11,12,CENTRO,1,1.63,18.2,5.0,47.0,21.62,otra
2024-11-12 07:00:00,2024,11,12,NORESTE3,0,0.6866666666666666,13.633333333333333,11.733333333333334,29.666666666666668,11.22,otra
2024-11-12 07:00:00,2024,11,12,NOROESTE3,0,1.4033333333333333,13.133333333333333,8.0,41.666666666666664,11.25,otra
2024-11-12 07:00:00,2024,11,12,NORTE2,1,0.88,14.100000000000001,10.5,39.0,11.0,otra
2024-11-12 07:00:00,2024,11,12,SUR,1,1.0050000000000001,8.675,9.75,34.0,13.8525,otra
2024-11-12 07:00:00,2024,11,12,SUROESTE2,1,1.305,19.85,2.0,52.0,23.58,otra
2024-11-12 08:00:00,2024,11,12,CENTRO,1,1.74,17.8,7.0,53.0,28.22,otra
2024-11-12 08:00:00,2024,11,12,NORESTE3,0,0.7423333333333333,12.5,12.333333333333334,24.666666666666668,11.35,otra
2024-11-12 08:00:00,2024,11,12,NOROESTE3,0,1.4466666666666665,11.0,9.333333333333334,46.333333333333336,11.54,otra
2024-11-12 08:00:00,2024,11,12,NORTE2,1,0.9450000000000001,16.35,8.0,39.0,11.0,otra
2024-11-12 08:00:00,2024,11,12,SUR,1,1.1225,9.175,9.75,40.25,12.395,otra
2024-11-12 08:00:00,2024,11,12,SUROESTE2,1,1.575,17.7,3.0,60.5,25.03,otra
2024-11-13 07:00:00,2024,11,13,CENTRO,1,1.68,15.7,6.0,54.0,19.2,otra
2024-11-13 07:00:00,2024,11,13,NORESTE3,0,0.641,16.966666666666665,12.299999999999999,25.333333333333332,19.99,otra
2024-11-13 07:00:00,2024,11,13,NOROESTE3,0,1.4833333333333334,12.166666666666666,7.666666666666667,48.0,9.16,otra
2024-11-13 07:00:00,2024,11,13,NORTE2,1,1.1099999999999999,22.5,6.5,48.0,20.0,otra
2024-11-13 07:00:00,2024,11,13,SUR,1,0.9825,13.975,11.5,44.75,20.485,otra
2024-11-13 07:00:00,2024,11,13,SUROESTE2,1,1.145,17.75,4.0,103.0,34.195,otra
2024-11-13 08:00:00,2024,11,13,CENTRO,1,2.01,22.1,5.0,59.0,28.23,otra
2024-11-13 08:00:00,2024,11,13,NORESTE3,0,0.819,20.0,7.833333333333333,41.333333333333336,22.18,otra
2024-11-13 08:00:00,2024,11,13,NOROESTE3,0,1.8533333333333333,13.566666666666668,5.333333333333333,51.333333333333336,9.01,otra
2024-11-13 08:00:00,2024,11,13,NORTE2,1,1.305,22.1,4.0,68.0,20.5,otra
2024-11-13 08:00:00,2024,11,13,SUR,1,1.185,16.3,8.5,52.75,21.525,otra
2024-11-13 08:00:00,2024,11,13,SUROESTE2,1,1.8399999999999999,19.25,3.5,57.5,33.379999999999995,otra
2024-11-14 07:00:00,2024,11,14,CENTRO,1,1.42,25.4,25.0,38.0,7.02,otra
2024-11-14 07:00:00,2024,11,14,NORESTE3,0,0.7696666666666667,15.833333333333334,30.400000000000002,31.333333333333332,6.04,otra
2024-11-14 07:00:00,2024,11,14,NOROESTE3,0,1.3766666666666667,13.85,22.666666666666668,26.333333333333332,3.97,otra
2024-11-14 07:00:00,2024,11,14,NORTE2,1,0.86,28.95,23.0,57.5,7.0,otra
2024-11-14 07:00:00,2024,11,14,SUR,1,0.95,12.775,34.0,42.0,6.456666666666667,otra
2024-11-14 07:00:00,2024,11,14,SUROESTE2,1,1.005,17.8,30.5,28.5,6.12,otra
2024-11-14 08:00:00,2024,11,14,CENTRO,1,1.52,29.7,21.0,45.0,8.72,otra
2024-11-14 08:00:00,2024,11,14,NORESTE3,0,0.8203333333333335,17.033333333333335,27.866666666666664,33.0,6.74,otra
2024-11-14 08:00:00,2024,11,14,NOROESTE3,0,1.3066666666666666,9.85,28.666666666666668,29.333333333333332,3.53,otra
2024-11-14 08:00:00,2024,11,14,NORTE2,1,0.865,28.15,23.0,62.5,5.5,otra
2024-11-14 08:00:00,2024,11,14,SUR,1,1.005,17.775000000000002,28.0,36.75,5.973333333333334,otra
2024-11-14 08:00:00,2024,11,14,SUROESTE2,1,1.215,26.45,21.0,30.0,11.99,otra
2024-11-15 07:00:00,2024,11,15,CENTRO,1,1.6,26.3,8.0,37.0,18.45,otra
2024-11-15 07:00:00,2024,11,15,NORESTE3,0,0.7626666666666666,18.566666666666666,10.299999999999999,33.666666666666664,12.35,otra
2024-11-15 07:00:00,2024,11,15,NOROESTE3,0,1.8,21.4,5.333333333333333,44.666666666666664,8.14,otra
2024-11-15 07:00:00,2024,11,15,NORTE2,1,1.04,27.1,11.5,52.5,14.0,otra
2024-11-15 07:00:00,2024,11,15,SUR,1,1.03,16.525,10.75,51.25,14.0425,otra
2024-11-15 07:00:00,2024,11,15,SUROESTE2,1,1.37,23.45,5.5,50.5,24.675,otra
2024-11-15 08:00:00,2024,11,15,CENTRO,1,1.77,28.2,6.0,40.0,16.74,otra
2024-11-15 08:00:00,2024,11,15,NORESTE3,0,0.9496666666666668,21.96666666666667,9.466666666666667,40.0,19.18,otra
2024-11-15 08:00:00,2024,11,15,NOROESTE3,0,1.9333333333333336,20.35,6.666666666666667,64.33333333333333,9.23,otra
2024-11-15 08:00:00,2024,11,15,NORTE2,1,1.145,31.450000000000003,5.0,58.0,11.0,otra
2024-11-15 08:00:00,2024,11,15,SUR,1,1.0625,15.875,12.5,58.75,12.76,otra
2024-11-15 08:00:00,2024,11,15,SUROESTE2,1,2.275,28.299999999999997,4.5,98.5,40.05,otra
2024-11-16 07:00:00,2024,11,16,CENTRO,0,1.56,21.1,13.0,40.0,11.02,otra
2024-11-16 07:00:00,2024,11,16,NORESTE3,0,0.6293333333333333,12.733333333333334,21.233333333333334,20.0,12.42,otra
2024-11-16 07:00:00,2024,11,16,NOROESTE3,0,1.7999999999999998,12.95,13.666666666666666,36.333333333333336,8.4,otra
2024-11-16 07:00:00,2024,11,16,NORTE2,0,0.8700000000000001,17.7,19.0,36.5,11.0,otra
2024-11-16 07:00:00,2024,11,16,SUR,0,1.2133333333333334,6.574999999999999,25.5,29.5,7.6375,otra
2024-11-16 07:00:00,2024,11,16,SUROESTE2,0,1.05,18.1,5.0,52.5,21.689999999999998,otra
2024-11-16 08:00:00,2024,11,16,CENTRO,0,1.68,26.2,9.0,44.0,16.78,otra
2024-11-16 08:00:00,2024,11,16,NORESTE3,0,0.666,12.633333333333333,19.833333333333332,24.666666666666668,13.29,otra
2024-11-16 08:00:00,2024,11,16,NOROESTE3,0,1.66,12.45,12.666666666666666,44.333333333333336,11.0,otra
2024-11-16 08:00:00,2024,11,16,NORTE2,0,0.86,20.4,13.5,38.5,11.5,otra
2024-11-16 08:00:00,2024,11,16,SUR,0,1.28,11.425,17.5,35.75,9.7175,otra
2024-11-16 08:00:00,2024,11,16,SUROESTE2,0,1.16,15.9,6.0,51.5,19.025,otra
2024-11-17 07:00:00,2024,11,17,CENTRO,0,1.71,21.1,4.0,67.0,35.35,otra
2024-11-17 07:00:00,2024,11,17,NORESTE3,0,0.585,9.833333333333334,16.900000000000002,32.666666666666664,22.72,otra
2024-11-17 07:00:00,2024,11,17,NOROESTE3,0,1.616666666666667,8.649999999999999,10.0,52.666666666666664,12.02,otra
2024-11-17 07:00:00,2024,11,17,NORTE2,0,0.77,12.4,13.0,51.0,23.0,otra
2024-11-17 07:00:00,2024,11,17,SUR,0,1.4433333333333334,8.25,15.0,51.75,25.71,otra
2024-11-17 07:00:00,2024,11,17,SUROESTE2,0,1.2750000000000001,15.899999999999999,3.5,51.5,35.155,otra
2024-11-17 08:00:00,2024,11,17,CENTRO,0,1.73,18.9,5.0,71.0,43.97,otra
2024-11-17 08:00:00,2024,11,17,NORESTE3,0,0.6496666666666666,10.9,15.566666666666668,30.666666666666668,26.0,otra
2024-11-17 08:00:00,2024,11,17,NOROESTE3,0,1.6766666666666665,8.65,11.0,56.333333333333336,12.8,otra
2024-11-17 08:00:00,2024,11,17,NORTE2,0,0.815,13.75,10.5,59.5,21.0,otra
2024-11-17 08:00:00,2024,11,17,SUR,0,1.125,10.333333333333334,10.333333333333334,60.333333333333336,23.026666666666667,otra
2024-11-17 08:00:00,2024,11,17,SUROESTE2,0,1.49,17.35,2.5,56.0,29.975,otra
2024-11-18 07:00:00,2024,11,18,CENTRO,1,1.84,22.7,4.0,47.0,19.92,otra
2024-11-18 07:00:00,2024,11,18,NORESTE3,0,0.6046666666666667,11.066666666666668,17.400000000000002,25.0,18.8,otra
2024-11-18 07:00:00,2024,11,18,NOROESTE3,0,1.8533333333333335,10.3,6.333333333333333,40.0,11.3,otra
2024-11-18 07:00:00,2024,11,18,NORTE2,1,0.87,21.2,6.0,41.5,18.5,otra
2024-11-18 07:00:00,2024,11,18,SUR,1,1.175,11.325,14.25,42.5,19.88,otra
2024-11-18 07:00:00,2024,11,18,SUROESTE2,1,1.29,21.25,2.5,70.5,30.735,otra
2024-11-18 08:00:00,2024,11,18,CENTRO,1,1.84,20.1,5.0,55.0,27.47,otra
2024-11-18 08:00:00,2024,11,18,NORESTE3,0,0.797,15.1,9.033333333333333,33.0,19.61,otra
2024-11-18 08:00:00,2024,11,18,NOROESTE3,0,1.9966666666666668,11.5,5.333333333333333,49.0,12.28,otra
2024-11-18 08:00:00,2024,11,18,NORTE2,1,0.985,22.3,3.5,46.5,19.5,otra
2024-11-18 08:00:00,2024,11,18,SUR,1,1.21,13.725,11.0,48.75,21.884999999999998,otra
2024-11-18 08:00:00,2024,11,18,SUROESTE2,1,1.5750000000000002,21.45,2.5,75.5,38.620000000000005,otra
2024-11-19 07:00:00,2024,11,19,CENTRO,1,1.72,24.8,5.0,69.0,29.92,otra
2024-11-19 07:00:00,2024,11,19,NORESTE3,0,0.8693333333333334,20.166666666666668,13.166666666666666,43.666666666666664,21.13,otra
2024-11-19 07:00:00,2024,11,19,NOROESTE3,0,2.22,16.6,4.0,77.66666666666667,8.3,otra
2024-11-19 07:00:00,2024,11,19,NORTE2,1,1.19,29.200000000000003,2.5,78.5,24.0,otra
2024-11-19 07:00:00,2024,11,19,SUR,1,1.27,19.166666666666668,9.666666666666666,65.33333333333333,15.333333333333334,otra
2024-11-19 07:00:00,2024,11,19,SUROESTE2,1,1.52,23.299999999999997,3.5,68.5,24.4,otra
2024-11-19 08:00:00,2024,11,19,CENTRO,1,1.9,25.7,5.0,57.0,28.73,otra
2024-11-19 08:00:00,2024,11,19,NORESTE3,0,1.1889999999999998,26.133333333333336,5.666666666666667,60.666666666666664,27.89,otra
2024-11-19 08:00:00,2024,11,19,NOROESTE3,0,2.54,16.85,4.0,79.33333333333333,9.29,otra
2024-11-19 08:00:00,2024,11,19,NORTE2,1,1.5750000000000002,30.950000000000003,2.5,116.5,19.0,otra
2024-11-19 08:00:00,2024,11,19,SUR,1,1.66,23.25,7.0,71.25,15.4525,otra
2024-11-19 08:00:00,2024,11,19,SUROESTE2,1,2.27,28.1,3.0,87.0,32.7,otra
2024-11-20 07:00:00,2024,11,20,CENTRO,1,1.48,35.4,10.0,57.0,22.77,otra
2024-11-20 07:00:00,2024,11,20,NORESTE3,0,0.8426666666666667,23.433333333333334,19.5,94.66666666666667,16.52,otra
2024-11-20 07:00:00,2024,11,20,NOROESTE3,0,2.2933333333333334,21.75,4.666666666666667,99.33333333333333,,otra
2024-11-20 07:00:00,2024,11,20,NORTE2,1,1.185,39.4,7.0,92.0,10.5,otra
2024-11-20 07:00:00,2024,11,20,SUR,1,1.22,20.966666666666665,19.333333333333332,58.666666666666664,10.116666666666667,otra
2024-11-20 07:00:00,2024,11,20,SUROESTE2,1,1.655,33.6,7.0,98.5,28.54,otra
2024-11-20 08:00:00,2024,11,20,CENTRO,1,1.47,35.1,14.0,57.0,13.44,otra
2024-11-20 08:00:00,2024,11,20,NORESTE3,0,0.983,22.933333333333334,21.733333333333334,64.66666666666667,11.79,otra
2024-11-20 08:00:00,2024,11,20,NOROESTE3,0,2.42,18.35,10.666666666666666,97.33333333333333,,otra
2024-11-20 08:00:00,2024,11,20,NORTE2,1,0.94,31.65,15.5,100.0,6.5,otra
2024-11-20 08:00:00,2024,11,20,SUR,1,1.37,21.099999999999998,20.0,100.0,10.76,otra
2024-11-20 08:00:00,2024,11,20,SUROESTE2,1,1.38,27.4,19.0,83.5,14.65,otra
2024-11-21 07:00:00,2024,11,21,CENTRO,1,1.66,36.5,5.0,56.0,31.65,otra
2024-11-21 07:00:00,2024,11,21,NORESTE3,0,1.2426666666666666,29.2,4.233333333333333,48.666666666666664,19.89,otra
2024-11-21 07:00:00,2024,11,21,NOROESTE3,0,2.3133333333333335,22.049999999999997,3.6666666666666665,84.33333333333333,,otra
2024-11-21 07:00:00,2024,11,21,NORTE2,1,1.21,41.5,3.0,102.5,25.0,otra
2024-11-21 07:00:00,2024,11,21,SUR,1,1.23,21.7,7.0,54.75,17.6625,otra
2024-11-21 07:00:00,2024,11,21,SUROESTE2,1,1.5550000000000002,32.5,5.0,72.0,26.525,otra
2024-11-21 08:00:00,2024,11,21,CENTRO,1,1.83,38.3,5.0,64.0,32.96,otra
2024-11-21 08:00:00,2024,11,21,NORESTE3,0,1.4203333333333334,30.866666666666664,5.066666666666666,74.0,26.98,otra
2024-11-21 08:00:00,2024,11,21,NOROESTE3,0,2.706666666666667,22.0,4.0,112.0,,otra
2024-11-21 08:00:00,2024,11,21,NORTE2,1,1.405,41.849999999999994,3.0,108.5,18.0,otra
2024-11-21 08:00:00,2024,11,21,SUR,1,1.63,22.5,6.5,72.33333333333333,28.545,otra
2024-11-21 08:00:00,2024,11,21,SUROESTE2,1,2.13,38.0,3.5,114.5,40.54,otra
2024-11-22 07:00:00,2024,11,22,CENTRO,1,1.69,32.0,5.0,47.0,22.86,otra
2024-11-22 07:00:00,2024,11,22,NORESTE3,0,1.3456666666666666,29.099999999999998,3.8666666666666667,137.66666666666666,29.74,otra
2024-11-22 07:00:00,2024,11,22,NOROESTE3,0,2.606666666666667,20.35,3.6666666666666665,89.33333333333333,,otra
2024-11-22 07:00:00,2024,11,22,NORTE2,1,1.4,35.35,,119.5,38.0,otra
2024-11-22 07:00:00,2024,11,22,SUR,1,0.94,22.75,3.3333333333333335,59.25,21.915,otra
2024-11-22 07:00:00,2024,11,22,SUROESTE2,1,1.82,33.6,6.0,88.5,42.59,otra
2024-11-22 08:00:00,2024,11,22,CENTRO,1,1.92,33.4,5.0,46.0,25.76,otra
2024-11-22 08:00:00,2024,11,22,NORESTE3,0,1.7696666666666665,30.633333333333336,4.733333333333333,108.66666666666667,32.63,otra
2024-11-22 08:00:00,2024,11,22,NOROESTE3,0,3.16,19.0,4.333333333333333,108.0,,otra
2024-11-22 08:00:00,2024,11,22,NORTE2,1,2.105,36.849999999999994,,152.0,39.0,otra
2024-11-22 08:00:00,2024,11,22,SUR,1,1.1566666666666665,23.975,6.5,77.75,26.7,otra
2024-11-22 08:00:00,2024,11,22,SUROESTE2,1,2.78,33.35,5.0,117.0,46.51,otra
2024-11-23 07:00:00,2024,11,23,CENTRO,0,1.78,32.0,5.0,49.0,29.5,otra
2024-11-23 07:00:00,2024,11,23,NORESTE3,0,0.9983333333333334,23.900000000000002,4.2,40.0,,otra
2024-11-23 07:00:00,2024,11,23,NOROESTE3,0,2.5866666666666664,18.3,4.0,88.66666666666667,9.62,otra
2024-11-23 07:00:00,2024,11,23,NORTE2,0,1.095,34.05,2.0,79.0,12.5,otra
2024-11-23 07:00:00,2024,11,23,SUR,0,0.9499999999999998,15.85,11.25,54.75,20.3975,otra
2024-11-23 07:00:00,2024,11,23,SUROESTE2,0,1.5850000000000002,21.549999999999997,15.5,115.5,47.42,otra
2024-11-23 08:00:00,2024,11,23,CENTRO,0,2.04,31.4,,51.0,34.81,otra
2024-11-23 08:00:00,2024,11,23,NORESTE3,0,0.9856666666666666,23.099999999999998,7.4,59.333333333333336,,otra
2024-11-23 08:00:00,2024,11,23,NOROESTE3,0,2.703333333333333,18.4,4.333333333333333,84.66666666666667,11.17,otra
2024-11-23 08:00:00,2024,11,23,NORTE2,0,1.225,32.05,3.5,103.5,19.0,otra
2024-11-23 08:00:00,2024,11,23,SUR,0,1.34,15.825,12.5,61.0,24.9775,otra
2024-11-23 08:00:00,2024,11,23,SUROESTE2,0,1.9749999999999999,30.2,5.5,124.0,52.185,otra
2024-11-24 07:00:00,2024,11,24,CENTRO,0,1.76,21.5,,48.0,41.92,otra
2024-11-24 07:00:00,2024,11,24,NORESTE3,0,0.766,13.633333333333333,12.233333333333334,31.0,,otra
2024-11-24 07:00:00,2024,11,24,NOROESTE3,0,2.4233333333333333,16.4,4.0,59.333333333333336,10.22,otra
2024-11-24 07:00:00,2024,11,24,NORTE2,0,0.8800000000000001,22.5,6.5,61.5,17.0,otra
2024-11-24 07:00:00,2024,11,24,SUR,0,1.28,14.45,11.666666666666666,52.0,23.25,otra
2024-11-24 07:00:00,2024,11,24,SUROESTE2,0,1.27,23.0,15.0,67.0,33.655,otra
2024-11-24 08:00:00,2024,11,24,CENTRO,0,1.75,19.6,6.0,54.0,45.24,otra
2024-11-24 08:00:00,2024,11,24,NORESTE3,0,0.7360000000000001,10.533333333333333,20.866666666666667,29.0,,otra
2024-11-24 08:00:00,2024,11,24,NOROESTE3,0,2.4833333333333334,16.700000000000003,4.666666666666667,60.666666666666664,9.77,otra
2024-11-24 08:00:00,2024,11,24,NORTE2,0,0.865,22.1,9.0,60.0,15.0,otra
2024-11-24 08:00:00,2024,11,24,SUR,0,1.4,16.075,9.5,63.0,28.91,otra
2024-11-24 08:00:00,2024,11,24,SUROESTE2,0,1.42,25.1,7.0,64.0,30.645,otra
2024-11-25 07:00:00,2024,11,25,CENTRO,1,1.84,32.2,6.0,54.0,26.85,otra
2024-11-25 07:00:00,2024,11,25,NORESTE3,0,1.2523333333333333,23.8,4.6000000000000005,82.33333333333333,,otra
2024-11-25 07:00:00,2024,11,25,NOROESTE3,0,2.6133333333333333,23.3,4.666666666666667,66.33333333333333,9.01,otra
2024-11-25 07:00:00,2024,11,25,NORTE2,1,1.415,33.15,2.5,80.5,26.0,otra
2024-11-25 07:00:00,2024,11,25,SUR,1,1.53,18.65,5.75,68.5,26.255,otra
2024-11-25 07:00:00,2024,11,25,SUROESTE2,1,1.9849999999999999,35.3,5.5,85.0,31.825,otra
2024-11-25 08:00:00,2024,11,25,CENTRO,1,1.83,36.0,6.0,57.0,21.31,otra
2024-11-25 08:00:00,2024,11,25,NORESTE3,0,1.707,25.433333333333334,5.0,92.0,,otra
2024-11-25 08:00:00,2024,11,25,NOROESTE3,0,2.5999999999999996,22.6,7.0,72.0,9.76,otra
2024-11-25 08:00:00,2024,11,25,NORTE2,1,2.145,38.900000000000006,2.5,108.5,30.0,otra
2024-11-25 08:00:00,2024,11,25,SUR,1,2.125,18.425,6.0,92.5,32.379999999999995,otra
2024-11-25 08:00:00,2024,11,25,SUROESTE2,1,3.7849999999999997,38.849999999999994,4.0,118.0,44.39,otra
2024-11-26 07:00:00,2024,11,26,CENTRO,1,1.6,27.8,6.0,57.0,19.17,otra
2024-11-26 07:00:00,2024,11,26,NORESTE3,0,0.7646666666666667,11.366666666666667,16.766666666666666,55.666666666666664,,otra
2024-11-26 07:00:00,2024,11,26,NOROESTE3,0,2.3266666666666667,14.2,10.333333333333334,46.666666666666664,,otra
2024-11-26 07:00:00,2024,11,26,NORTE2,1,0.735,16.6,14.0,52.5,8.5,otra
2024-11-26 07:00:00,2024,11,26,SUR,1,1.11,12.2,16.75,63.0,12.335,otra
2024-11-26 07:00:00,2024,11,26,SUROESTE2,1,1.16,26.05,7.0,52.0,13.16,otra
2024-11-26 08:00:00,2024,11,26,CENTRO,1,1.69,26.4,6.0,52.0,20.12,otra
2024-11-26 08:00:00,2024,11,26,NORESTE3,0,0.8316666666666667,12.433333333333332,13.766666666666666,55.333333333333336,,otra
2024-11-26 08:00:00,2024,11,26,NOROESTE3,0,2.55,17.3,5.666666666666667,50.666666666666664,,otra
2024-11-26 08:00:00,2024,11,26,NORTE2,1,0.825,18.55,11.5,58.5,2.0,otra
2024-11-26 08:00:00,2024,11,26,SUR,1,1.17,12.725000000000001,14.25,65.25,10.21,otra
2024-11-26 08:00:00,2024,11,26,SUROESTE2,1,1.48,28.35,3.5,52.5,15.925,otra
2024-11-27 07:00:00,2024,11,27,CENTRO,1,1.43,30.0,5.0,103.0,,otra
2024-11-27 07:00:00,2024,11,27,NORESTE3,0,1.428,22.5,3.35,96.33333333333333,48.0,otra
2024-11-27 07:00:00,2024,11,27,NOROESTE3,0,2.62,22.15,4.0,93.0,14.82,otra
2024-11-27 07:00:00,2024,11,27,NORTE2,1,1.4849999999999999,27.849999999999998,2.5,107.5,17.5,otra
2024-11-27 07:00:00,2024,11,27,SUR,1,1.1500000000000001,19.9,3.3333333333333335,115.25,44.205,otra
2024-11-27 07:00:00,2024,11,27,SUROESTE2,1,1.9849999999999999,25.950000000000003,3.5,80.0,48.9,otra
2024-11-27 08:00:00,2024,11,27,CENTRO,1,1.73,27.3,4.0,95.0,,otra
2024-11-27 08:00:00,2024,11,27,NORESTE3,0,1.4916666666666665,22.03333333333333,3.6,108.0,54.05,otra
2024-11-27 08:00:00,2024,11,27,NOROESTE3,0,2.893333333333333,21.2,4.666666666666667,88.0,15.54,otra
2024-11-27 08:00:00,2024,11,27,NORTE2,1,2.3049999999999997,31.9,2.5,109.5,20.0,otra
2024-11-27 08:00:00,2024,11,27,SUR,1,1.4100000000000001,19.025,5.75,156.5,47.457499999999996,otra
2024-11-27 08:00:00,2024,11,27,SUROESTE2,1,3.6100000000000003,32.5,3.0,114.5,53.805,otra
2024-11-28 07:00:00,2024,11,28,CENTRO,1,1.34,41.5,5.0,67.0,26.28,otra
2024-11-28 07:00:00,2024,11,28,NORESTE3,0,1.7473333333333334,38.46666666666666,2.9,143.0,54.755,otra
2024-11-28 07:00:00,2024,11,28,NOROESTE3,0,2.6999999999999997,31.2,3.3333333333333335,122.33333333333333,,otra
2024-11-28 07:00:00,2024,11,28,NORTE2,1,1.88,57.15,2.5,190.0,41.0,otra
2024-11-28 07:00:00,2024,11,28,SUR,1,1.7999999999999998,23.925,6.0,120.5,37.93,otra
2024-11-28 07:00:00,2024,11,28,SUROESTE2,1,2.035,37.5,5.5,92.5,59.5,otra
2024-11-28 08:00:00,2024,11,28,CENTRO,1,1.88,43.4,9.0,73.0,48.08,otra
2024-11-28 08:00:00,2024,11,28,NORESTE3,0,0.9836666666666667,21.233333333333334,18.400000000000002,190.0,35.364999999999995,otra
2024-11-28 08:00:00,2024,11,28,NOROESTE3,0,2.8299999999999996,28.3,5.5,104.33333333333333,,otra
2024-11-28 08:00:00,2024,11,28,NORTE2,1,1.19,32.25,14.5,209.5,37.5,otra
2024-11-28 08:00:00,2024,11,28,SUR,1,1.9200000000000002,30.775,9.0,128.75,47.553333333333335,otra
2024-11-28 08:00:00,2024,11,28,SUROESTE2,1,3.645,46.05,4.5,154.0,62.515,otra
2024-11-29 07:00:00,2024,11,29,CENTRO,1,0.83,14.3,23.0,30.0,6.39,otra
2024-11-29 07:00:00,2024,11,29,NORESTE3,0,0.9513333333333334,11.633333333333333,25.366666666666664,18.333333333333332,4.32,otra
2024-11-29 07:00:00,2024,11,29,NOROESTE3,0,1.96,7.1,20.333333333333332,23.333333333333332,6.76,otra
2024-11-29 07:00:00,2024,11,29,NORTE2,1,0.63,20.45,17.5,30.5,3.0,otra
2024-11-29 07:00:00,2024,11,29,SUR,1,1.125,9.475,23.75,38.75,7.715,otra
2024-11-29 07:00:00,2024,11,29,SUROESTE2,1,1.255,16.45,18.5,24.0,11.05,otra
2024-11-29 08:00:00,2024,11,29,CENTRO,1,0.89,17.5,20.0,32.0,7.02,otra
2024-11-29 08:00:00,2024,11,29,NORESTE3,0,1.0113333333333332,14.333333333333334,21.599999999999998,20.666666666666668,4.79,otra
2024-11-29 08:00:00,2024,11,29,NOROESTE3,0,2.0233333333333334,9.35,18.333333333333332,26.333333333333332,8.39,otra
2024-11-29 08:00:00,2024,11,29,NORTE2,1,0.775,25.65,12.5,31.5,4.5,otra
2024-11-29 08:00:00,2024,11,29,SUR,1,1.23,13.15,19.75,36.0,6.373333333333334,otra
2024-11-29 08:00:00,2024,11,29,SUROESTE2,1,1.125,19.65,16.5,31.5,7.905,otra
2024-11-30 07:00:00,2024,11,30,CENTRO,0,0.78,7.7,30.0,22.0,5.8,otra
2024-11-30 07:00:00,2024,11,30,NORESTE3,0,1.1143333333333334,20.5,14.633333333333333,23.666666666666668,7.27,otra
2024-11-30 07:00:00,2024,11,30,NOROESTE3,0,2.4833333333333334,14.45,9.333333333333334,53.0,,otra
2024-11-30 07:00:00,2024,11,30,NORTE2,0,0.5800000000000001,24.65,13.5,13.0,8.0,otra
2024-11-30 07:00:00,2024,11,30,SUR,0,0.7733333333333334,7.7,23.25,22.75,7.3275,otra
2024-11-30 07:00:00,2024,11,30,SUROESTE2,0,1.215,22.4,6.5,35.0,22.655,otra
2024-11-30 08:00:00,2024,11,30,CENTRO,0,0.87,25.6,13.0,24.0,7.96,otra
2024-11-30 08:00:00,2024,11,30,NORESTE3,0,1.1456666666666666,21.2,10.766666666666666,31.0,11.04,otra
2024-11-30 08:00:00,2024,11,30,NOROESTE3,0,2.5233333333333334,16.5,5.0,65.33333333333333,,otra
2024-11-30 08:00:00,2024,11,30,NORTE2,0,0.6100000000000001,28.95,8.0,35.0,15.0,otra
2024-11-30 08:00:00,2024,11,30,SUR,0,0.7866666666666666,9.575,20.5,27.25,8.2925,otra
2024-11-30 08:00:00,2024,11,30,SUROESTE2,0,1.365,25.4,3.0,64.5,23.87,otra
2024-12-01 07:00:00,2024,12,1,CENTRO,0,1.52,31.9,,92.0,63.85,otra
2024-12-01 07:00:00,2024,12,1,NORESTE3,0,1.4253333333333333,20.866666666666664,4.65,81.33333333333333,51.8,otra
2024-12-01 07:00:00,2024,12,1,NOROESTE3,0,3.375,26.5,4.0,94.0,17.02,otra
2024-12-01 07:00:00,2024,12,1,NORTE2,0,1.5550000000000002,31.049999999999997,1.0,132.5,45.5,otra
2024-12-01 07:00:00,2024,12,1,SUR,0,1.0166666666666666,15.875,5.5,58.0,27.3175,otra
2024-12-01 07:00:00,2024,12,1,SUROESTE2,0,1.865,21.950000000000003,11.0,72.5,47.42,otra
2024-12-01 08:00:00,2024,12,1,CENTRO,0,1.55,33.5,6.0,83.0,62.32,otra
2024-12-01 08:00:00,2024,12,1,NORESTE3,0,1.6276666666666666,21.333333333333332,4.4,78.33333333333333,64.06,otra
2024-12-01 08:00:00,2024,12,1,NOROESTE3,0,3.4,24.9,5.0,92.0,17.57,otra
2024-12-01 08:00:00,2024,12,1,NORTE2,0,1.7599999999999998,32.85,2.0,135.5,48.0,otra
2024-12-01 08:00:00,2024,12,1,SUR,0,1.1500000000000001,15.524999999999999,6.0,71.25,32.21,otra
2024-12-01 08:00:00,2024,12,1,SUROESTE2,0,1.96,24.450000000000003,5.5,91.0,46.64,otra
2024-12-02 07:00:00,2024,12,2,CENTRO,0,1.53,26.6,5.0,46.0,42.61,otra
2024-12-02 07:00:00,2024,12,2,NORESTE3,0,0.8663333333333334,19.266666666666666,7.1000000000000005,16.333333333333332,,otra
2024-12-02 07:00:00,2024,12,2,NOROESTE3,0,2.4,13.15,5.333333333333333,27.666666666666668,8.97,otra
2024-12-02 07:00:00,2024,12,2,NORTE2,1,1.1500000000000001,27.0,4.0,30.0,14.5,otra
2024-12-02 07:00:00,2024,12,2,SUR,1,0.9666666666666667,17.3,6.5,38.75,19.8,otra
2024-12-02 07:00:00,2024,12,2,SUROESTE2,1,1.68,27.35,4.5,68.0,33.355000000000004,otra
2024-12-02 08:00:00,2024,12,2,CENTRO,0,1.57,29.0,5.0,53.0,48.68,otra
2024-12-02 08:00:00,2024,12,2,NORESTE3,0,0.9996666666666667,21.5,8.033333333333333,19.0,13.14,otra
2024-12-02 08:00:00,2024,12,2,NOROESTE3,0,2.4966666666666666,13.65,5.333333333333333,24.333333333333332,9.31,otra
2024-12-02 08:00:00,2024,12,2,NORTE2,1,1.0899999999999999,26.450000000000003,5.0,31.0,19.0,otra
2024-12-02 08:00:00,2024,12,2,SUR,1,1.0033333333333332,17.575,7.25,37.0,19.7775,otra
2024-12-02 08:00:00,2024,12,2,SUROESTE2,1,2.005,30.95,6.5,86.0,37.864999999999995,otra
2024-12-03 07:00:00,2024,12,3,CENTRO,0,1.21,19.0,18.0,19.0,8.81,otra
2024-12-03 07:00:00,2024,12,3,NORESTE3,0,0.7286666666666667,10.4,25.833333333333332,7.4366666666666665,3.2,otra
2024-12-03 07:00:00,2024,12,3,NOROESTE3,0,2.1866666666666665,9.15,19.0,6.0,,otra
2024-12-03 07:00:00,2024,12,3,NORTE2,1,0.745,19.95,16.5,3.0,2.5,otra
2024-12-03 07:00:00,2024,12,3,SUR,1,1.105,9.2,27.5,11.75,2.0,otra
2024-12-03 07:00:00,2024,12,3,SUROESTE2,1,1.3399999999999999,16.2,18.5,8.5,4.0,otra
2024-12-03 08:00:00,2024,12,3,CENTRO,0,1.33,26.7,9.0,20.0,11.58,otra
2024-12-03 08:00:00,2024,12,3,NORESTE3,0,0.7703333333333333,9.866666666666665,24.366666666666664,7.383333333333333,3.5,otra
2024-12-03 08:00:00,2024,12,3,NOROESTE3,0,2.316666666666667,13.8,12.333333333333334,4.333333333333333,,otra
2024-12-03 08:00:00,2024,12,3,NORTE2,1,0.855,22.450000000000003,14.5,7.0,2.5,otra
2024-12-03 08:00:00,2024,12,3,SUR,1,1.155,12.0,22.25,11.5,4.913333333333333,otra
2024-12-03 08:00:00,2024,12,3,SUROESTE2,1,1.44,22.6,11.5,11.5,6.0,otra
2024-12-04 07:00:00,2024,12,4,NORESTE3,0,0.7096666666666667,19.766666666666666,7.633333333333333,13.676666666666668,8.54,otra
2024-12-04 07:00:00,2024,12,4,NOROESTE3,0,2.5833333333333335,10.45,7.0,15.666666666666666,,otra
2024-12-04 07:00:00,2024,12,4,NORTE2,1,0.94,24.150000000000002,3.5,17.5,9.5,otra
2024-12-04 07:00:00,2024,12,4,SUR,1,1.0274999999999999,12.275,12.5,16.0,8.0,otra
2024-12-04 07:00:00,2024,12,4,SUROESTE2,1,1.615,25.8,1.0,26.5,21.985,otra
2024-12-04 08:00:00,2024,12,4,NORESTE3,0,0.7826666666666666,19.633333333333336,7.033333333333334,15.603333333333333,9.32,otra
2024-12-04 08:00:00,2024,12,4,NOROESTE3,0,2.646666666666667,11.2,5.5,14.666666666666666,,otra
2024-12-04 08:00:00,2024,12,4,NORTE2,1,1.01,24.7,2.5,17.0,11.0,otra
2024-12-04 08:00:00,2024,12,4,SUR,1,1.0825,15.875,9.25,17.25,9.333333333333334,otra
2024-12-04 08:00:00,2024,12,4,SUROESTE2,1,1.965,25.6,2.0,32.5,22.0,otra
2024-12-05 07:00:00,2024,12,5,CENTRO,0,1.28,29.4,,107.0,63.17,otra
2024-12-05 07:00:00,2024,12,5,NORESTE3,0,0.839,18.933333333333334,4.566666666666666,59.373333333333335,28.57,otra
2024-12-05 07:00:00,2024,12,5,NOROESTE3,0,3.1133333333333333,17.5,,58.333333333333336,,otra
2024-12-05 07:00:00,2024,12,5,NORTE2,1,1.18,25.5,1.5,87.5,28.0,otra
2024-12-05 07:00:00,2024,12,5,SUR,1,1.145,15.05,10.0,86.5,37.7325,otra
2024-12-05 07:00:00,2024,12,5,SUROESTE2,1,2.26,36.2,1.0,125.0,81.53,otra
2024-12-05 08:00:00,2024,12,5,CENTRO,0,1.34,29.0,,92.0,63.67,otra
2024-12-05 08:00:00,2024,12,5,NORESTE3,0,0.898,17.5,4.5,69.93666666666667,31.36,otra
2024-12-05 08:00:00,2024,12,5,NOROESTE3,0,3.1633333333333336,16.55,,63.666666666666664,,otra
2024-12-05 08:00:00,2024,12,5,NORTE2,1,1.245,25.6,3.0,97.5,22.0,otra
2024-12-05 08:00:00,2024,12,5,SUR,1,1.2175,14.275,10.0,70.75,26.54,otra
2024-12-05 08:00:00,2024,12,5,SUROESTE2,1,2.39,34.6,2.0,111.5,70.83500000000001,otra
2024-12-06 07:00:00,2024,12,6,CENTRO,0,1.27,14.5,17.0,19.0,6.75,otra
2024-12-06 07:00:00,2024,12,6,NORESTE3,0,0.6736666666666666,13.466666666666667,10.133333333333333,11.160000000000002,5.98,otra
2024-12-06 07:00:00,2024,12,6,NOROESTE3,0,1.5599999999999998,7.300000000000001,11.666666666666666,4.666666666666667,,otra
2024-12-06 07:00:00,2024,12,6,NORTE2,1,0.835,18.200000000000003,6.0,11.5,2.0,otra
2024-12-06 07:00:00,2024,12,6,SUR,0,1.04,9.3,15.75,14.5,7.0,otra
2024-12-06 07:00:00,2024,12,6,SUROESTE2,0,1.16,14.2,14.5,14.5,5.0,otra
2024-12-06 08:00:00,2024,12,6,CENTRO,0,1.32,19.4,6.0,19.0,7.48,otra
2024-12-06 08:00:00,2024,12,6,NORESTE3,0,0.7366666666666667,14.1,4.6000000000000005,10.936666666666667,4.34,otra
2024-12-06 08:00:00,2024,12,6,NOROESTE3,0,1.656666666666667,9.3,9.0,5.0,,otra
2024-12-06 08:00:00,2024,12,6,NORTE2,1,0.9550000000000001,15.399999999999999,4.0,11.0,8.0,otra
2024-12-06 08:00:00,2024,12,6,SUR,0,1.1475,12.3,13.0,16.666666666666668,4.41,otra
2024-12-06 08:00:00,2024,12,6,SUROESTE2,0,1.46,20.9,5.5,13.5,6.0,otra
2024-12-07 07:00:00,2024,12,7,CENTRO,0,1.99,18.5,4.0,16.0,,otra
2024-12-07 07:00:00,2024,12,7,NORESTE3,0,0.6143333333333333,11.933333333333332,11.133333333333333,8.33,8.0,otra
2024-12-07 07:00:00,2024,12,7,NOROESTE3,0,1.57,9.600000000000001,6.0,2.3333333333333335,,otra
2024-12-07 07:00:00,2024,12,7,NORTE2,0,0.6599999999999999,15.450000000000001,6.0,3.0,2.0,otra
2024-12-07 07:00:00,2024,12,7,SUR,0,0.975,9.65,10.5,13.333333333333334,7.16,otra
2024-12-07 07:00:00,2024,12,7,SUROESTE2,0,1.49,18.45,1.5,7.5,9.0,otra
2024-12-07 08:00:00,2024,12,7,CENTRO,0,2.03,18.6,4.0,21.0,,otra
2024-12-07 08:00:00,2024,12,7,NORESTE3,0,0.648,12.366666666666667,10.299999999999999,6.4399999999999995,4.0,otra
2024-12-07 08:00:00,2024,12,7,NOROESTE3,0,1.6233333333333333,10.25,4.666666666666667,7.0,3.5,otra
2024-12-07 08:00:00,2024,12,7,NORTE2,0,0.735,17.049999999999997,6.0,7.0,2.5,otra
2024-12-07 08:00:00,2024,12,7,SUR,0,0.995,11.875,8.0,14.666666666666666,6.93,otra
2024-12-07 08:00:00,2024,12,7,SUROESTE2,0,1.415,18.7,1.5,10.5,,otra
2024-12-08 07:00:00,2024,12,8,CENTRO,0,2.46,12.8,,49.0,,otra
2024-12-08 07:00:00,2024,12,8,NORESTE3,0,0.8186666666666667,12.533333333333333,3.2,19.903333333333332,18.45,otra
2024-12-08 07:00:00,2024,12,8,NOROESTE3,0,2.066666666666667,8.85,6.0,21.0,6.1,otra
2024-12-08 07:00:00,2024,12,8,NORTE2,0,1.35,15.05,2.0,28.0,20.5,otra
2024-12-08 07:00:00,2024,12,8,SUR,0,1.0474999999999999,7.225,12.0,32.75,23.073333333333334,otra
2024-12-08 07:00:00,2024,12,8,SUROESTE2,0,1.8900000000000001,14.45,2.0,61.5,48.295,otra
2024-12-08 08:00:00,2024,12,8,CENTRO,0,2.57,12.5,,50.0,,otra
2024-12-08 08:00:00,2024,12,8,NORESTE3,0,0.8373333333333334,11.1,5.6,24.310000000000002,21.51,otra
2024-12-08 08:00:00,2024,12,8,NOROESTE3,0,2.17,8.25,9.0,24.666666666666668,5.21,otra
2024-12-08 08:00:00,2024,12,8,NORTE2,0,1.45,15.350000000000001,2.0,37.0,21.0,otra
2024-12-08 08:00:00,2024,12,8,SUR,0,1.0925,7.45,11.0,25.25,16.333333333333332,otra
2024-12-08 08:00:00,2024,12,8,SUROESTE2,0,2.08,14.399999999999999,,69.0,39.0,otra
2024-12-09 07:00:00,2024,12,9,CENTRO,0,2.81,22.5,,42.0,,otra
2024-12-09 07:00:00,2024,12,9,NORESTE3,0,2.189,19.900000000000002,3.75,112.50999999999999,61.92,otra
2024-12-09 07:00:00,2024,12,9,NOROESTE3,0,2.5549999999999997,19.2,5.0,111.5,9.47,otra
2024-12-09 07:00:00,2024,12,9,NORTE2,1,2.2600000000000002,28.650000000000002,2.0,111.0,22.0,otra
2024-12-09 07:00:00,2024,12,9,SUR,0,1.8900000000000001,13.275,4.0,80.5,36.230000000000004,otra
2024-12-09 07:00:00,2024,12,9,SUROESTE2,0,1.625,27.4,2.0,51.5,17.98,otra
2024-12-09 08:00:00,2024,12,9,CENTRO,0,2.73,27.3,,42.0,,otra
2024-12-09 08:00:00,2024,12,9,NORESTE3,0,1.888333333333333,20.433333333333334,3.7,108.35666666666667,39.83,otra
2024-12-09 08:00:00,2024,12,9,NOROESTE3,0,2.835,19.7,5.0,86.5,9.55,otra
2024-12-09 08:00:00,2024,12,9,NORTE2,1,1.7750000000000001,28.6,1.5,104.0,18.0,otra
2024-12-09 08:00:00,2024,12,9,SUR,0,1.7925,16.1,3.0,77.0,31.9575,otra
2024-12-09 08:00:00,2024,12,9,SUROESTE2,0,2.855,29.35,2.0,83.0,25.5,otra
2024-12-10 07:00:00,2024,12,10,CENTRO,0,2.57,28.5,4.0,50.0,15.02,otra
2024-12-10 07:00:00,2024,12,10,NORESTE3,0,1.4523333333333335,25.2,3.1,133.83666666666667,46.96,otra
2024-12-10 07:00:00,2024,12,10,NOROESTE3,0,1.8033333333333335,18.85,3.0,59.0,4.68,otra
2024-12-10 07:00:00,2024,12,10,NORTE2,1,1.72,36.2,2.5,92.5,31.0,otra
2024-12-10 07:00:00,2024,12,10,SUR,0,1.5325,15.95,2.0,83.25,20.78,otra
2024-12-10 07:00:00,2024,12,10,SUROESTE2,0,1.71,28.0,4.0,85.5,26.17,otra
2024-12-10 08:00:00,2024,12,10,CENTRO,0,3.19,30.5,4.0,48.0,18.32,otra
2024-12-10 08:00:00,2024,12,10,NORESTE3,0,1.6933333333333334,26.666666666666668,3.75,138.51666666666668,41.5,otra
2024-12-10 08:00:00,2024,12,10,NOROESTE3,0,1.9833333333333334,19.049999999999997,3.6666666666666665,51.666666666666664,5.79,otra
2024-12-10 08:00:00,2024,12,10,NORTE2,1,1.94,33.95,3.0,143.0,23.0,otra
2024-12-10 08:00:00,2024,12,10,SUR,0,2.0275,17.825,7.0,125.25,30.1825,otra
2024-12-10 08:00:00,2024,12,10,SUROESTE2,0,3.59,31.45,3.5,80.0,35.254999999999995,otra
2024-12-11 07:00:00,2024,12,11,CENTRO,0,2.23,28.4,10.0,33.0,9.84,otra
2024-12-11 07:00:00,2024,12,11,NORESTE3,0,0.9183333333333334,22.65,9.966666666666667,41.75666666666667,8.45,otra
2024-12-11 07:00:00,2024,12,11,NOROESTE3,0,2.1666666666666665,20.1,3.3333333333333335,71.66666666666667,,otra
2024-12-11 07:00:00,2024,12,11,NORTE2,1,0.76,31.85,5.5,35.0,7.0,otra
2024-12-11 07:00:00,2024,12,11,SUR,0,1.04,15.575,16.25,44.75,7.3325,otra
2024-12-11 07:00:00,2024,12,11,SUROESTE2,0,1.025,23.1,14.0,20.0,6.8,otra
2024-12-11 08:00:00,2024,12,11,CENTRO,0,2.32,30.6,10.0,37.0,11.32,otra
2024-12-11 08:00:00,2024,12,11,NORESTE3,0,1.2026666666666668,27.55,6.2,60.44333333333333,11.77,otra
2024-12-11 08:00:00,2024,12,11,NOROESTE3,0,2.43,20.200000000000003,3.6666666666666665,82.66666666666667,,otra
2024-12-11 08:00:00,2024,12,11,NORTE2,1,1.0150000000000001,33.2,3.5,59.5,16.0,otra
2024-12-11 08:00:00,2024,12,11,SUR,0,1.1275,19.3,12.0,47.25,8.6,otra
2024-12-11 08:00:00,2024,12,11,SUROESTE2,0,1.5150000000000001,30.8,9.0,23.0,10.195,otra
2024-12-12 07:00:00,2024,12,12,CENTRO,0,2.34,30.1,6.0,42.0,14.96,otra
2024-12-12 07:00:00,2024,12,12,NORESTE3,0,1.0946666666666667,29.05,4.5,69.42666666666666,20.17,otra
2024-12-12 07:00:00,2024,12,12,NOROESTE3,0,1.9766666666666666,21.15,6.0,58.0,7.85,otra
2024-12-12 07:00:00,2024,12,12,NORTE2,1,1.185,38.95,2.5,80.0,17.0,otra
2024-12-12 07:00:00,2024,12,12,SUR,0,1.17,19.475,5.75,75.5,15.333333333333334,otra
2024-12-12 07:00:00,2024,12,12,SUROESTE2,0,1.475,29.549999999999997,5.0,62.0,34.91,otra
2024-12-12 08:00:00,2024,12,12,CENTRO,0,2.59,32.7,5.0,45.0,18.59,otra
2024-12-12 08:00:00,2024,12,12,NORESTE3,0,1.5103333333333333,30.05,5.5,108.52666666666669,25.6,otra
2024-12-12 08:00:00,2024,12,12,NOROESTE3,0,2.3333333333333335,21.299999999999997,3.5,82.33333333333333,10.77,otra
2024-12-12 08:00:00,2024,12,12,NORTE2,1,1.405,39.8,2.0,108.0,22.0,otra
2024-12-12 08:00:00,2024,12,12,SUR,0,1.3275,19.525,6.25,87.75,23.5575,otra
2024-12-12 08:00:00,2024,12,12,SUROESTE2,0,1.9649999999999999,30.15,3.0,79.0,36.345,otra
2024-12-13 07:00:00,2024,12,13,CENTRO,0,2.63,27.5,,51.0,30.72,otra
2024-12-13 07:00:00,2024,12,13,NORESTE3,0,1.1703333333333334,27.05,4.0,86.92666666666666,27.66,otra
2024-12-13 07:00:00,2024,12,13,NOROESTE3,0,2.626666666666667,15.95,,72.66666666666667,10.09,otra
2024-12-13 07:00:00,2024,12,13,NORTE2,1,1.49,29.6,2.5,101.0,34.0,otra
2024-12-13 07:00:00,2024,12,13,SUR,0,1.4375,18.55,4.0,95.5,26.7575,otra
2024-12-13 07:00:00,2024,12,13,SUROESTE2,0,1.9700000000000002,25.25,3.5,63.0,36.025,otra
2024-12-13 08:00:00,2024,12,13,CENTRO,0,2.86,29.2,,67.0,31.72,otra
2024-12-13 08:00:00,2024,12,13,NORESTE3,0,1.5719999999999998,28.65,5.0,126.60333333333334,33.4,otra
2024-12-13 08:00:00,2024,12,13,NOROESTE3,0,2.91,15.8,,107.0,11.69,otra
2024-12-13 08:00:00,2024,12,13,NORTE2,1,1.55,32.2,2.0,77.0,17.0,otra
2024-12-13 08:00:00,2024,12,13,SUR,0,1.5075,19.85,3.5,106.75,30.4775,otra
2024-12-13 08:00:00,2024,12,13,SUROESTE2,0,2.71,27.1,5.5,98.0,54.235,otra
2024-12-14 07:00:00,2024,12,14,CENTRO,0,2.84,26.0,,67.0,42.81,otra
2024-12-14 07:00:00,2024,12,14,NORESTE3,0,1.059,23.549999999999997,4.5,74.33666666666666,37.9,otra
2024-12-14 07:00:00,2024,12,14,NOROESTE3,0,2.316666666666667,14.55,,87.33333333333333,,otra
2024-12-14 07:00:00,2024,12,14,NORTE2,0,1.6099999999999999,26.5,1.0,93.0,32.0,otra
2024-12-14 07:00:00,2024,12,14,SUR,0,1.4100000000000001,16.05,3.0,87.25,30.1025,otra
2024-12-14 07:00:00,2024,12,14,SUROESTE2,0,1.9649999999999999,22.6,2.0,118.5,53.24,otra
2024-12-14 08:00:00,2024,12,14,CENTRO,0,2.83,23.3,,58.0,38.72,otra
2024-12-14 08:00:00,2024,12,14,NORESTE3,0,1.3453333333333335,23.6,5.0,95.96999999999998,41.73,otra
2024-12-14 08:00:00,2024,12,14,NOROESTE3,0,2.6066666666666665,15.850000000000001,,73.0,,otra
2024-12-14 08:00:00,2024,12,14,NORTE2,0,1.62,26.75,1.0,107.0,28.5,otra
2024-12-14 08:00:00,2024,12,14,SUR,0,1.615,16.575,4.0,102.0,35.4275,otra
2024-12-14 08:00:00,2024,12,14,SUROESTE2,0,2.48,23.25,2.5,93.0,53.48,otra
2024-12-15 07:00:00,2024,12,15,CENTRO,0,2.52,16.2,7.0,71.0,48.34,otra
2024-12-15 07:00:00,2024,12,15,NORESTE3,0,0.6756666666666667,10.9,11.0,23.373333333333335,21.95,otra
2024-12-15 07:00:00,2024,12,15,NOROESTE3,0,1.8266666666666669,9.2,9.5,36.0,,otra
2024-12-15 07:00:00,2024,12,15,NORTE2,0,0.835,14.05,8.0,52.5,18.5,otra
2024-12-15 07:00:00,2024,12,15,SUR,0,1.0325,4.65,15.5,25.5,10.666666666666666,otra
2024-12-15 07:00:00,2024,12,15,SUROESTE2,0,1.675,20.0,1.5,68.0,36.66,otra
2024-12-15 08:00:00,2024,12,15,CENTRO,0,2.49,18.4,6.0,62.0,36.0,otra
2024-12-15 08:00:00,2024,12,15,NORESTE3,0,0.729,12.55,10.5,28.346666666666664,26.87,otra
2024-12-15 08:00:00,2024,12,15,NOROESTE3,0,1.6666666666666667,6.65,11.333333333333334,34.333333333333336,,otra
2024-12-15 08:00:00,2024,12,15,NORTE2,0,0.855,13.65,7.0,43.5,18.5,otra
2024-12-15 08:00:00,2024,12,15,SUR,0,1.07,6.1499999999999995,14.25,21.5,10.666666666666666,otra
2024-12-15 08:00:00,2024,12,15,SUROESTE2,0,1.675,17.6,3.0,81.5,41.375,otra
2024-12-16 07:00:00,2024,12,16,CENTRO,0,2.57,18.9,7.0,66.0,41.51,otra
2024-12-16 07:00:00,2024,12,16,NORESTE3,0,0.7183333333333333,16.5,8.0,39.35333333333333,20.08,otra
2024-12-16 07:00:00,2024,12,16,NOROESTE3,0,2.0166666666666666,11.05,3.0,66.66666666666667,,otra
2024-12-16 07:00:00,2024,12,16,NORTE2,1,1.025,21.7,1.5,64.0,35.0,otra
2024-12-16 07:00:00,2024,12,16,SUR,0,1.0375,10.325,11.5,53.75,25.09,otra
2024-12-16 07:00:00,2024,12,16,SUROESTE2,0,1.715,17.6,1.5,57.5,37.45,otra
2024-12-16 08:00:00,2024,12,16,CENTRO,0,2.68,20.6,5.0,68.0,38.8,otra
2024-12-16 08:00:00,2024,12,16,NORESTE3,0,0.8253333333333334,19.3,5.5,43.81,20.74,otra
2024-12-16 08:00:00,2024,12,16,NOROESTE3,0,2.2066666666666666,11.399999999999999,2.6666666666666665,68.33333333333333,,otra
2024-12-16 08:00:00,2024,12,16,NORTE2,1,1.275,22.15,1.5,48.0,23.0,otra
2024-12-16 08:00:00,2024,12,16,SUR,0,1.0675000000000001,11.4,10.75,53.0,23.810000000000002,otra
2024-12-16 08:00:00,2024,12,16,SUROESTE2,0,1.77,19.4,1.5,76.5,44.875,otra
2024-12-17 07:00:00,2024,12,17,CENTRO,0,2.57,19.5,8.0,35.0,20.88,otra
2024-12-17 07:00:00,2024,12,17,NORESTE3,0,0.8116666666666666,19.450000000000003,4.766666666666667,54.596666666666664,17.59,otra
2024-12-17 07:00:00,2024,12,17,NOROESTE3,0,1.6833333333333333,8.95,10.0,38.0,6.89,otra
2024-12-17 07:00:00,2024,12,17,NORTE2,1,0.9650000000000001,22.9,2.5,48.5,13.5,otra
2024-12-17 07:00:00,2024,12,17,SUR,0,1.1500000000000001,10.575,10.0,51.25,20.8475,otra
2024-12-17 07:00:00,2024,12,17,SUROESTE2,0,1.6800000000000002,21.05,2.5,52.5,31.005,otra
2024-12-17 08:00:00,2024,12,17,CENTRO,0,2.78,20.5,4.0,44.0,31.26,otra
2024-12-17 08:00:00,2024,12,17,NORESTE3,0,0.8370000000000001,18.85,5.1000000000000005,62.723333333333336,22.17,otra
2024-12-17 08:00:00,2024,12,17,NOROESTE3,0,1.7966666666666666,11.850000000000001,6.666666666666667,37.666666666666664,6.76,otra
2024-12-17 08:00:00,2024,12,17,NORTE2,1,1.0150000000000001,23.5,2.5,51.5,16.5,otra
2024-12-17 08:00:00,2024,12,17,SUR,0,1.1675,9.55,10.75,48.25,21.1,otra
2024-12-17 08:00:00,2024,12,17,SUROESTE2,0,1.815,21.549999999999997,2.5,60.0,31.825,otra
2024-12-18 07:00:00,2024,12,18,CENTRO,0,2.62,18.5,4.0,57.0,32.83,otra
2024-12-18 07:00:00,2024,12,18,NORESTE3,0,0.7066666666666666,15.866666666666667,4.733333333333333,33.51,10.54,otra
2024-12-18 07:00:00,2024,12,18,NOROESTE3,0,1.8166666666666667,8.100000000000001,6.0,48.0,9.05,otra
2024-12-18 07:00:00,2024,12,18,NORTE2,1,1.04,22.25,2.5,27.0,11.5,otra
2024-12-18 07:00:00,2024,12,18,SUR,0,1.0025,11.899999999999999,7.5,35.25,14.285,otra
2024-12-18 07:00:00,2024,12,18,SUROESTE2,0,1.6749999999999998,13.6,4.0,63.5,31.89,otra
2024-12-18 08:00:00,2024,12,18,CENTRO,0,2.78,18.3,,72.0,34.18,otra
2024-12-18 08:00:00,2024,12,18,NORESTE3,0,0.831,17.433333333333334,3.733333333333333,60.26666666666667,16.46,otra
2024-12-18 08:00:00,2024,12,18,NOROESTE3,0,2.016666666666667,9.1,5.0,43.666666666666664,9.0,otra
2024-12-18 08:00:00,2024,12,18,NORTE2,1,1.16,21.15,2.5,43.0,9.5,otra
2024-12-18 08:00:00,2024,12,18,SUR,0,1.1275,14.025,5.25,47.75,16.9975,otra
2024-12-18 08:00:00,2024,12,18,SUROESTE2,0,2.295,17.6,3.5,72.5,40.85,otra
2024-12-19 07:00:00,2024,12,19,CENTRO,0,2.42,21.4,11.0,32.0,15.08,otra
2024-12-19 07:00:00,2024,12,19,NORESTE3,0,0.651,13.966666666666667,16.7,25.886666666666667,7.43,otra
2024-12-19 07:00:00,2024,12,19,NOROESTE3,0,1.6433333333333333,8.85,16.0,21.0,,otra
2024-12-19 07:00:00,2024,12,19,NORTE2,0,0.755,22.1,10.5,54.0,8.5,otra
2024-12-19 07:00:00,2024,12,19,SUR,0,1.0725,9.55,20.0,27.25,8.805,otra
2024-12-19 07:00:00,2024,12,19,SUROESTE2,0,1.2850000000000001,13.05,20.0,15.5,8.825,otra
2024-12-19 08:00:00,2024,12,19,CENTRO,0,2.55,22.2,10.0,34.0,11.42,otra
2024-12-19 08:00:00,2024,12,19,NORESTE3,0,0.755,18.566666666666666,11.533333333333333,36.306666666666665,8.47,otra
2024-12-19 08:00:00,2024,12,19,NOROESTE3,0,1.623333333333333,8.0,15.666666666666666,28.333333333333332,,otra
2024-12-19 08:00:00,2024,12,19,NORTE2,0,0.88,23.25,10.5,58.0,6.0,otra
2024-12-19 08:00:00,2024,12,19,SUR,0,1.0625,11.1,15.75,34.0,7.396666666666666,otra
2024-12-19 08:00:00,2024,12,19,SUROESTE2,0,1.28,18.450000000000003,12.5,29.5,13.65,otra
2024-12-20 07:00:00,2024,12,20,CENTRO,0,2.69,29.1,,47.0,33.99,otra
2024-12-20 07:00:00,2024,12,20,NORESTE3,0,0.828,25.8,3.8666666666666667,60.673333333333325,20.93,otra
2024-12-20 07:00:00,2024,12,20,NOROESTE3,0,2.14,14.95,3.0,77.33333333333333,,otra
2024-12-20 07:00:00,2024,12,20,NORTE2,0,1.1400000000000001,33.55,2.0,117.5,18.5,otra
2024-12-20 07:00:00,2024,12,20,SUR,0,1.1124999999999998,16.875,5.5,59.25,18.0,otra
2024-12-20 07:00:00,2024,12,20,SUROESTE2,0,1.7,24.5,2.0,69.5,36.364999999999995,otra
2024-12-20 08:00:00,2024,12,20,CENTRO,0,2.84,30.6,,71.0,36.67,otra
2024-12-20 08:00:00,2024,12,20,NORESTE3,0,0.9493333333333333,26.599999999999998,4.2,83.24,27.97,otra
2024-12-20 08:00:00,2024,12,20,NOROESTE3,0,2.2399999999999998,14.65,3.0,82.33333333333333,,otra
2024-12-20 08:00:00,2024,12,20,NORTE2,0,1.175,33.7,2.5,88.0,19.0,otra
2024-12-20 08:00:00,2024,12,20,SUR,0,1.1675,18.025,5.5,68.25,19.333333333333332,otra
2024-12-20 08:00:00,2024,12,20,SUROESTE2,0,1.825,27.85,2.0,79.0,26.725,otra
2024-12-21 07:00:00,2024,12,21,CENTRO,0,2.4,15.7,22.0,31.0,15.47,otra
2024-12-21 07:00:00,2024,12,21,NORESTE3,0,0.67,13.666666666666666,22.400000000000002,20.883333333333333,10.19,otra
2024-12-21 07:00:00,2024,12,21,NOROESTE3,0,1.8800000000000001,10.6,18.333333333333332,32.0,7.97,otra
2024-12-21 07:00:00,2024,12,21,NORTE2,0,0.7050000000000001,17.55,22.5,14.5,7.5,otra
2024-12-21 07:00:00,2024,12,21,SUR,0,1.2933333333333332,7.574999999999999,29.0,22.0,7.73,otra
2024-12-21 07:00:00,2024,12,21,SUROESTE2,0,1.355,13.75,20.5,56.0,25.875,otra
2024-12-21 08:00:00,2024,12,21,CENTRO,0,2.39,18.3,19.0,26.0,9.82,otra
2024-12-21 08:00:00,2024,12,21,NORESTE3,0,0.6703333333333333,14.533333333333333,24.03333333333333,16.756666666666664,9.34,otra
2024-12-21 08:00:00,2024,12,21,NOROESTE3,0,1.8033333333333335,11.350000000000001,17.666666666666668,28.0,6.58,otra
2024-12-21 08:00:00,2024,12,21,NORTE2,0,0.735,19.55,19.5,19.0,8.0,otra
2024-12-21 08:00:00,2024,12,21,SUR,0,1.3,6.6499999999999995,30.5,18.0,7.666666666666667,otra
2024-12-21 08:00:00,2024,12,21,SUROESTE2,0,1.475,19.15,14.0,47.0,21.490000000000002,otra
2024-12-22 07:00:00,2024,12,22,CENTRO,0,2.39,24.3,4.0,41.0,38.89,otra
2024-12-22 07:00:00,2024,12,22,NORESTE3,0,0.631,12.133333333333333,17.466666666666665,30.69333333333333,15.87,otra
2024-12-22 07:00:00,2024,12,22,NOROESTE3,0,1.97,9.850000000000001,10.333333333333334,28.666666666666668,8.92,otra
2024-12-22 07:00:00,2024,12,22,NORTE2,0,0.75,16.15,12.0,33.5,13.5,otra
2024-12-22 07:00:00,2024,12,22,SUR,0,1.3466666666666667,6.525,17.25,25.75,8.666666666666666,otra
2024-12-22 07:00:00,2024,12,22,SUROESTE2,0,1.41,22.9,2.5,52.5,30.0,otra
2024-12-22 08:00:00,2024,12,22,CENTRO,0,2.41,22.1,5.0,51.0,31.82,otra
2024-12-22 08:00:00,2024,12,22,NORESTE3,0,0.6686666666666667,13.566666666666668,15.266666666666666,27.03333333333333,13.89,otra
2024-12-22 08:00:00,2024,12,22,NOROESTE3,0,2.0866666666666664,10.65,8.333333333333334,32.0,9.94,otra
2024-12-22 08:00:00,2024,12,22,NORTE2,0,0.9,19.5,9.0,39.0,14.0,otra
2024-12-22 08:00:00,2024,12,22,SUR,0,1.3233333333333335,6.800000000000001,17.5,26.25,11.0,otra
2024-12-22 08:00:00,2024,12,22,SUROESTE2,0,1.42,23.05,2.0,55.5,34.0,otra
2024-12-23 07:00:00,2024,12,23,CENTRO,0,2.36,16.0,5.0,51.0,25.04,otra
2024-12-23 07:00:00,2024,12,23,NORESTE3,0,0.8283333333333333,15.666666666666666,9.066666666666666,41.050000000000004,24.38,otra
2024-12-23 07:00:00,2024,12,23,NOROESTE3,0,2.17,12.3,3.0,63.666666666666664,11.79,otra
2024-12-23 07:00:00,2024,12,23,NORTE2,0,0.965,19.85,2.5,34.5,11.0,otra
2024-12-23 07:00:00,2024,12,23,SUR,0,1.3033333333333335,7.7250000000000005,8.75,26.25,12.870000000000001,otra
2024-12-23 07:00:00,2024,12,23,SUROESTE2,0,1.5899999999999999,14.65,2.5,80.5,28.975,otra
2024-12-23 08:00:00,2024,12,23,CENTRO,0,2.5,17.0,4.0,56.0,23.95,otra
2024-12-23 08:00:00,2024,12,23,NORESTE3,0,1.1983333333333333,15.9,8.299999999999999,56.38666666666666,36.29,otra
2024-12-23 08:00:00,2024,12,23,NOROESTE3,0,2.276666666666667,11.55,3.3333333333333335,57.333333333333336,12.61,otra
2024-12-23 08:00:00,2024,12,23,NORTE2,0,1.22,22.15,2.0,50.0,16.0,otra
2024-12-23 08:00:00,2024,12,23,SUR,0,1.4333333333333333,8.3,7.25,32.25,13.8825,otra
2024-12-23 08:00:00,2024,12,23,SUROESTE2,0,1.8099999999999998,15.45,2.5,80.0,23.635,otra
2024-12-24 07:00:00,2024,12,24,CENTRO,0,2.48,19.3,5.0,49.0,,otra
2024-12-24 07:00:00,2024,12,24,NORESTE3,0,0.661,15.1,9.433333333333334,38.306666666666665,33.8,otra
2024-12-24 07:00:00,2024,12,24,NOROESTE3,0,2.0833333333333335,15.1,4.0,62.666666666666664,6.36,otra
2024-12-24 07:00:00,2024,12,24,NORTE2,0,1.085,22.75,4.0,64.5,22.0,otra
2024-12-24 07:00:00,2024,12,24,SUR,0,1.13,10.875,12.666666666666666,42.5,22.8575,otra
2024-12-24 07:00:00,2024,12,24,SUROESTE2,0,1.525,22.75,4.0,50.5,10.0,otra
2024-12-24 08:00:00,2024,12,24,CENTRO,0,2.68,15.8,4.0,59.0,44.36,otra
2024-12-24 08:00:00,2024,12,24,NORESTE3,0,0.7133333333333334,16.433333333333334,10.066666666666666,44.64000000000001,31.12,otra
2024-12-24 08:00:00,2024,12,24,NOROESTE3,0,2.2600000000000002,15.25,3.3333333333333335,55.333333333333336,6.71,otra
2024-12-24 08:00:00,2024,12,24,NORTE2,0,1.115,24.45,3.5,61.0,27.0,otra
2024-12-24 08:00:00,2024,12,24,SUR,0,1.1675,11.275,11.0,42.75,26.4775,otra
2024-12-24 08:00:00,2024,12,24,SUROESTE2,0,1.925,25.45,3.5,88.5,31.13,otra
2024-12-25 07:00:00,2024,12,25,CENTRO,0,2.39,13.8,14.0,44.0,23.1,otra
2024-12-25 07:00:00,2024,12,25,NORESTE3,0,0.5533333333333333,6.766666666666667,23.633333333333336,24.613333333333333,15.86,otra
2024-12-25 07:00:00,2024,12,25,NOROESTE3,0,2.3000000000000003,12.399999999999999,3.3333333333333335,58.666666666666664,13.79,otra
2024-12-25 07:00:00,2024,12,25,NORTE2,0,0.635,6.199999999999999,22.5,28.0,12.5,otra
2024-12-25 07:00:00,2024,12,25,SUR,0,1.5133333333333334,5.174999999999999,20.5,39.666666666666664,20.4675,otra
2024-12-25 07:00:00,2024,12,25,SUROESTE2,0,1.635,16.6,8.0,64.0,43.74,otra
2024-12-25 08:00:00,2024,12,25,CENTRO,0,2.5,12.9,20.0,45.0,21.21,otra
2024-12-25 08:00:00,2024,12,25,NORESTE3,0,0.5603333333333333,7.8999999999999995,25.366666666666664,23.72666666666667,15.16,otra
2024-12-25 08:00:00,2024,12,25,NOROESTE3,0,2.23,11.649999999999999,4.0,60.333333333333336,13.14,otra
2024-12-25 08:00:00,2024,12,25,NORTE2,0,0.6399999999999999,16.2,22.0,23.5,10.5,otra
2024-12-25 08:00:00,2024,12,25,SUR,0,1.45,5.15,23.25,40.333333333333336,16.095,otra
2024-12-25 08:00:00,2024,12,25,SUROESTE2,0,1.5799999999999998,14.6,9.5,41.5,36.585,otra
2024-12-26 07:00:00,2024,12,26,CENTRO,0,2.44,22.0,7.0,62.0,37.36,otra
2024-12-26 07:00:00,2024,12,26,NORESTE3,0,1.175,22.233333333333334,3.3,81.92666666666666,42.21,otra
2024-12-26 07:00:00,2024,12,26,NOROESTE3,0,1.9466666666666665,11.7,6.333333333333333,43.666666666666664,11.63,otra
2024-12-26 07:00:00,2024,12,26,NORTE2,0,1.085,22.3,3.0,56.0,27.5,otra
2024-12-26 07:00:00,2024,12,26,SUR,0,1.4633333333333332,13.725,6.25,64.33333333333333,28.915,otra
2024-12-26 07:00:00,2024,12,26,SUROESTE2,0,1.4849999999999999,20.6,5.0,45.0,30.9,otra
2024-12-26 08:00:00,2024,12,26,CENTRO,0,2.48,25.6,6.0,55.0,32.57,otra
2024-12-26 08:00:00,2024,12,26,NORESTE3,0,1.2023333333333335,21.2,4.333333333333333,90.13666666666666,44.14,otra
2024-12-26 08:00:00,2024,12,26,NOROESTE3,0,2.0233333333333334,12.7,5.333333333333333,44.666666666666664,11.16,otra
2024-12-26 08:00:00,2024,12,26,NORTE2,0,1.2,26.45,2.0,56.5,28.0,otra
2024-12-26 08:00:00,2024,12,26,SUR,0,1.6266666666666667,14.85,5.75,92.33333333333333,26.995,otra
2024-12-26 08:00:00,2024,12,26,SUROESTE2,0,1.96,24.450000000000003,4.0,64.0,34.655,otra
2024-12-27 07:00:00,2024,12,27,CENTRO,0,2.33,26.7,8.0,62.0,24.96,otra
2024-12-27 07:00:00,2024,12,27,NORESTE3,0,1.4403333333333332,25.933333333333334,1.4,139.8033333333333,62.34,otra
2024-12-27 07:00:00,2024,12,27,NOROESTE3,0,2.183333333333333,15.5,3.0,92.33333333333333,10.19,otra
2024-12-27 07:00:00,2024,12,27,NORTE2,0,1.375,27.4,1.0,111.0,28.5,otra
2024-12-27 07:00:00,2024,12,27,SUR,0,1.3575,17.0,3.0,95.75,41.6275,otra
2024-12-27 07:00:00,2024,12,27,SUROESTE2,0,1.595,18.05,11.5,187.0,46.7,otra
2024-12-27 08:00:00,2024,12,27,CENTRO,0,2.47,29.2,5.0,67.0,28.97,otra
2024-12-27 08:00:00,2024,12,27,NORESTE3,0,1.6403333333333334,24.633333333333336,1.5,173.18999999999997,60.67,otra
2024-12-27 08:00:00,2024,12,27,NOROESTE3,0,2.4,15.75,,91.33333333333333,9.41,otra
2024-12-27 08:00:00,2024,12,27,NORTE2,0,1.67,27.349999999999998,2.0,121.0,28.5,otra
2024-12-27 08:00:00,2024,12,27,SUR,0,1.4849999999999999,17.175,3.3333333333333335,104.5,33.54,otra
2024-12-27 08:00:00,2024,12,27,SUROESTE2,0,1.96,22.95,5.5,246.0,44.075,otra
2024-12-28 07:00:00,2024,12,28,CENTRO,0,2.27,31.7,7.0,41.0,24.76,otra
2024-12-28 07:00:00,2024,12,28,NORESTE3,0,1.3863333333333332,29.2,3.0666666666666664,114.60333333333334,47.68,otra
2024-12-28 07:00:00,2024,12,28,NOROESTE3,0,2.1300000000000003,20.1,5.0,108.0,5.34,otra
2024-12-28 07:00:00,2024,12,28,NORTE2,0,1.45,35.75,2.0,132.5,34.5,otra
2024-12-28 07:00:00,2024,12,28,SUR,0,1.5433333333333332,17.975,6.75,62.0,26.134999999999998,otra
2024-12-28 07:00:00,2024,12,28,SUROESTE2,0,1.565,28.8,7.0,75.0,31.415,otra
2024-12-28 08:00:00,2024,12,28,CENTRO,0,2.37,35.4,5.0,53.0,26.31,otra
2024-12-28 08:00:00,2024,12,28,NORESTE3,0,1.4489999999999998,28.333333333333332,4.2,139.42666666666665,56.83,otra
2024-12-28 08:00:00,2024,12,28,NOROESTE3,0,2.0533333333333332,18.7,6.666666666666667,85.0,6.03,otra
2024-12-28 08:00:00,2024,12,28,NORTE2,0,1.19,37.15,3.5,150.0,23.0,otra
2024-12-28 08:00:00,2024,12,28,SUR,0,1.64,20.25,5.666666666666667,71.0,30.325,otra
2024-12-28 08:00:00,2024,12,28,SUROESTE2,0,2.0300000000000002,36.15,3.0,103.0,38.2,otra
2024-12-29 07:00:00,2024,12,29,CENTRO,0,2.05,22.0,14.0,41.0,10.72,otra
2024-12-29 07:00:00,2024,12,29,NORESTE3,0,1.3503333333333334,27.53333333333333,3.7,94.33333333333333,24.05,otra
2024-12-29 07:00:00,2024,12,29,NOROESTE3,0,2.15,19.8,3.0,67.0,5.33,otra
2024-12-29 07:00:00,2024,12,29,NORTE2,0,1.2,35.05,2.0,61.0,15.5,otra
2024-12-29 07:00:00,2024,12,29,SUR,0,1.8366666666666667,16.65,9.25,58.5,19.75,otra
2024-12-29 07:00:00,2024,12,29,SUROESTE2,0,2.58,19.9,12.0,43.0,27.24,otra
2024-12-29 08:00:00,2024,12,29,CENTRO,0,2.09,27.8,9.0,37.0,11.45,otra
2024-12-29 08:00:00,2024,12,29,NORESTE3,0,1.4753333333333334,25.53333333333333,4.2,111.94333333333334,31.25,otra
2024-12-29 08:00:00,2024,12,29,NOROESTE3,0,2.223333333333333,19.85,3.0,65.0,8.11,otra
2024-12-29 08:00:00,2024,12,29,NORTE2,0,1.295,34.1,3.0,87.0,22.0,otra
2024-12-29 08:00:00,2024,12,29,SUR,0,1.9100000000000001,19.225,7.25,88.5,23.8325,otra
2024-12-29 08:00:00,2024,12,29,SUROESTE2,0,3.15,21.1,11.0,58.0,18.31,otra
2024-12-30 07:00:00,2024,12,30,CENTRO,0,2.39,35.3,4.0,49.0,16.08,otra
2024-12-30 07:00:00,2024,12,30,NORESTE3,0,1.6393333333333333,30.0,8.7,117.58,47.24,otra
2024-12-30 07:00:00,2024,12,30,NOROESTE3,0,1.9100000000000001,17.3,12.0,39.666666666666664,5.0,otra
2024-12-30 07:00:00,2024,12,30,NORTE2,0,0.77,35.5,8.5,66.5,14.5,otra
2024-12-30 07:00:00,2024,12,30,SUR,0,1.75,18.075,9.666666666666666,64.75,17.53,otra
2024-12-30 07:00:00,2024,12,30,SUROESTE2,0,2.73,29.05,17.0,98.0,16.384999999999998,otra
2024-12-30 08:00:00,2024,12,30,CENTRO,0,2.53,36.4,6.0,53.0,17.3,otra
2024-12-30 08:00:00,2024,12,30,NORESTE3,0,1.862,30.299999999999997,9.9,123.99333333333334,46.67,otra
2024-12-30 08:00:00,2024,12,30,NOROESTE3,0,2.063333333333333,18.2,10.0,44.0,8.0,otra
2024-12-30 08:00:00,2024,12,30,NORTE2,0,1.215,36.75,8.0,57.0,11.5,otra
2024-12-30 08:00:00,2024,12,30,SUR,0,2.146666666666667,20.875,5.0,95.25,19.2625,otra
2024-12-30 08:00:00,2024,12,30,SUROESTE2,0,1.805,27.85,11.5,117.0,15.555,otra
2024-12-31 07:00:00,2024,12,31,CENTRO,0,1.9,22.9,18.0,50.0,12.68,otra
2024-12-31 07:00:00,2024,12,31,NORESTE3,0,1.407,31.366666666666664,5.45,97.45333333333333,27.53,otra
2024-12-31 07:00:00,2024,12,31,NOROESTE3,0,1.8366666666666667,16.049999999999997,9.666666666666666,40.666666666666664,4.49,otra
2024-12-31 07:00:00,2024,12,31,NORTE2,0,0.765,33.95,6.5,76.5,11.0,otra
2024-12-31 07:00:00,2024,12,31,SUR,0,1.285,17.85,11.75,57.0,9.6375,otra
2024-12-31 07:00:00,2024,12,31,SUROESTE2,0,2.87,26.450000000000003,9.5,172.0,27.05,otra
2024-12-31 08:00:00,2024,12,31,CENTRO,0,2.07,31.7,8.0,74.0,12.56,otra
2024-12-31 08:00:00,2024,12,31,NORESTE3,0,1.4826666666666668,30.933333333333334,5.1,113.75999999999999,26.27,otra
2024-12-31 08:00:00,2024,12,31,NOROESTE3,0,1.99,17.4,7.333333333333333,43.666666666666664,5.06,otra
2024-12-31 08:00:00,2024,12,31,NORTE2,0,1.115,38.55,3.5,60.5,11.0,otra
2024-12-31 08:00:00,2024,12,31,SUR,0,1.5575,19.825000000000003,10.0,62.0,14.9475,otra
2024-12-31 08:00:00,2024,12,31,SUROESTE2,0,1.6600000000000001,32.1,6.0,152.0,23.225,otra
2025-01-01 07:00:00,2025,1,1,CENTRO,0,2.14,9.1,32.0,54.0,44.91,invierno
2025-01-01 07:00:00,2025,1,1,NORESTE3,0,0.834,14.700000000000001,14.9,68.19,45.59,invierno
2025-01-01 07:00:00,2025,1,1,NOROESTE3,0,2.2933333333333334,12.6,8.333333333333334,71.66666666666667,15.29,invierno
2025-01-01 07:00:00,2025,1,1,NORTE2,0,0.76,15.7,17.0,74.5,40.5,invierno
2025-01-01 07:00:00,2025,1,1,SUR,0,1.135,7.25,20.25,50.25,24.5825,invierno
2025-01-01 07:00:00,2025,1,1,SUROESTE2,0,1.425,17.7,16.5,68.0,50.91,invierno
2025-01-01 08:00:00,2025,1,1,CENTRO,0,2.16,19.8,18.0,52.0,43.29,invierno
2025-01-01 08:00:00,2025,1,1,NORESTE3,0,0.965,14.700000000000001,16.0,79.125,49.78,invierno
2025-01-01 08:00:00,2025,1,1,NOROESTE3,0,2.3866666666666667,13.2,6.0,66.66666666666667,16.14,invierno
2025-01-01 08:00:00,2025,1,1,NORTE2,0,0.8200000000000001,19.8,11.5,59.0,34.0,invierno
2025-01-01 08:00:00,2025,1,1,SUR,0,1.1325,10.5,14.0,53.75,27.105,invierno
2025-01-01 08:00:00,2025,1,1,SUROESTE2,0,1.4749999999999999,20.85,10.5,59.0,45.34,invierno
2025-01-02 07:00:00,2025,1,2,CENTRO,0,2.17,17.7,14.0,,47.88,invierno
2025-01-02 07:00:00,2025,1,2,NORESTE3,0,0.763,13.933333333333332,14.433333333333332,32.12,18.63,invierno
2025-01-02 07:00:00,2025,1,2,NOROESTE3,0,2.06,9.15,11.666666666666666,42.0,13.22,invierno
2025-01-02 07:00:00,2025,1,2,NORTE2,0,0.77,17.8,11.0,21.0,11.0,invierno
2025-01-02 07:00:00,2025,1,2,SUR,0,1.025,8.825,17.5,49.25,22.455,invierno
2025-01-02 07:00:00,2025,1,2,SUROESTE2,0,1.26,16.5,12.5,49.0,33.905,invierno
2025-01-02 08:00:00,2025,1,2,CENTRO,0,2.26,26.3,5.0,,48.46,invierno
2025-01-02 08:00:00,2025,1,2,NORESTE3,0,0.8756666666666666,19.53333333333333,8.933333333333334,33.71666666666667,20.42,invierno
2025-01-02 08:00:00,2025,1,2,NOROESTE3,0,2.063333333333333,11.25,7.333333333333333,49.666666666666664,13.9,invierno
2025-01-02 08:00:00,2025,1,2,NORTE2,0,1.05,21.2,7.0,24.5,16.5,invierno
2025-01-02 08:00:00,2025,1,2,SUR,0,1.03,11.35,13.25,51.25,23.77,invierno
2025-01-02 08:00:00,2025,1,2,SUROESTE2,0,1.325,19.55,7.5,47.0,32.345,invierno
2025-01-03 07:00:00,2025,1,3,CENTRO,0,2.44,26.7,4.0,74.0,60.8,invierno
2025-01-03 07:00:00,2025,1,3,NORESTE3,0,1.0073333333333334,20.666666666666668,3.8000000000000003,86.3,52.14,invierno
2025-01-03 07:00:00,2025,1,3,NOROESTE3,0,2.6233333333333335,15.100000000000001,3.0,102.66666666666667,18.46,invierno
2025-01-03 07:00:00,2025,1,3,NORTE2,0,1.57,26.5,2.0,141.0,48.5,invierno
2025-01-03 07:00:00,2025,1,3,SUR,0,1.36,12.875,2.6666666666666665,84.0,36.1225,invierno
2025-01-03 07:00:00,2025,1,3,SUROESTE2,0,1.845,25.6,3.0,120.0,56.285,invierno
2025-01-03 08:00:00,2025,1,3,CENTRO,0,2.67,29.1,4.0,79.0,62.19,invierno
2025-01-03 08:00:00,2025,1,3,NORESTE3,0,1.3490000000000002,20.666666666666668,2.65,118.13333333333333,67.8,invierno
2025-01-03 08:00:00,2025,1,3,NOROESTE3,0,2.7466666666666666,15.35,,103.66666666666667,18.48,invierno
2025-01-03 08:00:00,2025,1,3,NORTE2,0,1.8699999999999999,29.049999999999997,2.0,153.0,50.0,invierno
2025-01-03 08:00:00,2025,1,3,SUR,0,1.3375,13.850000000000001,2.6666666666666665,81.25,39.4025,invierno
2025-01-03 08:00:00,2025,1,3,SUROESTE2,0,2.285,25.900000000000002,4.0,157.0,60.705,invierno
2025-01-04 07:00:00,2025,1,4,CENTRO,0,2.21,19.7,9.0,49.0,37.9,invierno
2025-01-04 07:00:00,2025,1,4,NORESTE3,0,0.7286666666666667,13.666666666666666,8.933333333333334,21.05333333333333,19.59,invierno
2025-01-04 07:00:00,2025,1,4,NOROESTE3,0,2.3866666666666667,14.6,4.0,54.666666666666664,15.79,invierno
2025-01-04 07:00:00,2025,1,4,NORTE2,0,0.825,18.75,5.0,39.5,17.0,invierno
2025-01-04 07:00:00,2025,1,4,SUR,0,1.3566666666666667,9.85,11.0,35.25,21.235,invierno
2025-01-04 07:00:00,2025,1,4,SUROESTE2,0,1.565,15.95,4.0,55.0,32.725,invierno
2025-01-04 08:00:00,2025,1,4,CENTRO,0,2.27,22.3,7.0,47.0,37.99,invierno
2025-01-04 08:00:00,2025,1,4,NORESTE3,0,0.7593333333333333,15.266666666666666,7.566666666666666,24.713333333333335,21.39,invierno
2025-01-04 08:00:00,2025,1,4,NOROESTE3,0,2.44,15.55,3.0,72.0,15.6,invierno
2025-01-04 08:00:00,2025,1,4,NORTE2,0,0.91,22.700000000000003,4.5,56.5,18.5,invierno
2025-01-04 08:00:00,2025,1,4,SUR,0,1.3966666666666667,9.725,10.25,39.25,23.247500000000002,invierno
2025-01-04 08:00:00,2025,1,4,SUROESTE2,0,1.885,17.85,3.5,59.0,20.0,invierno
2025-01-05 07:00:00,2025,1,5,CENTRO,0,2.29,22.2,8.0,61.0,36.43,invierno
2025-01-05 07:00:00,2025,1,5,NORESTE3,0,0.8586666666666667,19.5,3.733333333333333,64.31,59.94,invierno
2025-01-05 07:00:00,2025,1,5,NOROESTE3,0,2.3866666666666667,12.0,6.666666666666667,60.333333333333336,9.35,invierno
2025-01-05 07:00:00,2025,1,5,NORTE2,0,1.315,23.950000000000003,2.5,86.0,48.5,invierno
2025-01-05 07:00:00,2025,1,5,SUR,0,1.4933333333333334,14.075,7.25,48.0,25.2375,invierno
2025-01-05 07:00:00,2025,1,5,SUROESTE2,0,1.6549999999999998,18.5,7.5,80.0,39.685,invierno
2025-01-05 08:00:00,2025,1,5,CENTRO,0,2.28,24.4,9.0,48.0,32.4,invierno
2025-01-05 08:00:00,2025,1,5,NORESTE3,0,1.0359999999999998,20.166666666666668,3.8333333333333335,72.15666666666667,57.67,invierno
2025-01-05 08:00:00,2025,1,5,NOROESTE3,0,2.47,11.55,8.333333333333334,48.333333333333336,8.7,invierno
2025-01-05 08:00:00,2025,1,5,NORTE2,0,1.1600000000000001,26.25,2.5,83.0,40.5,invierno
2025-01-05 08:00:00,2025,1,5,SUR,0,1.6633333333333333,14.525,6.5,55.5,26.555,invierno
2025-01-05 08:00:00,2025,1,5,SUROESTE2,0,1.9949999999999999,21.5,8.0,78.0,41.455,invierno
2025-01-06 07:00:00,2025,1,6,CENTRO,1,1.93,15.6,18.0,28.0,6.71,invierno
2025-01-06 07:00:00,2025,1,6,NORESTE3,0,0.8143333333333334,10.366666666666667,20.966666666666665,21.526666666666667,3.59,invierno
2025-01-06 07:00:00,2025,1,6,NOROESTE3,0,1.92,6.75,19.0,12.666666666666666,2.84,invierno
2025-01-06 07:00:00,2025,1,6,NORTE2,0,0.61,17.55,15.0,18.0,6.0,invierno
2025-01-06 07:00:00,2025,1,6,SUR,0,1.3333333333333333,8.675,20.0,36.25,7.933333333333334,invierno
2025-01-06 07:00:00,2025,1,6,SUROESTE2,0,1.115,16.799999999999997,15.5,23.0,7.3,invierno
2025-01-06 08:00:00,2025,1,6,CENTRO,1,1.95,18.5,14.0,44.0,7.08,invierno
2025-01-06 08:00:00,2025,1,6,NORESTE3,0,0.866,11.700000000000001,18.633333333333333,19.19333333333333,3.92,invierno
2025-01-06 08:00:00,2025,1,6,NOROESTE3,0,2.0333333333333337,9.45,15.333333333333334,15.666666666666666,3.66,invierno
2025-01-06 08:00:00,2025,1,6,NORTE2,0,0.715,18.85,11.5,34.5,4.5,invierno
2025-01-06 08:00:00,2025,1,6,SUR,0,1.36,10.425,17.75,37.0,3.56,invierno
2025-01-06 08:00:00,2025,1,6,SUROESTE2,0,1.1700000000000002,17.0,14.5,27.0,9.58,invierno
2025-01-07 07:00:00,2025,1,7,CENTRO,1,1.83,29.1,12.0,24.0,7.58,invierno
2025-01-07 07:00:00,2025,1,7,NORESTE3,0,1.102,21.066666666666666,19.233333333333334,24.406666666666666,5.33,invierno
2025-01-07 07:00:00,2025,1,7,NOROESTE3,0,1.96,8.35,25.666666666666668,20.666666666666668,3.59,invierno
2025-01-07 07:00:00,2025,1,7,NORTE2,0,0.6,24.700000000000003,18.0,18.5,5.0,invierno
2025-01-07 07:00:00,2025,1,7,SUR,0,1.0575,8.025,28.25,26.25,5.8933333333333335,invierno
2025-01-07 07:00:00,2025,1,7,SUROESTE2,0,2.08,19.6,20.0,17.0,10.2,invierno
2025-01-07 08:00:00,2025,1,7,CENTRO,1,1.91,27.3,14.0,42.0,10.01,invierno
2025-01-07 08:00:00,2025,1,7,NORESTE3,0,1.2506666666666666,28.03333333333333,11.033333333333333,34.346666666666664,5.8,invierno
2025-01-07 08:00:00,2025,1,7,NOROESTE3,0,2.013333333333333,11.15,23.666666666666668,21.333333333333332,3.85,invierno
2025-01-07 08:00:00,2025,1,7,NORTE2,0,0.7,27.900000000000002,15.5,18.0,6.0,invierno
2025-01-07 08:00:00,2025,1,7,SUR,0,1.1325,9.975,26.0,31.25,5.2125,invierno
2025-01-07 08:00:00,2025,1,7,SUROESTE2,0,1.19,25.45,14.5,19.5,10.25,invierno
2025-01-08 07:00:00,2025,1,8,CENTRO,1,1.95,21.1,21.0,25.0,16.98,invierno
2025-01-08 07:00:00,2025,1,8,NORESTE3,0,0.8810000000000001,13.300000000000002,25.633333333333336,14.516666666666666,8.5,invierno
2025-01-08 07:00:00,2025,1,8,NOROESTE3,0,1.9633333333333336,6.949999999999999,25.666666666666668,19.333333333333332,6.06,invierno
2025-01-08 07:00:00,2025,1,8,NORTE2,0,0.725,19.55,21.0,19.5,4.0,invierno
2025-01-08 07:00:00,2025,1,8,SUR,0,1.3,7.2,28.333333333333332,15.0,6.5,invierno
2025-01-08 07:00:00,2025,1,8,SUROESTE2,0,1.115,13.1,23.5,9.0,5.0,invierno
2025-01-08 08:00:00,2025,1,8,CENTRO,1,2.13,23.3,18.0,30.0,19.08,invierno
2025-01-08 08:00:00,2025,1,8,NORESTE3,0,0.91,14.833333333333334,23.8,13.933333333333332,8.22,invierno
2025-01-08 08:00:00,2025,1,8,NOROESTE3,0,2.026666666666667,8.45,21.333333333333332,26.0,6.83,invierno
2025-01-08 08:00:00,2025,1,8,NORTE2,0,0.7999999999999999,20.900000000000002,18.5,21.5,2.0,invierno
2025-01-08 08:00:00,2025,1,8,SUR,0,1.3466666666666667,10.433333333333332,24.333333333333332,19.0,10.333333333333334,invierno
2025-01-08 08:00:00,2025,1,8,SUROESTE2,0,1.175,17.35,18.5,9.0,6.0,invierno
2025-01-09 07:00:00,2025,1,9,CENTRO,1,1.9,24.5,7.0,25.0,20.01,invierno
2025-01-09 07:00:00,2025,1,9,NORESTE3,0,1.0023333333333333,17.833333333333332,9.9,10.24,13.12,invierno
2025-01-09 07:00:00,2025,1,9,NOROESTE3,0,2.3233333333333333,11.5,8.666666666666666,9.333333333333334,,invierno
2025-01-09 07:00:00,2025,1,9,NORTE2,1,0.9199999999999999,22.4,9.0,8.5,8.0,invierno
2025-01-09 07:00:00,2025,1,9,SUR,0,1.0525,8.175,16.5,19.0,7.0575,invierno
2025-01-09 07:00:00,2025,1,9,SUROESTE2,0,1.245,23.85,2.0,7.0,26.7,invierno
2025-01-09 08:00:00,2025,1,9,CENTRO,1,1.99,25.5,7.0,31.0,21.62,invierno
2025-01-09 08:00:00,2025,1,9,NORESTE3,0,1.0616666666666668,15.200000000000001,11.033333333333333,10.17,11.3,invierno
2025-01-09 08:00:00,2025,1,9,NOROESTE3,0,2.41,12.6,6.666666666666667,12.0,5.34,invierno
2025-01-09 08:00:00,2025,1,9,NORTE2,1,1.0150000000000001,24.35,4.0,8.5,10.0,invierno
2025-01-09 08:00:00,2025,1,9,SUR,0,1.045,10.149999999999999,13.75,13.25,8.0,invierno
2025-01-09 08:00:00,2025,1,9,SUROESTE2,0,1.335,24.6,2.0,9.0,30.65,invierno
2025-01-10 07:00:00,2025,1,10,CENTRO,1,2.06,16.1,15.0,30.0,13.04,invierno
2025-01-10 07:00:00,2025,1,10,NORESTE3,0,1.0206666666666666,10.699999999999998,20.5,12.286666666666667,12.94,invierno
2025-01-10 07:00:00,2025,1,10,NOROESTE3,0,2.1,9.25,11.0,12.666666666666666,,invierno
2025-01-10 07:00:00,2025,1,10,NORTE2,1,0.755,15.45,16.0,10.5,6.0,invierno
2025-01-10 07:00:00,2025,1,10,SUR,0,1.3466666666666667,5.9,24.0,14.666666666666666,12.795,invierno
2025-01-10 07:00:00,2025,1,10,SUROESTE2,0,1.355,18.6,7.5,24.5,18.0,invierno
2025-01-10 08:00:00,2025,1,10,CENTRO,1,1.94,22.3,9.0,27.0,15.19,invierno
2025-01-10 08:00:00,2025,1,10,NORESTE3,0,1.0646666666666667,12.6,17.433333333333334,15.85,13.9,invierno
2025-01-10 08:00:00,2025,1,10,NOROESTE3,0,2.1666666666666665,13.1,7.666666666666667,10.666666666666666,5.17,invierno
2025-01-10 08:00:00,2025,1,10,NORTE2,1,0.875,17.85,13.0,16.5,,invierno
2025-01-10 08:00:00,2025,1,10,SUR,0,1.37,7.0,22.75,16.5,7.0,invierno
2025-01-10 08:00:00,2025,1,10,SUROESTE2,0,1.345,20.85,7.5,14.5,11.0,invierno
2025-01-11 07:00:00,2025,1,11,CENTRO,0,1.92,19.8,6.0,30.0,13.0,invierno
2025-01-11 07:00:00,2025,1,11,NORESTE3,0,1.1596666666666666,24.8,7.7,42.65,20.12,invierno
2025-01-11 07:00:00,2025,1,11,NOROESTE3,0,2.1999999999999997,16.299999999999997,4.333333333333333,39.333333333333336,7.53,invierno
2025-01-11 07:00:00,2025,1,11,NORTE2,0,0.9099999999999999,28.950000000000003,3.0,23.0,12.5,invierno
2025-01-11 07:00:00,2025,1,11,SUR,0,1.4333333333333333,11.55,10.5,33.25,10.725,invierno
2025-01-11 07:00:00,2025,1,11,SUROESTE2,0,1.485,20.299999999999997,6.0,17.0,,invierno
2025-01-11 08:00:00,2025,1,11,CENTRO,0,1.98,21.2,5.0,33.0,14.0,invierno
2025-01-11 08:00:00,2025,1,11,NORESTE3,0,1.274,25.833333333333332,4.333333333333333,48.53333333333333,17.13,invierno
2025-01-11 08:00:00,2025,1,11,NOROESTE3,0,2.283333333333333,16.75,2.6666666666666665,40.0,8.09,invierno
2025-01-11 08:00:00,2025,1,11,NORTE2,0,0.99,30.05,3.0,29.5,16.0,invierno
2025-01-11 08:00:00,2025,1,11,SUR,0,1.5199999999999998,13.225,8.0,32.25,15.333333333333334,invierno
2025-01-11 08:00:00,2025,1,11,SUROESTE2,0,1.6549999999999998,24.85,3.0,19.5,8.0,invierno
2025-01-12 07:00:00,2025,1,12,CENTRO,0,2.53,23.1,4.0,103.0,31.0,invierno
2025-01-12 07:00:00,2025,1,12,NORESTE3,0,1.2246666666666666,14.6,6.066666666666666,62.64333333333334,57.03,invierno
2025-01-12 07:00:00,2025,1,12,NOROESTE3,0,2.5966666666666667,17.25,3.5,77.0,15.82,invierno
2025-01-12 07:00:00,2025,1,12,NORTE2,0,1.3250000000000002,25.15,2.5,83.0,42.5,invierno
2025-01-12 07:00:00,2025,1,12,SUR,0,1.6866666666666665,15.125,6.666666666666667,59.5,27.929999999999996,invierno
2025-01-12 07:00:00,2025,1,12,SUROESTE2,0,2.065,21.45,2.0,81.0,54.0,invierno
2025-01-12 08:00:00,2025,1,12,CENTRO,0,2.51,22.7,4.0,78.0,40.0,invierno
2025-01-12 08:00:00,2025,1,12,NORESTE3,0,1.4040000000000001,23.35,4.033333333333333,74.64333333333333,61.5,invierno
2025-01-12 08:00:00,2025,1,12,NOROESTE3,0,2.973333333333333,15.75,3.5,69.0,17.95,invierno
2025-01-12 08:00:00,2025,1,12,NORTE2,0,1.545,25.950000000000003,3.0,106.0,49.0,invierno
2025-01-12 08:00:00,2025,1,12,SUR,0,1.9266666666666667,14.925,6.333333333333333,72.25,37.833333333333336,invierno
2025-01-12 08:00:00,2025,1,12,SUROESTE2,0,2.06,19.6,2.0,78.0,56.625,invierno
2025-01-13 07:00:00,2025,1,13,CENTRO,1,2.1,31.5,10.0,31.0,6.0,invierno
2025-01-13 07:00:00,2025,1,13,NORESTE3,0,0.9373333333333332,23.45,16.033333333333335,26.263333333333332,8.39,invierno
2025-01-13 07:00:00,2025,1,13,NOROESTE3,0,2.5033333333333334,12.9,13.333333333333334,61.666666666666664,13.75,invierno
2025-01-13 07:00:00,2025,1,13,NORTE2,1,0.825,32.7,9.0,29.5,,invierno
2025-01-13 07:00:00,2025,1,13,SUR,0,1.5133333333333334,14.9,21.75,27.0,7.66,invierno
2025-01-13 07:00:00,2025,1,13,SUROESTE2,1,1.365,15.25,26.5,14.0,9.045,invierno
2025-01-13 08:00:00,2025,1,13,CENTRO,1,2.02,27.5,17.0,36.0,7.0,invierno
2025-01-13 08:00:00,2025,1,13,NORESTE3,0,1.0126666666666668,26.8,16.233333333333334,33.25,8.09,invierno
2025-01-13 08:00:00,2025,1,13,NOROESTE3,0,2.65,12.1,13.0,68.0,13.87,invierno
2025-01-13 08:00:00,2025,1,13,NORTE2,1,0.9650000000000001,30.45,11.5,43.5,11.0,invierno
2025-01-13 08:00:00,2025,1,13,SUR,0,1.8933333333333333,19.7,15.0,27.0,12.526666666666666,invierno
2025-01-13 08:00:00,2025,1,13,SUROESTE2,1,1.69,23.95,18.0,15.0,6.975,invierno
2025-01-14 07:00:00,2025,1,14,CENTRO,1,2.0,36.2,8.0,60.0,30.67,invierno
2025-01-14 07:00:00,2025,1,14,NORESTE3,0,1.3599999999999999,15.700000000000001,8.0,67.44,25.46,invierno
2025-01-14 07:00:00,2025,1,14,NOROESTE3,0,2.35,24.2,5.333333333333333,56.666666666666664,11.77,invierno
2025-01-14 07:00:00,2025,1,14,NORTE2,1,1.01,39.3,5.0,65.0,18.5,invierno
2025-01-14 07:00:00,2025,1,14,SUR,0,1.2275,17.475,13.0,58.5,13.59,invierno
2025-01-14 07:00:00,2025,1,14,SUROESTE2,1,1.54,34.65,6.0,36.0,26.795,invierno
2025-01-14 08:00:00,2025,1,14,CENTRO,1,2.19,36.1,6.0,48.0,18.87,invierno
2025-01-14 08:00:00,2025,1,14,NORESTE3,0,1.64,18.0,6.0,97.11500000000001,23.87,invierno
2025-01-14 08:00:00,2025,1,14,NOROESTE3,0,2.526666666666667,24.6,5.0,65.66666666666667,15.295,invierno
2025-01-14 08:00:00,2025,1,14,NORTE2,1,1.315,42.5,3.5,60.5,16.5,invierno
2025-01-14 08:00:00,2025,1,14,SUR,0,1.3625,20.875,8.75,67.0,17.064999999999998,invierno
2025-01-14 08:00:00,2025,1,14,SUROESTE2,1,1.835,38.25,3.0,43.5,25.0,invierno
2025-01-15 07:00:00,2025,1,15,CENTRO,1,2.48,40.5,,88.0,68.01,invierno
2025-01-15 07:00:00,2025,1,15,NORESTE3,0,0.8780000000000001,16.53333333333333,13.633333333333333,54.973333333333336,29.35,invierno
2025-01-15 07:00:00,2025,1,15,NOROESTE3,0,2.31,17.95,8.0,65.66666666666667,10.38,invierno
2025-01-15 07:00:00,2025,1,15,NORTE2,1,0.9149999999999999,36.0,2.5,80.0,24.0,invierno
2025-01-15 07:00:00,2025,1,15,SUR,0,1.2325,22.175,8.75,71.0,28.9075,invierno
2025-01-15 07:00:00,2025,1,15,SUROESTE2,1,2.22,32.7,2.0,87.0,54.67,invierno
2025-01-15 08:00:00,2025,1,15,CENTRO,1,2.53,38.2,,87.0,64.23,invierno
2025-01-15 08:00:00,2025,1,15,NORESTE3,0,0.9393333333333334,15.266666666666666,15.833333333333334,49.36666666666667,20.12,invierno
2025-01-15 08:00:00,2025,1,15,NOROESTE3,0,2.33,15.5,9.333333333333334,56.0,9.25,invierno
2025-01-15 08:00:00,2025,1,15,NORTE2,1,1.135,34.3,4.5,71.5,18.0,invierno
2025-01-15 08:00:00,2025,1,15,SUR,0,1.3125,22.8,9.25,72.25,27.72,invierno
2025-01-15 08:00:00,2025,1,15,SUROESTE2,1,3.165,29.1,3.0,89.0,58.605,invierno
2025-01-16 07:00:00,2025,1,16,CENTRO,1,2.09,27.1,11.0,32.0,15.75,invierno
2025-01-16 07:00:00,2025,1,16,NORESTE3,0,0.9476666666666667,15.9,7.833333333333333,35.89333333333334,16.75,invierno
2025-01-16 07:00:00,2025,1,16,NOROESTE3,0,2.1999999999999997,15.25,5.666666666666667,19.666666666666668,7.31,invierno
2025-01-16 07:00:00,2025,1,16,NORTE2,1,0.99,32.35,4.5,26.5,17.0,invierno
2025-01-16 07:00:00,2025,1,16,SUR,0,1.2375,14.925,9.25,39.75,18.1,invierno
2025-01-16 07:00:00,2025,1,16,SUROESTE2,1,1.79,21.299999999999997,11.0,27.5,17.0,invierno
2025-01-16 08:00:00,2025,1,16,CENTRO,1,2.25,33.1,5.0,33.0,18.49,invierno
2025-01-16 08:00:00,2025,1,16,NORESTE3,0,1.1383333333333334,18.133333333333336,3.966666666666667,54.64333333333334,19.83,invierno
2025-01-16 08:00:00,2025,1,16,NOROESTE3,0,2.436666666666667,16.65,5.666666666666667,20.666666666666668,5.81,invierno
2025-01-16 08:00:00,2025,1,16,NORTE2,1,1.1400000000000001,38.25,2.5,33.0,11.5,invierno
2025-01-16 08:00:00,2025,1,16,SUR,0,1.2325,14.375,7.5,48.25,19.177500000000002,invierno
2025-01-16 08:00:00,2025,1,16,SUROESTE2,1,1.98,26.05,8.0,36.5,16.0,invierno
2025-01-17 07:00:00,2025,1,17,CENTRO,1,2.33,23.3,,91.0,54.26,invierno
2025-01-17 07:00:00,2025,1,17,NORESTE3,0,1.609,26.65,3.65,100.91333333333334,48.81,invierno
2025-01-17 07:00:00,2025,1,17,NOROESTE3,0,2.5933333333333333,13.350000000000001,5.0,53.333333333333336,9.98,invierno
2025-01-17 07:00:00,2025,1,17,NORTE2,1,1.565,28.6,2.0,115.0,35.5,invierno
2025-01-17 07:00:00,2025,1,17,SUR,0,1.355,15.600000000000001,6.0,70.0,39.7275,invierno
2025-01-17 07:00:00,2025,1,17,SUROESTE2,1,2.5900000000000003,22.9,2.0,40.5,19.0,invierno
2025-01-17 08:00:00,2025,1,17,CENTRO,1,2.69,23.1,,85.0,51.78,invierno
2025-01-17 08:00:00,2025,1,17,NORESTE3,0,2.0733333333333333,26.5,1.4,149.49,59.55,invierno
2025-01-17 08:00:00,2025,1,17,NOROESTE3,0,2.9433333333333334,13.850000000000001,3.0,56.666666666666664,11.24,invierno
2025-01-17 08:00:00,2025,1,17,NORTE2,1,1.685,31.45,2.0,124.0,36.5,invierno
2025-01-17 08:00:00,2025,1,17,SUR,0,1.55,17.05,5.5,95.25,45.1425,invierno
2025-01-17 08:00:00,2025,1,17,SUROESTE2,1,3.3000000000000003,23.55,2.0,90.5,62.935,invierno
2025-01-18 07:00:00,2025,1,18,CENTRO,0,1.88,24.1,5.0,49.0,,invierno
2025-01-18 07:00:00,2025,1,18,NORESTE3,0,1.87,22.8,3.65,137.03,59.44,invierno
2025-01-18 07:00:00,2025,1,18,NOROESTE3,0,3.1166666666666667,12.3,12.0,55.666666666666664,3.49,invierno
2025-01-18 07:00:00,2025,1,18,NORTE2,0,1.7599999999999998,35.4,,151.0,26.0,invierno
2025-01-18 07:00:00,2025,1,18,SUR,0,1.7525000000000002,16.525,3.0,109.75,28.9325,invierno
2025-01-18 07:00:00,2025,1,18,SUROESTE2,0,2.205,23.549999999999997,2.0,69.5,21.25,invierno
2025-01-18 08:00:00,2025,1,18,CENTRO,0,2.14,30.6,5.0,51.0,,invierno
2025-01-18 08:00:00,2025,1,18,NORESTE3,0,1.0646666666666667,15.033333333333333,11.0,108.86,16.83,invierno
2025-01-18 08:00:00,2025,1,18,NOROESTE3,0,3.0100000000000002,13.5,8.5,55.333333333333336,4.85,invierno
2025-01-18 08:00:00,2025,1,18,NORTE2,0,1.205,31.95,4.0,120.5,23.0,invierno
2025-01-18 08:00:00,2025,1,18,SUR,0,1.88,18.05,7.333333333333333,100.5,27.255,invierno
2025-01-18 08:00:00,2025,1,18,SUROESTE2,0,2.1,26.15,2.0,65.0,25.275,invierno
2025-01-19 07:00:00,2025,1,19,CENTRO,0,1.82,7.4,30.0,68.0,,invierno
2025-01-19 07:00:00,2025,1,19,NORESTE3,0,0.9183333333333333,9.55,27.366666666666664,70.38,9.69,invierno
2025-01-19 07:00:00,2025,1,19,NOROESTE3,0,2.0066666666666664,3.0,28.666666666666668,80.33333333333333,4.53,invierno
2025-01-19 07:00:00,2025,1,19,NORTE2,0,0.53,8.85,24.5,81.0,9.0,invierno
2025-01-19 07:00:00,2025,1,19,SUR,0,1.3725,6.125,28.5,44.5,10.595,invierno
2025-01-19 07:00:00,2025,1,19,SUROESTE2,0,1.2850000000000001,7.3,30.0,64.5,10.045,invierno
2025-01-19 08:00:00,2025,1,19,CENTRO,0,1.85,12.9,23.0,71.0,,invierno
2025-01-19 08:00:00,2025,1,19,NORESTE3,0,0.9913333333333333,9.15,25.900000000000002,73.175,9.41,invierno
2025-01-19 08:00:00,2025,1,19,NOROESTE3,0,2.026666666666667,3.5,25.0,78.33333333333333,3.48,invierno
2025-01-19 08:00:00,2025,1,19,NORTE2,0,0.5449999999999999,10.45,22.0,78.5,6.0,invierno
2025-01-19 08:00:00,2025,1,19,SUR,0,1.3575000000000002,6.25,25.5,55.75,7.413333333333334,invierno
2025-01-19 08:00:00,2025,1,19,SUROESTE2,0,1.325,11.25,23.5,97.5,13.64,invierno
2025-01-20 07:00:00,2025,1,20,CENTRO,1,1.91,17.9,20.0,28.0,,invierno
2025-01-20 07:00:00,2025,1,20,NORESTE3,0,1.4146666666666665,8.799999999999999,18.433333333333334,21.825,8.93,invierno
2025-01-20 07:00:00,2025,1,20,NOROESTE3,0,2.1999999999999997,11.8,15.666666666666666,17.666666666666668,3.37,invierno
2025-01-20 07:00:00,2025,1,20,NORTE2,1,0.825,24.049999999999997,16.5,21.5,6.0,invierno
2025-01-20 07:00:00,2025,1,20,SUR,1,1.18,6.8,24.75,23.75,7.695,invierno
2025-01-20 07:00:00,2025,1,20,SUROESTE2,1,1.385,23.299999999999997,12.0,24.0,13.51,invierno
2025-01-20 08:00:00,2025,1,20,CENTRO,1,2.05,28.2,10.0,33.0,,invierno
2025-01-20 08:00:00,2025,1,20,NORESTE3,0,1.462,13.65,19.3,23.53,8.02,invierno
2025-01-20 08:00:00,2025,1,20,NOROESTE3,0,2.1933333333333334,12.45,17.333333333333332,24.333333333333332,4.42,invierno
2025-01-20 08:00:00,2025,1,20,NORTE2,1,0.945,29.25,12.5,27.0,8.5,invierno
2025-01-20 08:00:00,2025,1,20,SUR,1,1.2025000000000001,7.85,24.25,33.5,8.855,invierno
2025-01-20 08:00:00,2025,1,20,SUROESTE2,1,1.52,28.700000000000003,7.0,27.0,10.065000000000001,invierno
2025-01-21 07:00:00,2025,1,21,CENTRO,1,1.96,11.9,20.0,18.0,7.57,invierno
2025-01-21 07:00:00,2025,1,21,NORESTE3,0,1.3133333333333332,10.75,22.833333333333332,19.893333333333334,2.82,invierno
2025-01-21 07:00:00,2025,1,21,NOROESTE3,0,2.1366666666666667,4.85,19.0,,,invierno
2025-01-21 07:00:00,2025,1,21,NORTE2,1,0.77,14.2,18.5,5.0,2.0,invierno
2025-01-21 07:00:00,2025,1,21,SUR,1,1.1500000000000001,6.375,24.25,24.0,3.6275,invierno
2025-01-21 07:00:00,2025,1,21,SUROESTE2,1,1.4100000000000001,8.85,20.5,6.0,,invierno
2025-01-21 08:00:00,2025,1,21,CENTRO,1,2.01,14.9,18.0,24.0,7.03,invierno
2025-01-21 08:00:00,2025,1,21,NORESTE3,0,1.3353333333333335,12.25,20.866666666666667,13.943333333333333,3.14,invierno
2025-01-21 08:00:00,2025,1,21,NOROESTE3,0,2.1766666666666667,6.55,17.666666666666668,3.5,,invierno
2025-01-21 08:00:00,2025,1,21,NORTE2,1,0.86,17.1,16.5,8.0,3.0,invierno
2025-01-21 08:00:00,2025,1,21,SUR,1,1.185,7.4,23.25,24.333333333333332,4.9375,invierno
2025-01-21 08:00:00,2025,1,21,SUROESTE2,1,1.5150000000000001,16.15,14.0,3.0,,invierno
2025-01-22 07:00:00,2025,1,22,CENTRO,1,2.18,23.4,4.0,43.0,,invierno
2025-01-22 07:00:00,2025,1,22,NORESTE3,0,1.6643333333333334,16.46666666666667,3.8000000000000003,49.45666666666667,31.58,invierno
2025-01-22 07:00:00,2025,1,22,NOROESTE3,0,2.4133333333333336,11.65,5.666666666666667,32.666666666666664,11.17,invierno
2025-01-22 07:00:00,2025,1,22,NORTE2,1,1.0699999999999998,30.599999999999998,2.0,52.0,17.5,invierno
2025-01-22 07:00:00,2025,1,22,SUR,1,1.3125,14.175,5.5,46.5,24.0375,invierno
2025-01-22 07:00:00,2025,1,22,SUROESTE2,1,1.975,24.1,,61.5,5.0,invierno
2025-01-22 08:00:00,2025,1,22,CENTRO,1,2.34,23.5,4.0,61.0,44.87,invierno
2025-01-22 08:00:00,2025,1,22,NORESTE3,0,1.8639999999999999,25.55,4.233333333333333,66.33666666666666,38.46,invierno
2025-01-22 08:00:00,2025,1,22,NOROESTE3,0,2.4633333333333334,11.45,5.0,39.0,11.6,invierno
2025-01-22 08:00:00,2025,1,22,NORTE2,1,1.305,30.6,2.5,49.0,23.5,invierno
2025-01-22 08:00:00,2025,1,22,SUR,1,1.4525000000000001,14.075,5.75,68.25,31.743333333333336,invierno
2025-01-22 08:00:00,2025,1,22,SUROESTE2,1,2.6750000000000003,26.8,4.0,50.5,,invierno
2025-01-23 07:00:00,2025,1,23,CENTRO,1,2.72,30.2,5.0,67.0,46.59,invierno
2025-01-23 07:00:00,2025,1,23,NORESTE3,0,1.8563333333333334,31.450000000000003,3.2,83.0,,invierno
2025-01-23 07:00:00,2025,1,23,NOROESTE3,0,3.1633333333333336,16.55,,68.33333333333333,10.65,invierno
2025-01-23 07:00:00,2025,1,23,NORTE2,1,1.56,33.35,3.0,73.0,33.5,invierno
2025-01-23 07:00:00,2025,1,23,SUR,1,1.4975,22.025,3.0,54.5,30.28,invierno
2025-01-23 07:00:00,2025,1,23,SUROESTE2,1,2.54,32.0,3.0,103.5,49.21,invierno
2025-01-23 08:00:00,2025,1,23,CENTRO,1,2.97,32.6,5.0,82.0,47.43,invierno
2025-01-23 08:00:00,2025,1,23,NORESTE3,0,2.573,21.366666666666664,4.233333333333333,92.5,,invierno
2025-01-23 08:00:00,2025,1,23,NOROESTE3,0,4.006666666666667,17.25,4.0,86.66666666666667,14.87,invierno
2025-01-23 08:00:00,2025,1,23,NORTE2,1,2.1350000000000002,34.35,2.5,96.0,36.0,invierno
2025-01-23 08:00:00,2025,1,23,SUR,1,1.7575,22.6,3.6666666666666665,73.5,34.265,invierno
2025-01-23 08:00:00,2025,1,23,SUROESTE2,1,3.745,34.65,3.5,112.0,61.055,invierno
2025-01-24 07:00:00,2025,1,24,CENTRO,1,2.26,32.3,5.0,42.0,21.03,invierno
2025-01-24 07:00:00,2025,1,24,NORESTE3,0,1.532,35.2,3.55,86.91,29.17,invierno
2025-01-24 07:00:00,2025,1,24,NOROESTE3,0,2.9133333333333336,19.6,3.3333333333333335,84.0,6.01,invierno
2025-01-24 07:00:00,2025,1,24,NORTE2,1,1.5150000000000001,47.15,2.5,120.5,30.5,invierno
2025-01-24 07:00:00,2025,1,24,SUR,1,1.3175,24.1,7.5,59.5,27.453333333333333,invierno
2025-01-24 07:00:00,2025,1,24,SUROESTE2,1,1.96,30.65,8.0,39.5,18.56,invierno
2025-01-24 08:00:00,2025,1,24,CENTRO,1,2.84,35.5,5.0,56.0,22.57,invierno
2025-01-24 08:00:00,2025,1,24,NORESTE3,0,1.5795,38.6,3.1,126.82,39.61,invierno
2025-01-24 08:00:00,2025,1,24,NOROESTE3,0,3.23,20.25,3.3333333333333335,75.33333333333333,8.31,invierno
2025-01-24 08:00:00,2025,1,24,NORTE2,1,2.105,48.05,2.5,125.0,31.0,invierno
2025-01-24 08:00:00,2025,1,24,SUR,1,1.52,24.45,7.0,87.25,25.12,invierno
2025-01-24 08:00:00,2025,1,24,SUROESTE2,1,3.5799999999999996,39.650000000000006,4.5,72.0,91.67,invierno
2025-01-25 07:00:00,2025,1,25,CENTRO,0,2.34,38.6,4.0,67.0,39.54,invierno
2025-01-25 07:00:00,2025,1,25,NORESTE3,0,1.5170000000000001,38.23333333333333,3.8000000000000003,77.48666666666666,37.78,invierno
2025-01-25 07:00:00,2025,1,25,NOROESTE3,0,2.65,20.2,4.666666666666667,60.0,6.55,invierno
2025-01-25 07:00:00,2025,1,25,NORTE2,0,1.0950000000000002,45.75,2.5,78.0,23.0,invierno
2025-01-25 07:00:00,2025,1,25,SUR,0,1.8133333333333335,26.375,6.0,76.5,27.195,invierno
2025-01-25 07:00:00,2025,1,25,SUROESTE2,0,2.1,34.15,7.5,65.5,49.815,invierno
2025-01-25 08:00:00,2025,1,25,CENTRO,0,2.49,41.3,5.0,73.0,50.92,invierno
2025-01-25 08:00:00,2025,1,25,NORESTE3,0,1.7346666666666666,40.300000000000004,3.9,91.77333333333333,32.1,invierno
2025-01-25 08:00:00,2025,1,25,NOROESTE3,0,2.8033333333333332,20.55,5.666666666666667,63.666666666666664,7.29,invierno
2025-01-25 08:00:00,2025,1,25,NORTE2,0,1.38,46.35,2.0,72.5,23.0,invierno
2025-01-25 08:00:00,2025,1,25,SUR,0,2.0,27.575,6.0,90.0,33.3025,invierno
2025-01-25 08:00:00,2025,1,25,SUROESTE2,0,2.745,39.1,6.5,121.0,72.3,invierno
2025-01-26 07:00:00,2025,1,26,CENTRO,0,2.68,32.9,,76.0,43.57,invierno
2025-01-26 07:00:00,2025,1,26,NORESTE3,0,1.1956666666666667,19.7,6.033333333333334,38.300000000000004,32.14,invierno
2025-01-26 07:00:00,2025,1,26,NOROESTE3,0,2.686666666666667,16.8,4.666666666666667,52.0,7.55,invierno
2025-01-26 07:00:00,2025,1,26,NORTE2,0,1.05,25.299999999999997,1.5,62.0,29.0,invierno
2025-01-26 07:00:00,2025,1,26,SUR,0,1.89,16.625,12.0,48.0,26.7,invierno
2025-01-26 07:00:00,2025,1,26,SUROESTE2,0,2.02,23.05,11.0,68.0,37.615,invierno
2025-01-26 08:00:00,2025,1,26,CENTRO,0,2.64,30.0,,63.0,43.3,invierno
2025-01-26 08:00:00,2025,1,26,NORESTE3,0,1.4083333333333332,20.433333333333334,3.766666666666667,47.123333333333335,48.58,invierno
2025-01-26 08:00:00,2025,1,26,NOROESTE3,0,3.0366666666666666,17.2,5.0,53.666666666666664,6.67,invierno
2025-01-26 08:00:00,2025,1,26,NORTE2,0,1.305,24.299999999999997,1.5,56.5,31.0,invierno
2025-01-26 08:00:00,2025,1,26,SUR,0,1.89,16.775,8.666666666666666,53.5,32.1575,invierno
2025-01-26 08:00:00,2025,1,26,SUROESTE2,0,2.605,30.7,3.5,53.0,23.0,invierno
2025-01-27 07:00:00,2025,1,27,CENTRO,1,2.47,33.4,4.0,41.0,19.26,invierno
2025-01-27 07:00:00,2025,1,27,NORESTE3,0,1.0803333333333331,14.9,20.433333333333334,28.659999999999997,9.67,invierno
2025-01-27 07:00:00,2025,1,27,NOROESTE3,0,2.43,17.4,8.666666666666666,30.333333333333332,5.41,invierno
2025-01-27 07:00:00,2025,1,27,NORTE2,1,0.97,24.049999999999997,14.0,47.0,11.0,invierno
2025-01-27 07:00:00,2025,1,27,SUR,1,1.6466666666666667,15.875,15.0,38.666666666666664,10.09,invierno
2025-01-27 07:00:00,2025,1,27,SUROESTE2,1,2.035,31.25,3.5,42.0,22.915,invierno
2025-01-27 08:00:00,2025,1,27,CENTRO,1,2.5,32.7,5.0,50.0,17.73,invierno
2025-01-27 08:00:00,2025,1,27,NORESTE3,0,1.1593333333333333,17.900000000000002,16.133333333333333,36.95666666666667,11.14,invierno
2025-01-27 08:00:00,2025,1,27,NOROESTE3,0,2.5966666666666667,18.6,5.666666666666667,36.0,5.78,invierno
2025-01-27 08:00:00,2025,1,27,NORTE2,1,1.11,26.75,11.0,57.0,9.5,invierno
2025-01-27 08:00:00,2025,1,27,SUR,1,1.72,17.8,12.5,46.0,10.82,invierno
2025-01-27 08:00:00,2025,1,27,SUROESTE2,1,2.255,33.95,3.0,42.5,20.314999999999998,invierno
2025-01-28 07:00:00,2025,1,28,CENTRO,1,2.56,12.8,4.0,32.0,29.05,invierno
2025-01-28 07:00:00,2025,1,28,NORESTE3,0,1.1853333333333333,10.9,4.2,6.363333333333333,3.98,invierno
2025-01-28 07:00:00,2025,1,28,NOROESTE3,0,2.5066666666666664,9.2,2.5,9.333333333333334,4.13,invierno
2025-01-28 07:00:00,2025,1,28,NORTE2,1,0.91,12.6,1.0,7.5,4.0,invierno
2025-01-28 07:00:00,2025,1,28,SUR,1,1.3175,7.1,6.75,15.5,4.566666666666666,invierno
2025-01-28 07:00:00,2025,1,28,SUROESTE2,1,2.02,13.7,1.0,19.0,8.0,invierno
2025-01-28 08:00:00,2025,1,28,CENTRO,1,2.61,13.9,,45.0,15.94,invierno
2025-01-28 08:00:00,2025,1,28,NORESTE3,0,1.3230000000000002,12.033333333333333,4.066666666666666,10.315000000000001,4.71,invierno
2025-01-28 08:00:00,2025,1,28,NOROESTE3,0,2.6166666666666667,8.9,2.5,7.0,,invierno
2025-01-28 08:00:00,2025,1,28,NORTE2,1,1.01,13.05,1.0,4.0,,invierno
2025-01-28 08:00:00,2025,1,28,SUR,1,1.35,7.475,6.5,16.5,5.9375,invierno
2025-01-28 08:00:00,2025,1,28,SUROESTE2,1,2.48,13.850000000000001,1.0,18.5,14.0,invierno
2025-01-29 07:00:00,2025,1,29,CENTRO,1,2.73,18.7,,33.0,25.95,invierno
2025-01-29 07:00:00,2025,1,29,NORESTE3,0,1.1436666666666666,15.166666666666666,3.75,18.013333333333332,19.87,invierno
2025-01-29 07:00:00,2025,1,29,NOROESTE3,0,2.8466666666666662,10.75,,39.0,12.24,invierno
2025-01-29 07:00:00,2025,1,29,NORTE2,1,1.105,19.25,2.0,41.0,17.0,invierno
2025-01-29 07:00:00,2025,1,29,SUR,1,1.7,9.1,5.75,17.5,16.5,invierno
2025-01-29 07:00:00,2025,1,29,SUROESTE2,1,2.195,18.2,,46.0,26.51,invierno
2025-01-29 08:00:00,2025,1,29,CENTRO,1,3.1,19.7,,34.0,24.08,invierno
2025-01-29 08:00:00,2025,1,29,NORESTE3,0,1.3776666666666666,17.766666666666666,3.15,21.833333333333332,17.89,invierno
2025-01-29 08:00:00,2025,1,29,NOROESTE3,0,2.936666666666667,11.5,,42.666666666666664,9.45,invierno
2025-01-29 08:00:00,2025,1,29,NORTE2,1,1.325,20.65,2.0,39.0,19.5,invierno
2025-01-29 08:00:00,2025,1,29,SUR,1,1.8333333333333333,10.725,5.666666666666667,26.0,14.38,invierno
2025-01-29 08:00:00,2025,1,29,SUROESTE2,1,2.32,20.049999999999997,2.0,41.5,32.025,invierno
2025-01-30 07:00:00,2025,1,30,CENTRO,1,2.98,29.5,4.0,98.0,45.82,invierno
2025-01-30 07:00:00,2025,1,30,NORESTE3,0,1.3216666666666665,19.833333333333332,2.55,96.52,34.53,invierno
2025-01-30 07:00:00,2025,1,30,NOROESTE3,0,3.22,10.8,3.0,80.66666666666667,12.18,invierno
2025-01-30 07:00:00,2025,1,30,NORTE2,1,1.435,28.8,1.0,100.5,32.5,invierno
2025-01-30 07:00:00,2025,1,30,SUR,1,2.1966666666666668,16.4,3.0,86.25,45.73333333333333,invierno
2025-01-30 07:00:00,2025,1,30,SUROESTE2,1,3.175,19.6,2.5,121.0,66.78999999999999,invierno
2025-01-30 08:00:00,2025,1,30,CENTRO,1,3.29,29.3,4.0,116.0,51.02,invierno
2025-01-30 08:00:00,2025,1,30,NORESTE3,0,1.1156666666666666,14.9,5.266666666666667,69.05666666666667,19.72,invierno
2025-01-30 08:00:00,2025,1,30,NOROESTE3,0,3.486666666666667,11.8,3.0,83.0,11.78,invierno
2025-01-30 08:00:00,2025,1,30,NORTE2,1,1.4349999999999998,22.35,,106.5,26.0,invierno
2025-01-30 08:00:00,2025,1,30,SUR,1,2.34,14.900000000000002,3.0,101.25,40.67,invierno
2025-01-30 08:00:00,2025,1,30,SUROESTE2,1,4.41,23.15,2.0,108.5,66.695,invierno
2025-01-31 07:00:00,2025,1,31,CENTRO,1,2.91,33.9,4.0,131.0,44.58,invierno
2025-01-31 07:00:00,2025,1,31,NORESTE3,0,2.34,33.8,4.0,189.94,44.34,invierno
2025-01-31 07:00:00,2025,1,31,NOROESTE3,0,2.94,19.8,5.0,100.5,8.27,invierno
2025-01-31 07:00:00,2025,1,31,NORTE2,1,1.475,42.05,2.0,159.5,32.0,invierno
2025-01-31 07:00:00,2025,1,31,SUR,1,1.9266666666666665,20.575,4.333333333333333,90.0,31.95,invierno
2025-01-31 07:00:00,2025,1,31,SUROESTE2,1,2.505,30.099999999999998,5.0,95.5,42.95,invierno
2025-01-31 08:00:00,2025,1,31,CENTRO,1,3.24,33.7,4.0,126.0,51.71,invierno
2025-01-31 08:00:00,2025,1,31,NORESTE3,0,2.035,32.05,6.5,195.815,41.55,invierno
2025-01-31 08:00:00,2025,1,31,NOROESTE3,0,2.545,20.05,5.5,105.5,8.72,invierno
2025-01-31 08:00:00,2025,1,31,NORTE2,1,1.875,44.650000000000006,3.0,172.0,39.5,invierno
2025-01-31 08:00:00,2025,1,31,SUR,1,2.17,23.25,3.0,94.5,31.805,invierno
2025-01-31 08:00:00,2025,1,31,SUROESTE2,1,3.53,34.1,3.5,106.5,48.82,invierno
2025-02-01 07:00:00,2025,2,1,CENTRO,0,2.63,37.8,,65.0,,otra
2025-02-01 07:00:00,2025,2,1,NORESTE3,0,1.567,35.6,3.1,71.5,,otra
2025-02-01 07:00:00,2025,2,1,NOROESTE3,0,3.176666666666667,23.55,3.3333333333333335,79.0,,otra
2025-02-01 07:00:00,2025,2,1,NORTE2,0,1.4649999999999999,45.8,2.0,85.0,26.5,otra
2025-02-01 07:00:00,2025,2,1,SUR,0,2.0733333333333333,26.1,5.75,125.75,22.0,otra
2025-02-01 07:00:00,2025,2,1,SUROESTE2,0,2.18,33.15,9.0,63.5,6.0,otra
2025-02-01 08:00:00,2025,2,1,CENTRO,0,2.59,35.4,5.0,58.0,,otra
2025-02-01 08:00:00,2025,2,1,NORESTE3,0,1.939,37.63333333333333,3.85,86.5,,otra
2025-02-01 08:00:00,2025,2,1,NOROESTE3,0,3.763333333333333,24.05,3.0,102.0,,otra
2025-02-01 08:00:00,2025,2,1,NORTE2,0,2.045,46.599999999999994,3.0,102.5,27.5,otra
2025-02-01 08:00:00,2025,2,1,SUR,0,2.313333333333333,25.45,6.0,120.5,26.666666666666668,otra
2025-02-01 08:00:00,2025,2,1,SUROESTE2,0,2.885,41.099999999999994,4.0,95.0,7.0,otra
2025-02-02 07:00:00,2025,2,2,CENTRO,0,2.57,32.8,6.0,107.0,20.62,otra
2025-02-02 07:00:00,2025,2,2,NORESTE3,0,1.539,31.566666666666663,4.433333333333334,77.11333333333333,25.98,otra
2025-02-02 07:00:00,2025,2,2,NOROESTE3,0,2.6966666666666668,20.15,6.333333333333333,67.66666666666667,19.79,otra
2025-02-02 07:00:00,2025,2,2,NORTE2,0,1.055,36.45,3.5,90.5,31.5,otra
2025-02-02 07:00:00,2025,2,2,SUR,0,1.9466666666666665,20.45,8.0,75.5,30.71,otra
2025-02-02 07:00:00,2025,2,2,SUROESTE2,0,2.1750000000000003,33.25,4.5,99.0,39.435,otra
2025-02-02 08:00:00,2025,2,2,CENTRO,0,2.58,30.4,8.0,132.0,18.48,otra
2025-02-02 08:00:00,2025,2,2,NORESTE3,0,1.4353333333333333,28.46666666666667,6.033333333333334,96.13,28.27,otra
2025-02-02 08:00:00,2025,2,2,NOROESTE3,0,2.763333333333333,20.1,6.666666666666667,64.33333333333333,22.13,otra
2025-02-02 08:00:00,2025,2,2,NORTE2,0,1.15,38.05,2.0,94.5,29.5,otra
2025-02-02 08:00:00,2025,2,2,SUR,0,2.0500000000000003,20.425,7.25,95.75,32.59,otra
2025-02-02 08:00:00,2025,2,2,SUROESTE2,0,2.1999999999999997,24.799999999999997,13.0,147.0,45.525,otra
2025-02-03 07:00:00,2025,2,3,CENTRO,1,2.53,26.6,18.0,56.0,,otra
2025-02-03 07:00:00,2025,2,3,NORESTE3,0,1.4743333333333333,30.2,3.8333333333333335,63.423333333333325,29.85,otra
2025-02-03 07:00:00,2025,2,3,NOROESTE3,0,2.8166666666666664,19.85,6.333333333333333,72.33333333333333,8.09,otra
2025-02-03 07:00:00,2025,2,3,NORTE2,1,1.1949999999999998,38.05,2.5,103.5,39.0,otra
2025-02-03 07:00:00,2025,2,3,SUR,1,1.8399999999999999,18.35,10.0,55.0,29.09,otra
2025-02-03 07:00:00,2025,2,3,SUROESTE2,1,2.1,27.65,14.5,66.5,31.775,otra
2025-02-03 08:00:00,2025,2,3,CENTRO,1,2.56,30.5,13.0,45.0,,otra
2025-02-03 08:00:00,2025,2,3,NORESTE3,0,1.6186666666666667,29.3,6.0,85.28,29.04,otra
2025-02-03 08:00:00,2025,2,3,NOROESTE3,0,2.796666666666667,20.5,9.0,72.66666666666667,8.75,otra
2025-02-03 08:00:00,2025,2,3,NORTE2,1,1.35,40.6,2.5,120.5,43.5,otra
2025-02-03 08:00:00,2025,2,3,SUR,1,1.9966666666666668,20.625,6.5,49.0,26.333333333333332,otra
2025-02-03 08:00:00,2025,2,3,SUROESTE2,1,2.325,31.400000000000002,12.0,70.0,30.235,otra
2025-02-04 07:00:00,2025,2,4,CENTRO,1,2.76,20.6,5.0,49.0,,otra
2025-02-04 07:00:00,2025,2,4,NORESTE3,0,1.0656666666666668,15.466666666666667,8.266666666666667,62.04666666666666,43.7,otra
2025-02-04 07:00:00,2025,2,4,NOROESTE3,0,2.69,14.05,4.0,54.666666666666664,9.32,otra
2025-02-04 07:00:00,2025,2,4,NORTE2,1,0.945,19.85,7.5,65.5,27.0,otra
2025-02-04 07:00:00,2025,2,4,SUR,1,1.72,13.0,6.5,44.75,21.552500000000002,otra
2025-02-04 07:00:00,2025,2,4,SUROESTE2,1,2.09,27.45,5.5,71.0,25.29,otra
2025-02-04 08:00:00,2025,2,4,CENTRO,1,3.17,32.1,4.0,72.0,,otra
2025-02-04 08:00:00,2025,2,4,NORESTE3,0,1.2323333333333333,17.766666666666666,7.366666666666667,70.90666666666667,44.02,otra
2025-02-04 08:00:00,2025,2,4,NOROESTE3,0,2.7566666666666664,13.100000000000001,5.333333333333333,71.33333333333333,8.09,otra
2025-02-04 08:00:00,2025,2,4,NORTE2,1,1.03,22.3,6.0,60.0,30.0,otra
2025-02-04 08:00:00,2025,2,4,SUR,1,1.9066666666666665,14.075000000000001,6.25,55.25,21.8275,otra
2025-02-04 08:00:00,2025,2,4,SUROESTE2,1,2.605,29.05,3.0,75.5,28.97,otra
2025-02-05 07:00:00,2025,2,5,CENTRO,1,2.83,15.6,8.0,72.0,33.41,otra
2025-02-05 07:00:00,2025,2,5,NORESTE3,0,1.1106666666666667,12.866666666666667,7.133333333333333,41.51,25.03,otra
2025-02-05 07:00:00,2025,2,5,NOROESTE3,0,2.44,8.6,7.0,32.0,11.11,otra
2025-02-05 07:00:00,2025,2,5,NORTE2,1,1.07,18.4,4.0,53.5,25.0,otra
2025-02-05 07:00:00,2025,2,5,SUR,1,1.6199999999999999,8.15,8.75,36.25,19.0,otra
2025-02-05 07:00:00,2025,2,5,SUROESTE2,1,1.9100000000000001,16.25,2.0,62.0,31.43,otra
2025-02-05 08:00:00,2025,2,5,CENTRO,1,2.98,22.0,3.0,53.0,33.9,otra
2025-02-05 08:00:00,2025,2,5,NORESTE3,0,1.185,14.166666666666666,5.533333333333334,48.56333333333333,29.7,otra
2025-02-05 08:00:00,2025,2,5,NOROESTE3,0,2.5366666666666666,9.7,5.0,40.0,10.98,otra
2025-02-05 08:00:00,2025,2,5,NORTE2,1,1.245,19.799999999999997,3.0,60.5,22.5,otra
2025-02-05 08:00:00,2025,2,5,SUR,1,1.6666666666666667,9.275,7.5,40.0,18.0,otra
2025-02-05 08:00:00,2025,2,5,SUROESTE2,1,2.455,17.75,1.5,55.0,26.195,otra
2025-02-06 07:00:00,2025,2,6,CENTRO,1,3.16,17.5,,70.0,,otra
2025-02-06 07:00:00,2025,2,6,NORESTE3,0,1.42,17.466666666666665,3.0666666666666664,62.449999999999996,32.23,otra
2025-02-06 07:00:00,2025,2,6,NOROESTE3,0,3.0866666666666664,14.899999999999999,2.5,81.0,,otra
2025-02-06 07:00:00,2025,2,6,NORTE2,1,1.325,25.95,2.0,105.0,19.0,otra
2025-02-06 07:00:00,2025,2,6,SUR,1,1.79,10.0,8.666666666666666,55.75,25.286666666666665,otra
2025-02-06 07:00:00,2025,2,6,SUROESTE2,1,2.64,31.700000000000003,4.0,83.5,47.86,otra
2025-02-06 08:00:00,2025,2,6,CENTRO,1,3.6,22.3,,92.0,,otra
2025-02-06 08:00:00,2025,2,6,NORESTE3,0,1.8113333333333335,18.433333333333334,3.8000000000000003,91.72666666666667,27.69,otra
2025-02-06 08:00:00,2025,2,6,NOROESTE3,0,3.4433333333333334,16.55,3.0,93.0,,otra
2025-02-06 08:00:00,2025,2,6,NORTE2,1,1.645,23.3,2.0,101.5,24.5,otra
2025-02-06 08:00:00,2025,2,6,SUR,1,2.03,12.475,3.3333333333333335,65.5,20.1675,otra
2025-02-06 08:00:00,2025,2,6,SUROESTE2,1,3.8049999999999997,36.35,3.0,130.5,66.38,otra
2025-02-07 07:00:00,2025,2,7,CENTRO,1,3.1,28.2,4.0,79.0,47.75,otra
2025-02-07 07:00:00,2025,2,7,NORESTE3,0,1.3003333333333333,13.933333333333332,7.566666666666666,57.23333333333333,49.63,otra
2025-02-07 07:00:00,2025,2,7,NOROESTE3,0,2.7866666666666666,18.95,2.5,115.66666666666667,20.65,otra
2025-02-07 07:00:00,2025,2,7,NORTE2,1,1.26,24.75,1.5,113.0,30.0,otra
2025-02-07 07:00:00,2025,2,7,SUR,1,1.7133333333333336,12.725,7.0,61.25,30.185000000000002,otra
2025-02-07 07:00:00,2025,2,7,SUROESTE2,1,2.46,36.05,10.5,106.5,42.705,otra
2025-02-07 08:00:00,2025,2,7,CENTRO,1,3.34,20.7,4.0,90.0,58.5,otra
2025-02-07 08:00:00,2025,2,7,NORESTE3,0,1.284,16.566666666666666,5.133333333333334,67.95666666666666,52.85,otra
2025-02-07 08:00:00,2025,2,7,NOROESTE3,0,3.1,20.5,3.5,94.0,20.31,otra
2025-02-07 08:00:00,2025,2,7,NORTE2,1,2.045,27.950000000000003,2.0,122.5,64.0,otra
2025-02-07 08:00:00,2025,2,7,SUR,1,1.8233333333333333,14.375,7.75,63.0,29.395,otra
2025-02-07 08:00:00,2025,2,7,SUROESTE2,1,3.45,44.9,4.0,114.5,56.13,otra
2025-02-08 07:00:00,2025,2,8,CENTRO,0,2.97,29.3,4.0,72.0,42.62,otra
2025-02-08 07:00:00,2025,2,8,NORESTE3,0,1.2249999999999999,16.35,2.8,61.365,47.3,otra
2025-02-08 07:00:00,2025,2,8,NOROESTE3,0,2.57,16.95,2.5,100.66666666666667,17.46,otra
2025-02-08 07:00:00,2025,2,8,NORTE2,0,1.085,25.5,2.0,73.5,40.0,otra
2025-02-08 07:00:00,2025,2,8,SUR,0,1.656666666666667,9.55,7.5,41.5,24.752499999999998,otra
2025-02-08 07:00:00,2025,2,8,SUROESTE2,0,2.27,32.15,4.0,98.5,39.46,otra
2025-02-08 08:00:00,2025,2,8,CENTRO,0,3.02,27.3,,80.0,41.08,otra
2025-02-08 08:00:00,2025,2,8,NORESTE3,0,1.17,17.450000000000003,3.55,79.74,46.18,otra
2025-02-08 08:00:00,2025,2,8,NOROESTE3,0,2.766666666666667,16.85,3.5,87.66666666666667,19.16,otra
2025-02-08 08:00:00,2025,2,8,NORTE2,0,1.45,26.799999999999997,2.5,107.5,49.5,otra
2025-02-08 08:00:00,2025,2,8,SUR,0,1.7266666666666666,12.2,7.75,48.0,27.8825,otra
2025-02-08 08:00:00,2025,2,8,SUROESTE2,0,2.645,33.650000000000006,6.5,117.5,39.785,otra
2025-02-09 07:00:00,2025,2,9,CENTRO,0,3.05,16.3,4.0,78.0,54.04,otra
2025-02-09 07:00:00,2025,2,9,NORESTE3,0,1.1525,14.1,4.75,56.055,44.37,otra
2025-02-09 07:00:00,2025,2,9,NOROESTE3,0,2.7099999999999995,17.55,2.6666666666666665,85.0,18.32,otra
2025-02-09 07:00:00,2025,2,9,NORTE2,0,1.105,21.950000000000003,4.0,119.5,39.5,otra
2025-02-09 07:00:00,2025,2,9,SUR,0,1.75,9.950000000000001,8.5,39.0,24.8825,otra
2025-02-09 07:00:00,2025,2,9,SUROESTE2,0,2.1799999999999997,29.1,20.0,72.5,36.55,otra
2025-02-09 08:00:00,2025,2,9,CENTRO,0,3.14,23.0,4.0,90.0,48.55,otra
2025-02-09 08:00:00,2025,2,9,NORESTE3,0,1.127,14.6,4.75,63.905,45.89,otra
2025-02-09 08:00:00,2025,2,9,NOROESTE3,0,3.03,17.700000000000003,3.0,87.66666666666667,21.03,otra
2025-02-09 08:00:00,2025,2,9,NORTE2,0,1.165,23.65,3.0,117.0,40.5,otra
2025-02-09 08:00:00,2025,2,9,SUR,0,1.7833333333333332,10.225,9.0,50.75,30.115000000000002,otra
2025-02-09 08:00:00,2025,2,9,SUROESTE2,0,2.23,29.75,17.0,69.0,34.239999999999995,otra
2025-02-10 07:00:00,2025,2,10,CENTRO,1,2.91,14.1,11.0,47.0,30.83,otra
2025-02-10 07:00:00,2025,2,10,NORESTE3,0,1.1085,11.75,12.2,57.315,20.26,otra
2025-02-10 07:00:00,2025,2,10,NOROESTE3,0,2.283333333333333,6.050000000000001,14.0,37.666666666666664,11.7,otra
2025-02-10 07:00:00,2025,2,10,NORTE2,1,1.0,17.85,9.5,58.5,19.5,otra
2025-02-10 07:00:00,2025,2,10,SUR,1,1.5933333333333335,4.575,16.75,39.25,20.1275,otra
2025-02-10 07:00:00,2025,2,10,SUROESTE2,1,1.8650000000000002,13.05,9.0,60.0,31.14,otra
2025-02-10 08:00:00,2025,2,10,CENTRO,1,3.05,17.5,8.0,55.0,28.69,otra
2025-02-10 08:00:00,2025,2,10,NORESTE3,0,1.2009999999999998,10.600000000000001,12.1,62.8,22.07,otra
2025-02-10 08:00:00,2025,2,10,NOROESTE3,0,2.4566666666666666,8.5,10.666666666666666,26.333333333333332,10.7,otra
2025-02-10 08:00:00,2025,2,10,NORTE2,1,1.06,17.200000000000003,7.5,52.0,14.0,otra
2025-02-10 08:00:00,2025,2,10,SUR,1,1.6700000000000002,6.75,12.25,39.25,21.115000000000002,otra
2025-02-10 08:00:00,2025,2,10,SUROESTE2,1,2.06,17.65,6.0,59.0,28.51,otra
2025-02-11 07:00:00,2025,2,11,CENTRO,1,3.08,17.6,4.0,86.0,73.82,otra
2025-02-11 07:00:00,2025,2,11,NORESTE3,0,1.135,17.2,4.7,35.76,22.12,otra
2025-02-11 07:00:00,2025,2,11,NOROESTE3,0,2.8833333333333333,11.7,3.0,65.0,27.27,otra
2025-02-11 07:00:00,2025,2,11,NORTE2,1,1.15,24.85,2.5,79.5,12.5,otra
2025-02-11 07:00:00,2025,2,11,SUR,1,1.68,9.25,9.75,47.75,24.96,otra
2025-02-11 07:00:00,2025,2,11,SUROESTE2,1,0.9,16.2,2.0,63.0,25.0,otra
2025-02-11 08:00:00,2025,2,11,CENTRO,1,3.35,21.7,4.0,117.0,46.37,otra
2025-02-11 08:00:00,2025,2,11,NORESTE3,0,1.289,17.0,5.166666666666667,35.28666666666667,22.37,otra
2025-02-11 08:00:00,2025,2,11,NOROESTE3,0,3.25,11.600000000000001,3.0,78.0,38.6,otra
2025-02-11 08:00:00,2025,2,11,NORTE2,1,1.365,23.75,2.0,92.5,18.0,otra
2025-02-11 08:00:00,2025,2,11,SUR,1,1.7866666666666664,9.6,8.5,53.75,21.915,otra
2025-02-11 08:00:00,2025,2,11,SUROESTE2,1,1.15,17.0,2.0,73.0,30.0,otra
2025-02-12 07:00:00,2025,2,12,CENTRO,1,3.1,30.9,5.0,86.0,36.14,otra
2025-02-12 07:00:00,2025,2,12,NORESTE3,0,1.83,20.433333333333334,,91.01333333333334,46.88,otra
2025-02-12 07:00:00,2025,2,12,NOROESTE3,0,2.7866666666666666,8.9,11.0,120.66666666666667,,otra
2025-02-12 07:00:00,2025,2,12,NORTE2,1,1.835,37.150000000000006,2.0,101.5,34.5,otra
2025-02-12 07:00:00,2025,2,12,SUR,1,2.033333333333333,13.375,3.3333333333333335,92.5,35.7175,otra
2025-02-12 07:00:00,2025,2,12,SUROESTE2,1,0.85,23.8,5.0,66.0,23.0,otra
2025-02-12 08:00:00,2025,2,12,CENTRO,1,3.36,31.7,5.0,95.0,34.91,otra
2025-02-12 08:00:00,2025,2,12,NORESTE3,0,2.012,20.166666666666668,,91.12,56.46,otra
2025-02-12 08:00:00,2025,2,12,NOROESTE3,0,3.026666666666667,10.0,5.0,97.33333333333333,,otra
2025-02-12 08:00:00,2025,2,12,NORTE2,1,2.475,37.45,2.0,115.0,35.5,otra
2025-02-12 08:00:00,2025,2,12,SUR,1,2.37,14.325,3.6666666666666665,114.25,40.47,otra
2025-02-12 08:00:00,2025,2,12,SUROESTE2,1,1.22,23.6,3.0,72.0,21.0,otra
2025-02-13 07:00:00,2025,2,13,CENTRO,1,2.88,13.5,7.0,31.0,6.83,otra
2025-02-13 07:00:00,2025,2,13,NORESTE3,0,1.08,10.799999999999999,8.0,9.666666666666666,4.08,otra
2025-02-13 07:00:00,2025,2,13,NOROESTE3,0,2.3333333333333335,7.199999999999999,6.666666666666667,21.5,,otra
2025-02-13 07:00:00,2025,2,13,NORTE2,1,0.9199999999999999,13.65,6.0,20.0,4.0,otra
2025-02-13 07:00:00,2025,2,13,SUR,1,1.6266666666666667,6.975,8.75,17.25,5.453333333333333,otra
2025-02-13 07:00:00,2025,2,13,SUROESTE2,1,1.965,13.95,4.0,27.0,19.21,otra
2025-02-13 08:00:00,2025,2,13,CENTRO,1,3.04,16.3,4.0,32.0,11.32,otra
2025-02-13 08:00:00,2025,2,13,NORESTE3,0,1.1196666666666666,11.6,8.0,10.666666666666666,6.41,otra
2025-02-13 08:00:00,2025,2,13,NOROESTE3,0,2.44,7.7,5.666666666666667,13.333333333333334,,otra
2025-02-13 08:00:00,2025,2,13,NORTE2,1,0.995,13.4,5.5,27.0,5.0,otra
2025-02-13 08:00:00,2025,2,13,SUR,1,1.6900000000000002,7.55,7.75,21.25,4.866666666666666,otra
2025-02-13 08:00:00,2025,2,13,SUROESTE2,1,2.115,14.95,2.0,18.0,9.795,otra
2025-02-14 07:00:00,2025,2,14,CENTRO,1,2.96,18.0,,44.0,28.58,otra
2025-02-14 07:00:00,2025,2,14,NORESTE3,0,1.1446666666666667,14.733333333333334,5.0,21.666666666666668,,otra
2025-02-14 07:00:00,2025,2,14,NOROESTE3,0,2.5966666666666667,8.9,2.6666666666666665,18.333333333333332,,otra
2025-02-14 07:00:00,2025,2,14,NORTE2,1,1.3,23.7,2.0,31.0,11.0,otra
2025-02-14 07:00:00,2025,2,14,SUR,1,1.68,8.4,8.0,26.5,16.333333333333332,otra
2025-02-14 07:00:00,2025,2,14,SUROESTE2,1,1.9,18.6,2.0,25.0,18.0,otra
2025-02-14 08:00:00,2025,2,14,CENTRO,1,3.07,17.2,,27.0,19.68,otra
2025-02-14 08:00:00,2025,2,14,NORESTE3,0,1.365,15.366666666666667,4.0,24.333333333333332,,otra
2025-02-14 08:00:00,2025,2,14,NOROESTE3,0,2.643333333333333,9.0,3.0,32.0,,otra
2025-02-14 08:00:00,2025,2,14,NORTE2,1,1.52,24.2,2.0,29.0,13.0,otra
2025-02-14 08:00:00,2025,2,14,SUR,1,1.76,9.05,7.0,26.25,15.333333333333334,otra
2025-02-14 08:00:00,2025,2,14,SUROESTE2,1,2.175,19.05,2.0,29.0,14.0,otra
2025-02-15 07:00:00,2025,2,15,CENTRO,0,3.59,24.6,,171.0,95.38,otra
2025-02-15 07:00:00,2025,2,15,NORESTE3,0,1.6153333333333333,19.900000000000002,6.0,92.33333333333333,52.47,otra
2025-02-15 07:00:00,2025,2,15,NOROESTE3,0,3.6833333333333336,16.2,3.0,92.66666666666667,,otra
2025-02-15 07:00:00,2025,2,15,NORTE2,0,1.28,27.950000000000003,,141.5,32.0,otra
2025-02-15 07:00:00,2025,2,15,SUR,0,1.9333333333333333,9.725,6.0,67.25,29.802500000000002,otra
2025-02-15 07:00:00,2025,2,15,SUROESTE2,0,2.6,30.6,2.0,463.0,92.0,otra
2025-02-15 08:00:00,2025,2,15,CENTRO,0,3.95,30.0,5.0,239.0,116.82,otra
2025-02-15 08:00:00,2025,2,15,NORESTE3,0,1.8453333333333333,19.7,6.0,108.66666666666667,54.78,otra
2025-02-15 08:00:00,2025,2,15,NOROESTE3,0,3.9666666666666663,17.05,2.0,114.66666666666667,,otra
2025-02-15 08:00:00,2025,2,15,NORTE2,0,1.8650000000000002,31.299999999999997,3.0,153.0,45.0,otra
2025-02-15 08:00:00,2025,2,15,SUR,0,2.1,9.825,5.75,79.25,35.435,otra
2025-02-15 08:00:00,2025,2,15,SUROESTE2,0,2.82,34.6,3.0,354.0,82.0,otra
2025-02-16 07:00:00,2025,2,16,CENTRO,0,2.78,15.3,19.0,59.0,16.41,otra
2025-02-16 07:00:00,2025,2,16,NORESTE3,0,2.48,29.6,5.0,98.5,36.19,otra
2025-02-16 07:00:00,2025,2,16,NOROESTE3,0,3.0500000000000003,16.1,2.6666666666666665,96.66666666666667,,otra
2025-02-16 07:00:00,2025,2,16,NORTE2,0,1.455,36.7,2.5,97.0,19.0,otra
2025-02-16 07:00:00,2025,2,16,SUR,0,2.143333333333333,13.8,4.666666666666667,87.25,34.0,otra
2025-02-16 07:00:00,2025,2,16,SUROESTE2,0,1.78,25.9,9.0,56.5,22.765,otra
2025-02-16 08:00:00,2025,2,16,CENTRO,0,2.81,20.5,15.0,52.0,14.22,otra
2025-02-16 08:00:00,2025,2,16,NORESTE3,0,2.54,30.450000000000003,5.0,108.0,33.54,otra
2025-02-16 08:00:00,2025,2,16,NOROESTE3,0,3.09,17.35,6.333333333333333,128.66666666666666,,otra
2025-02-16 08:00:00,2025,2,16,NORTE2,0,1.315,36.25,6.5,103.0,12.5,otra
2025-02-16 08:00:00,2025,2,16,SUR,0,2.33,15.125,4.0,88.25,30.666666666666668,otra
2025-02-16 08:00:00,2025,2,16,SUROESTE2,0,1.895,26.2,11.5,62.0,16.509999999999998,otra
2025-02-17 07:00:00,2025,2,17,CENTRO,1,2.74,35.9,10.0,47.0,20.19,otra
2025-02-17 07:00:00,2025,2,17,NORESTE3,0,1.895,31.450000000000003,11.0,31.5,15.09,otra
2025-02-17 07:00:00,2025,2,17,NOROESTE3,0,2.6566666666666667,16.35,15.333333333333334,30.666666666666668,,otra
2025-02-17 07:00:00,2025,2,17,NORTE2,1,1.0350000000000001,32.05,15.0,38.5,7.0,otra
2025-02-17 07:00:00,2025,2,17,SUR,1,1.6966666666666665,14.024999999999999,17.25,39.75,12.333333333333334,otra
2025-02-17 07:00:00,2025,2,17,SUROESTE2,1,1.555,26.6,15.0,33.5,13.985,otra
2025-02-17 08:00:00,2025,2,17,CENTRO,1,2.85,26.7,19.0,52.0,16.78,otra
2025-02-17 08:00:00,2025,2,17,NORESTE3,0,2.105,28.75,15.0,50.0,15.47,otra
2025-02-17 08:00:00,2025,2,17,NOROESTE3,0,3.17,18.05,13.666666666666666,31.333333333333332,,otra
2025-02-17 08:00:00,2025,2,17,NORTE2,1,0.98,30.9,17.5,43.5,9.0,otra
2025-02-17 08:00:00,2025,2,17,SUR,1,1.9266666666666665,15.625,15.25,54.75,17.0,otra
2025-02-17 08:00:00,2025,2,17,SUROESTE2,1,1.9049999999999998,35.349999999999994,7.0,33.0,17.84,otra
2025-02-18 07:00:00,2025,2,18,CENTRO,1,3.26,36.6,,132.0,42.93,otra
2025-02-18 07:00:00,2025,2,18,NORESTE3,0,2.1229999999999998,28.3,,110.33333333333333,39.05,otra
2025-02-18 07:00:00,2025,2,18,NOROESTE3,0,0.9033333333333333,20.15,3.6666666666666665,75.0,,otra
2025-02-18 07:00:00,2025,2,18,NORTE2,1,1.115,41.849999999999994,2.0,124.5,27.5,otra
2025-02-18 07:00:00,2025,2,18,SUR,1,2.216666666666667,17.8,3.0,113.5,35.075,otra
2025-02-18 07:00:00,2025,2,18,SUROESTE2,1,1.23,30.8,3.0,57.0,22.0,otra
2025-02-18 08:00:00,2025,2,18,CENTRO,1,3.75,36.6,,132.0,51.86,otra
2025-02-18 08:00:00,2025,2,18,NORESTE3,0,2.2183333333333333,28.53333333333333,,122.0,48.54,otra
2025-02-18 08:00:00,2025,2,18,NOROESTE3,0,0.9833333333333334,17.0,6.333333333333333,69.66666666666667,,otra
2025-02-18 08:00:00,2025,2,18,NORTE2,1,1.475,43.45,3.0,153.0,32.0,otra
2025-02-18 08:00:00,2025,2,18,SUR,1,2.48,17.05,5.75,125.0,41.9925,otra
2025-02-18 08:00:00,2025,2,18,SUROESTE2,1,2.04,37.8,3.0,112.0,32.0,otra
2025-02-19 07:00:00,2025,2,19,CENTRO,1,0.37,17.3,8.0,119.0,20.25,otra
2025-02-19 07:00:00,2025,2,19,NORESTE3,0,1.202,10.166666666666666,15.0,88.33333333333333,14.63,otra
2025-02-19 07:00:00,2025,2,19,NOROESTE3,0,0.5766666666666667,8.5,14.0,80.33333333333333,17.27,otra
2025-02-19 07:00:00,2025,2,19,NORTE2,1,0.28,13.05,11.5,129.0,12.0,otra
2025-02-19 07:00:00,2025,2,19,SUR,1,1.6900000000000002,6.6499999999999995,13.25,109.75,13.63,otra
2025-02-19 07:00:00,2025,2,19,SUROESTE2,1,0.6699999999999999,17.45,3.5,108.0,13.35,otra
2025-02-19 08:00:00,2025,2,19,CENTRO,1,0.43,17.8,8.0,95.0,21.22,otra
2025-02-19 08:00:00,2025,2,19,NORESTE3,0,1.21,11.299999999999999,13.5,67.66666666666667,14.53,otra
2025-02-19 08:00:00,2025,2,19,NOROESTE3,0,0.6233333333333334,9.5,11.333333333333334,73.33333333333333,18.15,otra
2025-02-19 08:00:00,2025,2,19,NORTE2,1,0.32499999999999996,13.600000000000001,12.0,93.0,13.0,otra
2025-02-19 08:00:00,2025,2,19,SUR,1,1.6933333333333334,7.25,13.75,98.5,15.540000000000001,otra
2025-02-19 08:00:00,2025,2,19,SUROESTE2,1,0.78,18.65,3.5,84.0,14.96,otra
2025-02-20 07:00:00,2025,2,20,CENTRO,1,0.09,12.4,22.0,36.0,12.5,otra
2025-02-20 07:00:00,2025,2,20,NORESTE3,0,1.331,12.366666666666667,18.5,13.666666666666666,8.4,otra
2025-02-20 07:00:00,2025,2,20,NOROESTE3,0,0.5533333333333333,7.1,19.666666666666668,19.0,6.94,otra
2025-02-20 07:00:00,2025,2,20,NORTE2,1,0.38,19.900000000000002,16.0,32.0,5.0,otra
2025-02-20 07:00:00,2025,2,20,SUR,1,1.5766666666666669,5.95,21.0,30.5,11.863333333333335,otra
2025-02-20 07:00:00,2025,2,20,SUROESTE2,1,0.51,17.65,13.5,20.0,2.0,otra
2025-02-20 08:00:00,2025,2,20,CENTRO,1,0.14,16.5,17.0,41.0,15.24,otra
2025-02-20 08:00:00,2025,2,20,NORESTE3,0,1.4916666666666665,17.166666666666668,10.5,22.0,14.51,otra
2025-02-20 08:00:00,2025,2,20,NOROESTE3,0,0.5566666666666666,7.9,20.0,29.0,7.89,otra
2025-02-20 08:00:00,2025,2,20,NORTE2,1,0.42500000000000004,20.05,15.5,37.5,5.5,otra
2025-02-20 08:00:00,2025,2,20,SUR,1,1.6266666666666667,5.7,20.5,33.75,13.715,otra
2025-02-20 08:00:00,2025,2,20,SUROESTE2,1,0.615,18.55,14.5,27.5,14.0,otra
2025-02-21 07:00:00,2025,2,21,CENTRO,1,0.23,27.4,10.0,61.0,34.83,otra
2025-02-21 07:00:00,2025,2,21,NORESTE3,0,0.923,15.666666666666666,20.5,26.0,20.55,otra
2025-02-21 07:00:00,2025,2,21,NOROESTE3,0,0.49,13.3,14.0,35.5,21.36,otra
2025-02-21 07:00:00,2025,2,21,NORTE2,1,0.49,23.549999999999997,14.5,42.0,13.0,otra
2025-02-21 07:00:00,2025,2,21,SUR,1,1.6066666666666667,7.35,24.5,34.25,18.956666666666667,otra
2025-02-21 07:00:00,2025,2,21,SUROESTE2,1,0.64,21.8,11.0,37.0,33.0,otra
2025-02-21 08:00:00,2025,2,21,CENTRO,1,0.28,29.5,7.0,70.0,36.03,otra
2025-02-21 08:00:00,2025,2,21,NORESTE3,0,0.9386666666666666,14.166666666666666,22.0,26.666666666666668,22.01,otra
2025-02-21 08:00:00,2025,2,21,NOROESTE3,0,0.52,18.1,11.0,43.5,25.35,otra
2025-02-21 08:00:00,2025,2,21,NORTE2,1,0.52,26.2,10.5,50.5,17.0,otra
2025-02-21 08:00:00,2025,2,21,SUR,1,1.6166666666666665,10.5,18.75,35.5,18.393333333333334,otra
2025-02-21 08:00:00,2025,2,21,SUROESTE2,1,0.79,25.799999999999997,6.0,49.0,36.0,otra
2025-02-22 07:00:00,2025,2,22,CENTRO,0,,23.4,5.0,29.0,26.0,otra
2025-02-22 07:00:00,2025,2,22,NORESTE3,0,0.7746666666666666,13.700000000000001,14.0,5.666666666666667,,otra
2025-02-22 07:00:00,2025,2,22,NOROESTE3,0,0.535,15.0,6.0,11.0,,otra
2025-02-22 07:00:00,2025,2,22,NORTE2,0,0.36,17.05,12.0,14.0,7.0,otra
2025-02-22 07:00:00,2025,2,22,SUR,0,0.59,9.125,13.0,17.25,11.5,otra
2025-02-22 07:00:00,2025,2,22,SUROESTE2,0,0.7949999999999999,23.9,1.0,21.5,13.0,otra
2025-02-22 08:00:00,2025,2,22,CENTRO,0,,23.6,6.0,35.0,,otra
2025-02-22 08:00:00,2025,2,22,NORESTE3,0,0.8526666666666666,15.566666666666668,11.0,4.0,,otra
2025-02-22 08:00:00,2025,2,22,NOROESTE3,0,0.515,13.5,7.0,12.5,,otra
2025-02-22 08:00:00,2025,2,22,NORTE2,0,0.475,18.85,10.5,8.0,7.5,otra
2025-02-22 08:00:00,2025,2,22,SUR,0,0.62,10.45,11.25,17.0,10.0,otra
2025-02-22 08:00:00,2025,2,22,SUROESTE2,0,0.91,23.049999999999997,2.0,17.0,,otra
2025-02-23 07:00:00,2025,2,23,CENTRO,0,,20.9,4.0,79.0,48.0,otra
2025-02-23 07:00:00,2025,2,23,NORESTE3,0,0.9093333333333334,13.833333333333334,13.5,24.666666666666668,,otra
2025-02-23 07:00:00,2025,2,23,NOROESTE3,0,0.485,6.8,19.0,38.0,29.23,otra
2025-02-23 07:00:00,2025,2,23,NORTE2,0,0.46499999999999997,24.049999999999997,3.5,63.5,26.0,otra
2025-02-23 07:00:00,2025,2,23,SUR,0,0.7666666666666666,11.25,6.0,49.25,33.5,otra
2025-02-23 07:00:00,2025,2,23,SUROESTE2,0,1.025,24.75,3.0,85.5,60.0,otra
2025-02-23 08:00:00,2025,2,23,CENTRO,0,,19.8,5.0,82.0,46.0,otra
2025-02-23 08:00:00,2025,2,23,NORESTE3,0,0.895,15.166666666666666,14.5,22.0,,otra
2025-02-23 08:00:00,2025,2,23,NOROESTE3,0,0.545,7.6,15.0,37.0,,otra
2025-02-23 08:00:00,2025,2,23,NORTE2,0,0.635,27.150000000000002,3.0,62.0,22.5,otra
2025-02-23 08:00:00,2025,2,23,SUR,0,0.8133333333333334,10.4,8.0,47.75,21.666666666666668,otra
2025-02-23 08:00:00,2025,2,23,SUROESTE2,0,1.385,24.6,2.5,82.0,52.0,otra
2025-02-24 07:00:00,2025,2,24,CENTRO,1,,39.5,8.0,124.0,27.0,otra
2025-02-24 07:00:00,2025,2,24,NORESTE3,0,1.5823333333333334,26.866666666666664,4.0,79.0,2.0,otra
2025-02-24 07:00:00,2025,2,24,NOROESTE3,0,1.13,25.7,5.333333333333333,87.33333333333333,44.71,otra
2025-02-24 07:00:00,2025,2,24,NORTE2,1,1.1800000000000002,44.85,3.0,139.5,37.0,otra
2025-02-24 07:00:00,2025,2,24,SUR,1,1.3233333333333333,17.5,6.0,81.0,40.666666666666664,otra
2025-02-24 07:00:00,2025,2,24,SUROESTE2,1,1.62,39.2,3.0,71.5,12.0,otra
2025-02-24 08:00:00,2025,2,24,CENTRO,1,,43.7,6.0,87.0,30.0,otra
2025-02-24 08:00:00,2025,2,24,NORESTE3,0,2.046333333333333,35.85,5.0,122.5,2.0,otra
2025-02-24 08:00:00,2025,2,24,NOROESTE3,0,0.97,19.3,8.666666666666666,92.0,36.09,otra
2025-02-24 08:00:00,2025,2,24,NORTE2,1,1.745,46.45,3.0,163.5,23.5,otra
2025-02-24 08:00:00,2025,2,24,SUR,1,2.033333333333333,18.625,6.5,105.75,47.333333333333336,otra
2025-02-24 08:00:00,2025,2,24,SUROESTE2,1,2.955,39.2,6.0,140.5,12.0,otra
2025-02-25 07:00:00,2025,2,25,CENTRO,1,0.8,47.4,5.0,197.0,61.26,otra
2025-02-25 07:00:00,2025,2,25,NORESTE3,0,1.825,33.06666666666667,6.0,131.33333333333334,46.36,otra
2025-02-25 07:00:00,2025,2,25,NOROESTE3,0,1.11,33.5,5.333333333333333,106.0,22.37,otra
2025-02-25 07:00:00,2025,2,25,NORTE2,1,0.895,51.35,2.5,172.0,33.0,otra
2025-02-25 07:00:00,2025,2,25,SUR,1,0.8966666666666666,21.7,8.0,82.75,33.0,otra
2025-02-25 07:00:00,2025,2,25,SUROESTE2,1,1.4000000000000001,38.25,12.5,92.0,10.0,otra
2025-02-25 08:00:00,2025,2,25,CENTRO,1,1.78,49.9,5.0,182.0,49.66,otra
2025-02-25 08:00:00,2025,2,25,NORESTE3,0,2.17,34.0,3.9333333333333336,134.33333333333334,61.56,otra
2025-02-25 08:00:00,2025,2,25,NOROESTE3,0,1.11,31.7,7.0,98.0,24.64,otra
2025-02-25 08:00:00,2025,2,25,NORTE2,1,1.6949999999999998,55.7,3.0,129.5,34.5,otra
2025-02-25 08:00:00,2025,2,25,SUR,1,1.2366666666666666,22.424999999999997,8.5,119.0,43.75,otra
2025-02-25 08:00:00,2025,2,25,SUROESTE2,1,2.6500000000000004,46.45,8.0,120.5,16.0,otra
2025-02-26 07:00:00,2025,2,26,CENTRO,1,1.01,39.2,,177.0,40.69,otra
2025-02-26 07:00:00,2025,2,26,NORESTE3,0,0.739,26.666666666666668,4.0,52.333333333333336,28.23,otra
2025-02-26 07:00:00,2025,2,26,NOROESTE3,0,1.23,14.75,2.6666666666666665,126.66666666666667,25.13,otra
2025-02-26 07:00:00,2025,2,26,NORTE2,1,0.79,35.15,2.0,72.5,24.0,otra
2025-02-26 07:00:00,2025,2,26,SUR,1,0.7666666666666666,16.9,5.75,74.0,29.9,otra
2025-02-26 07:00:00,2025,2,26,SUROESTE2,1,0.78,35.3,6.0,49.0,8.0,otra
2025-02-26 08:00:00,2025,2,26,CENTRO,1,1.34,37.6,5.0,190.0,38.68,otra
2025-02-26 08:00:00,2025,2,26,NORESTE3,0,1.041,27.366666666666664,3.5,69.0,16.744999999999997,otra
2025-02-26 08:00:00,2025,2,26,NOROESTE3,0,1.5133333333333334,15.700000000000001,4.0,95.66666666666667,24.43,otra
2025-02-26 08:00:00,2025,2,26,NORTE2,1,1.44,38.650000000000006,2.0,106.5,25.0,otra
2025-02-26 08:00:00,2025,2,26,SUR,1,0.8966666666666666,18.35,6.25,153.75,42.582499999999996,otra
2025-02-26 08:00:00,2025,2,26,SUROESTE2,1,1.17,36.3,5.0,78.0,3.0,otra
2025-02-27 07:00:00,2025,2,27,CENTRO,1,1.2,51.2,4.0,170.0,60.98,otra
2025-02-27 07:00:00,2025,2,27,NORESTE3,0,0.6346666666666666,31.1,4.5,85.0,33.51,otra
2025-02-27 07:00:00,2025,2,27,NOROESTE3,0,1.3566666666666667,35.6,3.6666666666666665,84.0,41.91,otra
2025-02-27 07:00:00,2025,2,27,NORTE2,1,1.045,38.099999999999994,2.0,87.13499999999999,27.345,otra
2025-02-27 07:00:00,2025,2,27,SUR,1,0.6766666666666667,19.625,6.0,92.25,31.314999999999998,otra
2025-02-27 07:00:00,2025,2,27,SUROESTE2,1,1.675,37.15,14.5,102.0,29.88,otra
2025-02-27 08:00:00,2025,2,27,CENTRO,1,1.64,50.2,5.0,184.0,62.19,otra
2025-02-27 08:00:00,2025,2,27,NORESTE3,0,0.815,26.900000000000002,6.5,83.0,35.69,otra
2025-02-27 08:00:00,2025,2,27,NOROESTE3,0,1.9533333333333331,36.3,4.0,100.66666666666667,46.83,otra
2025-02-27 08:00:00,2025,2,27,NORTE2,1,1.3,45.3,2.0,132.905,28.58,otra
2025-02-27 08:00:00,2025,2,27,SUR,1,1.0233333333333334,18.95,9.0,105.25,34.0575,otra
2025-02-27 08:00:00,2025,2,27,SUROESTE2,1,3.25,50.2,4.5,122.5,40.765,otra
2025-02-28 07:00:00,2025,2,28,CENTRO,1,0.77,19.6,23.0,39.0,16.63,otra
2025-02-28 07:00:00,2025,2,28,NORESTE3,0,0.5934999999999999,16.366666666666667,30.5,25.333333333333332,9.14,otra
2025-02-28 07:00:00,2025,2,28,NOROESTE3,0,0.7999999999999999,21.0,25.333333333333332,33.333333333333336,31.45,otra
2025-02-28 07:00:00,2025,2,28,NORTE2,1,0.47500000000000003,30.1,20.0,60.545,8.74,otra
2025-02-28 07:00:00,2025,2,28,SUR,1,0.48333333333333334,13.4,18.5,34.75,12.49,otra
2025-02-28 07:00:00,2025,2,28,SUROESTE2,1,0.845,14.399999999999999,28.0,33.5,9.235,otra
2025-02-28 08:00:00,2025,2,28,CENTRO,1,0.84,26.5,18.0,44.0,16.77,otra
2025-02-28 08:00:00,2025,2,28,NORESTE3,0,0.6359999999999999,17.133333333333333,26.5,25.0,15.24,otra
2025-02-28 08:00:00,2025,2,28,NOROESTE3,0,0.8366666666666666,20.2,24.333333333333332,47.666666666666664,14.55,otra
2025-02-28 08:00:00,2025,2,28,NORTE2,1,0.51,28.849999999999998,17.5,69.08500000000001,5.61,otra
2025-02-28 08:00:00,2025,2,28,SUR,1,0.52,14.05,18.5,37.5,13.504999999999999,otra
2025-02-28 08:00:00,2025,2,28,SUROESTE2,1,0.99,18.35,25.0,28.0,11.085,otra
2025-03-01 07:00:00,2025,3,1,CENTRO,0,0.89,26.8,5.0,,35.48,otra
2025-03-01 07:00:00,2025,3,1,NORESTE3,0,1.238,24.400000000000002,5.0,97.66666666666667,56.66,otra
2025-03-01 07:00:00,2025,3,1,NOROESTE3,0,1.1866666666666668,17.1,3.3333333333333335,71.33333333333333,40.55,otra
2025-03-01 07:00:00,2025,3,1,NORTE2,0,1.235,36.45,2.0,110.5,32.555,otra
2025-03-01 07:00:00,2025,3,1,SUR,0,0.9900000000000001,12.125,2.5,87.0,33.735,otra
2025-03-01 07:00:00,2025,3,1,SUROESTE2,0,1.435,21.35,6.0,59.5,16.36,otra
2025-03-01 08:00:00,2025,3,1,CENTRO,0,1.04,27.6,5.0,,35.25,otra
2025-03-01 08:00:00,2025,3,1,NORESTE3,0,1.121,25.166666666666668,5.0,100.33333333333333,53.88,otra
2025-03-01 08:00:00,2025,3,1,NOROESTE3,0,1.3166666666666667,16.6,4.0,73.66666666666667,36.88,otra
2025-03-01 08:00:00,2025,3,1,NORTE2,0,1.42,42.849999999999994,2.0,136.41,41.935,otra
2025-03-01 08:00:00,2025,3,1,SUR,0,1.18,12.375,3.3333333333333335,91.75,36.435,otra
2025-03-01 08:00:00,2025,3,1,SUROESTE2,0,1.89,25.2,4.5,77.0,19.925,otra
2025-03-02 07:00:00,2025,3,2,CENTRO,0,0.82,26.8,4.0,48.0,25.38,otra
2025-03-02 07:00:00,2025,3,2,NORESTE3,0,0.5825,14.6,14.0,10.0,,otra
2025-03-02 07:00:00,2025,3,2,NOROESTE3,0,0.93,7.3999999999999995,6.666666666666667,37.333333333333336,39.69,otra
2025-03-02 07:00:00,2025,3,2,NORTE2,0,0.38,20.200000000000003,11.5,27.9,6.345000000000001,otra
2025-03-02 07:00:00,2025,3,2,SUR,0,0.41333333333333333,8.425,13.25,29.25,11.0,otra
2025-03-02 07:00:00,2025,3,2,SUROESTE2,0,1.0699999999999998,22.5,3.5,45.0,16.494999999999997,otra
2025-03-02 08:00:00,2025,3,2,CENTRO,0,0.89,25.9,7.0,49.0,20.33,otra
2025-03-02 08:00:00,2025,3,2,NORESTE3,0,0.6214999999999999,16.400000000000002,11.5,18.666666666666668,,otra
2025-03-02 08:00:00,2025,3,2,NOROESTE3,0,1.0,15.0,7.0,39.333333333333336,38.58,otra
2025-03-02 08:00:00,2025,3,2,NORTE2,0,0.53,23.15,7.0,27.735,6.505,otra
2025-03-02 08:00:00,2025,3,2,SUR,0,0.45999999999999996,9.8,11.25,36.5,12.0,otra
2025-03-02 08:00:00,2025,3,2,SUROESTE2,0,1.06,22.299999999999997,5.0,58.5,13.79,otra
2025-03-03 07:00:00,2025,3,3,CENTRO,1,0.92,18.1,6.0,98.0,38.43,otra
2025-03-03 07:00:00,2025,3,3,NORESTE3,0,0.627,14.766666666666666,11.5,33.0,,otra
2025-03-03 07:00:00,2025,3,3,NOROESTE3,0,0.96,,6.0,63.0,22.69,otra
2025-03-03 07:00:00,2025,3,3,NORTE2,1,0.6000000000000001,21.35,7.5,50.120000000000005,25.435,otra
2025-03-03 07:00:00,2025,3,3,SUR,1,0.4633333333333334,9.899999999999999,8.5,55.0,26.25,otra
2025-03-03 07:00:00,2025,3,3,SUROESTE2,1,1.41,20.9,2.0,68.0,32.495,otra
2025-03-03 08:00:00,2025,3,3,CENTRO,1,1.19,23.3,4.0,89.0,41.13,otra
2025-03-03 08:00:00,2025,3,3,NORESTE3,0,0.6505000000000001,14.033333333333333,13.5,37.0,28.34,otra
2025-03-03 08:00:00,2025,3,3,NOROESTE3,0,1.0033333333333332,,6.666666666666667,53.333333333333336,36.86,otra
2025-03-03 08:00:00,2025,3,3,NORTE2,1,0.57,22.0,6.0,62.97,21.314999999999998,otra
2025-03-03 08:00:00,2025,3,3,SUR,1,0.5866666666666667,10.75,8.5,59.0,28.25,otra
2025-03-03 08:00:00,2025,3,3,SUROESTE2,1,1.635,23.200000000000003,1.5,96.5,48.269999999999996,otra
2025-03-04 07:00:00,2025,3,4,CENTRO,1,,,,92.0,40.0,otra
2025-03-04 07:00:00,2025,3,4,NORESTE3,0,1.12,18.6,4.5,79.14,44.9,otra
2025-03-04 07:00:00,2025,3,4,NOROESTE3,0,1.2666666666666668,0.1,25.666666666666668,159.66666666666666,23.85,otra
2025-03-04 07:00:00,2025,3,4,NORTE2,1,1.055,26.5,6.5,114.22,38.1,otra
2025-03-04 07:00:00,2025,3,4,SUR,1,0.5666666666666668,12.35,5.25,68.33333333333333,33.24333333333333,otra
2025-03-04 07:00:00,2025,3,4,SUROESTE2,1,0.93,18.7,19.5,283.0,39.22,otra
2025-03-04 08:00:00,2025,3,4,NORESTE3,0,0.712,17.099999999999998,14.833333333333334,93.98,30.55,otra
2025-03-04 08:00:00,2025,3,4,NOROESTE3,0,0.6866666666666666,0.1,34.333333333333336,282.6666666666667,31.29,otra
2025-03-04 08:00:00,2025,3,4,NORTE2,1,0.505,24.650000000000002,23.5,185.36,18.93,otra
2025-03-04 08:00:00,2025,3,4,SUR,1,0.7000000000000001,14.775,5.75,76.0,37.73666666666667,otra
2025-03-04 08:00:00,2025,3,4,SUROESTE2,1,0.745,13.7,32.5,168.5,23.1,otra
2025-03-05 07:00:00,2025,3,5,NORESTE3,0,1.587,34.166666666666664,7.6000000000000005,215.67,79.1,otra
2025-03-05 07:00:00,2025,3,5,NOROESTE3,0,1.7233333333333334,,4.333333333333333,152.66666666666666,64.6,otra
2025-03-05 07:00:00,2025,3,5,NORTE2,1,1.345,49.75,3.0,210.5,52.5,otra
2025-03-05 07:00:00,2025,3,5,SUR,1,0.39999999999999997,23.333333333333332,13.666666666666666,115.33333333333333,26.775,otra
2025-03-05 07:00:00,2025,3,5,SUROESTE2,1,1.695,34.650000000000006,9.0,226.5,91.91,otra
2025-03-05 08:00:00,2025,3,5,NORESTE3,0,1.6455,35.46666666666667,7.866666666666667,240.54999999999998,86.69,otra
2025-03-05 08:00:00,2025,3,5,NOROESTE3,0,2.0833333333333335,,4.0,170.66666666666666,50.37,otra
2025-03-05 08:00:00,2025,3,5,NORTE2,1,1.9049999999999998,51.65,4.0,204.0,53.91,otra
2025-03-05 08:00:00,2025,3,5,SUR,1,0.9900000000000001,25.400000000000002,12.333333333333334,146.0,34.8425,otra
2025-03-05 08:00:00,2025,3,5,SUROESTE2,1,2.47,38.85,10.5,258.0,124.53,otra
2025-03-06 07:00:00,2025,3,6,CENTRO,1,0.77,34.4,6.0,152.0,40.13,otra
2025-03-06 07:00:00,2025,3,6,NORESTE3,0,0.6125,19.733333333333334,19.2,111.38333333333333,40.25,otra
2025-03-06 07:00:00,2025,3,6,NOROESTE3,0,0.9733333333333333,20.0,7.333333333333333,134.66666666666666,39.13,otra
2025-03-06 07:00:00,2025,3,6,NORTE2,1,0.5,25.4,15.0,131.5,26.37,otra
2025-03-06 07:00:00,2025,3,6,SUR,1,0.30333333333333334,17.45,17.25,118.25,24.595,otra
2025-03-06 07:00:00,2025,3,6,SUROESTE2,1,0.885,27.75,5.0,154.5,25.275,otra
2025-03-06 08:00:00,2025,3,6,CENTRO,1,0.94,33.6,8.0,162.0,46.87,otra
2025-03-06 08:00:00,2025,3,6,NORESTE3,0,0.7270000000000001,20.333333333333332,18.566666666666666,129.36333333333334,44.92,otra
2025-03-06 08:00:00,2025,3,6,NOROESTE3,0,1.1133333333333333,20.1,7.333333333333333,136.66666666666666,50.35,otra
2025-03-06 08:00:00,2025,3,6,NORTE2,1,0.555,26.95,13.5,154.5,28.72,otra
2025-03-06 08:00:00,2025,3,6,SUR,1,0.43333333333333335,20.6,13.0,139.0,26.8775,otra
2025-03-06 08:00:00,2025,3,6,SUROESTE2,1,1.345,29.15,5.0,154.5,33.894999999999996,otra
2025-03-07 07:00:00,2025,3,7,CENTRO,1,1.46,35.4,4.0,164.0,45.97,otra
2025-03-07 07:00:00,2025,3,7,NORESTE3,0,0.9215,26.599999999999998,5.866666666666667,122.13999999999999,39.14,otra
2025-03-07 07:00:00,2025,3,7,NOROESTE3,0,0.755,,12.666666666666666,130.66666666666666,8.72,otra
2025-03-07 07:00:00,2025,3,7,NORTE2,1,0.935,32.35,2.0,165.5,30.3,otra
2025-03-07 07:00:00,2025,3,7,SUR,1,0.41333333333333333,22.075,5.5,135.33333333333334,32.405,otra
2025-03-07 07:00:00,2025,3,7,SUROESTE2,1,1.445,30.950000000000003,3.0,159.5,26.555,otra
2025-03-07 08:00:00,2025,3,7,CENTRO,1,1.71,36.1,5.0,176.0,47.75,otra
2025-03-07 08:00:00,2025,3,7,NORESTE3,0,1.43,26.433333333333334,6.666666666666667,163.76,46.01,otra
2025-03-07 08:00:00,2025,3,7,NOROESTE3,0,1.2850000000000001,,12.666666666666666,137.66666666666666,6.51,otra
2025-03-07 08:00:00,2025,3,7,NORTE2,1,1.475,38.25,2.0,181.5,35.455,otra
2025-03-07 08:00:00,2025,3,7,SUR,1,1.05,23.525,6.0,166.66666666666666,36.935,otra
2025-03-07 08:00:00,2025,3,7,SUROESTE2,1,2.7800000000000002,36.55,4.0,166.0,35.695,otra
2025-03-08 07:00:00,2025,3,8,CENTRO,0,1.2,32.0,6.0,53.0,18.38,otra
2025-03-08 07:00:00,2025,3,8,NORESTE3,0,0.7195,27.666666666666668,15.5,114.66666666666667,6.52,otra
2025-03-08 07:00:00,2025,3,8,NOROESTE3,0,0.6466666666666666,11.5,18.0,29.0,5.3,otra
2025-03-08 07:00:00,2025,3,8,NORTE2,0,0.20500000000000002,19.45,17.0,28.0,7.48,otra
2025-03-08 07:00:00,2025,3,8,SUR,0,0.9366666666666666,25.225,5.5,97.5,30.715,otra
2025-03-08 07:00:00,2025,3,8,SUROESTE2,0,0.8049999999999999,22.75,8.5,28.0,12.5,otra
2025-03-08 08:00:00,2025,3,8,CENTRO,0,1.39,32.5,6.0,58.0,19.34,otra
2025-03-08 08:00:00,2025,3,8,NORESTE3,0,0.909,26.299999999999997,12.533333333333333,93.0,7.37,otra
2025-03-08 08:00:00,2025,3,8,NOROESTE3,0,0.7399999999999999,14.5,18.0,22.666666666666668,6.5,otra
2025-03-08 08:00:00,2025,3,8,NORTE2,0,0.32,23.45,16.0,22.0,9.46,otra
2025-03-08 08:00:00,2025,3,8,SUR,0,1.28,25.299999999999997,4.0,106.75,30.7775,otra
2025-03-08 08:00:00,2025,3,8,SUROESTE2,0,0.8899999999999999,21.35,10.5,46.0,6.075,otra
2025-03-09 07:00:00,2025,3,9,CENTRO,0,1.07,11.0,38.0,33.0,9.62,otra
2025-03-09 07:00:00,2025,3,9,NORESTE3,0,0.498,7.366666666666667,39.199999999999996,24.0,6.32,otra
2025-03-09 07:00:00,2025,3,9,NOROESTE3,0,0.595,,30.0,19.0,9.31,otra
2025-03-09 07:00:00,2025,3,9,NORTE2,0,0.13,27.0,24.0,21.0,3.0,otra
2025-03-09 07:00:00,2025,3,9,SUR,0,0.225,11.666666666666666,35.0,26.5,7.05,otra
2025-03-09 07:00:00,2025,3,9,SUROESTE2,0,0.6,9.649999999999999,38.0,21.0,3.34,otra
2025-03-09 08:00:00,2025,3,9,CENTRO,0,1.14,14.3,29.0,39.0,11.42,otra
2025-03-09 08:00:00,2025,3,9,NORESTE3,0,0.513,7.366666666666667,36.53333333333333,30.0,6.09,otra
2025-03-09 08:00:00,2025,3,9,NOROESTE3,0,0.5900000000000001,,28.5,22.5,10.07,otra
2025-03-09 08:00:00,2025,3,9,NORTE2,0,0.2,23.9,22.0,31.0,7.0,otra
2025-03-09 08:00:00,2025,3,9,SUR,0,0.17,5.425,36.25,30.75,6.9675,otra
2025-03-09 08:00:00,2025,3,9,SUROESTE2,0,0.655,12.95,30.0,23.5,5.4399999999999995,otra
2025-03-10 07:00:00,2025,3,10,CENTRO,1,1.29,32.5,15.0,22.0,5.71,otra
2025-03-10 07:00:00,2025,3,10,NORESTE3,0,0.9730000000000001,31.666666666666668,7.566666666666666,30.666666666666668,15.31,otra
2025-03-10 07:00:00,2025,3,10,NOROESTE3,0,1.2366666666666666,21.4,3.6666666666666665,61.333333333333336,17.2,otra
2025-03-10 07:00:00,2025,3,10,NORTE2,1,0.9199999999999999,44.45,2.5,46.5,3.0,otra
2025-03-10 07:00:00,2025,3,10,SUR,1,0.6433333333333333,26.925,7.75,49.0,22.75,otra
2025-03-10 07:00:00,2025,3,10,SUROESTE2,1,1.255,33.099999999999994,10.0,33.0,33.46,otra
2025-03-10 08:00:00,2025,3,10,CENTRO,1,1.47,37.9,11.0,31.0,7.12,otra
2025-03-10 08:00:00,2025,3,10,NORESTE3,0,1.041,35.1,8.133333333333333,52.666666666666664,11.06,otra
2025-03-10 08:00:00,2025,3,10,NOROESTE3,0,1.4266666666666665,22.0,5.333333333333333,63.333333333333336,16.07,otra
2025-03-10 08:00:00,2025,3,10,NORTE2,1,1.135,43.650000000000006,4.5,65.0,16.545,otra
2025-03-10 08:00:00,2025,3,10,SUR,1,0.6866666666666666,27.325,8.5,73.75,36.333333333333336,otra
2025-03-10 08:00:00,2025,3,10,SUROESTE2,1,1.525,35.7,8.0,79.0,20.96,otra
2025-03-11 07:00:00,2025,3,11,CENTRO,1,1.4,33.4,6.0,41.0,32.44,otra
2025-03-11 07:00:00,2025,3,11,NORESTE3,0,0.78,34.6,6.933333333333334,30.666666666666668,19.88,otra
2025-03-11 07:00:00,2025,3,11,NOROESTE3,0,1.1900000000000002,21.4,4.0,91.0,16.55,otra
2025-03-11 07:00:00,2025,3,11,NORTE2,1,0.715,41.85,3.5,67.5,25.34,otra
2025-03-11 07:00:00,2025,3,11,SUR,1,0.42,31.45,6.5,48.25,28.6,otra
2025-03-11 07:00:00,2025,3,11,SUROESTE2,1,1.435,39.4,4.5,91.5,39.980000000000004,otra
2025-03-11 08:00:00,2025,3,11,CENTRO,1,1.76,38.6,6.0,55.0,35.57,otra
2025-03-11 08:00:00,2025,3,11,NORESTE3,0,0.9335,34.03333333333333,10.0,58.666666666666664,16.55,otra
2025-03-11 08:00:00,2025,3,11,NOROESTE3,0,1.4433333333333334,21.4,5.666666666666667,99.33333333333333,17.06,otra
2025-03-11 08:00:00,2025,3,11,NORTE2,1,0.875,41.0,4.5,73.0,24.815,otra
2025-03-11 08:00:00,2025,3,11,SUR,1,0.8433333333333333,34.225,7.5,66.5,28.197499999999998,otra
2025-03-11 08:00:00,2025,3,11,SUROESTE2,1,1.975,39.25,9.0,109.0,34.05,otra
2025-03-12 07:00:00,2025,3,12,CENTRO,1,1.68,46.6,5.0,109.0,33.92,otra
2025-03-12 07:00:00,2025,3,12,NORESTE3,0,1.155,30.8,6.35,48.666666666666664,18.94,otra
2025-03-12 07:00:00,2025,3,12,NOROESTE3,0,1.0533333333333335,27.3,12.333333333333334,75.66666666666667,22.12,otra
2025-03-12 07:00:00,2025,3,12,NORTE2,1,1.1349999999999998,47.05,2.0,81.5,23.325,otra
2025-03-12 07:00:00,2025,3,12,SUR,1,0.79,30.049999999999997,10.75,58.5,20.7875,otra
2025-03-12 07:00:00,2025,3,12,SUROESTE2,1,0.98,38.75,20.5,94.5,17.02,otra
2025-03-12 08:00:00,2025,3,12,CENTRO,1,1.53,41.1,16.0,107.0,28.21,otra
2025-03-12 08:00:00,2025,3,12,NORESTE3,0,1.248,36.35,8.25,69.0,27.92,otra
2025-03-12 08:00:00,2025,3,12,NOROESTE3,0,1.1666666666666667,25.6,18.0,70.33333333333333,21.48,otra
2025-03-12 08:00:00,2025,3,12,NORTE2,1,1.195,53.6,4.5,112.0,25.345,otra
2025-03-12 08:00:00,2025,3,12,SUR,1,1.2,33.275,9.75,90.5,31.8875,otra
2025-03-12 08:00:00,2025,3,12,SUROESTE2,1,1.69,36.25,20.0,87.0,22.05,otra
2025-03-13 07:00:00,2025,3,13,CENTRO,1,1.17,28.5,17.0,37.0,11.42,otra
2025-03-13 07:00:00,2025,3,13,NORESTE3,0,0.839,38.199999999999996,8.299999999999999,58.50666666666667,11.51,otra
2025-03-13 07:00:00,2025,3,13,NOROESTE3,0,1.3,24.0,5.0,74.66666666666667,38.17,otra
2025-03-13 07:00:00,2025,3,13,NORTE2,1,0.7649999999999999,53.1,3.0,51.0,10.21,otra
2025-03-13 07:00:00,2025,3,13,SUR,1,0.6866666666666666,31.275,15.0,53.75,18.2875,otra
2025-03-13 07:00:00,2025,3,13,SUROESTE2,1,0.845,37.15,10.0,46.5,23.87,otra
2025-03-13 08:00:00,2025,3,13,CENTRO,1,1.8,42.7,7.0,51.0,18.11,otra
2025-03-13 08:00:00,2025,3,13,NORESTE3,0,1.4024999999999999,41.800000000000004,8.299999999999999,76.66333333333334,15.75,otra
2025-03-13 08:00:00,2025,3,13,NOROESTE3,0,1.8866666666666667,26.6,5.0,79.33333333333333,38.33,otra
2025-03-13 08:00:00,2025,3,13,NORTE2,1,1.2999999999999998,56.7,6.0,74.0,13.0,otra
2025-03-13 08:00:00,2025,3,13,SUR,1,1.7366666666666666,36.725,7.75,83.25,23.903333333333336,otra
2025-03-13 08:00:00,2025,3,13,SUROESTE2,1,1.97,44.2,5.5,85.0,36.48,otra
2025-03-14 07:00:00,2025,3,14,CENTRO,1,1.54,37.0,4.0,77.0,28.35,otra
2025-03-14 07:00:00,2025,3,14,NORESTE3,0,1.049,24.933333333333334,6.2,59.343333333333334,28.96,otra
2025-03-14 07:00:00,2025,3,14,NOROESTE3,0,1.0133333333333334,17.8,13.666666666666666,46.0,4.85,otra
2025-03-14 07:00:00,2025,3,14,NORTE2,1,1.28,33.25,4.0,83.5,17.5,otra
2025-03-14 07:00:00,2025,3,14,SUR,1,0.8166666666666668,23.025000000000002,5.25,63.75,33.7825,otra
2025-03-14 07:00:00,2025,3,14,SUROESTE2,1,0.43,22.6,16.5,62.0,11.6,otra
2025-03-14 08:00:00,2025,3,14,CENTRO,1,1.57,32.2,8.0,84.0,17.0,otra
2025-03-14 08:00:00,2025,3,14,NORESTE3,0,1.333,29.26666666666667,6.733333333333333,85.46666666666665,40.22,otra
2025-03-14 08:00:00,2025,3,14,NOROESTE3,0,0.84,15.5,17.333333333333332,46.333333333333336,7.35,otra
2025-03-14 08:00:00,2025,3,14,NORTE2,1,0.675,23.049999999999997,13.5,79.0,13.0,otra
2025-03-14 08:00:00,2025,3,14,SUR,1,1.09,24.775,6.0,108.0,37.745000000000005,otra
2025-03-14 08:00:00,2025,3,14,SUROESTE2,1,0.32,15.55,24.5,64.5,31.085,otra
2025-03-15 07:00:00,2025,3,15,CENTRO,0,0.26,7.2,42.0,71.79,36.97,otra
2025-03-15 07:00:00,2025,3,15,NORESTE3,0,0.646,12.8,37.35,134.56666666666666,,otra
2025-03-15 07:00:00,2025,3,15,NOROESTE3,0,0.5299999999999999,4.3,40.333333333333336,37.666666666666664,7.34,otra
2025-03-15 07:00:00,2025,3,15,NORTE2,0,0.525,16.35,31.0,71.5,16.0,otra
2025-03-15 07:00:00,2025,3,15,SUR,0,0.26999999999999996,10.575,33.25,103.5,25.0,otra
2025-03-15 07:00:00,2025,3,15,SUROESTE2,0,0.37,15.6,30.0,111.0,6.78,otra
2025-03-15 08:00:00,2025,3,15,CENTRO,0,0.35,13.4,35.0,61.81,29.55,otra
2025-03-15 08:00:00,2025,3,15,NORESTE3,0,0.651,13.2,38.55,142.29,10.53,otra
2025-03-15 08:00:00,2025,3,15,NOROESTE3,0,0.5733333333333334,6.4,37.666666666666664,31.666666666666668,8.1,otra
2025-03-15 08:00:00,2025,3,15,NORTE2,0,0.835,21.45,26.5,115.5,25.0,otra
2025-03-15 08:00:00,2025,3,15,SUR,0,0.36999999999999994,15.4,29.75,90.75,25.0,otra
2025-03-15 08:00:00,2025,3,15,SUROESTE2,0,0.38,17.65,29.0,65.0,6.06,otra
2025-03-16 07:00:00,2025,3,16,CENTRO,0,0.58,8.5,41.0,135.69,20.84,otra
2025-03-16 07:00:00,2025,3,16,NORESTE3,0,0.563,15.866666666666667,30.666666666666668,81.99,17.53,otra
2025-03-16 07:00:00,2025,3,16,NOROESTE3,0,0.7066666666666667,2.0,27.666666666666668,71.0,,otra
2025-03-16 07:00:00,2025,3,16,NORTE2,0,0.38,13.65,36.0,69.0,15.0,otra
2025-03-16 07:00:00,2025,3,16,SUR,0,0.5333333333333333,21.675,14.5,61.25,16.566666666666666,otra
2025-03-16 07:00:00,2025,3,16,SUROESTE2,0,0.47,6.25,42.5,71.0,10.95,otra
2025-03-16 08:00:00,2025,3,16,CENTRO,0,0.46,6.0,46.0,167.92,24.58,otra
2025-03-16 08:00:00,2025,3,16,NORESTE3,0,0.569,15.233333333333334,31.566666666666666,90.3,19.82,otra
2025-03-16 08:00:00,2025,3,16,NOROESTE3,0,0.7133333333333334,2.5,30.666666666666668,82.0,,otra
2025-03-16 08:00:00,2025,3,16,NORTE2,0,0.4,13.350000000000001,36.5,76.0,13.0,otra
2025-03-16 08:00:00,2025,3,16,SUR,0,0.5333333333333333,22.95,16.0,78.75,18.68,otra
2025-03-16 08:00:00,2025,3,16,SUROESTE2,0,0.295,7.0,41.5,77.0,12.025,otra
2025-03-17 07:00:00,2025,3,17,CENTRO,1,1.27,34.2,6.0,140.6,39.64,otra
2025-03-17 07:00:00,2025,3,17,NORESTE3,0,0.6465000000000001,23.100000000000005,14.366666666666667,69.33999999999999,19.76,otra
2025-03-17 07:00:00,2025,3,17,NOROESTE3,0,1.03,15.0,6.333333333333333,97.66666666666667,31.25,otra
2025-03-17 07:00:00,2025,3,17,NORTE2,1,0.6950000000000001,35.4,5.5,76.0,19.0,otra
2025-03-17 07:00:00,2025,3,17,SUR,1,0.45,25.1,10.25,71.0,28.425,otra
2025-03-17 07:00:00,2025,3,17,SUROESTE2,1,0.635,25.9,15.0,92.0,18.03,otra
2025-03-17 08:00:00,2025,3,17,CENTRO,1,1.0,27.8,12.0,130.58,33.36,otra
2025-03-17 08:00:00,2025,3,17,NORESTE3,0,0.702,23.633333333333336,17.5,80.76333333333334,19.44,otra
2025-03-17 08:00:00,2025,3,17,NOROESTE3,0,1.0566666666666666,16.2,8.333333333333334,118.0,28.76,otra
2025-03-17 08:00:00,2025,3,17,NORTE2,1,1.0,34.45,7.5,78.0,19.5,otra
2025-03-17 08:00:00,2025,3,17,SUR,1,0.5433333333333333,25.825000000000003,11.0,82.75,32.025,otra
2025-03-17 08:00:00,2025,3,17,SUROESTE2,1,0.8,29.05,16.5,87.5,28.5,otra
2025-03-18 07:00:00,2025,3,18,CENTRO,1,0.89,25.0,18.0,67.17,14.57,otra
2025-03-18 07:00:00,2025,3,18,NORESTE3,0,0.761,26.099999999999998,14.933333333333332,41.080000000000005,10.39,otra
2025-03-18 07:00:00,2025,3,18,NOROESTE3,0,1.2633333333333334,20.6,3.6666666666666665,59.666666666666664,24.19,otra
2025-03-18 07:00:00,2025,3,18,NORTE2,1,0.97,44.0,2.5,55.5,15.0,otra
2025-03-18 07:00:00,2025,3,18,SUR,1,0.45,27.8,10.5,46.25,16.0625,otra
2025-03-18 07:00:00,2025,3,18,SUROESTE2,1,0.9750000000000001,32.05,4.5,70.5,29.67,otra
2025-03-18 08:00:00,2025,3,18,CENTRO,1,1.1,34.8,10.0,73.59,16.29,otra
2025-03-18 08:00:00,2025,3,18,NORESTE3,0,0.9650000000000001,31.599999999999998,10.033333333333333,53.80666666666667,16.87,otra
2025-03-18 08:00:00,2025,3,18,NOROESTE3,0,1.5999999999999999,21.0,5.333333333333333,74.0,24.11,otra
2025-03-18 08:00:00,2025,3,18,NORTE2,1,1.2149999999999999,41.349999999999994,5.5,75.0,21.5,otra
2025-03-18 08:00:00,2025,3,18,SUR,1,0.7133333333333334,30.85,9.25,62.75,23.4325,otra
2025-03-18 08:00:00,2025,3,18,SUROESTE2,1,1.6099999999999999,34.0,7.5,89.0,28.92,otra
2025-03-19 07:00:00,2025,3,19,CENTRO,1,0.82,25.6,18.0,57.0,28.23,otra
2025-03-19 07:00:00,2025,3,19,NORESTE3,0,0.778,22.5,21.8,82.53,28.05,otra
2025-03-19 07:00:00,2025,3,19,NOROESTE3,0,0.9166666666666666,18.4,14.666666666666666,41.666666666666664,,otra
2025-03-19 07:00:00,2025,3,19,NORTE2,1,0.7350000000000001,31.5,10.5,79.0,12.0,otra
2025-03-19 07:00:00,2025,3,19,SUR,1,0.49666666666666665,28.625,9.75,64.5,19.6575,otra
2025-03-19 07:00:00,2025,3,19,SUROESTE2,1,0.265,23.85,17.5,86.5,21.740000000000002,otra
2025-03-19 08:00:00,2025,3,19,CENTRO,1,1.15,33.7,13.0,55.0,27.95,otra
2025-03-19 08:00:00,2025,3,19,NORESTE3,0,0.635,12.799999999999999,34.300000000000004,83.0,117.17,otra
2025-03-19 08:00:00,2025,3,19,NOROESTE3,0,0.9933333333333333,12.0,20.666666666666668,48.333333333333336,,otra
2025-03-19 08:00:00,2025,3,19,NORTE2,1,0.8300000000000001,19.4,27.0,96.0,43.0,otra
2025-03-19 08:00:00,2025,3,19,SUR,1,0.38999999999999996,13.9,30.75,82.5,36.7025,otra
2025-03-19 08:00:00,2025,3,19,SUROESTE2,1,0.535,28.549999999999997,14.5,84.5,31.44,otra
2025-03-20 07:00:00,2025,3,20,CENTRO,1,0.67,9.5,39.0,80.0,,otra
2025-03-20 07:00:00,2025,3,20,NORESTE3,0,0.63,18.0,27.366666666666664,117.24000000000001,16.09,otra
2025-03-20 07:00:00,2025,3,20,NOROESTE3,0,0.7333333333333334,1.95,36.333333333333336,119.0,20.28,otra
2025-03-20 07:00:00,2025,3,20,NORTE2,1,0.41000000000000003,20.0,26.5,145.0,17.0,otra
2025-03-20 07:00:00,2025,3,20,SUR,1,0.32666666666666666,14.875,30.25,122.0,27.293333333333333,otra
2025-03-20 07:00:00,2025,3,20,SUROESTE2,1,0.5599999999999999,8.75,39.5,109.5,12.545,otra
2025-03-20 08:00:00,2025,3,20,CENTRO,1,0.9,14.8,32.0,64.0,,otra
2025-03-20 08:00:00,2025,3,20,NORESTE3,0,0.6485,15.433333333333332,29.633333333333336,108.52,14.79,otra
2025-03-20 08:00:00,2025,3,20,NOROESTE3,0,0.79,4.1,33.333333333333336,91.33333333333333,13.83,otra
2025-03-20 08:00:00,2025,3,20,NORTE2,1,0.49,21.0,25.0,96.0,11.5,otra
2025-03-20 08:00:00,2025,3,20,SUR,1,0.4166666666666667,16.224999999999998,27.25,91.25,20.156666666666666,otra
2025-03-20 08:00:00,2025,3,20,SUROESTE2,1,0.73,13.45,31.5,72.0,11.64,otra
2025-03-21 07:00:00,2025,3,21,CENTRO,1,1.08,37.0,8.0,41.0,,otra
2025-03-21 07:00:00,2025,3,21,NORESTE3,0,0.692,24.5,15.166666666666666,34.53666666666667,23.75,otra
2025-03-21 07:00:00,2025,3,21,NOROESTE3,0,1.1133333333333333,21.7,7.0,45.666666666666664,24.43,otra
2025-03-21 07:00:00,2025,3,21,NORTE2,1,0.5,38.45,6.5,44.5,13.469999999999999,otra
2025-03-21 07:00:00,2025,3,21,SUR,1,0.38666666666666666,25.875,14.75,32.25,10.816666666666668,otra
2025-03-21 07:00:00,2025,3,21,SUROESTE2,1,1.02,29.65,4.5,38.5,13.64,otra
2025-03-21 08:00:00,2025,3,21,CENTRO,1,1.14,30.8,13.0,49.0,,otra
2025-03-21 08:00:00,2025,3,21,NORESTE3,0,0.877,28.03333333333333,13.466666666666667,50.666666666666664,23.21,otra
2025-03-21 08:00:00,2025,3,21,NOROESTE3,0,1.4466666666666665,21.2,5.666666666666667,53.666666666666664,22.81,otra
2025-03-21 08:00:00,2025,3,21,NORTE2,1,0.625,38.75,6.5,60.0,13.51,otra
2025-03-21 08:00:00,2025,3,21,SUR,1,0.5399999999999999,28.799999999999997,12.25,62.25,13.45,otra
2025-03-21 08:00:00,2025,3,21,SUROESTE2,1,1.355,33.25,4.5,66.0,17.65,otra
2025-03-22 07:00:00,2025,3,22,CENTRO,0,1.35,39.8,4.0,56.0,35.95,otra
2025-03-22 07:00:00,2025,3,22,NORESTE3,0,0.8425,29.46666666666667,7.233333333333333,52.39333333333334,25.56,otra
2025-03-22 07:00:00,2025,3,22,NOROESTE3,0,1.42,18.5,3.3333333333333335,78.33333333333333,24.78,otra
2025-03-22 07:00:00,2025,3,22,NORTE2,0,1.075,38.35,2.0,73.5,25.5,otra
2025-03-22 07:00:00,2025,3,22,SUR,0,0.3933333333333333,18.866666666666667,12.0,43.0,19.666666666666668,otra
2025-03-22 07:00:00,2025,3,22,SUROESTE2,0,1.5150000000000001,31.85,10.5,86.5,25.465,otra
2025-03-22 08:00:00,2025,3,22,CENTRO,0,1.46,37.4,6.0,87.0,32.15,otra
2025-03-22 08:00:00,2025,3,22,NORESTE3,0,0.9355,29.900000000000002,8.5,55.5,22.49,otra
2025-03-22 08:00:00,2025,3,22,NOROESTE3,0,1.5533333333333335,18.5,4.666666666666667,81.66666666666667,26.84,otra
2025-03-22 08:00:00,2025,3,22,NORTE2,0,1.235,40.150000000000006,4.5,113.5,27.5,otra
2025-03-22 08:00:00,2025,3,22,SUR,0,0.5933333333333334,22.46666666666667,11.0,50.666666666666664,19.666666666666668,otra
2025-03-22 08:00:00,2025,3,22,SUROESTE2,0,2.0,41.1,4.5,103.0,30.9,otra
2025-03-23 07:00:00,2025,3,23,CENTRO,0,1.26,16.3,9.0,63.0,33.48,otra
2025-03-23 07:00:00,2025,3,23,NORESTE3,0,0.7110000000000001,10.9,23.433333333333334,32.77,25.14,otra
2025-03-23 07:00:00,2025,3,23,NOROESTE3,0,1.1199999999999999,9.3,7.0,56.0,27.67,otra
2025-03-23 07:00:00,2025,3,23,NORTE2,0,0.765,18.8,10.5,47.0,21.0,otra
2025-03-23 07:00:00,2025,3,23,SUR,0,0.3133333333333333,11.75,13.5,30.5,16.6675,otra
2025-03-23 07:00:00,2025,3,23,SUROESTE2,0,1.255,19.45,11.0,62.0,18.165,otra
2025-03-23 08:00:00,2025,3,23,CENTRO,0,1.4,25.1,7.0,77.0,40.84,otra
2025-03-23 08:00:00,2025,3,23,NORESTE3,0,0.7125,11.133333333333335,23.733333333333334,47.45333333333334,28.83,otra
2025-03-23 08:00:00,2025,3,23,NOROESTE3,0,1.24,12.8,5.666666666666667,64.0,29.91,otra
2025-03-23 08:00:00,2025,3,23,NORTE2,0,0.835,21.35,7.5,75.5,32.0,otra
2025-03-23 08:00:00,2025,3,23,SUR,0,0.3933333333333333,13.275,14.75,33.75,18.085,otra
2025-03-23 08:00:00,2025,3,23,SUROESTE2,0,1.385,22.9,8.0,72.5,23.9,otra
2025-03-24 07:00:00,2025,3,24,CENTRO,1,1.69,27.8,3.0,54.0,35.02,otra
2025-03-24 07:00:00,2025,3,24,NORESTE3,0,0.8585,20.8,6.366666666666667,42.47,23.73,otra
2025-03-24 07:00:00,2025,3,24,NOROESTE3,0,1.4100000000000001,14.7,2.6666666666666665,69.66666666666667,40.3,otra
2025-03-24 07:00:00,2025,3,24,NORTE2,1,1.025,26.05,2.5,70.0,22.0,otra
2025-03-24 07:00:00,2025,3,24,SUR,1,0.5066666666666667,18.925,6.5,56.0,29.07,otra
2025-03-24 07:00:00,2025,3,24,SUROESTE2,1,1.6,30.599999999999998,4.0,81.0,28.475,otra
2025-03-24 08:00:00,2025,3,24,CENTRO,1,1.66,24.9,6.0,85.0,35.79,otra
2025-03-24 08:00:00,2025,3,24,NORESTE3,0,0.852,17.900000000000002,10.6,49.17333333333334,22.05,otra
2025-03-24 08:00:00,2025,3,24,NOROESTE3,0,1.4566666666666668,14.2,4.666666666666667,70.0,39.65,otra
2025-03-24 08:00:00,2025,3,24,NORTE2,1,1.025,23.549999999999997,6.0,75.0,21.5,otra
2025-03-24 08:00:00,2025,3,24,SUR,1,0.68,19.95,6.75,55.5,27.7775,otra
2025-03-24 08:00:00,2025,3,24,SUROESTE2,1,2.18,32.3,2.5,89.0,28.14,otra
2025-03-25 07:00:00,2025,3,25,CENTRO,1,1.23,22.0,6.0,40.0,23.26,otra
2025-03-25 07:00:00,2025,3,25,NORESTE3,0,0.6835,13.333333333333334,18.366666666666667,35.660000000000004,18.27,otra
2025-03-25 07:00:00,2025,3,25,NOROESTE3,0,0.9500000000000001,7.0,14.0,37.333333333333336,18.02,otra
2025-03-25 07:00:00,2025,3,25,NORTE2,1,0.7050000000000001,17.95,12.0,38.0,17.5,otra
2025-03-25 07:00:00,2025,3,25,SUR,1,0.3566666666666667,9.2,17.0,34.25,15.280000000000001,otra
2025-03-25 07:00:00,2025,3,25,SUROESTE2,1,1.085,18.7,4.5,43.0,14.379999999999999,otra
2025-03-25 08:00:00,2025,3,25,CENTRO,1,1.39,21.3,7.0,46.0,22.45,otra
2025-03-25 08:00:00,2025,3,25,NORESTE3,0,0.774,13.633333333333333,18.0,41.300000000000004,23.48,otra
2025-03-25 08:00:00,2025,3,25,NOROESTE3,0,1.1300000000000001,8.4,11.0,42.0,22.21,otra
2025-03-25 08:00:00,2025,3,25,NORTE2,1,0.84,17.45,10.5,42.5,13.5,otra
2025-03-25 08:00:00,2025,3,25,SUR,1,0.5,9.475,16.75,36.75,15.7275,otra
2025-03-25 08:00:00,2025,3,25,SUROESTE2,1,1.345,21.15,3.0,48.5,15.51,otra
2025-03-26 07:00:00,2025,3,26,CENTRO,1,1.3,10.8,12.0,26.0,15.19,otra
2025-03-26 07:00:00,2025,3,26,NORESTE3,0,0.702,11.866666666666667,17.5,31.48,14.76,otra
2025-03-26 07:00:00,2025,3,26,NOROESTE3,0,1.0266666666666666,5.3,11.333333333333334,32.333333333333336,21.0,otra
2025-03-26 07:00:00,2025,3,26,NORTE2,1,0.7100000000000001,13.0,10.5,33.0,17.5,otra
2025-03-26 07:00:00,2025,3,26,SUR,1,0.2866666666666667,6.7250000000000005,16.75,27.25,13.096666666666666,otra
2025-03-26 07:00:00,2025,3,26,SUROESTE2,1,1.075,10.05,9.5,34.0,9.23,otra
2025-03-26 08:00:00,2025,3,26,CENTRO,1,1.46,15.5,8.0,37.0,15.3,otra
2025-03-26 08:00:00,2025,3,26,NORESTE3,0,0.8285,14.733333333333334,14.200000000000001,35.60333333333333,15.99,otra
2025-03-26 08:00:00,2025,3,26,NOROESTE3,0,1.1766666666666667,8.1,7.0,35.0,23.0,otra
2025-03-26 08:00:00,2025,3,26,NORTE2,1,0.86,15.35,8.5,32.0,21.0,otra
2025-03-26 08:00:00,2025,3,26,SUR,1,0.4066666666666667,8.675,13.75,28.0,16.3975,otra
2025-03-26 08:00:00,2025,3,26,SUROESTE2,1,1.315,14.350000000000001,4.5,38.0,12.625,otra
2025-03-27 07:00:00,2025,3,27,CENTRO,1,1.32,13.4,8.0,16.0,5.94,otra
2025-03-27 07:00:00,2025,3,27,NORESTE3,0,0.7344999999999999,13.299999999999999,12.299999999999999,17.263333333333332,7.69,otra
2025-03-27 07:00:00,2025,3,27,NOROESTE3,0,0.9666666666666667,6.1,10.666666666666666,13.666666666666666,3.27,otra
2025-03-27 07:00:00,2025,3,27,NORTE2,1,0.75,14.95,5.5,11.5,7.0,otra
2025-03-27 07:00:00,2025,3,27,SUR,1,0.24,10.65,8.0,10.0,8.225,otra
2025-03-27 07:00:00,2025,3,27,SUROESTE2,1,1.085,14.05,3.5,32.0,10.375,otra
2025-03-27 08:00:00,2025,3,27,CENTRO,1,1.44,14.4,7.0,15.0,8.23,otra
2025-03-27 08:00:00,2025,3,27,NORESTE3,0,0.8725,13.466666666666667,12.066666666666668,19.94666666666667,10.16,otra
2025-03-27 08:00:00,2025,3,27,NOROESTE3,0,1.0366666666666666,8.0,9.0,9.333333333333334,3.89,otra
2025-03-27 08:00:00,2025,3,27,NORTE2,1,0.865,14.6,7.0,14.0,8.0,otra
2025-03-27 08:00:00,2025,3,27,SUR,1,0.51,11.05,8.0,11.0,14.309999999999999,otra
2025-03-27 08:00:00,2025,3,27,SUROESTE2,1,1.3599999999999999,15.149999999999999,2.5,29.5,13.129999999999999,otra
2025-03-28 07:00:00,2025,3,28,CENTRO,1,1.32,22.5,8.0,25.0,22.02,otra
2025-03-28 07:00:00,2025,3,28,NORESTE3,0,0.9175,22.666666666666668,8.700000000000001,23.040000000000003,10.79,otra
2025-03-28 07:00:00,2025,3,28,NOROESTE3,0,1.06,,4.666666666666667,25.0,15.1,otra
2025-03-28 07:00:00,2025,3,28,NORTE2,1,0.58,38.3,2.0,25.0,20.0,otra
2025-03-28 07:00:00,2025,3,28,SUR,1,0.7266666666666667,17.075,9.75,27.25,15.6775,otra
2025-03-28 07:00:00,2025,3,28,SUROESTE2,1,1.24,28.0,1.5,40.5,21.93,otra
2025-03-28 08:00:00,2025,3,28,CENTRO,1,1.54,26.8,7.0,33.0,29.81,otra
2025-03-28 08:00:00,2025,3,28,NORESTE3,0,0.929,22.7,10.799999999999999,26.236666666666668,13.4,otra
2025-03-28 08:00:00,2025,3,28,NOROESTE3,0,1.07,,6.333333333333333,26.0,21.34,otra
2025-03-28 08:00:00,2025,3,28,NORTE2,1,0.92,39.7,3.0,36.0,19.0,otra
2025-03-28 08:00:00,2025,3,28,SUR,1,0.7966666666666665,17.3,12.75,29.75,12.1525,otra
2025-03-28 08:00:00,2025,3,28,SUROESTE2,1,1.5499999999999998,25.2,6.5,54.5,22.955,otra
2025-03-29 07:00:00,2025,3,29,CENTRO,0,1.54,34.1,6.0,52.0,25.85,otra
2025-03-29 07:00:00,2025,3,29,NORESTE3,0,1.025,20.96666666666667,6.766666666666667,56.42666666666667,28.58,otra
2025-03-29 07:00:00,2025,3,29,NOROESTE3,0,1.26,,3.6666666666666665,113.33333333333333,36.03,otra
2025-03-29 07:00:00,2025,3,29,NORTE2,0,1.715,33.05,2.0,98.5,34.0,otra
2025-03-29 07:00:00,2025,3,29,SUR,0,0.845,19.875,6.75,44.0,16.677500000000002,otra
2025-03-29 07:00:00,2025,3,29,SUROESTE2,0,1.6400000000000001,24.15,23.0,69.5,22.36,otra
2025-03-29 08:00:00,2025,3,29,CENTRO,0,1.85,34.5,7.0,58.0,32.08,otra
2025-03-29 08:00:00,2025,3,29,NORESTE3,0,1.17,26.75,6.5,75.33,28.68,otra
2025-03-29 08:00:00,2025,3,29,NOROESTE3,0,1.21,,7.333333333333333,93.33333333333333,32.24,otra
2025-03-29 08:00:00,2025,3,29,NORTE2,0,1.75,37.9,3.5,139.5,30.0,otra
2025-03-29 08:00:00,2025,3,29,SUR,0,0.85,20.45,8.75,47.5,17.21,otra
2025-03-29 08:00:00,2025,3,29,SUROESTE2,0,1.8499999999999999,32.2,10.0,82.5,21.445,otra
2025-03-30 07:00:00,2025,3,30,CENTRO,0,1.49,19.0,6.0,57.0,48.08,otra
2025-03-30 07:00:00,2025,3,30,NORESTE3,0,0.847,16.7,9.833333333333334,56.446666666666665,30.98,otra
2025-03-30 07:00:00,2025,3,30,NOROESTE3,0,0.925,,23.0,48.666666666666664,18.47,otra
2025-03-30 07:00:00,2025,3,30,NORTE2,0,1.085,23.0,3.5,65.0,22.5,otra
2025-03-30 07:00:00,2025,3,30,SUR,0,0.79,17.975,10.75,51.5,22.03,otra
2025-03-30 07:00:00,2025,3,30,SUROESTE2,0,1.23,19.75,23.5,51.0,14.705,otra
2025-03-30 08:00:00,2025,3,30,CENTRO,0,1.25,19.4,28.0,57.0,27.33,otra
2025-03-30 08:00:00,2025,3,30,NORESTE3,0,0.8455,15.766666666666666,17.599999999999998,59.01,24.15,otra
2025-03-30 08:00:00,2025,3,30,NOROESTE3,0,0.835,,37.5,46.333333333333336,14.07,otra
2025-03-30 08:00:00,2025,3,30,NORTE2,0,0.8999999999999999,20.85,20.5,71.5,15.5,otra
2025-03-30 08:00:00,2025,3,30,SUR,0,0.83,17.200000000000003,17.0,55.25,25.18,otra
2025-03-30 08:00:00,2025,3,30,SUROESTE2,0,1.2650000000000001,22.8,21.0,57.5,11.29,otra
2025-03-31 07:00:00,2025,3,31,CENTRO,1,1.37,22.7,16.0,48.0,,otra
2025-03-31 07:00:00,2025,3,31,NORESTE3,0,1.1075,29.733333333333334,7.233333333333333,83.11333333333333,27.03,otra
2025-03-31 07:00:00,2025,3,31,NOROESTE3,0,1.395,,4.0,73.0,34.3,otra
2025-03-31 07:00:00,2025,3,31,NORTE2,1,1.685,37.7,2.0,97.0,24.0,otra
2025-03-31 07:00:00,2025,3,31,SUR,1,1.1,23.95,11.75,55.5,26.015,otra
2025-03-31 07:00:00,2025,3,31,SUROESTE2,1,0.39999999999999997,24.5,10.5,48.0,18.16,otra
2025-03-31 08:00:00,2025,3,31,CENTRO,1,1.54,32.2,13.0,42.0,,otra
2025-03-31 08:00:00,2025,3,31,NORESTE3,0,1.1755,29.833333333333332,10.533333333333333,116.70333333333333,41.19,otra
2025-03-31 08:00:00,2025,3,31,NOROESTE3,0,1.295,,10.0,94.0,28.75,otra
2025-03-31 08:00:00,2025,3,31,NORTE2,1,1.85,41.05,5.0,116.0,30.5,otra
2025-03-31 08:00:00,2025,3,31,SUR,1,1.155,24.775000000000002,12.0,67.25,26.7925,otra
2025-03-31 08:00:00,2025,3,31,SUROESTE2,1,0.53,33.75,13.0,75.5,24.240000000000002,otra
2025-04-01 07:00:00,2025,4,1,CENTRO,1,1.43,26.3,6.0,57.0,50.74,otra
2025-04-01 07:00:00,2025,4,1,NORESTE3,0,0.7895,14.1,16.0,62.26,32.58,otra
2025-04-01 07:00:00,2025,4,1,NOROESTE3,0,1.19,,6.5,54.0,38.41,otra
2025-04-01 07:00:00,2025,4,1,NORTE2,1,1.005,22.400000000000002,11.0,53.0,36.0,otra
2025-04-01 07:00:00,2025,4,1,SUR,1,0.81,12.3,14.75,55.25,32.44,otra
2025-04-01 07:00:00,2025,4,1,SUROESTE2,1,0.64,14.65,11.0,64.5,24.5,otra
2025-04-01 08:00:00,2025,4,1,CENTRO,1,1.6,20.1,13.0,55.0,47.13,otra
2025-04-01 08:00:00,2025,4,1,NORESTE3,0,0.907,16.3,14.233333333333334,74.25,36.38,otra
2025-04-01 08:00:00,2025,4,1,NOROESTE3,0,1.4,,6.5,64.66666666666667,41.68,otra
2025-04-01 08:00:00,2025,4,1,NORTE2,1,1.27,25.1,8.0,73.5,36.0,otra
2025-04-01 08:00:00,2025,4,1,SUR,1,0.89,12.025,14.75,60.0,32.2825,otra
2025-04-01 08:00:00,2025,4,1,SUROESTE2,1,0.79,21.15,11.5,66.5,24.0,otra
2025-04-02 07:00:00,2025,4,2,CENTRO,1,1.63,25.1,6.0,62.0,49.11,otra
2025-04-02 07:00:00,2025,4,2,NORESTE3,0,1.1855,19.5,7.133333333333333,68.56,36.91,otra
2025-04-02 07:00:00,2025,4,2,NOROESTE3,0,1.215,,22.5,71.66666666666667,13.35,otra
2025-04-02 07:00:00,2025,4,2,NORTE2,1,1.5150000000000001,24.0,1.5,82.0,41.0,otra
2025-04-02 07:00:00,2025,4,2,SUR,1,1.08,17.1,5.5,60.5,31.28,otra
2025-04-02 07:00:00,2025,4,2,SUROESTE2,1,0.82,24.450000000000003,4.0,99.5,31.0,otra
2025-04-02 08:00:00,2025,4,2,CENTRO,1,1.62,28.6,15.0,58.0,41.14,otra
2025-04-02 08:00:00,2025,4,2,NORESTE3,0,1.361,24.950000000000003,8.6,109.39999999999999,47.76,otra
2025-04-02 08:00:00,2025,4,2,NOROESTE3,0,1.25,,26.0,85.33333333333333,12.74,otra
2025-04-02 08:00:00,2025,4,2,NORTE2,1,2.07,33.05,3.5,105.0,39.5,otra
2025-04-02 08:00:00,2025,4,2,SUR,1,1.265,19.1,7.25,84.25,31.7175,otra
2025-04-02 08:00:00,2025,4,2,SUROESTE2,1,1.15,35.35,8.5,113.0,32.5,otra
2025-04-03 07:00:00,2025,4,3,CENTRO,1,1.61,34.7,5.0,51.0,37.51,otra
2025-04-03 07:00:00,2025,4,3,NORESTE3,0,1.0514999999999999,21.35,6.5,96.92333333333333,35.57,otra
2025-04-03 07:00:00,2025,4,3,NOROESTE3,0,2.1666666666666665,15.7,7.333333333333333,75.66666666666667,23.6,otra
2025-04-03 07:00:00,2025,4,3,NORTE2,1,2.26,33.25,2.5,103.0,35.0,otra
2025-04-03 07:00:00,2025,4,3,SUR,1,1.06,20.575,7.25,57.0,24.68,otra
2025-04-03 07:00:00,2025,4,3,SUROESTE2,1,0.78,28.95,4.0,56.5,15.5,otra
2025-04-03 08:00:00,2025,4,3,CENTRO,1,1.71,37.7,7.0,67.0,30.3,otra
2025-04-03 08:00:00,2025,4,3,NORESTE3,0,1.4769999999999999,25.85,8.866666666666667,126.01666666666667,45.92,otra
2025-04-03 08:00:00,2025,4,3,NOROESTE3,0,2.3433333333333333,18.3,5.666666666666667,125.66666666666667,32.41,otra
2025-04-03 08:00:00,2025,4,3,NORTE2,1,2.915,42.1,3.0,140.0,32.0,otra
2025-04-03 08:00:00,2025,4,3,SUR,1,1.415,22.95,7.5,85.25,26.2475,otra
2025-04-03 08:00:00,2025,4,3,SUROESTE2,1,1.75,46.95,6.5,98.5,24.5,otra
2025-04-04 07:00:00,2025,4,4,CENTRO,1,1.64,22.5,4.0,58.0,,otra
2025-04-04 07:00:00,2025,4,4,NORESTE3,0,0.758,16.0,9.166666666666666,65.5,,otra
2025-04-04 07:00:00,2025,4,4,NOROESTE3,0,1.5333333333333332,14.0,14.0,50.0,7.44,otra
2025-04-04 07:00:00,2025,4,4,NORTE2,1,1.085,28.15,2.5,72.5,27.5,otra
2025-04-04 07:00:00,2025,4,4,SUR,1,0.8099999999999999,15.95,8.5,53.75,21.69,otra
2025-04-04 07:00:00,2025,4,4,SUROESTE2,1,0.95,27.700000000000003,5.0,75.5,21.0,otra
2025-04-04 08:00:00,2025,4,4,CENTRO,1,1.9,28.8,6.0,75.0,,otra
2025-04-04 08:00:00,2025,4,4,NORESTE3,0,0.9319999999999999,20.1,10.6,54.5,,otra
2025-04-04 08:00:00,2025,4,4,NOROESTE3,0,1.6766666666666667,15.5,15.666666666666666,65.0,7.49,otra
2025-04-04 08:00:00,2025,4,4,NORTE2,1,1.42,31.85,4.5,80.5,33.0,otra
2025-04-04 08:00:00,2025,4,4,SUR,1,0.9066666666666666,17.225,11.0,59.0,23.23,otra
2025-04-04 08:00:00,2025,4,4,SUROESTE2,1,1.51,31.5,21.5,94.5,19.0,otra
2025-04-05 07:00:00,2025,4,5,CENTRO,0,1.3,16.3,13.0,50.0,16.52,otra
2025-04-05 07:00:00,2025,4,5,NORESTE3,0,0.5785,8.05,26.3,58.79666666666666,9.15,otra
2025-04-05 07:00:00,2025,4,5,NOROESTE3,0,1.1266666666666667,5.8,13.333333333333334,41.0,20.08,otra
2025-04-05 07:00:00,2025,4,5,NORTE2,0,0.405,13.85,14.5,52.0,8.61,otra
2025-04-05 07:00:00,2025,4,5,SUR,0,0.57,7.55,21.0,49.75,9.8825,otra
2025-04-05 07:00:00,2025,4,5,SUROESTE2,0,,15.100000000000001,13.0,44.0,9.0,otra
2025-04-05 08:00:00,2025,4,5,CENTRO,0,1.35,15.0,17.0,53.0,14.06,otra
2025-04-05 08:00:00,2025,4,5,NORESTE3,0,0.5840000000000001,8.8,28.366666666666664,62.52333333333333,6.77,otra
2025-04-05 08:00:00,2025,4,5,NOROESTE3,0,1.1833333333333333,7.8,13.666666666666666,45.666666666666664,15.87,otra
2025-04-05 08:00:00,2025,4,5,NORTE2,0,0.435,13.5,18.5,65.0,5.575,otra
2025-04-05 08:00:00,2025,4,5,SUR,0,0.57,7.35,24.0,58.0,7.8925,otra
2025-04-05 08:00:00,2025,4,5,SUROESTE2,0,0.22,13.85,12.5,50.5,8.0,otra
2025-04-06 07:00:00,2025,4,6,CENTRO,0,1.28,8.9,22.0,26.0,7.74,otra
2025-04-06 07:00:00,2025,4,6,NORESTE3,0,0.5595000000000001,11.0,26.400000000000002,25.320000000000004,3.51,otra
2025-04-06 07:00:00,2025,4,6,NOROESTE3,0,1.03,2.5,21.0,19.333333333333332,5.05,otra
2025-04-06 07:00:00,2025,4,6,NORTE2,0,0.235,8.7,22.5,32.5,3.225,otra
2025-04-06 07:00:00,2025,4,6,SUR,0,0.52,4.65,24.0,26.5,4.256666666666667,otra
2025-04-06 07:00:00,2025,4,6,SUROESTE2,0,,8.45,19.0,28.5,3.5,otra
2025-04-06 08:00:00,2025,4,6,CENTRO,0,1.16,7.7,24.0,24.0,7.99,otra
2025-04-06 08:00:00,2025,4,6,NORESTE3,0,0.5665,7.25,29.633333333333336,22.05666666666667,3.3,otra
2025-04-06 08:00:00,2025,4,6,NOROESTE3,0,1.0733333333333333,3.5,20.333333333333332,16.0,4.65,otra
2025-04-06 08:00:00,2025,4,6,NORTE2,0,0.275,6.050000000000001,24.5,24.5,3.37,otra
2025-04-06 08:00:00,2025,4,6,SUR,0,0.5299999999999999,4.75,26.0,26.5,3.705,otra
2025-04-06 08:00:00,2025,4,6,SUROESTE2,0,,9.149999999999999,18.5,28.0,5.0,otra
2025-04-07 07:00:00,2025,4,7,CENTRO,1,1.22,25.2,15.0,20.0,,otra
2025-04-07 07:00:00,2025,4,7,NORESTE3,0,0.81,31.700000000000003,13.766666666666666,35.19,14.26,otra
2025-04-07 07:00:00,2025,4,7,NOROESTE3,0,1.4533333333333331,20.5,9.333333333333334,37.333333333333336,9.0,otra
2025-04-07 07:00:00,2025,4,7,NORTE2,1,1.065,40.0,2.5,68.0,19.5,otra
2025-04-07 07:00:00,2025,4,7,SUR,1,0.77,27.075,12.5,33.75,12.683333333333332,otra
2025-04-07 07:00:00,2025,4,7,SUROESTE2,1,0.18,28.0,8.5,39.0,8.405000000000001,otra
2025-04-07 08:00:00,2025,4,7,CENTRO,1,1.36,26.9,17.0,31.0,,otra
2025-04-07 08:00:00,2025,4,7,NORESTE3,0,0.9555,31.6,20.966666666666665,49.54333333333333,18.77,otra
2025-04-07 08:00:00,2025,4,7,NOROESTE3,0,1.5,18.3,15.333333333333334,52.666666666666664,10.0,otra
2025-04-07 08:00:00,2025,4,7,NORTE2,1,1.285,39.8,6.0,89.5,16.5,otra
2025-04-07 08:00:00,2025,4,7,SUR,1,0.84,27.375,15.5,48.75,17.853333333333335,otra
2025-04-07 08:00:00,2025,4,7,SUROESTE2,1,0.46,31.6,10.0,53.5,15.935,otra
2025-04-08 07:00:00,2025,4,8,CENTRO,1,1.18,29.7,19.0,39.0,8.26,otra
2025-04-08 07:00:00,2025,4,8,NORESTE3,0,1.029,37.75,7.566666666666666,78.51333333333334,32.84,otra
2025-04-08 07:00:00,2025,4,8,NOROESTE3,0,1.6733333333333331,24.8,5.0,97.66666666666667,19.0,otra
2025-04-08 07:00:00,2025,4,8,NORTE2,1,1.0,49.7,2.0,68.0,25.735,otra
2025-04-08 07:00:00,2025,4,8,SUR,1,1.0325,35.75,9.75,37.25,24.013333333333332,otra
2025-04-08 07:00:00,2025,4,8,SUROESTE2,1,1.02,30.049999999999997,13.0,54.5,14.47,otra
2025-04-08 08:00:00,2025,4,8,CENTRO,1,1.3,29.2,22.0,38.0,4.44,otra
2025-04-08 08:00:00,2025,4,8,NORESTE3,0,1.0685,38.599999999999994,11.133333333333333,107.58,37.4,otra
2025-04-08 08:00:00,2025,4,8,NOROESTE3,0,1.7366666666666666,24.1,11.333333333333334,97.66666666666667,17.0,otra
2025-04-08 08:00:00,2025,4,8,NORTE2,1,1.145,49.7,5.0,123.5,29.85,otra
2025-04-08 08:00:00,2025,4,8,SUR,1,1.225,36.275,11.25,78.25,30.55333333333333,otra
2025-04-08 08:00:00,2025,4,8,SUROESTE2,1,2.11,39.25,16.5,73.0,19.89,otra
2025-04-09 07:00:00,2025,4,9,CENTRO,1,1.35,32.4,11.0,30.0,,otra
2025-04-09 07:00:00,2025,4,9,NORESTE3,0,0.833,32.85,11.233333333333334,37.185,15.91,otra
2025-04-09 07:00:00,2025,4,9,NOROESTE3,0,1.74,25.6,4.0,71.0,23.0,otra
2025-04-09 07:00:00,2025,4,9,NORTE2,1,0.81,48.2,3.0,54.5,13.79,otra
2025-04-09 07:00:00,2025,4,9,SUR,1,1.0050000000000001,36.125,7.0,54.75,20.1825,otra
2025-04-09 07:00:00,2025,4,9,SUROESTE2,1,1.015,33.6,9.5,75.0,18.240000000000002,otra
2025-04-09 08:00:00,2025,4,9,CENTRO,1,1.48,36.2,14.0,40.0,,otra
2025-04-09 08:00:00,2025,4,9,NORESTE3,0,0.9825,34.2,20.400000000000002,57.405,18.0,otra
2025-04-09 08:00:00,2025,4,9,NOROESTE3,0,1.8866666666666667,27.1,7.333333333333333,98.33333333333333,24.0,otra
2025-04-09 08:00:00,2025,4,9,NORTE2,1,0.8,45.5,11.0,93.5,18.6,otra
2025-04-09 08:00:00,2025,4,9,SUR,1,1.12,35.525,10.25,84.5,25.4725,otra
2025-04-09 08:00:00,2025,4,9,SUROESTE2,1,1.595,43.55,7.5,94.5,27.73,otra
2025-04-10 07:00:00,2025,4,10,CENTRO,1,1.34,44.7,11.0,64.0,16.86,otra
2025-04-10 07:00:00,2025,4,10,NORESTE3,0,1.0,35.0,8.233333333333333,75.43333333333334,22.5,otra
2025-04-10 07:00:00,2025,4,10,NOROESTE3,0,1.5966666666666667,23.6,9.666666666666666,65.66666666666667,19.94,otra
2025-04-10 07:00:00,2025,4,10,NORTE2,1,1.4549999999999998,45.6,2.0,81.0,24.0,otra
2025-04-10 07:00:00,2025,4,10,SUR,1,0.9349999999999999,36.9,6.75,54.5,22.0925,otra
2025-04-10 07:00:00,2025,4,10,SUROESTE2,1,1.3,45.400000000000006,9.0,79.0,25.490000000000002,otra
2025-04-10 08:00:00,2025,4,10,CENTRO,1,1.41,41.3,18.0,73.0,,otra
2025-04-10 08:00:00,2025,4,10,NORESTE3,0,1.2826666666666666,37.8,12.0,116.33333333333333,35.26,otra
2025-04-10 08:00:00,2025,4,10,NOROESTE3,0,1.7933333333333332,25.9,13.333333333333334,75.0,21.02,otra
2025-04-10 08:00:00,2025,4,10,NORTE2,1,1.845,50.05,6.5,103.0,25.0,otra
2025-04-10 08:00:00,2025,4,10,SUR,1,1.1925,37.15,10.25,98.75,27.02,otra
2025-04-10 08:00:00,2025,4,10,SUROESTE2,1,2.005,50.65,9.5,112.0,30.81,otra
2025-04-11 07:00:00,2025,4,11,CENTRO,1,1.58,36.5,5.0,70.0,,otra
2025-04-11 07:00:00,2025,4,11,NORESTE3,0,0.9196666666666666,31.9,7.166666666666667,61.04333333333333,28.32,otra
2025-04-11 07:00:00,2025,4,11,NOROESTE3,0,1.6533333333333333,19.4,5.0,65.66666666666667,21.27,otra
2025-04-11 07:00:00,2025,4,11,NORTE2,1,1.35,41.85,3.0,90.5,31.0,otra
2025-04-11 07:00:00,2025,4,11,SUR,1,0.8075,29.174999999999997,7.75,58.0,16.18,otra
2025-04-11 07:00:00,2025,4,11,SUROESTE2,1,0.9750000000000001,34.150000000000006,10.0,99.0,23.21,otra
2025-04-11 08:00:00,2025,4,11,CENTRO,1,1.9,37.6,8.0,85.0,,otra
2025-04-11 08:00:00,2025,4,11,NORESTE3,0,0.9563333333333333,29.85,14.0,83.25,28.61,otra
2025-04-11 08:00:00,2025,4,11,NOROESTE3,0,1.8099999999999998,19.8,8.0,72.66666666666667,21.31,otra
2025-04-11 08:00:00,2025,4,11,NORTE2,1,1.415,44.1,5.5,110.0,22.0,otra
2025-04-11 08:00:00,2025,4,11,SUR,1,0.9575,29.825,11.25,90.25,18.4925,otra
2025-04-11 08:00:00,2025,4,11,SUROESTE2,1,1.4449999999999998,41.7,8.0,74.0,21.43,otra
2025-04-12 07:00:00,2025,4,12,CENTRO,0,1.41,33.0,4.0,46.0,23.59,otra
2025-04-12 07:00:00,2025,4,12,NORESTE3,0,0.6783333333333333,25.25,12.6,35.23,12.23,otra
2025-04-12 07:00:00,2025,4,12,NOROESTE3,0,1.6533333333333333,20.0,3.6666666666666665,65.33333333333333,24.84,otra
2025-04-12 07:00:00,2025,4,12,NORTE2,0,0.645,38.15,4.0,73.0,19.16,otra
2025-04-12 07:00:00,2025,4,12,SUR,0,0.6725,24.05,11.5,36.25,11.535,otra
2025-04-12 07:00:00,2025,4,12,SUROESTE2,0,0.8049999999999999,27.6,7.5,54.0,12.01,otra
2025-04-12 08:00:00,2025,4,12,CENTRO,0,1.54,33.5,9.0,55.0,27.22,otra
2025-04-12 08:00:00,2025,4,12,NORESTE3,0,0.7316666666666666,24.299999999999997,20.7,45.879999999999995,12.47,otra
2025-04-12 08:00:00,2025,4,12,NOROESTE3,0,1.9100000000000001,19.5,6.666666666666667,73.66666666666667,26.87,otra
2025-04-12 08:00:00,2025,4,12,NORTE2,0,0.7949999999999999,38.15,7.0,66.5,10.95,otra
2025-04-12 08:00:00,2025,4,12,SUR,0,0.755,23.125,15.0,49.25,14.309999999999999,otra
2025-04-12 08:00:00,2025,4,12,SUROESTE2,0,1.065,29.15,13.0,53.5,18.795,otra
2025-04-13 07:00:00,2025,4,13,CENTRO,0,1.23,19.6,16.0,39.0,24.77,otra
2025-04-13 07:00:00,2025,4,13,NORESTE3,0,0.6623333333333333,16.65,18.233333333333334,24.08666666666667,9.44,otra
2025-04-13 07:00:00,2025,4,13,NOROESTE3,0,1.63,11.2,8.333333333333334,56.0,30.05,otra
2025-04-13 07:00:00,2025,4,13,NORTE2,0,0.62,31.450000000000003,7.5,48.0,17.369999999999997,otra
2025-04-13 07:00:00,2025,4,13,SUR,0,0.6475,19.924999999999997,17.25,45.0,16.1125,otra
2025-04-13 07:00:00,2025,4,13,SUROESTE2,0,0.7250000000000001,25.1,11.5,51.5,13.05,otra
2025-04-13 08:00:00,2025,4,13,CENTRO,0,1.31,20.3,20.0,41.0,34.53,otra
2025-04-13 08:00:00,2025,4,13,NORESTE3,0,0.6446666666666667,17.2,23.03333333333333,31.923333333333336,10.2,otra
2025-04-13 08:00:00,2025,4,13,NOROESTE3,0,1.6233333333333333,8.9,15.333333333333334,59.666666666666664,23.2,otra
2025-04-13 08:00:00,2025,4,13,NORTE2,0,0.565,26.549999999999997,16.5,60.0,26.345,otra
2025-04-13 08:00:00,2025,4,13,SUR,0,0.665,17.325000000000003,21.5,37.75,15.557500000000001,otra
2025-04-13 08:00:00,2025,4,13,SUROESTE2,0,0.83,28.3,13.5,61.0,19.130000000000003,otra
2025-04-14 07:00:00,2025,4,14,CENTRO,1,1.48,25.1,5.0,34.0,18.72,otra
2025-04-14 07:00:00,2025,4,14,NORESTE3,0,0.658,17.3,9.35,37.5,,otra
2025-04-14 07:00:00,2025,4,14,NOROESTE3,0,1.7233333333333334,15.9,3.3333333333333335,55.333333333333336,26.74,otra
2025-04-14 07:00:00,2025,4,14,NORTE2,1,0.765,32.25,3.0,54.28,15.38,otra
2025-04-14 07:00:00,2025,4,14,SUR,1,0.765,20.1,10.5,32.75,11.01,otra
2025-04-14 07:00:00,2025,4,14,SUROESTE2,1,0.9850000000000001,26.1,7.5,56.0,15.085,otra
2025-04-14 08:00:00,2025,4,14,CENTRO,1,1.53,22.7,11.0,42.0,25.15,otra
2025-04-14 08:00:00,2025,4,14,NORESTE3,0,0.6975,21.6,16.05,85.5,,otra
2025-04-14 08:00:00,2025,4,14,NOROESTE3,0,1.7833333333333332,12.9,8.0,71.33333333333333,24.48,otra
2025-04-14 08:00:00,2025,4,14,NORTE2,1,0.825,32.0,6.5,65.51,15.785,otra
2025-04-14 08:00:00,2025,4,14,SUR,1,0.7875,17.45,16.5,41.5,12.3925,otra
2025-04-14 08:00:00,2025,4,14,SUROESTE2,1,1.175,33.05,7.0,79.0,16.925,otra
2025-04-15 07:00:00,2025,4,15,CENTRO,1,1.51,24.1,7.0,54.0,32.8,otra
2025-04-15 07:00:00,2025,4,15,NORESTE3,0,0.6123333333333333,18.4,14.733333333333334,37.833333333333336,19.04,otra
2025-04-15 07:00:00,2025,4,15,NOROESTE3,0,1.61,15.9,5.333333333333333,48.333333333333336,25.76,otra
2025-04-15 07:00:00,2025,4,15,NORTE2,1,0.65,27.85,6.0,44.86,18.525,otra
2025-04-15 07:00:00,2025,4,15,SUR,1,0.5775,11.15,21.0,36.25,18.89,otra
2025-04-15 07:00:00,2025,4,15,SUROESTE2,1,0.625,17.450000000000003,12.5,38.5,8.415,otra
2025-04-15 08:00:00,2025,4,15,CENTRO,1,1.51,22.3,10.0,59.0,33.52,otra
2025-04-15 08:00:00,2025,4,15,NORESTE3,0,0.6143333333333333,15.75,23.333333333333332,45.379999999999995,26.61,otra
2025-04-15 08:00:00,2025,4,15,NOROESTE3,0,1.6166666666666665,16.0,9.333333333333334,61.333333333333336,37.21,otra
2025-04-15 08:00:00,2025,4,15,NORTE2,1,0.675,23.95,13.0,50.185,19.564999999999998,otra
2025-04-15 08:00:00,2025,4,15,SUR,1,0.61,11.75,23.5,41.5,20.7925,otra
2025-04-15 08:00:00,2025,4,15,SUROESTE2,1,0.855,23.8,8.5,42.5,19.384999999999998,otra
2025-04-16 07:00:00,2025,4,16,CENTRO,1,1.36,13.4,20.0,32.0,26.24,otra
2025-04-16 07:00:00,2025,4,16,NORESTE3,0,0.6886666666666666,10.55,24.03333333333333,37.20333333333333,19.03,otra
2025-04-16 07:00:00,2025,4,16,NOROESTE3,0,1.3466666666666667,5.3,23.333333333333332,31.666666666666668,29.09,otra
2025-04-16 07:00:00,2025,4,16,NORTE2,1,0.54,15.600000000000001,19.0,32.075,15.91,otra
2025-04-16 07:00:00,2025,4,16,SUR,1,0.5700000000000001,4.675,29.75,29.0,14.8575,otra
2025-04-16 07:00:00,2025,4,16,SUROESTE2,1,0.65,20.4,13.0,48.5,16.8,otra
2025-04-16 08:00:00,2025,4,16,CENTRO,1,1.41,13.4,21.0,36.0,26.48,otra
2025-04-16 08:00:00,2025,4,16,NORESTE3,0,0.7616666666666667,11.0,23.666666666666668,38.88,21.9,otra
2025-04-16 08:00:00,2025,4,16,NOROESTE3,0,1.4033333333333333,6.9,22.0,32.0,,otra
2025-04-16 08:00:00,2025,4,16,NORTE2,1,0.585,15.0,19.5,34.58,18.375,otra
2025-04-16 08:00:00,2025,4,16,SUR,1,0.6025,5.625,28.75,33.0,15.217500000000001,otra
2025-04-16 08:00:00,2025,4,16,SUROESTE2,1,0.73,19.2,14.5,45.0,18.095,otra
2025-04-17 07:00:00,2025,4,17,CENTRO,1,1.37,17.8,10.0,42.0,27.87,otra
2025-04-17 07:00:00,2025,4,17,NORESTE3,0,0.5539999999999999,15.25,18.0,35.88333333333333,17.33,otra
2025-04-17 07:00:00,2025,4,17,NOROESTE3,0,1.46,12.8,7.333333333333333,30.666666666666668,25.67,otra
2025-04-17 07:00:00,2025,4,17,NORTE2,1,0.5,14.25,16.5,26.46,12.4,otra
2025-04-17 07:00:00,2025,4,17,SUR,1,0.605,10.55,18.75,27.0,9.66,otra
2025-04-17 07:00:00,2025,4,17,SUROESTE2,1,0.8500000000000001,19.1,7.0,34.5,11.29,otra
2025-04-17 08:00:00,2025,4,17,CENTRO,1,1.39,17.3,11.0,43.0,30.63,otra
2025-04-17 08:00:00,2025,4,17,NORESTE3,0,0.5776666666666667,9.7,22.833333333333332,38.42,20.96,otra
2025-04-17 08:00:00,2025,4,17,NOROESTE3,0,1.4633333333333336,10.0,11.666666666666666,39.333333333333336,27.8,otra
2025-04-17 08:00:00,2025,4,17,NORTE2,1,0.615,17.950000000000003,13.5,35.725,16.755000000000003,otra
2025-04-17 08:00:00,2025,4,17,SUR,1,0.6225,12.075,18.25,36.25,20.4225,otra
2025-04-17 08:00:00,2025,4,17,SUROESTE2,1,0.815,16.9,10.5,52.0,15.42,otra
2025-04-18 07:00:00,2025,4,18,CENTRO,1,1.3,12.4,20.0,31.0,30.11,otra
2025-04-18 07:00:00,2025,4,18,NORESTE3,0,0.5433333333333333,14.9,18.333333333333332,38.61666666666667,18.34,otra
2025-04-18 07:00:00,2025,4,18,NOROESTE3,0,1.4833333333333334,10.4,11.666666666666666,38.333333333333336,23.65,otra
2025-04-18 07:00:00,2025,4,18,NORTE2,1,0.575,25.45,10.0,41.14,19.96,otra
2025-04-18 07:00:00,2025,4,18,SUR,1,0.65,13.125,19.75,34.25,19.285,otra
2025-04-18 07:00:00,2025,4,18,SUROESTE2,1,0.85,20.0,8.5,41.0,15.545,otra
2025-04-18 08:00:00,2025,4,18,CENTRO,1,1.32,10.9,24.0,34.0,29.83,otra
2025-04-18 08:00:00,2025,4,18,NORESTE3,0,0.7865,15.0,24.2,37.6,20.91,otra
2025-04-18 08:00:00,2025,4,18,NOROESTE3,0,1.4733333333333334,8.9,18.0,43.333333333333336,25.15,otra
2025-04-18 08:00:00,2025,4,18,NORTE2,1,0.565,20.0,18.0,48.81,16.775,otra
2025-04-18 08:00:00,2025,4,18,SUR,1,0.6525,13.775,20.5,47.75,20.82,otra
2025-04-18 08:00:00,2025,4,18,SUROESTE2,1,0.825,20.65,12.0,49.5,20.07,otra
2025-04-19 07:00:00,2025,4,19,CENTRO,0,1.35,8.2,22.0,43.0,37.83,otra
2025-04-19 07:00:00,2025,4,19,NORESTE3,0,0.5559999999999999,9.3,22.8,42.01333333333333,23.15,otra
2025-04-19 07:00:00,2025,4,19,NOROESTE3,0,1.4266666666666667,9.7,16.0,32.666666666666664,27.06,otra
2025-04-19 07:00:00,2025,4,19,NORTE2,0,0.5700000000000001,15.7,14.5,36.025,24.365000000000002,otra
2025-04-19 07:00:00,2025,4,19,SUR,0,0.635,6.925,23.5,34.25,21.0225,otra
2025-04-19 07:00:00,2025,4,19,SUROESTE2,0,0.675,16.35,12.5,55.5,18.665,otra
2025-04-19 08:00:00,2025,4,19,CENTRO,0,1.41,10.9,18.0,45.0,39.6,otra
2025-04-19 08:00:00,2025,4,19,NORESTE3,0,0.58,8.95,23.833333333333332,38.81333333333333,23.63,otra
2025-04-19 08:00:00,2025,4,19,NOROESTE3,0,1.4133333333333333,6.9,18.0,34.0,27.61,otra
2025-04-19 08:00:00,2025,4,19,NORTE2,0,0.5700000000000001,13.0,17.5,38.485,20.23,otra
2025-04-19 08:00:00,2025,4,19,SUR,0,0.62,5.45,24.25,38.25,24.240000000000002,otra
2025-04-19 08:00:00,2025,4,19,SUROESTE2,0,0.725,16.7,12.0,48.0,25.085,otra
2025-04-20 07:00:00,2025,4,20,CENTRO,0,1.38,9.6,20.0,44.0,37.91,otra
2025-04-20 07:00:00,2025,4,20,NORESTE3,0,0.5003333333333333,7.699999999999999,27.2,39.74666666666666,23.32,otra
2025-04-20 07:00:00,2025,4,20,NOROESTE3,0,1.4366666666666668,6.0,16.666666666666668,37.0,31.66,otra
2025-04-20 07:00:00,2025,4,20,NORTE2,0,0.5449999999999999,11.350000000000001,19.5,33.135,21.485,otra
2025-04-20 07:00:00,2025,4,20,SUR,0,0.6125,5.45,25.75,36.75,24.48,otra
2025-04-20 07:00:00,2025,4,20,SUROESTE2,0,0.72,10.95,13.0,44.5,21.515,otra
2025-04-20 08:00:00,2025,4,20,CENTRO,0,1.32,7.1,24.0,41.0,37.17,otra
2025-04-20 08:00:00,2025,4,20,NORESTE3,0,0.4923333333333333,6.35,30.2,42.473333333333336,23.79,otra
2025-04-20 08:00:00,2025,4,20,NOROESTE3,0,1.38,3.5,21.333333333333332,40.0,30.23,otra
2025-04-20 08:00:00,2025,4,20,NORTE2,0,0.54,9.2,22.5,37.3,20.884999999999998,otra
2025-04-20 08:00:00,2025,4,20,SUR,0,0.6,5.175,26.5,38.75,26.02,otra
2025-04-20 08:00:00,2025,4,20,SUROESTE2,0,0.6799999999999999,10.3,16.5,49.0,25.134999999999998,otra
2025-04-21 07:00:00,2025,4,21,CENTRO,1,1.27,27.6,18.0,58.0,28.45,otra
2025-04-21 07:00:00,2025,4,21,NORESTE3,0,0.8006666666666667,36.2,10.866666666666667,61.99666666666667,21.43,otra
2025-04-21 07:00:00,2025,4,21,NOROESTE3,0,1.74,23.1,7.333333333333333,66.66666666666667,22.58,otra
2025-04-21 07:00:00,2025,4,21,NORTE2,1,0.76,41.9,6.0,85.72,28.244999999999997,otra
2025-04-21 07:00:00,2025,4,21,SUR,1,0.8374999999999999,32.575,9.25,49.25,20.8775,otra
2025-04-21 07:00:00,2025,4,21,SUROESTE2,1,0.79,26.75,18.0,51.5,13.295,otra
2025-04-21 08:00:00,2025,4,21,CENTRO,1,1.39,31.4,18.0,58.0,28.47,otra
2025-04-21 08:00:00,2025,4,21,NORESTE3,0,0.8156666666666667,29.4,19.2,67.93666666666667,22.19,otra
2025-04-21 08:00:00,2025,4,21,NOROESTE3,0,1.8733333333333333,22.0,11.666666666666666,72.0,26.7,otra
2025-04-21 08:00:00,2025,4,21,NORTE2,1,0.8200000000000001,38.55,16.0,78.41,18.310000000000002,otra
2025-04-21 08:00:00,2025,4,21,SUR,1,0.9450000000000001,30.525,16.5,64.0,21.0175,otra
2025-04-21 08:00:00,2025,4,21,SUROESTE2,1,0.9,37.7,20.5,67.0,17.02,otra
2025-04-22 07:00:00,2025,4,22,CENTRO,1,1.36,13.6,7.0,40.0,29.83,otra
2025-04-22 07:00:00,2025,4,22,NORESTE3,0,0.624,12.75,13.166666666666666,37.10666666666666,16.4,otra
2025-04-22 07:00:00,2025,4,22,NOROESTE3,0,1.3766666666666667,6.0,11.333333333333334,24.0,,otra
2025-04-22 07:00:00,2025,4,22,NORTE2,1,0.56,15.35,8.0,30.310000000000002,18.825,otra
2025-04-22 07:00:00,2025,4,22,SUR,1,0.5966666666666667,6.35,15.5,30.666666666666668,17.165,otra
2025-04-22 07:00:00,2025,4,22,SUROESTE2,1,0.66,12.25,8.0,39.0,15.934999999999999,otra
2025-04-22 08:00:00,2025,4,22,CENTRO,1,1.4,11.7,9.0,53.0,31.93,otra
2025-04-22 08:00:00,2025,4,22,NORESTE3,0,0.6756666666666667,12.05,14.333333333333334,36.14666666666667,16.17,otra
2025-04-22 08:00:00,2025,4,22,NOROESTE3,0,1.4266666666666667,7.7,10.333333333333334,24.333333333333332,,otra
2025-04-22 08:00:00,2025,4,22,NORTE2,1,0.5800000000000001,13.85,10.5,35.005,15.365,otra
2025-04-22 08:00:00,2025,4,22,SUR,1,0.64,5.65,17.75,34.0,17.43,otra
2025-04-22 08:00:00,2025,4,22,SUROESTE2,1,0.8049999999999999,14.649999999999999,6.0,43.5,17.915,otra
2025-04-23 07:00:00,2025,4,23,CENTRO,1,1.36,10.0,8.0,32.0,31.11,otra
2025-04-23 07:00:00,2025,4,23,NORESTE3,0,0.6476666666666667,16.4,11.633333333333333,43.0,18.34,otra
2025-04-23 07:00:00,2025,4,23,NOROESTE3,0,1.4433333333333334,7.6,6.333333333333333,26.666666666666668,,otra
2025-04-23 07:00:00,2025,4,23,NORTE2,1,0.6000000000000001,16.3,6.0,32.0,22.0,otra
2025-04-23 07:00:00,2025,4,23,SUR,1,0.655,6.625,14.25,26.0,17.74,otra
2025-04-23 07:00:00,2025,4,23,SUROESTE2,1,0.67,12.8,3.5,51.0,24.185000000000002,otra
2025-04-23 08:00:00,2025,4,23,CENTRO,1,1.44,13.3,7.0,39.0,34.24,otra
2025-04-23 08:00:00,2025,4,23,NORESTE3,0,0.6699999999999999,13.5,9.0,41.21,14.8,otra
2025-04-23 08:00:00,2025,4,23,NOROESTE3,0,1.4833333333333334,9.2,6.666666666666667,28.333333333333332,,otra
2025-04-23 08:00:00,2025,4,23,NORTE2,1,0.665,19.35,5.5,39.5,25.5,otra
2025-04-23 08:00:00,2025,4,23,SUR,1,0.6875,9.100000000000001,13.0,29.25,14.0,otra
2025-04-23 08:00:00,2025,4,23,SUROESTE2,1,0.81,14.55,2.0,48.5,24.115000000000002,otra
2025-04-24 07:00:00,2025,4,24,CENTRO,1,1.42,16.9,11.0,47.0,28.67,otra
2025-04-24 07:00:00,2025,4,24,NORESTE3,0,0.653,14.55,17.433333333333334,40.093333333333334,18.88,otra
2025-04-24 07:00:00,2025,4,24,NOROESTE3,0,1.4633333333333336,6.9,15.0,33.0,27.92,otra
2025-04-24 07:00:00,2025,4,24,NORTE2,1,0.595,16.85,14.0,34.81,19.92,otra
2025-04-24 07:00:00,2025,4,24,SUR,1,0.6525,8.0,22.25,34.0,21.173333333333332,otra
2025-04-24 07:00:00,2025,4,24,SUROESTE2,1,0.7,14.8,10.5,48.5,15.705,otra
2025-04-24 08:00:00,2025,4,24,CENTRO,1,1.54,21.4,7.0,55.0,34.72,otra
2025-04-24 08:00:00,2025,4,24,NORESTE3,0,0.7999999999999999,14.25,17.400000000000002,46.330000000000005,24.07,otra
2025-04-24 08:00:00,2025,4,24,NOROESTE3,0,1.5033333333333332,9.1,14.333333333333334,41.333333333333336,33.5,otra
2025-04-24 08:00:00,2025,4,24,NORTE2,1,0.675,18.85,11.5,44.769999999999996,23.005000000000003,otra
2025-04-24 08:00:00,2025,4,24,SUR,1,0.6925,9.8,20.0,39.5,24.66333333333333,otra
2025-04-24 08:00:00,2025,4,24,SUROESTE2,1,0.765,15.65,10.0,49.5,21.0,otra
2025-04-25 07:00:00,2025,4,25,CENTRO,1,1.39,9.9,17.0,56.0,36.99,otra
2025-04-25 07:00:00,2025,4,25,NORESTE3,0,0.6196666666666667,9.2,19.366666666666667,51.07333333333333,26.66,otra
2025-04-25 07:00:00,2025,4,25,NOROESTE3,0,1.5266666666666666,4.8,16.666666666666668,43.0,,otra
2025-04-25 07:00:00,2025,4,25,NORTE2,1,0.625,15.6,12.5,47.0,31.5,otra
2025-04-25 07:00:00,2025,4,25,SUR,1,0.7000000000000001,5.825,23.5,36.25,20.9975,otra
2025-04-25 07:00:00,2025,4,25,SUROESTE2,1,0.585,11.3,16.0,52.5,21.95,otra
2025-04-25 08:00:00,2025,4,25,CENTRO,1,1.49,15.2,13.0,51.0,40.59,otra
2025-04-25 08:00:00,2025,4,25,NORESTE3,0,0.6699999999999999,10.55,18.5,54.699999999999996,32.71,otra
2025-04-25 08:00:00,2025,4,25,NOROESTE3,0,1.5933333333333335,6.9,14.333333333333334,53.333333333333336,46.05,otra
2025-04-25 08:00:00,2025,4,25,NORTE2,1,0.6950000000000001,16.75,10.5,48.5,32.0,otra
2025-04-25 08:00:00,2025,4,25,SUR,1,0.7325,6.6,22.25,39.0,23.0,otra
2025-04-25 08:00:00,2025,4,25,SUROESTE2,1,0.725,14.1,12.5,63.5,23.695,otra
2025-04-26 07:00:00,2025,4,26,CENTRO,0,1.41,10.4,17.0,29.0,,otra
2025-04-26 07:00:00,2025,4,26,NORESTE3,0,0.6863333333333334,10.25,20.0,50.18333333333334,22.23,otra
2025-04-26 07:00:00,2025,4,26,NOROESTE3,0,1.49,4.2,16.333333333333332,29.333333333333332,27.87,otra
2025-04-26 07:00:00,2025,4,26,NORTE2,0,0.625,15.85,14.0,32.575,20.564999999999998,otra
2025-04-26 07:00:00,2025,4,26,SUR,0,0.675,5.325,24.0,31.25,15.0,otra
2025-04-26 07:00:00,2025,4,26,SUROESTE2,0,0.63,12.3,13.5,31.0,13.32,otra
2025-04-26 08:00:00,2025,4,26,CENTRO,0,1.47,11.8,16.0,33.0,30.66,otra
2025-04-26 08:00:00,2025,4,26,NORESTE3,0,0.676,9.8,20.233333333333334,43.31,18.88,otra
2025-04-26 08:00:00,2025,4,26,NOROESTE3,0,1.5366666666666664,5.3,14.666666666666666,28.333333333333332,22.07,otra
2025-04-26 08:00:00,2025,4,26,NORTE2,0,0.6799999999999999,15.75,16.0,33.745,21.035,otra
2025-04-26 08:00:00,2025,4,26,SUR,0,0.7050000000000001,6.0,23.0,29.75,18.0,otra
2025-04-26 08:00:00,2025,4,26,SUROESTE2,0,0.665,15.05,11.0,39.0,17.355,otra
2025-04-27 07:00:00,2025,4,27,CENTRO,0,1.43,17.6,10.0,45.0,29.0,otra
2025-04-27 07:00:00,2025,4,27,NORESTE3,0,0.5003333333333333,10.55,16.466666666666665,26.47666666666667,13.54,otra
2025-04-27 07:00:00,2025,4,27,NOROESTE3,0,1.5,8.9,17.333333333333332,29.0,21.74,otra
2025-04-27 07:00:00,2025,4,27,NORTE2,0,0.6,5.6,24.0,20.27,11.95,otra
2025-04-27 07:00:00,2025,4,27,SUR,0,0.7025,8.4,21.25,30.5,13.666666666666666,otra
2025-04-27 07:00:00,2025,4,27,SUROESTE2,0,0.71,14.85,11.0,45.5,12.559999999999999,otra
2025-04-27 08:00:00,2025,4,27,CENTRO,0,1.46,13.4,16.0,46.0,27.67,otra
2025-04-27 08:00:00,2025,4,27,NORESTE3,0,0.5096666666666666,10.8,20.2,29.043333333333333,14.19,otra
2025-04-27 08:00:00,2025,4,27,NOROESTE3,0,1.5166666666666668,8.5,17.666666666666668,31.333333333333332,27.2,otra
2025-04-27 08:00:00,2025,4,27,NORTE2,0,0.63,5.5,25.0,23.61,13.0,otra
2025-04-27 08:00:00,2025,4,27,SUR,0,0.6900000000000001,7.85,23.25,34.25,14.333333333333334,otra
2025-04-27 08:00:00,2025,4,27,SUROESTE2,0,0.73,14.05,13.0,42.0,13.7,otra
2025-04-28 07:00:00,2025,4,28,CENTRO,1,1.47,12.5,11.0,37.0,29.34,otra
2025-04-28 07:00:00,2025,4,28,NORESTE3,0,0.5413333333333333,10.5,16.5,35.29333333333333,19.03,otra
2025-04-28 07:00:00,2025,4,28,NOROESTE3,0,1.71,6.2,10.333333333333334,27.666666666666668,,otra
2025-04-28 07:00:00,2025,4,28,NORTE2,1,0.72,15.6,10.0,30.155,17.23,otra
2025-04-28 07:00:00,2025,4,28,SUR,1,0.685,5.699999999999999,20.0,30.0,16.0,otra
2025-04-28 07:00:00,2025,4,28,SUROESTE2,1,0.655,14.25,8.5,43.0,12.629999999999999,otra
2025-04-28 08:00:00,2025,4,28,CENTRO,1,1.57,14.1,10.0,35.0,28.92,otra
2025-04-28 08:00:00,2025,4,28,NORESTE3,0,0.645,11.6,15.633333333333333,37.14333333333334,24.28,otra
2025-04-28 08:00:00,2025,4,28,NOROESTE3,0,1.6766666666666665,7.4,10.666666666666666,42.333333333333336,37.83,otra
2025-04-28 08:00:00,2025,4,28,NORTE2,1,0.7849999999999999,15.6,10.0,35.845,15.335,otra
2025-04-28 08:00:00,2025,4,28,SUR,1,0.7325,6.25,19.5,35.0,16.333333333333332,otra
2025-04-28 08:00:00,2025,4,28,SUROESTE2,1,0.8400000000000001,15.8,8.0,46.0,20.465,otra
2025-04-29 07:00:00,2025,4,29,CENTRO,1,1.36,11.3,14.0,28.0,21.07,otra
2025-04-29 07:00:00,2025,4,29,NORESTE3,0,0.5773333333333334,14.55,13.866666666666667,29.666666666666668,11.0,otra
2025-04-29 07:00:00,2025,4,29,NOROESTE3,0,1.4833333333333332,6.8,13.0,25.0,17.85,otra
2025-04-29 07:00:00,2025,4,29,NORTE2,1,0.6699999999999999,15.75,14.0,28.08,9.26,otra
2025-04-29 07:00:00,2025,4,29,SUR,1,0.71,8.975,17.25,28.5,9.0375,otra
2025-04-29 07:00:00,2025,4,29,SUROESTE2,1,0.605,18.0,5.5,32.5,7.47,otra
2025-04-29 08:00:00,2025,4,29,CENTRO,1,1.46,13.3,13.0,32.0,20.46,otra
2025-04-29 08:00:00,2025,4,29,NORESTE3,0,0.6123333333333333,10.7,16.766666666666666,35.0,11.0,otra
2025-04-29 08:00:00,2025,4,29,NOROESTE3,0,1.5966666666666667,8.3,12.666666666666666,35.0,18.52,otra
2025-04-29 08:00:00,2025,4,29,NORTE2,1,0.72,16.450000000000003,13.5,29.0,9.98,otra
2025-04-29 08:00:00,2025,4,29,SUR,1,0.735,8.1,18.5,31.5,12.9725,otra
2025-04-29 08:00:00,2025,4,29,SUROESTE2,1,0.73,17.15,8.0,38.5,11.895,otra
2025-04-30 07:00:00,2025,4,30,CENTRO,1,1.44,12.6,9.0,37.0,24.34,otra
2025-04-30 07:00:00,2025,4,30,NORESTE3,0,0.8160000000000001,20.65,8.033333333333333,52.9,19.4,otra
2025-04-30 07:00:00,2025,4,30,NOROESTE3,0,1.8033333333333335,11.2,4.0,40.666666666666664,23.47,otra
2025-04-30 07:00:00,2025,4,30,NORTE2,1,0.845,22.55,4.0,42.675,13.965,otra
2025-04-30 07:00:00,2025,4,30,SUR,1,0.8275,16.15,8.75,60.0,17.206666666666667,otra
2025-04-30 07:00:00,2025,4,30,SUROESTE2,1,0.9750000000000001,20.45,2.5,65.0,19.915,otra
2025-04-30 08:00:00,2025,4,30,CENTRO,1,1.56,14.3,12.0,45.0,27.01,otra
2025-04-30 08:00:00,2025,4,30,NORESTE3,0,0.655,17.35,13.833333333333334,45.49333333333333,16.28,otra
2025-04-30 08:00:00,2025,4,30,NOROESTE3,0,1.84,11.7,7.333333333333333,46.666666666666664,25.46,otra
2025-04-30 08:00:00,2025,4,30,NORTE2,1,0.87,23.35,8.0,50.555,12.725,otra
2025-04-30 08:00:00,2025,4,30,SUR,1,0.8975,15.95,13.5,58.0,16.936666666666667,otra
2025-04-30 08:00:00,2025,4,30,SUROESTE2,1,1.38,24.1,5.0,78.5,24.64,otra
2025-05-01 07:00:00,2025,5,1,CENTRO,1,1.61,15.9,10.0,48.0,,otra
2025-05-01 07:00:00,2025,5,1,NORESTE3,0,0.7070000000000001,12.85,13.266666666666666,44.653333333333336,21.02,otra
2025-05-01 07:00:00,2025,5,1,NOROESTE3,0,1.6166666666666665,12.7,6.0,47.333333333333336,34.61,otra
2025-05-01 07:00:00,2025,5,1,NORTE2,1,0.66,19.25,9.5,37.625,18.85,otra
2025-05-01 07:00:00,2025,5,1,SUR,1,0.7675000000000001,14.25,12.0,37.666666666666664,21.0175,otra
2025-05-01 07:00:00,2025,5,1,SUROESTE2,1,0.41500000000000004,17.75,6.0,34.0,14.0,otra
2025-05-01 08:00:00,2025,5,1,CENTRO,1,1.62,14.4,16.0,45.0,,otra
2025-05-01 08:00:00,2025,5,1,NORESTE3,0,0.741,13.0,17.966666666666665,44.24333333333333,21.07,otra
2025-05-01 08:00:00,2025,5,1,NOROESTE3,0,1.5566666666666666,13.0,12.333333333333334,48.666666666666664,29.73,otra
2025-05-01 08:00:00,2025,5,1,NORTE2,1,0.72,17.95,14.0,35.2,17.42,otra
2025-05-01 08:00:00,2025,5,1,SUR,1,0.865,12.875,18.5,46.666666666666664,22.89,otra
2025-05-01 08:00:00,2025,5,1,SUROESTE2,1,0.62,14.5,16.0,30.0,24.0,otra
2025-05-02 07:00:00,2025,5,2,CENTRO,1,1.58,26.8,5.0,30.48,23.86,otra
2025-05-02 07:00:00,2025,5,2,NORESTE3,0,0.5085,13.649999999999999,15.200000000000001,37.196666666666665,18.39,otra
2025-05-02 07:00:00,2025,5,2,NOROESTE3,0,1.5200000000000002,7.3,22.666666666666668,26.666666666666668,30.41,otra
2025-05-02 07:00:00,2025,5,2,NORTE2,1,0.6799999999999999,16.85,18.0,27.205,17.985,otra
2025-05-02 07:00:00,2025,5,2,SUR,1,0.8275,12.3,18.0,25.0,20.616666666666667,otra
2025-05-02 07:00:00,2025,5,2,SUROESTE2,1,0.38,14.6,20.0,31.0,19.0,otra
2025-05-02 08:00:00,2025,5,2,CENTRO,1,1.68,22.7,11.0,40.91,24.96,otra
2025-05-02 08:00:00,2025,5,2,NORESTE3,0,0.4833333333333334,15.9,15.299999999999999,35.556666666666665,18.58,otra
2025-05-02 08:00:00,2025,5,2,NOROESTE3,0,1.5566666666666666,8.5,21.666666666666668,27.666666666666668,,otra
2025-05-02 08:00:00,2025,5,2,NORTE2,1,0.8300000000000001,20.45,15.5,32.0,17.5,otra
2025-05-02 08:00:00,2025,5,2,SUR,1,0.9175,12.725,19.5,30.25,20.785,otra
2025-05-02 08:00:00,2025,5,2,SUROESTE2,1,0.57,19.2,14.0,32.0,27.0,otra
2025-05-03 07:00:00,2025,5,3,CENTRO,0,1.51,6.6,27.0,14.15,8.58,otra
2025-05-03 07:00:00,2025,5,3,NORESTE3,0,0.41100000000000003,8.2,26.866666666666664,15.025,3.19,otra
2025-05-03 07:00:00,2025,5,3,NOROESTE3,0,1.3166666666666667,2.7,25.333333333333332,21.666666666666668,5.5,otra
2025-05-03 07:00:00,2025,5,3,NORTE2,0,0.44499999999999995,8.6,24.5,19.435,2.41,otra
2025-05-03 07:00:00,2025,5,3,SUR,0,0.7050000000000001,7.5249999999999995,25.25,18.5,5.525,otra
2025-05-03 07:00:00,2025,5,3,SUROESTE2,0,0.33,8.2,26.0,15.0,11.0,otra
2025-05-03 08:00:00,2025,5,3,CENTRO,0,1.44,8.2,27.0,16.0,5.79,otra
2025-05-03 08:00:00,2025,5,3,NORESTE3,0,0.42200000000000004,8.6,27.133333333333336,11.466666666666667,3.14,otra
2025-05-03 08:00:00,2025,5,3,NOROESTE3,0,1.3533333333333335,3.9,23.333333333333332,11.333333333333334,,otra
2025-05-03 08:00:00,2025,5,3,NORTE2,0,0.475,9.55,25.0,27.02,4.9,otra
2025-05-03 08:00:00,2025,5,3,SUR,0,0.7075,7.6,25.5,18.5,3.735,otra
2025-05-03 08:00:00,2025,5,3,SUROESTE2,0,0.38,8.9,24.0,13.0,,otra
2025-05-04 07:00:00,2025,5,4,CENTRO,0,0.67,9.6,28.0,3.42,2.71,otra
2025-05-04 07:00:00,2025,5,4,NORESTE3,0,0.4515,9.75,21.066666666666666,9.2,8.97,otra
2025-05-04 07:00:00,2025,5,4,NOROESTE3,0,1.5333333333333332,8.9,23.0,9.0,3.8,otra
2025-05-04 07:00:00,2025,5,4,NORTE2,0,0.5,13.600000000000001,18.0,11.5,10.0,otra
2025-05-04 07:00:00,2025,5,4,SUR,0,0.7475,7.375,26.75,13.5,5.826666666666667,otra
2025-05-04 07:00:00,2025,5,4,SUROESTE2,0,0.29,13.6,19.0,17.0,,otra
2025-05-04 08:00:00,2025,5,4,CENTRO,0,0.69,8.1,29.0,4.92,3.86,otra
2025-05-04 08:00:00,2025,5,4,NORESTE3,0,0.46950000000000003,11.95,19.566666666666666,4.445,5.19,otra
2025-05-04 08:00:00,2025,5,4,NOROESTE3,0,1.4366666666666668,6.2,25.0,11.0,7.51,otra
2025-05-04 08:00:00,2025,5,4,NORTE2,0,0.5449999999999999,14.55,17.0,15.5,10.5,otra
2025-05-04 08:00:00,2025,5,4,SUR,0,0.7899999999999999,7.975,26.0,13.5,4.6466666666666665,otra
2025-05-04 08:00:00,2025,5,4,SUROESTE2,0,0.35,16.9,16.0,19.0,,otra
2025-05-05 07:00:00,2025,5,5,CENTRO,1,0.78,13.4,11.0,14.17,12.35,otra
2025-05-05 07:00:00,2025,5,5,NORESTE3,0,0.531,10.6,17.9,18.0,,otra
2025-05-05 07:00:00,2025,5,5,NOROESTE3,0,1.4966666666666668,5.6,11.666666666666666,27.333333333333332,22.67,otra
2025-05-05 07:00:00,2025,5,5,NORTE2,1,0.505,12.5,13.5,24.5,15.5,otra
2025-05-05 07:00:00,2025,5,5,SUR,1,0.7825,7.75,17.5,22.666666666666668,14.753333333333336,otra
2025-05-05 07:00:00,2025,5,5,SUROESTE2,1,0.39,11.5,11.0,34.0,30.0,otra
2025-05-05 08:00:00,2025,5,5,CENTRO,1,0.88,13.6,12.0,21.93,17.71,otra
2025-05-05 08:00:00,2025,5,5,NORESTE3,0,0.3285,12.7,18.3,23.0,,otra
2025-05-05 08:00:00,2025,5,5,NOROESTE3,0,1.5566666666666666,6.6,12.333333333333334,29.0,24.11,otra
2025-05-05 08:00:00,2025,5,5,NORTE2,1,0.55,12.35,14.5,26.0,14.5,otra
2025-05-05 08:00:00,2025,5,5,SUR,1,0.84,8.725,18.0,28.25,15.573333333333332,otra
2025-05-05 08:00:00,2025,5,5,SUROESTE2,1,0.51,14.4,10.0,29.0,,otra
2025-05-06 07:00:00,2025,5,6,CENTRO,1,0.96,17.5,5.0,34.0,25.27,otra
2025-05-06 07:00:00,2025,5,6,NORESTE3,0,0.5865,17.7,9.299999999999999,50.855000000000004,25.4,otra
2025-05-06 07:00:00,2025,5,6,NOROESTE3,0,1.64,9.9,4.333333333333333,60.333333333333336,41.47,otra
2025-05-06 07:00:00,2025,5,6,NORTE2,1,0.785,16.1,5.5,54.0,29.0,otra
2025-05-06 07:00:00,2025,5,6,SUR,1,0.9125,11.275,12.25,41.75,28.97666666666667,otra
2025-05-06 07:00:00,2025,5,6,SUROESTE2,1,0.6,14.5,4.0,59.0,,otra
2025-05-06 08:00:00,2025,5,6,CENTRO,1,1.09,17.1,8.0,43.35,29.26,otra
2025-05-06 08:00:00,2025,5,6,NORESTE3,0,0.62,13.0,16.766666666666666,49.635000000000005,27.05,otra
2025-05-06 08:00:00,2025,5,6,NOROESTE3,0,1.6966666666666665,10.5,7.0,63.0,46.73,otra
2025-05-06 08:00:00,2025,5,6,NORTE2,1,0.7,13.15,10.5,56.0,19.5,otra
2025-05-06 08:00:00,2025,5,6,SUR,1,0.9874999999999999,10.649999999999999,16.25,53.75,33.425,otra
2025-05-06 08:00:00,2025,5,6,SUROESTE2,1,0.8,16.2,7.0,65.0,,otra
2025-05-07 07:00:00,2025,5,7,CENTRO,1,0.91,26.0,18.0,41.0,22.75,otra
2025-05-07 07:00:00,2025,5,7,NORESTE3,0,0.4255,13.399999999999999,26.96666666666667,29.53,15.75,otra
2025-05-07 07:00:00,2025,5,7,NOROESTE3,0,1.47,7.4,18.666666666666668,48.0,37.12,otra
2025-05-07 07:00:00,2025,5,7,NORTE2,1,0.515,15.55,26.5,48.0,11.0,otra
2025-05-07 07:00:00,2025,5,7,SUR,1,0.825,12.100000000000001,28.5,38.5,18.1675,otra
2025-05-07 07:00:00,2025,5,7,SUROESTE2,1,1.09,23.25,12.0,44.5,,otra
2025-05-07 08:00:00,2025,5,7,CENTRO,1,0.87,26.1,16.0,47.0,21.44,otra
2025-05-07 08:00:00,2025,5,7,NORESTE3,0,0.49149999999999994,15.0,26.833333333333332,24.875,17.42,otra
2025-05-07 08:00:00,2025,5,7,NOROESTE3,0,1.61,12.1,19.333333333333332,54.666666666666664,28.22,otra
2025-05-07 08:00:00,2025,5,7,NORTE2,1,0.545,15.85,25.0,44.545,14.35,otra
2025-05-07 08:00:00,2025,5,7,SUR,1,0.9125,14.2,28.5,46.25,19.0475,otra
2025-05-07 08:00:00,2025,5,7,SUROESTE2,1,1.04,21.4,18.0,42.0,,otra
2025-05-08 07:00:00,2025,5,8,CENTRO,1,0.84,9.8,19.0,33.0,19.2,otra
2025-05-08 07:00:00,2025,5,8,NORESTE3,0,0.3453333333333333,13.65,17.133333333333333,23.63,12.64,otra
2025-05-08 07:00:00,2025,5,8,NOROESTE3,0,1.4833333333333332,5.1,18.666666666666668,21.0,14.1,otra
2025-05-08 07:00:00,2025,5,8,NORTE2,1,0.45499999999999996,11.5,16.5,22.05,15.35,otra
2025-05-08 07:00:00,2025,5,8,SUR,1,0.72,7.2,22.0,23.0,10.0,otra
2025-05-08 07:00:00,2025,5,8,SUROESTE2,1,0.7949999999999999,17.0,11.5,42.5,31.0,otra
2025-05-08 08:00:00,2025,5,8,CENTRO,1,0.94,13.6,15.0,23.0,10.81,otra
2025-05-08 08:00:00,2025,5,8,NORESTE3,0,0.41466666666666674,12.5,20.400000000000002,23.873333333333335,12.52,otra
2025-05-08 08:00:00,2025,5,8,NOROESTE3,0,1.4733333333333334,4.9,22.0,17.333333333333332,11.96,otra
2025-05-08 08:00:00,2025,5,8,NORTE2,1,0.54,12.700000000000001,17.5,19.945,14.17,otra
2025-05-08 08:00:00,2025,5,8,SUR,1,0.75,8.25,21.5,29.0,9.0,otra
2025-05-08 08:00:00,2025,5,8,SUROESTE2,1,0.9400000000000001,13.350000000000001,14.0,38.5,,otra
2025-05-09 07:00:00,2025,5,9,CENTRO,1,0.75,13.1,30.0,20.0,9.82,otra
2025-05-09 07:00:00,2025,5,9,NORESTE3,0,0.4575,12.55,38.53333333333333,17.973333333333333,6.21,otra
2025-05-09 07:00:00,2025,5,9,NOROESTE3,0,1.42,5.9,34.333333333333336,12.333333333333334,8.06,otra
2025-05-09 07:00:00,2025,5,9,NORTE2,1,0.505,17.35,26.0,25.77,8.075,otra
2025-05-09 07:00:00,2025,5,9,SUR,1,0.8333333333333334,13.100000000000001,32.666666666666664,20.25,7.455,otra
2025-05-09 07:00:00,2025,5,9,SUROESTE2,1,0.29,12.2,31.0,15.0,,otra
2025-05-09 08:00:00,2025,5,9,CENTRO,1,0.82,16.8,27.0,21.0,10.18,otra
2025-05-09 08:00:00,2025,5,9,NORESTE3,0,0.4605,12.15,40.93333333333333,24.86,7.24,otra
2025-05-09 08:00:00,2025,5,9,NOROESTE3,0,1.4433333333333334,6.1,31.0,10.5,8.73,otra
2025-05-09 08:00:00,2025,5,9,NORTE2,1,0.59,17.75,27.0,33.269999999999996,4.845000000000001,otra
2025-05-09 08:00:00,2025,5,9,SUR,1,0.8766666666666666,12.700000000000001,35.0,24.25,6.355,otra
2025-05-09 08:00:00,2025,5,9,SUROESTE2,1,0.39,15.1,26.0,24.0,,otra
2025-05-10 07:00:00,2025,5,10,CENTRO,0,0.7,17.4,23.0,26.0,10.62,otra
2025-05-10 07:00:00,2025,5,10,NORESTE3,0,0.583,25.9,19.433333333333334,55.73,13.2,otra
2025-05-10 07:00:00,2025,5,10,NOROESTE3,0,1.71,17.2,10.333333333333334,52.0,20.46,otra
2025-05-10 07:00:00,2025,5,10,NORTE2,0,0.5800000000000001,28.25,13.0,44.55,12.325,otra
2025-05-10 07:00:00,2025,5,10,SUR,0,1.15,27.125,10.5,56.5,22.223333333333333,otra
2025-05-10 07:00:00,2025,5,10,SUROESTE2,0,0.855,23.45,10.5,53.0,11.0,otra
2025-05-10 08:00:00,2025,5,10,CENTRO,0,0.93,27.9,19.0,26.0,9.82,otra
2025-05-10 08:00:00,2025,5,10,NORESTE3,0,0.4955,17.4,34.833333333333336,49.67333333333334,12.59,otra
2025-05-10 08:00:00,2025,5,10,NOROESTE3,0,1.6566666666666665,15.1,22.333333333333332,53.0,15.21,otra
2025-05-10 08:00:00,2025,5,10,NORTE2,0,0.75,20.6,29.5,48.505,8.22,otra
2025-05-10 08:00:00,2025,5,10,SUR,0,0.9575,20.35,28.0,55.0,16.48,otra
2025-05-10 08:00:00,2025,5,10,SUROESTE2,0,0.84,20.9,19.0,71.5,14.5,otra
2025-05-11 07:00:00,2025,5,11,CENTRO,0,0.67,12.8,31.0,28.0,18.4,otra
2025-05-11 07:00:00,2025,5,11,NORESTE3,0,0.646,29.1,12.5,59.72666666666667,25.38,otra
2025-05-11 07:00:00,2025,5,11,NOROESTE3,0,1.54,8.6,24.333333333333332,36.666666666666664,16.38,otra
2025-05-11 07:00:00,2025,5,11,NORTE2,0,0.46499999999999997,17.55,30.5,32.7,10.925,otra
2025-05-11 07:00:00,2025,5,11,SUR,0,1.04,19.325,17.5,49.0,19.073333333333334,otra
2025-05-11 07:00:00,2025,5,11,SUROESTE2,0,0.6849999999999999,17.65,24.5,35.5,10.0,otra
2025-05-11 08:00:00,2025,5,11,CENTRO,0,0.8,19.7,30.0,23.0,12.66,otra
2025-05-11 08:00:00,2025,5,11,NORESTE3,0,0.48733333333333334,21.200000000000003,30.366666666666664,51.06,17.09,otra
2025-05-11 08:00:00,2025,5,11,NOROESTE3,0,1.5666666666666667,8.2,30.666666666666668,34.0,15.62,otra
2025-05-11 08:00:00,2025,5,11,NORTE2,0,0.44499999999999995,13.899999999999999,39.5,30.915,7.08,otra
2025-05-11 08:00:00,2025,5,11,SUR,0,1.0675,19.65,21.5,55.75,31.636666666666667,otra
2025-05-11 08:00:00,2025,5,11,SUROESTE2,0,0.6449999999999999,13.45,35.0,36.0,10.0,otra
2025-05-12 07:00:00,2025,5,12,CENTRO,0,0.66,,30.0,31.0,12.0,otra
2025-05-12 07:00:00,2025,5,12,NORESTE3,0,0.7520000000000001,39.7,8.666666666666666,66.88333333333334,27.97,otra
2025-05-12 07:00:00,2025,5,12,NOROESTE3,0,1.8666666666666665,21.0,11.0,70.33333333333333,18.07,otra
2025-05-12 07:00:00,2025,5,12,NORTE2,1,0.8049999999999999,36.75,6.0,80.82,26.4,otra
2025-05-12 07:00:00,2025,5,12,SUR,1,1.005,26.55,19.25,50.25,30.046666666666667,otra
2025-05-12 07:00:00,2025,5,12,SUROESTE2,1,0.885,29.2,17.0,45.5,9.0,otra
2025-05-12 08:00:00,2025,5,12,CENTRO,0,0.76,,31.0,34.0,14.0,otra
2025-05-12 08:00:00,2025,5,12,NORESTE3,0,0.8286666666666666,37.5,16.266666666666666,96.10333333333334,24.0,otra
2025-05-12 08:00:00,2025,5,12,NOROESTE3,0,1.9833333333333334,19.5,17.666666666666668,64.66666666666667,23.96,otra
2025-05-12 08:00:00,2025,5,12,NORTE2,1,0.8700000000000001,35.099999999999994,16.0,72.025,15.52,otra
2025-05-12 08:00:00,2025,5,12,SUR,1,1.115,29.599999999999998,21.25,69.75,37.96333333333333,otra
2025-05-12 08:00:00,2025,5,12,SUROESTE2,1,0.915,28.6,28.0,88.0,16.5,otra
2025-05-13 07:00:00,2025,5,13,CENTRO,0,1.58,38.8,6.0,70.0,29.68,otra
2025-05-13 07:00:00,2025,5,13,NORESTE3,0,0.4876666666666667,34.15,10.866666666666667,55.71666666666667,19.46,otra
2025-05-13 07:00:00,2025,5,13,NOROESTE3,0,1.9833333333333334,16.8,11.666666666666666,65.33333333333333,20.61,otra
2025-05-13 07:00:00,2025,5,13,NORTE2,1,0.7949999999999999,35.7,6.5,65.44,23.825,otra
2025-05-13 07:00:00,2025,5,13,SUR,1,1.17,30.025,13.0,66.0,25.255,otra
2025-05-13 07:00:00,2025,5,13,SUROESTE2,1,1.03,35.4,12.5,72.5,15.0,otra
2025-05-13 08:00:00,2025,5,13,CENTRO,0,1.21,39.5,12.0,94.0,34.0,otra
2025-05-13 08:00:00,2025,5,13,NORESTE3,0,0.5083333333333333,24.25,25.900000000000002,78.91666666666667,18.56,otra
2025-05-13 08:00:00,2025,5,13,NOROESTE3,0,1.9733333333333334,19.4,19.0,73.0,19.92,otra
2025-05-13 08:00:00,2025,5,13,NORTE2,1,0.9299999999999999,35.65,12.0,75.35,20.45,otra
2025-05-13 08:00:00,2025,5,13,SUR,1,1.3125,29.4,21.75,74.5,27.5325,otra
2025-05-13 08:00:00,2025,5,13,SUROESTE2,1,1.145,30.349999999999998,27.0,90.0,11.0,otra
2025-05-14 07:00:00,2025,5,14,CENTRO,0,1.1,31.3,6.0,60.0,34.56,otra
2025-05-14 07:00:00,2025,5,14,NORESTE3,0,0.47766666666666663,30.05,9.133333333333333,54.656666666666666,28.27,otra
2025-05-14 07:00:00,2025,5,14,NOROESTE3,0,1.8199999999999998,,9.0,95.0,29.6,otra
2025-05-14 07:00:00,2025,5,14,NORTE2,1,0.74,36.1,4.0,85.435,35.42,otra
2025-05-14 07:00:00,2025,5,14,SUR,1,1.16,24.975,13.5,60.0,28.766666666666666,otra
2025-05-14 07:00:00,2025,5,14,SUROESTE2,1,0.76,40.9,9.0,31.0,23.0,otra
2025-05-14 08:00:00,2025,5,14,CENTRO,0,1.34,43.3,11.0,74.0,36.12,otra
2025-05-14 08:00:00,2025,5,14,NORESTE3,0,0.5636666666666666,26.45,20.033333333333335,63.38333333333333,23.95,otra
2025-05-14 08:00:00,2025,5,14,NOROESTE3,0,1.8399999999999999,,15.333333333333334,101.33333333333333,32.68,otra
2025-05-14 08:00:00,2025,5,14,NORTE2,1,0.845,33.1,13.0,92.66499999999999,23.58,otra
2025-05-14 08:00:00,2025,5,14,SUR,1,1.215,28.8,18.25,80.5,31.77,otra
2025-05-14 08:00:00,2025,5,14,SUROESTE2,1,0.82,35.2,26.0,67.0,,otra
2025-05-15 07:00:00,2025,5,15,CENTRO,0,1.13,21.4,19.0,55.0,45.64,otra
2025-05-15 07:00:00,2025,5,15,NORESTE3,0,0.534,21.5,22.933333333333334,53.59,34.99,otra
2025-05-15 07:00:00,2025,5,15,NOROESTE3,0,1.7966666666666669,11.9,16.0,68.66666666666667,58.05,otra
2025-05-15 07:00:00,2025,5,15,NORTE2,1,0.8,31.25,13.0,76.505,42.0,otra
2025-05-15 07:00:00,2025,5,15,SUR,1,1.1025,20.975,23.75,65.0,41.295,otra
2025-05-15 07:00:00,2025,5,15,SUROESTE2,1,1.105,28.55,6.5,78.5,24.0,otra
2025-05-15 08:00:00,2025,5,15,CENTRO,0,1.28,27.5,20.0,66.0,46.75,otra
2025-05-15 08:00:00,2025,5,15,NORESTE3,0,0.561,19.4,31.866666666666664,58.723333333333336,34.78,otra
2025-05-15 08:00:00,2025,5,15,NOROESTE3,0,1.86,12.7,26.333333333333332,69.33333333333333,26.63,otra
2025-05-15 08:00:00,2025,5,15,NORTE2,1,0.84,27.549999999999997,22.0,77.89500000000001,38.7,otra
2025-05-15 08:00:00,2025,5,15,SUR,1,1.175,23.1,26.75,75.25,40.0175,otra
2025-05-15 08:00:00,2025,5,15,SUROESTE2,1,1.5350000000000001,46.45,8.0,111.0,55.0,otra
2025-05-16 07:00:00,2025,5,16,CENTRO,0,1.26,21.7,12.0,54.0,33.27,otra
2025-05-16 07:00:00,2025,5,16,NORESTE3,0,0.38000000000000006,19.95,18.8,55.156666666666666,30.7,otra
2025-05-16 07:00:00,2025,5,16,NOROESTE3,0,1.75,13.7,10.666666666666666,48.0,,otra
2025-05-16 07:00:00,2025,5,16,NORTE2,1,0.7050000000000001,21.15,11.0,55.72,25.564999999999998,otra
2025-05-16 07:00:00,2025,5,16,SUR,1,1.0375,16.225,16.0,44.75,31.659999999999997,otra
2025-05-16 07:00:00,2025,5,16,SUROESTE2,1,1.0150000000000001,22.049999999999997,5.5,62.0,15.0,otra
2025-05-16 08:00:00,2025,5,16,CENTRO,0,1.38,25.3,14.0,55.0,35.34,otra
2025-05-16 08:00:00,2025,5,16,NORESTE3,0,0.4723333333333333,16.75,22.866666666666664,56.30666666666667,32.4,otra
2025-05-16 08:00:00,2025,5,16,NOROESTE3,0,1.7733333333333334,13.2,16.0,56.666666666666664,47.52,otra
2025-05-16 08:00:00,2025,5,16,NORTE2,1,0.705,18.5,18.5,58.129999999999995,24.744999999999997,otra
2025-05-16 08:00:00,2025,5,16,SUR,1,1.0675,15.325,21.25,42.5,34.276666666666664,otra
2025-05-16 08:00:00,2025,5,16,SUROESTE2,1,1.14,22.15,10.0,76.5,33.0,otra
2025-05-17 07:00:00,2025,5,17,CENTRO,0,1.07,13.7,12.0,49.0,34.0,otra
2025-05-17 07:00:00,2025,5,17,NORESTE3,0,0.37733333333333335,15.0,16.333333333333332,52.64666666666667,30.33,otra
2025-05-17 07:00:00,2025,5,17,NOROESTE3,0,1.6333333333333335,6.5,17.0,40.666666666666664,,otra
2025-05-17 07:00:00,2025,5,17,NORTE2,0,0.495,11.5,19.5,48.46,30.689999999999998,otra
2025-05-17 07:00:00,2025,5,17,SUR,0,0.9875,10.5,19.0,46.5,33.446666666666665,otra
2025-05-17 07:00:00,2025,5,17,SUROESTE2,0,0.935,13.2,9.0,52.5,27.0,otra
2025-05-17 08:00:00,2025,5,17,CENTRO,0,1.12,14.7,13.0,51.0,33.41,otra
2025-05-17 08:00:00,2025,5,17,NORESTE3,0,0.40700000000000003,12.3,19.8,68.63666666666667,32.27,otra
2025-05-17 08:00:00,2025,5,17,NOROESTE3,0,1.75,8.0,18.0,44.333333333333336,41.01,otra
2025-05-17 08:00:00,2025,5,17,NORTE2,0,0.635,15.350000000000001,16.5,42.855000000000004,27.305,otra
2025-05-17 08:00:00,2025,5,17,SUR,0,1.035,9.725,19.25,41.75,28.075,otra
2025-05-17 08:00:00,2025,5,17,SUROESTE2,0,0.95,12.7,14.0,52.0,31.0,otra
2025-05-18 07:00:00,2025,5,18,CENTRO,0,1.0,,24.0,50.0,37.42,otra
2025-05-18 07:00:00,2025,5,18,NORESTE3,0,0.351,7.85,24.633333333333336,48.97,31.97,otra
2025-05-18 07:00:00,2025,5,18,NOROESTE3,0,1.6466666666666665,3.6,24.0,41.333333333333336,,otra
2025-05-18 07:00:00,2025,5,18,NORTE2,0,0.455,8.05,24.5,38.61,30.795,otra
2025-05-18 07:00:00,2025,5,18,SUR,0,0.945,4.7,26.5,39.75,31.75666666666667,otra
2025-05-18 07:00:00,2025,5,18,SUROESTE2,0,0.8049999999999999,9.85,18.5,63.0,37.0,otra
2025-05-18 08:00:00,2025,5,18,CENTRO,0,1.02,,21.0,46.0,,otra
2025-05-18 08:00:00,2025,5,18,NORESTE3,0,0.32466666666666666,8.2,24.766666666666666,49.96333333333333,33.74,otra
2025-05-18 08:00:00,2025,5,18,NOROESTE3,0,1.7233333333333334,3.4,22.0,40.333333333333336,,otra
2025-05-18 08:00:00,2025,5,18,NORTE2,0,0.49,8.25,22.5,45.405,27.84,otra
2025-05-18 08:00:00,2025,5,18,SUR,0,0.9675,5.275,26.5,43.25,36.5,otra
2025-05-18 08:00:00,2025,5,18,SUROESTE2,0,0.84,9.7,19.0,61.0,33.0,otra
2025-05-19 07:00:00,2025,5,19,CENTRO,0,1.08,,11.0,62.0,36.0,otra
2025-05-19 07:00:00,2025,5,19,NORESTE3,0,0.38933333333333336,17.3,15.466666666666667,55.843333333333334,29.59,otra
2025-05-19 07:00:00,2025,5,19,NOROESTE3,0,1.9166666666666667,12.2,8.666666666666666,54.333333333333336,46.26,otra
2025-05-19 07:00:00,2025,5,19,NORTE2,1,0.655,16.95,15.0,48.055,29.695,otra
2025-05-19 07:00:00,2025,5,19,SUR,1,0.9975,10.225000000000001,22.25,42.75,32.44,otra
2025-05-19 07:00:00,2025,5,19,SUROESTE2,1,1.13,17.5,8.5,67.5,26.0,otra
2025-05-19 08:00:00,2025,5,19,CENTRO,0,1.15,22.0,14.0,59.0,37.0,otra
2025-05-19 08:00:00,2025,5,19,NORESTE3,0,0.4723333333333333,13.3,19.2,40.916666666666664,28.57,otra
2025-05-19 08:00:00,2025,5,19,NOROESTE3,0,1.96,13.1,13.333333333333334,60.666666666666664,42.3,otra
2025-05-19 08:00:00,2025,5,19,NORTE2,1,0.71,15.9,17.0,54.445,24.175,otra
2025-05-19 08:00:00,2025,5,19,SUR,1,1.0325,10.575,22.75,43.75,28.939999999999998,otra
2025-05-19 08:00:00,2025,5,19,SUROESTE2,1,1.2650000000000001,22.55,11.0,71.0,34.0,otra
2025-05-20 07:00:00,2025,5,20,CENTRO,0,1.21,17.2,5.0,61.0,34.94,otra
2025-05-20 07:00:00,2025,5,20,NORESTE3,0,0.3506666666666667,16.8,9.366666666666667,39.06,27.07,otra
2025-05-20 07:00:00,2025,5,20,NOROESTE3,0,2.0033333333333334,10.4,5.0,61.5,47.94,otra
2025-05-20 07:00:00,2025,5,20,NORTE2,1,0.7949999999999999,21.25,4.5,49.75,23.560000000000002,otra
2025-05-20 07:00:00,2025,5,20,SUR,1,1.0825,14.35,11.5,46.75,27.673333333333332,otra
2025-05-20 07:00:00,2025,5,20,SUROESTE2,1,1.035,25.549999999999997,6.0,50.5,20.0,otra
2025-05-20 08:00:00,2025,5,20,CENTRO,0,1.26,17.4,10.0,59.0,35.62,otra
2025-05-20 08:00:00,2025,5,20,NORESTE3,0,0.3866666666666667,19.3,13.366666666666667,45.123333333333335,33.09,otra
2025-05-20 08:00:00,2025,5,20,NOROESTE3,0,1.8966666666666665,8.9,14.0,63.333333333333336,43.98,otra
2025-05-20 08:00:00,2025,5,20,NORTE2,1,1.025,19.2,11.0,48.21,18.435000000000002,otra
2025-05-20 08:00:00,2025,5,20,SUR,1,1.1425,15.825,16.75,57.5,31.30333333333333,otra
2025-05-20 08:00:00,2025,5,20,SUROESTE2,1,1.085,23.6,13.0,65.5,,otra
2025-05-21 07:00:00,2025,5,21,CENTRO,0,1.19,21.8,7.0,61.0,42.53,otra
2025-05-21 07:00:00,2025,5,21,NORESTE3,0,0.3973333333333333,20.0,9.8,56.0,,otra
2025-05-21 07:00:00,2025,5,21,NOROESTE3,0,1.84,10.4,13.0,51.333333333333336,,otra
2025-05-21 07:00:00,2025,5,21,NORTE2,1,0.7150000000000001,21.2,5.5,63.495000000000005,39.489999999999995,otra
2025-05-21 07:00:00,2025,5,21,SUR,1,1.0775,15.05,15.25,62.0,40.156666666666666,otra
2025-05-21 07:00:00,2025,5,21,SUROESTE2,1,0.9450000000000001,14.25,17.5,58.5,28.0,otra
2025-05-21 08:00:00,2025,5,21,CENTRO,0,1.32,22.8,8.0,76.0,44.91,otra
2025-05-21 08:00:00,2025,5,21,NORESTE3,0,0.42333333333333334,18.3,14.0,58.5,,otra
2025-05-21 08:00:00,2025,5,21,NOROESTE3,0,2.0133333333333336,11.6,15.0,57.333333333333336,,otra
2025-05-21 08:00:00,2025,5,21,NORTE2,1,0.92,21.7,10.0,76.155,42.6,otra
2025-05-21 08:00:00,2025,5,21,SUR,1,1.285,17.825,16.25,73.5,39.653333333333336,otra
2025-05-21 08:00:00,2025,5,21,SUROESTE2,1,1.16,17.95,14.5,61.5,41.0,otra
2025-05-22 07:00:00,2025,5,22,CENTRO,0,1.1,20.9,15.0,25.0,16.49,otra
2025-05-22 07:00:00,2025,5,22,NORESTE3,0,0.6115,24.0,12.233333333333334,36.29,12.88,otra
2025-05-22 07:00:00,2025,5,22,NOROESTE3,0,1.86,13.0,14.0,34.333333333333336,14.75,otra
2025-05-22 07:00:00,2025,5,22,NORTE2,1,0.66,22.950000000000003,15.0,33.92,7.435,otra
2025-05-22 07:00:00,2025,5,22,SUR,1,1.0425,21.35,16.5,35.5,14.266666666666666,otra
2025-05-22 07:00:00,2025,5,22,SUROESTE2,1,0.9750000000000001,22.95,9.5,48.0,16.0,otra
2025-05-22 08:00:00,2025,5,22,CENTRO,0,1.23,28.4,15.0,40.0,20.39,otra
2025-05-22 08:00:00,2025,5,22,NORESTE3,0,0.5695,16.7,19.7,31.2,10.52,otra
2025-05-22 08:00:00,2025,5,22,NOROESTE3,0,1.9933333333333334,13.7,14.0,40.666666666666664,22.24,otra
2025-05-22 08:00:00,2025,5,22,NORTE2,1,0.73,18.25,19.5,45.94,11.48,otra
2025-05-22 08:00:00,2025,5,22,SUR,1,1.1333333333333333,17.76666666666667,24.0,38.333333333333336,14.844999999999999,otra
2025-05-22 08:00:00,2025,5,22,SUROESTE2,1,1.02,19.65,17.0,40.5,12.0,otra
2025-05-23 07:00:00,2025,5,23,CENTRO,0,1.05,14.1,5.0,41.0,26.04,otra
2025-05-23 07:00:00,2025,5,23,NORESTE3,0,0.47300000000000003,12.15,10.533333333333333,36.00333333333333,19.68,otra
2025-05-23 07:00:00,2025,5,23,NOROESTE3,0,1.68,5.7,7.0,31.666666666666668,28.93,otra
2025-05-23 07:00:00,2025,5,23,NORTE2,1,0.57,13.0,6.0,37.765,21.91,otra
2025-05-23 07:00:00,2025,5,23,SUR,1,0.97,7.55,12.75,26.0,13.5,otra
2025-05-23 07:00:00,2025,5,23,SUROESTE2,1,0.9550000000000001,13.65,4.5,51.0,16.0,otra
2025-05-23 08:00:00,2025,5,23,CENTRO,0,1.14,14.1,6.0,52.0,31.79,otra
2025-05-23 08:00:00,2025,5,23,NORESTE3,0,0.40633333333333327,12.05,12.633333333333333,33.94,18.82,otra
2025-05-23 08:00:00,2025,5,23,NOROESTE3,0,1.7366666666666664,6.3,10.333333333333334,43.5,29.83,otra
2025-05-23 08:00:00,2025,5,23,NORTE2,1,0.67,11.2,8.5,43.915,17.509999999999998,otra
2025-05-23 08:00:00,2025,5,23,SUR,1,1.02,8.1,14.25,30.0,18.753333333333334,otra
2025-05-23 08:00:00,2025,5,23,SUROESTE2,1,1.06,13.35,6.0,53.5,21.0,otra
2025-05-24 07:00:00,2025,5,24,CENTRO,0,0.98,12.0,5.0,46.0,25.8,otra
2025-05-24 07:00:00,2025,5,24,NORESTE3,0,0.3333333333333333,9.65,10.299999999999999,38.410000000000004,16.55,otra
2025-05-24 07:00:00,2025,5,24,NOROESTE3,0,1.75,5.3,7.0,34.333333333333336,,otra
2025-05-24 07:00:00,2025,5,24,NORTE2,0,0.44499999999999995,9.55,8.0,30.05,18.65,otra
2025-05-24 07:00:00,2025,5,24,SUR,0,0.9325,5.875,11.75,23.75,12.1,otra
2025-05-24 07:00:00,2025,5,24,SUROESTE2,0,0.85,12.25,6.0,55.0,19.0,otra
2025-05-24 08:00:00,2025,5,24,CENTRO,0,1.09,13.5,6.0,34.0,27.58,otra
2025-05-24 08:00:00,2025,5,24,NORESTE3,0,0.3806666666666667,10.95,11.233333333333334,41.37,18.75,otra
2025-05-24 08:00:00,2025,5,24,NOROESTE3,0,1.7733333333333334,5.0,10.333333333333334,37.333333333333336,,otra
2025-05-24 08:00:00,2025,5,24,NORTE2,0,0.555,10.05,9.5,28.405,15.12,otra
2025-05-24 08:00:00,2025,5,24,SUR,0,0.9825,6.375,13.25,35.5,13.706666666666669,otra
2025-05-24 08:00:00,2025,5,24,SUROESTE2,0,0.9099999999999999,11.5,9.5,22.5,19.0,otra
2025-05-25 07:00:00,2025,5,25,CENTRO,0,1.0,11.9,5.0,30.0,18.68,otra
2025-05-25 07:00:00,2025,5,25,NORESTE3,0,0.34400000000000003,7.9,12.4,23.16333333333333,8.7,otra
2025-05-25 07:00:00,2025,5,25,NOROESTE3,0,1.71,4.1,9.333333333333334,27.666666666666668,,otra
2025-05-25 07:00:00,2025,5,25,NORTE2,0,0.51,7.300000000000001,9.5,21.67,7.5,otra
2025-05-25 07:00:00,2025,5,25,SUR,0,1.02,4.275,13.75,18.875,10.18,otra
2025-05-25 07:00:00,2025,5,25,SUROESTE2,0,0.87,9.3,5.5,42.0,7.0,otra
2025-05-25 08:00:00,2025,5,25,CENTRO,0,1.04,12.2,8.0,40.0,19.46,otra
2025-05-25 08:00:00,2025,5,25,NORESTE3,0,0.3646666666666667,7.0,15.366666666666667,23.496666666666666,11.1,otra
2025-05-25 08:00:00,2025,5,25,NOROESTE3,0,1.6933333333333334,4.7,10.333333333333334,25.0,,otra
2025-05-25 08:00:00,2025,5,25,NORTE2,0,0.475,6.65,11.5,27.935000000000002,6.945,otra
2025-05-25 08:00:00,2025,5,25,SUR,0,1.0566666666666666,5.825,15.5,19.87,12.516666666666666,otra
2025-05-25 08:00:00,2025,5,25,SUROESTE2,0,0.885,8.399999999999999,10.0,29.0,15.0,otra
2025-05-26 07:00:00,2025,5,26,CENTRO,0,1.16,19.1,11.0,60.0,37.04,otra
2025-05-26 07:00:00,2025,5,26,NORESTE3,0,0.48100000000000004,14.65,14.633333333333333,38.026666666666664,24.86,otra
2025-05-26 07:00:00,2025,5,26,NOROESTE3,0,1.7266666666666666,8.8,31.0,37.333333333333336,,otra
2025-05-26 07:00:00,2025,5,26,NORTE2,1,0.665,17.05,14.5,50.480000000000004,17.05,otra
2025-05-26 07:00:00,2025,5,26,SUR,1,1.2166666666666666,13.325,16.5,47.3125,26.996666666666666,otra
2025-05-26 07:00:00,2025,5,26,SUROESTE2,0,0.9750000000000001,17.1,23.5,28.0,,otra
2025-05-26 08:00:00,2025,5,26,CENTRO,0,1.26,27.2,7.0,44.0,41.86,otra
2025-05-26 08:00:00,2025,5,26,NORESTE3,0,0.5563333333333333,14.600000000000001,16.533333333333335,44.550000000000004,25.12,otra
2025-05-26 08:00:00,2025,5,26,NOROESTE3,0,1.8933333333333333,11.0,16.333333333333332,41.0,,otra
2025-05-26 08:00:00,2025,5,26,NORTE2,1,0.71,16.7,15.5,50.3,24.5,otra
2025-05-26 08:00:00,2025,5,26,SUR,1,1.3399999999999999,14.375,18.5,51.39,31.685,otra
2025-05-26 08:00:00,2025,5,26,SUROESTE2,0,1.135,21.65,8.0,36.0,,otra
2025-05-27 07:00:00,2025,5,27,CENTRO,0,1.05,8.4,16.0,44.0,29.8,otra
2025-05-27 07:00:00,2025,5,27,NORESTE3,0,0.37366666666666665,10.2,15.733333333333334,40.58,20.17,otra
2025-05-27 07:00:00,2025,5,27,NOROESTE3,0,1.63,3.1,13.0,36.666666666666664,,otra
2025-05-27 07:00:00,2025,5,27,NORTE2,1,0.55,10.4,12.0,36.61,12.93,otra
2025-05-27 07:00:00,2025,5,27,SUR,1,1.1566666666666667,10.125,14.0,39.5,25.153333333333336,otra
2025-05-27 07:00:00,2025,5,27,SUROESTE2,0,0.925,11.3,15.5,63.0,33.5,otra
2025-05-27 08:00:00,2025,5,27,CENTRO,0,1.23,10.2,17.0,40.0,29.93,otra
2025-05-27 08:00:00,2025,5,27,NORESTE3,0,0.4423333333333333,10.100000000000001,16.900000000000002,33.54333333333333,21.98,otra
2025-05-27 08:00:00,2025,5,27,NOROESTE3,0,1.6533333333333333,3.3,17.0,40.666666666666664,,otra
2025-05-27 08:00:00,2025,5,27,NORTE2,1,0.685,11.6,13.5,43.23,17.83,otra
2025-05-27 08:00:00,2025,5,27,SUR,1,1.1633333333333333,10.95,15.5,42.0,26.453333333333333,otra
2025-05-27 08:00:00,2025,5,27,SUROESTE2,0,0.97,10.149999999999999,14.0,43.5,21.0,otra
2025-05-28 07:00:00,2025,5,28,CENTRO,0,1.1,8.9,17.0,50.0,36.55,otra
2025-05-28 07:00:00,2025,5,28,NORESTE3,0,0.48466666666666663,13.600000000000001,18.5,35.99666666666667,25.93,otra
2025-05-28 07:00:00,2025,5,28,NOROESTE3,0,1.6666666666666667,3.4,21.333333333333332,34.0,,otra
2025-05-28 07:00:00,2025,5,28,NORTE2,1,0.5800000000000001,11.6,15.5,35.1,27.605,otra
2025-05-28 07:00:00,2025,5,28,SUR,1,1.1199999999999999,6.425,18.0,34.5,24.093333333333334,otra
2025-05-28 07:00:00,2025,5,28,SUROESTE2,0,0.9,13.9,12.0,48.5,26.0,otra
2025-05-28 08:00:00,2025,5,28,CENTRO,0,1.2,10.9,17.0,46.0,38.35,otra
2025-05-28 08:00:00,2025,5,28,NORESTE3,0,0.5053333333333333,10.95,20.8,53.25,29.26,otra
2025-05-28 08:00:00,2025,5,28,NOROESTE3,0,1.6900000000000002,4.7,22.666666666666668,39.0,,otra
2025-05-28 08:00:00,2025,5,28,NORTE2,1,0.645,12.65,16.0,39.62,20.895,otra
2025-05-28 08:00:00,2025,5,28,SUR,1,1.16,6.525,21.0,40.0,28.436666666666667,otra
2025-05-28 08:00:00,2025,5,28,SUROESTE2,0,1.0150000000000001,15.700000000000001,12.5,57.0,26.5,otra
2025-05-29 07:00:00,2025,5,29,CENTRO,0,1.07,14.6,21.0,31.0,19.97,otra
2025-05-29 07:00:00,2025,5,29,NORESTE3,0,0.401,13.600000000000001,16.966666666666665,23.616666666666664,11.27,otra
2025-05-29 07:00:00,2025,5,29,NOROESTE3,0,1.7433333333333334,8.9,14.0,32.0,23.49,otra
2025-05-29 07:00:00,2025,5,29,NORTE2,1,0.565,17.25,16.5,30.945,10.37,otra
2025-05-29 07:00:00,2025,5,29,SUR,1,1.1633333333333333,12.775,15.5,31.0,14.746666666666664,otra
2025-05-29 07:00:00,2025,5,29,SUROESTE2,0,0.845,16.2,13.0,45.0,14.5,otra
2025-05-29 08:00:00,2025,5,29,CENTRO,0,1.17,20.3,18.0,34.0,27.57,otra
2025-05-29 08:00:00,2025,5,29,NORESTE3,0,0.49700000000000005,14.3,19.566666666666666,28.17,13.18,otra
2025-05-29 08:00:00,2025,5,29,NOROESTE3,0,1.7733333333333334,8.6,21.0,28.333333333333332,24.51,otra
2025-05-29 08:00:00,2025,5,29,NORTE2,1,0.7350000000000001,17.95,18.0,36.835,13.53,otra
2025-05-29 08:00:00,2025,5,29,SUR,1,1.2233333333333334,13.175,21.5,43.666666666666664,16.59,otra
2025-05-29 08:00:00,2025,5,29,SUROESTE2,0,0.9400000000000001,15.450000000000001,16.0,32.0,15.0,otra
2025-05-30 07:00:00,2025,5,30,CENTRO,0,1.18,13.8,7.0,47.0,30.61,otra
2025-05-30 07:00:00,2025,5,30,NORESTE3,0,0.3423333333333333,10.75,12.666666666666666,31.376666666666665,15.46,otra
2025-05-30 07:00:00,2025,5,30,NOROESTE3,0,1.6533333333333333,7.1,8.0,33.666666666666664,31.29,otra
2025-05-30 07:00:00,2025,5,30,NORTE2,1,0.63,11.8,8.0,39.0,21.265,otra
2025-05-30 07:00:00,2025,5,30,SUR,1,1.11,8.025,10.75,31.33,17.05666666666667,otra
2025-05-30 07:00:00,2025,5,30,SUROESTE2,0,1.02,12.35,5.5,48.5,21.5,otra
2025-05-30 08:00:00,2025,5,30,CENTRO,0,1.22,14.5,6.0,44.0,31.04,otra
2025-05-30 08:00:00,2025,5,30,NORESTE3,0,0.41,10.7,13.633333333333333,35.27,16.04,otra
2025-05-30 08:00:00,2025,5,30,NOROESTE3,0,1.6433333333333333,5.1,11.333333333333334,36.666666666666664,28.89,otra
2025-05-30 08:00:00,2025,5,30,NORTE2,1,0.645,9.9,9.5,43.555,18.555,otra
2025-05-30 08:00:00,2025,5,30,SUR,1,1.1166666666666667,7.5,13.25,28.195,16.650000000000002,otra
2025-05-30 08:00:00,2025,5,30,SUROESTE2,0,1.08,13.0,6.0,39.0,21.0,otra
2025-05-31 07:00:00,2025,5,31,CENTRO,0,1.46,20.1,5.0,28.0,16.48,otra
2025-05-31 07:00:00,2025,5,31,NORESTE3,0,0.6083333333333334,19.549999999999997,8.7,34.873333333333335,14.26,otra
2025-05-31 07:00:00,2025,5,31,NOROESTE3,0,1.9533333333333331,10.4,3.6666666666666665,39.333333333333336,23.02,otra
2025-05-31 07:00:00,2025,5,31,NORTE2,0,0.88,21.7,4.5,55.614999999999995,15.425,otra
2025-05-31 07:00:00,2025,5,31,SUR,0,1.4800000000000002,14.65,6.25,37.75,19.116666666666667,otra
2025-05-31 07:00:00,2025,5,31,SUROESTE2,0,0.99,18.049999999999997,5.5,32.0,10.0,otra
2025-05-31 08:00:00,2025,5,31,CENTRO,0,1.31,17.8,8.0,39.0,14.66,otra
2025-05-31 08:00:00,2025,5,31,NORESTE3,0,0.5253333333333333,18.75,10.45,32.61666666666667,13.03,otra
2025-05-31 08:00:00,2025,5,31,NOROESTE3,0,1.96,11.0,6.333333333333333,44.666666666666664,25.45,otra
2025-05-31 08:00:00,2025,5,31,NORTE2,0,0.745,19.5,8.5,39.065,9.055,otra
2025-05-31 08:00:00,2025,5,31,SUR,0,1.5233333333333334,16.475,7.25,39.5,19.82,otra
2025-05-31 08:00:00,2025,5,31,SUROESTE2,0,1.2,18.3,7.5,29.0,14.0,otra
2025-06-01 07:00:00,2025,6,1,CENTRO,0,1.31,16.5,6.0,40.0,21.94,otra
2025-06-01 07:00:00,2025,6,1,NORESTE3,0,,,9.6,24.813333333333333,9.76,otra
2025-06-01 07:00:00,2025,6,1,NOROESTE3,0,1.9833333333333334,9.3,4.666666666666667,54.333333333333336,31.37,otra
2025-06-01 07:00:00,2025,6,1,NORTE2,0,0.65,17.0,6.5,49.0,17.15,otra
2025-06-01 07:00:00,2025,6,1,SUR,0,1.2333333333333332,10.975,9.5,38.25,14.075,otra
2025-06-01 07:00:00,2025,6,1,SUROESTE2,0,0.935,12.6,8.5,34.0,14.0,otra
2025-06-01 08:00:00,2025,6,1,CENTRO,0,1.39,18.1,11.0,45.0,20.9,otra
2025-06-01 08:00:00,2025,6,1,NORESTE3,0,,,11.7,28.21666666666667,11.81,otra
2025-06-01 08:00:00,2025,6,1,NOROESTE3,0,1.9766666666666666,10.0,9.0,53.666666666666664,29.11,otra
2025-06-01 08:00:00,2025,6,1,NORTE2,0,0.6599999999999999,14.25,13.0,52.0,14.2,otra
2025-06-01 08:00:00,2025,6,1,SUR,0,1.27,10.600000000000001,13.5,38.25,16.476666666666667,otra
2025-06-01 08:00:00,2025,6,1,SUROESTE2,0,0.89,9.75,16.0,39.0,17.5,otra
2025-06-02 07:00:00,2025,6,2,CENTRO,0,1.34,13.0,5.0,64.0,39.82,otra
2025-06-02 07:00:00,2025,6,2,NORESTE3,0,,,9.55,43.550000000000004,11.81,otra
2025-06-02 07:00:00,2025,6,2,NOROESTE3,0,1.8,6.2,4.666666666666667,69.33333333333333,,otra
2025-06-02 07:00:00,2025,6,2,NORTE2,1,0.575,10.850000000000001,5.0,54.46,25.9,otra
2025-06-02 07:00:00,2025,6,2,SUR,1,1.21,8.625,7.75,61.75,27.47666666666667,otra
2025-06-02 07:00:00,2025,6,2,SUROESTE2,0,0.9750000000000001,11.7,5.5,42.0,17.0,otra
2025-06-02 08:00:00,2025,6,2,CENTRO,0,1.43,13.3,,75.0,47.8,otra
2025-06-02 08:00:00,2025,6,2,NORESTE3,0,,,13.0,52.129999999999995,12.68,otra
2025-06-02 08:00:00,2025,6,2,NOROESTE3,0,1.7466666666666668,5.7,7.333333333333333,73.0,,otra
2025-06-02 08:00:00,2025,6,2,NORTE2,1,0.765,10.5,8.5,58.535,26.8,otra
2025-06-02 08:00:00,2025,6,2,SUR,1,1.29,9.725,10.75,73.5,29.790000000000003,otra
2025-06-02 08:00:00,2025,6,2,SUROESTE2,0,1.105,11.85,8.0,53.0,24.5,otra
2025-06-03 07:00:00,2025,6,3,CENTRO,0,1.12,,6.0,55.0,37.47,otra
2025-06-03 07:00:00,2025,6,3,NORESTE3,0,,,13.0,40.47666666666667,23.07,otra
2025-06-03 07:00:00,2025,6,3,NOROESTE3,0,1.695,4.8,7.5,46.0,36.78,otra
2025-06-03 07:00:00,2025,6,3,NORTE2,1,0.51,8.55,7.0,53.905,23.45,otra
2025-06-03 07:00:00,2025,6,3,SUR,1,1.16,5.625,12.25,24.5,24.740000000000002,otra
2025-06-03 07:00:00,2025,6,3,SUROESTE2,0,0.915,11.350000000000001,3.0,55.5,23.0,otra
2025-06-03 08:00:00,2025,6,3,CENTRO,0,1.27,11.4,7.0,42.0,37.62,otra
2025-06-03 08:00:00,2025,6,3,NORESTE3,0,,,13.2,40.06333333333333,24.2,otra
2025-06-03 08:00:00,2025,6,3,NOROESTE3,0,1.74,5.5,7.5,52.0,38.07,otra
2025-06-03 08:00:00,2025,6,3,NORTE2,1,0.6,8.8,10.0,51.465,13.935,otra
2025-06-03 08:00:00,2025,6,3,SUR,1,1.2,5.525,13.0,32.0,28.33,otra
2025-06-03 08:00:00,2025,6,3,SUROESTE2,0,1.025,11.35,4.0,59.0,30.5,otra
2025-06-04 07:00:00,2025,6,4,CENTRO,0,1.19,,11.0,35.0,31.5,otra
2025-06-04 07:00:00,2025,6,4,NORESTE3,0,,,15.4,37.32666666666666,24.29,otra
2025-06-04 07:00:00,2025,6,4,NOROESTE3,0,1.69,3.8,15.5,35.5,,otra
2025-06-04 07:00:00,2025,6,4,NORTE2,1,0.575,10.9,12.5,43.91,30.95,otra
2025-06-04 07:00:00,2025,6,4,SUR,1,1.2266666666666668,6.325,15.75,27.75,18.94666666666667,otra
2025-06-04 07:00:00,2025,6,4,SUROESTE2,0,0.9400000000000001,14.75,9.0,63.0,27.0,otra
2025-06-04 08:00:00,2025,6,4,CENTRO,0,1.3,18.8,6.0,50.0,37.52,otra
2025-06-04 08:00:00,2025,6,4,NORESTE3,0,,,14.9,39.903333333333336,24.22,otra
2025-06-04 08:00:00,2025,6,4,NOROESTE3,0,1.61,3.9,16.0,38.5,36.71,otra
2025-06-04 08:00:00,2025,6,4,NORTE2,1,0.65,11.55,9.0,44.83,23.25,otra
2025-06-04 08:00:00,2025,6,4,SUR,1,1.2333333333333334,6.45,15.5,35.75,17.58,otra
2025-06-04 08:00:00,2025,6,4,SUROESTE2,0,0.93,11.65,16.0,56.5,32.0,otra
2025-06-05 07:00:00,2025,6,5,CENTRO,0,1.14,10.6,8.0,25.0,17.65,otra
2025-06-05 07:00:00,2025,6,5,NORESTE3,0,,,14.35,26.323333333333334,11.88,otra
2025-06-05 07:00:00,2025,6,5,NOROESTE3,0,1.44,3.6,11.0,26.5,22.92,otra
2025-06-05 07:00:00,2025,6,5,NORTE2,1,0.485,10.95,11.5,34.415,14.809999999999999,otra
2025-06-05 07:00:00,2025,6,5,SUR,1,1.07,5.2,15.333333333333334,24.0,10.965,otra
2025-06-05 07:00:00,2025,6,5,SUROESTE2,0,0.855,10.0,9.0,28.5,10.0,otra
2025-06-05 08:00:00,2025,6,5,CENTRO,0,1.24,13.6,7.0,32.0,23.17,otra
2025-06-05 08:00:00,2025,6,5,NORESTE3,0,,,14.65,35.053333333333335,15.7,otra
2025-06-05 08:00:00,2025,6,5,NOROESTE3,0,1.525,4.6,13.0,37.5,24.73,otra
2025-06-05 08:00:00,2025,6,5,NORTE2,1,0.62,9.95,11.5,36.519999999999996,10.245000000000001,otra
2025-06-05 08:00:00,2025,6,5,SUR,1,1.1433333333333333,7.8,13.333333333333334,26.333333333333332,13.925,otra
2025-06-05 08:00:00,2025,6,5,SUROESTE2,0,0.9949999999999999,10.4,10.5,43.5,14.0,otra
2025-06-06 07:00:00,2025,6,6,CENTRO,0,1.17,12.2,7.0,34.0,17.45,otra
2025-06-06 07:00:00,2025,6,6,NORESTE3,0,,,13.95,31.540000000000003,14.12,otra
2025-06-06 07:00:00,2025,6,6,NOROESTE3,0,1.6866666666666668,4.6,9.666666666666666,25.333333333333332,,otra
2025-06-06 07:00:00,2025,6,6,NORTE2,1,0.51,10.75,8.5,31.564999999999998,10.440000000000001,otra
2025-06-06 07:00:00,2025,6,6,SUR,1,1.07,3.95,14.75,25.75,10.453333333333333,otra
2025-06-06 07:00:00,2025,6,6,SUROESTE2,0,0.88,11.9,5.0,33.5,11.0,otra
2025-06-06 08:00:00,2025,6,6,CENTRO,0,1.24,13.9,6.0,30.0,19.96,otra
2025-06-06 08:00:00,2025,6,6,NORESTE3,0,,,14.7,32.766666666666666,15.36,otra
2025-06-06 08:00:00,2025,6,6,NOROESTE3,0,1.7533333333333332,5.8,11.0,31.0,22.16,otra
2025-06-06 08:00:00,2025,6,6,NORTE2,1,0.535,10.850000000000001,9.5,41.055,11.42,otra
2025-06-06 08:00:00,2025,6,6,SUR,1,1.1033333333333333,5.199999999999999,14.5,28.75,10.483333333333333,otra
2025-06-06 08:00:00,2025,6,6,SUROESTE2,0,1.055,12.2,6.5,48.5,13.0,otra
2025-06-07 07:00:00,2025,6,7,CENTRO,0,1.15,15.4,8.0,29.0,22.21,otra
2025-06-07 07:00:00,2025,6,7,NORESTE3,0,,,16.4,40.47,14.38,otra
2025-06-07 07:00:00,2025,6,7,NOROESTE3,0,1.623333333333333,5.4,10.666666666666666,34.666666666666664,17.72,otra
2025-06-07 07:00:00,2025,6,7,NORTE2,0,0.47,11.899999999999999,11.0,39.945,15.39,otra
2025-06-07 07:00:00,2025,6,7,SUR,0,1.09,5.875,18.0,33.5,13.5275,otra
2025-06-07 07:00:00,2025,6,7,SUROESTE2,0,0.85,10.85,8.5,35.5,10.5,otra
2025-06-07 08:00:00,2025,6,7,CENTRO,0,1.23,16.0,10.0,47.0,24.35,otra
2025-06-07 08:00:00,2025,6,7,NORESTE3,0,,,18.2,41.13,14.74,otra
2025-06-07 08:00:00,2025,6,7,NOROESTE3,0,1.71,6.2,13.666666666666666,39.333333333333336,19.65,otra
2025-06-07 08:00:00,2025,6,7,NORTE2,0,0.45499999999999996,10.95,14.0,45.85,8.27,otra
2025-06-07 08:00:00,2025,6,7,SUR,0,1.0999999999999999,6.075,19.25,36.75,16.509999999999998,otra
2025-06-07 08:00:00,2025,6,7,SUROESTE2,0,0.9650000000000001,10.7,11.0,42.0,11.5,otra
2025-06-08 07:00:00,2025,6,8,CENTRO,0,1.2,15.4,8.0,39.0,19.04,otra
2025-06-08 07:00:00,2025,6,8,NORESTE3,0,,,19.75,19.99,9.52,otra
2025-06-08 07:00:00,2025,6,8,NOROESTE3,0,1.6233333333333333,7.7,9.666666666666666,27.666666666666668,16.91,otra
2025-06-08 07:00:00,2025,6,8,NORTE2,0,0.34500000000000003,12.700000000000001,9.0,30.0,,otra
2025-06-08 07:00:00,2025,6,8,SUR,0,1.0999999999999999,5.7,17.25,25.5,2.0,otra
2025-06-08 07:00:00,2025,6,8,SUROESTE2,0,0.93,13.2,6.0,38.0,8.0,otra
2025-06-08 08:00:00,2025,6,8,CENTRO,0,1.19,15.9,12.0,41.0,19.02,otra
2025-06-08 08:00:00,2025,6,8,NORESTE3,0,,,23.1,21.939999999999998,8.8,otra
2025-06-08 08:00:00,2025,6,8,NOROESTE3,0,1.5733333333333335,6.1,15.0,31.0,15.15,otra
2025-06-08 08:00:00,2025,6,8,NORTE2,0,0.40499999999999997,10.350000000000001,16.5,27.5,,otra
2025-06-08 08:00:00,2025,6,8,SUR,0,1.1733333333333333,6.199999999999999,21.75,29.75,8.735,otra
2025-06-08 08:00:00,2025,6,8,SUROESTE2,0,0.97,12.45,11.0,43.5,10.5,otra
2025-06-09 07:00:00,2025,6,9,CENTRO,0,0.67,15.4,8.0,34.0,17.0,otra
2025-06-09 07:00:00,2025,6,9,NORESTE3,0,,,13.75,30.25666666666667,14.63,otra
2025-06-09 07:00:00,2025,6,9,NOROESTE3,0,1.5966666666666665,7.1,8.666666666666666,31.0,,otra
2025-06-09 07:00:00,2025,6,9,NORTE2,1,0.45,10.7,9.5,38.5,8.5,otra
2025-06-09 07:00:00,2025,6,9,SUR,1,1.1266666666666667,8.875,13.0,26.5,9.4375,otra
2025-06-09 07:00:00,2025,6,9,SUROESTE2,0,0.965,11.399999999999999,6.0,31.0,8.5,otra
2025-06-09 08:00:00,2025,6,9,CENTRO,0,0.79,16.3,9.0,37.0,18.0,otra
2025-06-09 08:00:00,2025,6,9,NORESTE3,0,,,17.95,33.81666666666667,15.26,otra
2025-06-09 08:00:00,2025,6,9,NOROESTE3,0,1.6666666666666667,6.8,10.333333333333334,34.333333333333336,,otra
2025-06-09 08:00:00,2025,6,9,NORTE2,1,0.5800000000000001,11.45,13.0,34.5,10.0,otra
2025-06-09 08:00:00,2025,6,9,SUR,1,1.21,8.25,15.75,36.0,9.817499999999999,otra
2025-06-09 08:00:00,2025,6,9,SUROESTE2,0,1.085,12.6,9.0,40.0,13.5,otra
2025-06-10 07:00:00,2025,6,10,CENTRO,0,1.67,8.2,10.0,41.0,29.27,otra
2025-06-10 07:00:00,2025,6,10,NORESTE3,0,,,16.4,39.13333333333333,24.1,otra
2025-06-10 07:00:00,2025,6,10,NOROESTE3,0,1.83,3.8,9.333333333333334,37.0,30.77,otra
2025-06-10 07:00:00,2025,6,10,NORTE2,1,0.475,10.3,11.5,39.364999999999995,20.05,otra
2025-06-10 07:00:00,2025,6,10,SUR,1,1.1166666666666667,4.325,17.75,34.5,18.305,otra
2025-06-10 07:00:00,2025,6,10,SUROESTE2,0,0.91,10.600000000000001,6.0,32.0,18.5,otra
2025-06-10 08:00:00,2025,6,10,CENTRO,0,1.8,9.9,11.0,46.0,30.4,otra
2025-06-10 08:00:00,2025,6,10,NORESTE3,0,,,19.6,43.39333333333334,25.68,otra
2025-06-10 08:00:00,2025,6,10,NOROESTE3,0,1.7566666666666668,4.8,10.333333333333334,40.0,31.6,otra
2025-06-10 08:00:00,2025,6,10,NORTE2,1,0.54,10.6,26.0,42.0,21.0,otra
2025-06-10 08:00:00,2025,6,10,SUR,1,1.1633333333333333,5.4750000000000005,18.25,35.0,20.69,otra
2025-06-10 08:00:00,2025,6,10,SUROESTE2,0,1.1,12.350000000000001,6.5,37.0,26.0,otra
2025-06-11 07:00:00,2025,6,11,CENTRO,0,1.73,11.0,27.0,18.0,7.06,otra
2025-06-11 07:00:00,2025,6,11,NORESTE3,0,,,24.95,11.343333333333334,4.9,otra
2025-06-11 07:00:00,2025,6,11,NOROESTE3,0,1.365,4.7,25.5,10.0,4.78,otra
2025-06-11 07:00:00,2025,6,11,NORTE2,1,0.65,8.2,27.0,26.19,4.21,otra
2025-06-11 07:00:00,2025,6,11,SUR,1,1.13,10.950000000000001,24.5,11.0,4.74,otra
2025-06-11 07:00:00,2025,6,11,SUROESTE2,0,0.8999999999999999,13.1,18.0,19.0,,otra
2025-06-11 08:00:00,2025,6,11,CENTRO,0,2.0,21.9,15.0,17.0,8.45,otra
2025-06-11 08:00:00,2025,6,11,NORESTE3,0,,,18.85,12.54,6.25,otra
2025-06-11 08:00:00,2025,6,11,NOROESTE3,0,1.43,5.3,20.0,11.5,8.62,otra
2025-06-11 08:00:00,2025,6,11,NORTE2,1,0.69,21.9,15.0,22.95,7.12,otra
2025-06-11 08:00:00,2025,6,11,SUR,1,1.2633333333333334,16.025,18.25,11.25,5.78,otra
2025-06-11 08:00:00,2025,6,11,SUROESTE2,0,1.085,17.75,15.5,19.5,7.0,otra
2025-06-12 07:00:00,2025,6,12,CENTRO,0,1.69,16.0,8.0,26.0,15.29,otra
2025-06-12 07:00:00,2025,6,12,NORESTE3,0,,,6.0,46.285,14.49,otra
2025-06-12 07:00:00,2025,6,12,NOROESTE3,0,2.0333333333333337,6.8,4.0,49.333333333333336,29.12,otra
2025-06-12 07:00:00,2025,6,12,NORTE2,1,0.515,14.350000000000001,7.5,43.97,8.41,otra
2025-06-12 07:00:00,2025,6,12,SUR,1,1.3266666666666669,9.375,10.25,21.25,11.893333333333333,otra
2025-06-12 07:00:00,2025,6,12,SUROESTE2,0,1.085,13.15,6.5,49.0,16.5,otra
2025-06-12 08:00:00,2025,6,12,CENTRO,0,1.8,15.0,14.0,25.0,20.57,otra
2025-06-12 08:00:00,2025,6,12,NORESTE3,0,,,6.0,57.575,16.77,otra
2025-06-12 08:00:00,2025,6,12,NOROESTE3,0,1.8066666666666666,6.9,10.333333333333334,85.33333333333333,28.41,otra
2025-06-12 08:00:00,2025,6,12,NORTE2,1,0.735,15.65,12.5,52.775,14.129999999999999,otra
2025-06-12 08:00:00,2025,6,12,SUR,1,1.28,9.15,14.25,23.25,12.046666666666667,otra
2025-06-12 08:00:00,2025,6,12,SUROESTE2,0,1.04,14.45,14.0,55.5,13.5,otra
2025-06-13 07:00:00,2025,6,13,CENTRO,0,1.74,24.0,8.0,41.0,20.29,otra
2025-06-13 07:00:00,2025,6,13,NORESTE3,0,,,11.05,30.66333333333333,11.32,otra
2025-06-13 07:00:00,2025,6,13,NOROESTE3,0,1.6033333333333333,8.6,11.666666666666666,37.333333333333336,25.27,otra
2025-06-13 07:00:00,2025,6,13,NORTE2,1,0.53,16.25,14.0,45.035,10.965,otra
2025-06-13 07:00:00,2025,6,13,SUR,1,1.2133333333333334,12.875,15.5,31.75,10.4575,otra
2025-06-13 07:00:00,2025,6,13,SUROESTE2,0,1.25,20.35,4.5,40.0,11.5,otra
2025-06-13 08:00:00,2025,6,13,CENTRO,0,1.81,24.6,11.0,41.0,22.83,otra
2025-06-13 08:00:00,2025,6,13,NORESTE3,0,,,14.4,34.416666666666664,12.42,otra
2025-06-13 08:00:00,2025,6,13,NOROESTE3,0,1.68,9.9,14.0,41.333333333333336,18.24,otra
2025-06-13 08:00:00,2025,6,13,NORTE2,1,0.6,16.55,15.0,42.25,9.645,otra
2025-06-13 08:00:00,2025,6,13,SUR,1,1.2933333333333332,14.575,16.25,30.75,12.2075,otra
2025-06-13 08:00:00,2025,6,13,SUROESTE2,0,1.315,20.1,10.5,45.0,12.5,otra
2025-06-14 07:00:00,2025,6,14,CENTRO,0,1.5,9.5,19.0,33.0,,otra
2025-06-14 07:00:00,2025,6,14,NORESTE3,0,,,15.0,47.92666666666667,25.65,otra
2025-06-14 07:00:00,2025,6,14,NOROESTE3,0,1.656666666666667,3.5,16.666666666666668,35.0,,otra
2025-06-14 07:00:00,2025,6,14,NORTE2,0,0.45499999999999996,10.3,16.5,51.5,26.0,otra
2025-06-14 07:00:00,2025,6,14,SUR,0,1.1433333333333333,4.725,22.75,35.75,24.7,otra
2025-06-14 07:00:00,2025,6,14,SUROESTE2,0,0.9099999999999999,10.399999999999999,18.0,47.0,25.0,otra
2025-06-14 08:00:00,2025,6,14,CENTRO,0,1.55,11.1,19.0,38.0,37.49,otra
2025-06-14 08:00:00,2025,6,14,NORESTE3,0,,,17.55,48.15,24.77,otra
2025-06-14 08:00:00,2025,6,14,NOROESTE3,0,1.72,4.3,15.333333333333334,43.666666666666664,,otra
2025-06-14 08:00:00,2025,6,14,NORTE2,0,0.48,10.5,18.5,53.175,18.965,otra
2025-06-14 08:00:00,2025,6,14,SUR,0,1.19,5.65,22.5,39.5,24.427500000000002,otra
2025-06-14 08:00:00,2025,6,14,SUROESTE2,0,0.945,10.35,20.5,46.0,22.5,otra
2025-06-15 07:00:00,2025,6,15,CENTRO,0,1.43,6.5,15.0,38.0,25.55,otra
2025-06-15 07:00:00,2025,6,15,NORESTE3,0,,,25.4,34.235,19.6,otra
2025-06-15 07:00:00,2025,6,15,NOROESTE3,0,1.6066666666666667,2.8,14.333333333333334,30.0,27.69,otra
2025-06-15 07:00:00,2025,6,15,NORTE2,0,0.365,8.35,15.0,36.5,19.5,otra
2025-06-15 07:00:00,2025,6,15,SUR,0,1.2033333333333334,3.45,19.0,29.25,18.933333333333334,otra
2025-06-15 07:00:00,2025,6,15,SUROESTE2,0,0.845,5.65,16.0,36.0,15.0,otra
2025-06-15 08:00:00,2025,6,15,CENTRO,0,1.44,5.9,17.0,28.0,26.1,otra
2025-06-15 08:00:00,2025,6,15,NORESTE3,0,,,28.3,25.94666666666667,20.24,otra
2025-06-15 08:00:00,2025,6,15,NOROESTE3,0,1.64,3.3,16.0,33.0,27.76,otra
2025-06-15 08:00:00,2025,6,15,NORTE2,0,0.41,7.4,18.0,44.0,13.0,otra
2025-06-15 08:00:00,2025,6,15,SUR,0,1.2,3.675,21.5,29.75,19.56,otra
2025-06-15 08:00:00,2025,6,15,SUROESTE2,0,0.8700000000000001,7.4,18.5,26.0,15.5,otra
2025-06-16 07:00:00,2025,6,16,CENTRO,0,1.44,15.9,11.0,32.0,17.95,otra
2025-06-16 07:00:00,2025,6,16,NORESTE3,0,,,21.3,21.906666666666666,11.22,otra
2025-06-16 07:00:00,2025,6,16,NOROESTE3,0,1.7166666666666668,7.3,10.666666666666666,22.666666666666668,15.08,otra
2025-06-16 07:00:00,2025,6,16,NORTE2,1,0.505,13.85,13.5,33.5,9.0,otra
2025-06-16 07:00:00,2025,6,16,SUR,1,1.2766666666666666,8.125,15.0,26.5,9.1575,otra
2025-06-16 07:00:00,2025,6,16,SUROESTE2,0,1.075,15.399999999999999,8.5,26.0,11.5,otra
2025-06-16 08:00:00,2025,6,16,CENTRO,0,1.64,15.4,17.0,26.0,17.82,otra
2025-06-16 08:00:00,2025,6,16,NORESTE3,0,,,29.6,23.736666666666668,13.13,otra
2025-06-16 08:00:00,2025,6,16,NOROESTE3,0,1.7166666666666668,7.7,14.666666666666666,30.0,16.68,otra
2025-06-16 08:00:00,2025,6,16,NORTE2,1,0.655,16.799999999999997,13.5,37.5,12.0,otra
2025-06-16 08:00:00,2025,6,16,SUR,1,1.34,9.675,21.0,27.0,11.65,otra
2025-06-16 08:00:00,2025,6,16,SUROESTE2,0,1.165,16.1,12.5,39.5,9.5,otra
2025-06-17 07:00:00,2025,6,17,CENTRO,0,1.32,13.6,21.0,20.0,9.46,otra
2025-06-17 07:00:00,2025,6,17,NORESTE3,0,,,30.8,18.7,5.14,otra
2025-06-17 07:00:00,2025,6,17,NOROESTE3,0,2.13,8.4,16.0,26.666666666666668,10.9,otra
2025-06-17 07:00:00,2025,6,17,NORTE2,1,0.44499999999999995,16.9,16.0,34.665,4.645,otra
2025-06-17 07:00:00,2025,6,17,SUR,1,1.2466666666666668,8.95,23.5,20.0,6.965,otra
2025-06-17 07:00:00,2025,6,17,SUROESTE2,0,0.96,18.35,10.5,23.5,3.0,otra
2025-06-17 08:00:00,2025,6,17,CENTRO,0,1.44,19.0,19.0,27.0,13.64,otra
2025-06-17 08:00:00,2025,6,17,NORESTE3,0,,,37.9,21.763333333333332,5.68,otra
2025-06-17 08:00:00,2025,6,17,NOROESTE3,0,2.1900000000000004,8.0,20.0,28.666666666666668,10.21,otra
2025-06-17 08:00:00,2025,6,17,NORTE2,1,0.47,12.85,23.5,41.5,5.0,otra
2025-06-17 08:00:00,2025,6,17,SUR,1,1.27,7.6,27.5,24.5,7.603333333333333,otra
2025-06-17 08:00:00,2025,6,17,SUROESTE2,0,1.11,17.1,13.5,31.0,8.0,otra
2025-06-18 07:00:00,2025,6,18,CENTRO,0,1.43,20.0,10.0,34.0,11.1,otra
2025-06-18 07:00:00,2025,6,18,NORESTE3,0,,,18.8,27.12,9.83,otra
2025-06-18 07:00:00,2025,6,18,NOROESTE3,0,2.1399999999999997,10.5,9.5,39.333333333333336,13.08,otra
2025-06-18 07:00:00,2025,6,18,NORTE2,1,0.35,16.299999999999997,10.0,35.0,7.35,otra
2025-06-18 07:00:00,2025,6,18,SUR,1,1.2366666666666666,11.299999999999999,15.5,22.0,6.6499999999999995,otra
2025-06-18 07:00:00,2025,6,18,SUROESTE2,0,1.09,15.850000000000001,8.5,29.0,4.5,otra
2025-06-18 08:00:00,2025,6,18,CENTRO,0,1.49,18.2,16.0,33.0,11.47,otra
2025-06-18 08:00:00,2025,6,18,NORESTE3,0,,,29.1,30.816666666666666,10.7,otra
2025-06-18 08:00:00,2025,6,18,NOROESTE3,0,2.0949999999999998,9.9,14.0,47.0,11.24,otra
2025-06-18 08:00:00,2025,6,18,NORTE2,1,0.34,14.25,15.0,38.0,11.31,otra
2025-06-18 08:00:00,2025,6,18,SUR,1,1.3166666666666667,11.5,19.5,25.5,8.21,otra
2025-06-18 08:00:00,2025,6,18,SUROESTE2,0,1.18,17.450000000000003,12.0,40.5,14.5,otra
2025-06-19 07:00:00,2025,6,19,CENTRO,0,1.37,9.8,14.0,25.0,13.09,otra
2025-06-19 07:00:00,2025,6,19,NORESTE3,0,,,22.2,35.935,11.97,otra
2025-06-19 07:00:00,2025,6,19,NOROESTE3,0,1.9849999999999999,3.6,12.5,26.333333333333332,18.3,otra
2025-06-19 07:00:00,2025,6,19,NORTE2,1,0.34500000000000003,10.75,11.0,29.0,9.0,otra
2025-06-19 07:00:00,2025,6,19,SUR,1,1.1866666666666665,4.075,16.75,30.5,10.3675,otra
2025-06-19 07:00:00,2025,6,19,SUROESTE2,0,0.925,10.8,10.0,24.5,10.0,otra
2025-06-19 08:00:00,2025,6,19,CENTRO,0,1.4,10.7,15.0,30.0,15.06,otra
2025-06-19 08:00:00,2025,6,19,NORESTE3,0,,,25.3,26.74333333333333,11.99,otra
2025-06-19 08:00:00,2025,6,19,NOROESTE3,0,2.0949999999999998,4.1,13.5,27.333333333333332,18.6,otra
2025-06-19 08:00:00,2025,6,19,NORTE2,1,0.35,8.25,16.5,33.5,2.0,otra
2025-06-19 08:00:00,2025,6,19,SUR,1,1.1933333333333334,3.7,19.5,29.25,10.585,otra
2025-06-19 08:00:00,2025,6,19,SUROESTE2,0,1.0050000000000001,9.600000000000001,14.0,36.5,13.5,otra
2025-06-20 07:00:00,2025,6,20,CENTRO,0,1.29,6.1,19.0,18.0,5.29,otra
2025-06-20 07:00:00,2025,6,20,NORESTE3,0,,,20.7,19.68,8.74,otra
2025-06-20 07:00:00,2025,6,20,NOROESTE3,0,2.1550000000000002,3.4,14.5,16.666666666666668,10.95,otra
2025-06-20 07:00:00,2025,6,20,NORTE2,1,0.5900000000000001,10.149999999999999,11.5,22.5,5.5,otra
2025-06-20 07:00:00,2025,6,20,SUR,1,1.2166666666666666,5.1,15.5,17.0,4.425,otra
2025-06-20 07:00:00,2025,6,20,SUROESTE2,0,0.75,9.35,12.5,18.0,5.0,otra
2025-06-20 08:00:00,2025,6,20,CENTRO,0,1.34,8.6,18.0,18.0,6.47,otra
2025-06-20 08:00:00,2025,6,20,NORESTE3,0,,,22.6,22.066666666666666,7.91,otra
2025-06-20 08:00:00,2025,6,20,NOROESTE3,0,2.1,3.9,17.0,18.666666666666668,10.15,otra
2025-06-20 08:00:00,2025,6,20,NORTE2,1,0.7949999999999999,12.0,12.0,24.0,6.0,otra
2025-06-20 08:00:00,2025,6,20,SUR,1,1.2366666666666666,5.65,16.25,17.75,5.523333333333333,otra
2025-06-20 08:00:00,2025,6,20,SUROESTE2,0,0.825,10.25,15.0,17.5,4.0,otra
2025-06-21 07:00:00,2025,6,21,CENTRO,0,1.27,5.2,15.0,14.0,4.3,otra
2025-06-21 07:00:00,2025,6,21,NORESTE3,0,,,24.8,15.05,5.17,otra
2025-06-21 07:00:00,2025,6,21,NOROESTE3,0,2.04,2.3,14.5,13.0,6.55,otra
2025-06-21 07:00:00,2025,6,21,NORTE2,0,0.52,6.449999999999999,14.5,20.5,5.145,otra
2025-06-21 07:00:00,2025,6,21,SUR,0,1.1866666666666665,3.6999999999999997,16.5,13.25,5.605,otra
2025-06-21 07:00:00,2025,6,21,SUROESTE2,0,0.7,6.25,13.5,18.5,7.0,otra
2025-06-21 08:00:00,2025,6,21,CENTRO,0,1.31,6.8,13.0,15.0,4.78,otra
2025-06-21 08:00:00,2025,6,21,NORESTE3,0,,,24.5,19.215,5.07,otra
2025-06-21 08:00:00,2025,6,21,NOROESTE3,0,2.085,2.8,13.5,13.333333333333334,7.22,otra
2025-06-21 08:00:00,2025,6,21,NORTE2,0,0.515,6.9,14.5,20.0,3.035,otra
2025-06-21 08:00:00,2025,6,21,SUR,0,1.2366666666666666,3.95,16.0,14.5,4.41,otra
2025-06-21 08:00:00,2025,6,21,SUROESTE2,0,0.735,6.6,12.0,13.0,5.0,otra
2025-06-22 07:00:00,2025,6,22,CENTRO,0,1.24,4.7,13.0,17.0,7.47,otra
2025-06-22 07:00:00,2025,6,22,NORESTE3,0,,,22.6,17.884999999999998,7.37,otra
2025-06-22 07:00:00,2025,6,22,NOROESTE3,0,2.035,2.3,12.5,15.666666666666666,,otra
2025-06-22 07:00:00,2025,6,22,NORTE2,0,0.45499999999999996,4.8,14.0,20.5,4.0,otra
2025-06-22 07:00:00,2025,6,22,SUR,0,1.2,2.325,16.25,18.0,6.003333333333333,otra
2025-06-22 07:00:00,2025,6,22,SUROESTE2,0,0.695,4.5,12.5,18.0,5.0,otra
2025-06-22 08:00:00,2025,6,22,CENTRO,0,1.25,5.0,14.0,17.0,7.36,otra
2025-06-22 08:00:00,2025,6,22,NORESTE3,0,,,25.0,19.555,7.15,otra
2025-06-22 08:00:00,2025,6,22,NOROESTE3,0,2.05,2.2,13.0,17.333333333333332,,otra
2025-06-22 08:00:00,2025,6,22,NORTE2,0,0.46499999999999997,4.7,14.5,18.5,3.0,otra
2025-06-22 08:00:00,2025,6,22,SUR,0,1.21,2.475,18.0,18.666666666666668,6.330000000000001,otra
2025-06-22 08:00:00,2025,6,22,SUROESTE2,0,0.72,5.75,12.0,18.5,6.0,otra
2025-06-23 07:00:00,2025,6,23,CENTRO,0,1.3,11.9,10.0,24.0,14.18,otra
2025-06-23 07:00:00,2025,6,23,NORESTE3,0,,,15.6,17.63,11.05,otra
2025-06-23 07:00:00,2025,6,23,NOROESTE3,0,2.165,3.7,12.5,21.333333333333332,15.86,otra
2025-06-23 07:00:00,2025,6,23,NORTE2,1,0.59,9.25,12.0,23.5,7.0,otra
2025-06-23 07:00:00,2025,6,23,SUR,1,1.22,3.325,17.25,21.25,9.756666666666666,otra
2025-06-23 07:00:00,2025,6,23,SUROESTE2,0,0.75,7.300000000000001,12.0,19.5,5.0,otra
2025-06-23 08:00:00,2025,6,23,CENTRO,0,1.29,7.5,16.0,36.0,14.63,otra
2025-06-23 08:00:00,2025,6,23,NORESTE3,0,,,18.15,20.373333333333335,11.07,otra
2025-06-23 08:00:00,2025,6,23,NOROESTE3,0,2.26,4.0,14.0,22.333333333333332,14.33,otra
2025-06-23 08:00:00,2025,6,23,NORTE2,1,0.585,7.8500000000000005,16.0,27.5,,otra
2025-06-23 08:00:00,2025,6,23,SUR,1,1.2733333333333334,3.65,17.5,22.0,9.18,otra
2025-06-23 08:00:00,2025,6,23,SUROESTE2,0,0.825,8.3,12.5,19.0,5.0,otra
2025-06-24 07:00:00,2025,6,24,CENTRO,0,1.27,12.3,9.0,22.0,14.4,otra
2025-06-24 07:00:00,2025,6,24,NORESTE3,0,,,14.8,21.5,,otra
2025-06-24 07:00:00,2025,6,24,NOROESTE3,0,2.1799999999999997,4.9,11.5,24.0,17.68,otra
2025-06-24 07:00:00,2025,6,24,NORTE2,1,0.63,10.2,11.0,27.0,9.235,otra
2025-06-24 07:00:00,2025,6,24,SUR,1,1.33,5.5,13.75,22.0,7.8075,otra
2025-06-24 07:00:00,2025,6,24,SUROESTE2,0,0.7949999999999999,9.05,9.5,22.0,8.5,otra
2025-06-24 08:00:00,2025,6,24,CENTRO,0,1.36,,11.0,26.0,19.01,otra
2025-06-24 08:00:00,2025,6,24,NORESTE3,0,,,15.9,30.0,,otra
2025-06-24 08:00:00,2025,6,24,NOROESTE3,0,2.18,5.2,13.5,28.0,17.22,otra
2025-06-24 08:00:00,2025,6,24,NORTE2,1,0.685,9.55,13.5,33.0,7.16,otra
2025-06-24 08:00:00,2025,6,24,SUR,1,1.3766666666666667,6.05,16.75,23.75,13.86,otra
2025-06-24 08:00:00,2025,6,24,SUROESTE2,0,0.865,10.05,11.5,22.0,10.5,otra
2025-06-25 07:00:00,2025,6,25,CENTRO,0,1.39,12.2,7.0,36.0,20.82,otra
2025-06-25 07:00:00,2025,6,25,NORESTE3,0,,,14.1,28.343333333333334,23.23,otra
2025-06-25 07:00:00,2025,6,25,NOROESTE3,0,2.115,6.1,7.5,26.666666666666668,16.92,otra
2025-06-25 07:00:00,2025,6,25,NORTE2,1,0.6,12.25,6.5,30.0,9.175,otra
2025-06-25 07:00:00,2025,6,25,SUR,1,1.3633333333333333,7.025,11.5,24.0,9.623333333333333,otra
2025-06-25 07:00:00,2025,6,25,SUROESTE2,0,0.91,10.850000000000001,7.0,28.0,9.0,otra
2025-06-25 08:00:00,2025,6,25,CENTRO,0,1.46,11.0,11.0,45.0,21.0,otra
2025-06-25 08:00:00,2025,6,25,NORESTE3,0,,,17.0,27.53,23.63,otra
2025-06-25 08:00:00,2025,6,25,NOROESTE3,0,2.21,5.9,11.0,33.333333333333336,18.51,otra
2025-06-25 08:00:00,2025,6,25,NORTE2,1,0.69,11.3,11.5,34.5,12.84,otra
2025-06-25 08:00:00,2025,6,25,SUR,1,1.4533333333333331,8.15,16.25,24.5,9.942499999999999,otra
2025-06-25 08:00:00,2025,6,25,SUROESTE2,0,0.97,11.4,10.5,38.0,15.0,otra
2025-06-26 07:00:00,2025,6,26,CENTRO,0,1.4,13.7,10.0,38.0,20.24,otra
2025-06-26 07:00:00,2025,6,26,NORESTE3,0,,,14.25,25.616666666666664,13.17,otra
2025-06-26 07:00:00,2025,6,26,NOROESTE3,0,1.5733333333333335,9.4,10.0,28.0,17.54,otra
2025-06-26 07:00:00,2025,6,26,NORTE2,1,0.81,20.35,6.5,32.5,8.585,otra
2025-06-26 07:00:00,2025,6,26,SUR,1,1.3666666666666665,9.425,16.25,26.0,10.596666666666666,otra
2025-06-26 07:00:00,2025,6,26,SUROESTE2,0,0.99,14.5,7.5,30.5,10.5,otra
2025-06-26 08:00:00,2025,6,26,CENTRO,0,1.52,13.3,17.0,40.0,21.42,otra
2025-06-26 08:00:00,2025,6,26,NORESTE3,0,,,23.25,27.936666666666667,15.02,otra
2025-06-26 08:00:00,2025,6,26,NOROESTE3,0,1.593333333333333,8.7,16.666666666666668,37.0,16.53,otra
2025-06-26 08:00:00,2025,6,26,NORTE2,1,0.8049999999999999,16.25,15.5,52.5,7.185,otra
2025-06-26 08:00:00,2025,6,26,SUR,1,1.4566666666666668,10.375,21.5,25.75,10.25,otra
2025-06-26 08:00:00,2025,6,26,SUROESTE2,0,1.055,14.35,13.0,38.5,10.5,otra
2025-06-27 07:00:00,2025,6,27,CENTRO,0,1.27,7.1,10.0,19.0,13.06,otra
2025-06-27 07:00:00,2025,6,27,NORESTE3,0,,,13.15,17.846666666666668,7.79,otra
2025-06-27 07:00:00,2025,6,27,NOROESTE3,0,1.4933333333333334,3.7,12.333333333333334,20.333333333333332,13.24,otra
2025-06-27 07:00:00,2025,6,27,NORTE2,1,0.615,10.25,10.5,25.5,11.05,otra
2025-06-27 07:00:00,2025,6,27,SUR,1,1.343333333333333,5.4,15.75,16.5,5.89,otra
2025-06-27 07:00:00,2025,6,27,SUROESTE2,0,0.845,13.100000000000001,6.5,31.5,9.5,otra
2025-06-27 08:00:00,2025,6,27,CENTRO,0,1.37,8.7,10.0,25.0,21.06,otra
2025-06-27 08:00:00,2025,6,27,NORESTE3,0,,,17.5,21.72,9.62,otra
2025-06-27 08:00:00,2025,6,27,NOROESTE3,0,1.6066666666666667,5.1,13.333333333333334,25.0,15.57,otra
2025-06-27 08:00:00,2025,6,27,NORTE2,1,0.69,10.7,12.0,27.0,8.68,otra
2025-06-27 08:00:00,2025,6,27,SUR,1,1.3833333333333335,6.0,18.75,22.25,7.775,otra
2025-06-27 08:00:00,2025,6,27,SUROESTE2,0,0.94,12.35,8.5,34.5,15.5,otra
2025-06-28 07:00:00,2025,6,28,CENTRO,0,1.26,4.1,11.0,18.0,8.91,otra
2025-06-28 07:00:00,2025,6,28,NORESTE3,0,,,12.75,22.54,9.34,otra
2025-06-28 07:00:00,2025,6,28,NOROESTE3,0,1.4400000000000002,3.3,8.666666666666666,19.0,17.82,otra
2025-06-28 07:00:00,2025,6,28,NORTE2,0,0.5800000000000001,8.55,8.5,25.0,7.655,otra
2025-06-28 07:00:00,2025,6,28,SUR,0,1.3166666666666667,3.7,15.25,17.75,7.545,otra
2025-06-28 07:00:00,2025,6,28,SUROESTE2,0,0.795,9.8,6.5,22.5,6.5,otra
2025-06-28 08:00:00,2025,6,28,CENTRO,0,1.25,4.7,11.0,20.0,11.54,otra
2025-06-28 08:00:00,2025,6,28,NORESTE3,0,,,13.1,24.18,10.21,otra
2025-06-28 08:00:00,2025,6,28,NOROESTE3,0,1.5333333333333334,3.6,11.666666666666666,23.666666666666668,15.95,otra
2025-06-28 08:00:00,2025,6,28,NORTE2,0,0.635,8.75,10.0,27.0,6.275,otra
2025-06-28 08:00:00,2025,6,28,SUR,0,1.3266666666666667,3.5,16.5,19.75,9.05,otra
2025-06-28 08:00:00,2025,6,28,SUROESTE2,0,0.845,8.55,8.0,31.0,9.0,otra
2025-06-29 07:00:00,2025,6,29,CENTRO,0,1.23,4.0,10.0,25.0,16.35,otra
2025-06-29 07:00:00,2025,6,29,NORESTE3,0,,,11.85,20.365000000000002,9.9,otra
2025-06-29 07:00:00,2025,6,29,NOROESTE3,0,1.5233333333333334,3.3,8.666666666666666,23.666666666666668,12.31,otra
2025-06-29 07:00:00,2025,6,29,NORTE2,0,0.5549999999999999,7.5,11.0,24.5,6.8,otra
2025-06-29 07:00:00,2025,6,29,SUR,0,1.36,3.725,13.5,21.75,7.3575,otra
2025-06-29 07:00:00,2025,6,29,SUROESTE2,0,0.825,9.600000000000001,5.0,30.0,9.5,otra
2025-06-29 08:00:00,2025,6,29,CENTRO,0,1.22,3.4,14.0,25.0,16.24,otra
2025-06-29 08:00:00,2025,6,29,NORESTE3,0,,,14.2,19.745,9.29,otra
2025-06-29 08:00:00,2025,6,29,NOROESTE3,0,1.5433333333333332,2.6,12.666666666666666,19.0,16.3,otra
2025-06-29 08:00:00,2025,6,29,NORTE2,0,0.56,6.8500000000000005,13.0,26.5,5.325,otra
2025-06-29 08:00:00,2025,6,29,SUR,0,1.3733333333333333,3.225,15.5,21.5,6.703333333333333,otra
2025-06-29 08:00:00,2025,6,29,SUROESTE2,0,0.8500000000000001,7.55,8.0,39.0,16.0,otra
2025-06-30 07:00:00,2025,6,30,CENTRO,0,1.19,2.5,20.0,16.0,4.06,otra
2025-06-30 07:00:00,2025,6,30,NORESTE3,0,,,12.05,7.09,4.56,otra
2025-06-30 07:00:00,2025,6,30,NOROESTE3,0,1.5033333333333332,3.7,14.0,14.333333333333334,6.88,otra
2025-06-30 07:00:00,2025,6,30,NORTE2,1,0.59,9.2,11.5,16.5,3.54,otra
2025-06-30 07:00:00,2025,6,30,SUR,0,1.39,5.975,13.0,16.0,5.855,otra
2025-06-30 07:00:00,2025,6,30,SUROESTE2,0,0.77,7.0,13.5,18.0,3.5,otra
2025-06-30 08:00:00,2025,6,30,CENTRO,0,1.25,4.0,18.0,15.0,4.47,otra
2025-06-30 08:00:00,2025,6,30,NORESTE3,0,,,11.65,16.884999999999998,4.97,otra
2025-06-30 08:00:00,2025,6,30,NOROESTE3,0,1.5466666666666669,5.5,12.333333333333334,18.0,7.66,otra
2025-06-30 08:00:00,2025,6,30,NORTE2,1,0.625,7.95,15.0,19.0,3.63,otra
2025-06-30 08:00:00,2025,6,30,SUR,0,1.4133333333333333,5.375,15.75,18.75,7.734999999999999,otra
2025-06-30 08:00:00,2025,6,30,SUROESTE2,0,0.8250000000000001,7.15,16.0,15.5,4.0,otra
