date,estacion,franja_horaria,clase,CO,NO2,O3,PM10,PM2.5
2023-01-01,CENTRO,fuera_pico_10_12,0,0.96,10.95,26.5,42.5,11.175
2023-01-01,CENTRO,pico_7_9,0,1.01,12.95,17.5,63.5,24.115000000000002
2023-01-01,NORESTE3,fuera_pico_10_12,0,1.1166666666666667,18.233333333333334,26.666666666666668,84.66666666666666,38.25
2023-01-01,NORESTE3,pico_7_9,0,1.6048333333333333,25.666666666666664,7.783333333333333,122.66666666666667,79.0
2023-01-01,NOROESTE3,fuera_pico_10_12,0,1.1716666666666664,10.483333333333334,22.833333333333336,51.333333333333336,16.695
2023-01-01,NOROESTE3,pico_7_9,0,1.3616666666666666,17.883333333333333,8.166666666666666,52.333333333333336,17.275
2023-01-01,NORTE2,fuera_pico_10_12,0,1.52,28.025,17.75,100.5,43.455
2023-01-01,NORTE2,pico_7_9,0,1.4774999999999998,29.125,6.5,140.75,52.57000000000001
2023-01-01,SUR,fuera_pico_10_12,0,1.49125,19.575000000000003,19.75,87.125,35.150000000000006
2023-01-01,SUR,pico_7_9,0,1.9737500000000001,41.775,7.25,95.875,40.94333333333333
2023-01-01,SUROESTE2,fuera_pico_10_12,0,0.915,11.9,22.75,38.25,13.5
2023-01-01,SUROESTE2,pico_7_9,0,1.28,18.325,10.5,53.75,26.75
2023-01-02,CENTRO,fuera_pico_10_12,0,1.9100000000000001,37.85,9.5,111.5,27.585
2023-01-02,CENTRO,pico_7_9,0,1.5699999999999998,28.700000000000003,4.0,116.0,41.555
2023-01-02,NORESTE3,fuera_pico_10_12,0,1.5313333333333334,29.866666666666667,15.850000000000001,126.0,47.5
2023-01-02,NORESTE3,pico_7_9,0,1.2388333333333335,24.316666666666666,5.066666666666666,64.5,34.5
2023-01-02,NOROESTE3,fuera_pico_10_12,0,1.5183333333333335,21.299999999999997,14.5,66.83333333333334,18.745
2023-01-02,NOROESTE3,pico_7_9,0,1.1949999999999998,15.583333333333334,11.333333333333332,53.83333333333333,5.195
2023-01-02,NORTE2,fuera_pico_10_12,0,1.5975000000000001,39.5,11.75,139.25,28.73
2023-01-02,NORTE2,pico_7_9,0,1.0625,29.0,5.25,81.25,22.887500000000003
2023-01-02,SUR,fuera_pico_10_12,0,1.7000000000000002,24.775,13.625,111.625,26.026666666666667
2023-01-02,SUR,pico_7_9,0,1.7037499999999999,30.75,4.5,77.25,23.449999999999996
2023-01-02,SUROESTE2,fuera_pico_10_12,0,1.42,31.299999999999997,10.0,69.75,16.5
2023-01-02,SUROESTE2,pico_7_9,0,0.9275,20.1,10.25,65.75,12.75
2023-01-03,CENTRO,fuera_pico_10_12,0,1.41,32.6,11.0,137.0,22.005000000000003
2023-01-03,CENTRO,pico_7_9,0,1.155,25.95,6.0,94.0,15.245000000000001
2023-01-03,NORESTE3,fuera_pico_10_12,0,0.6961666666666667,9.833333333333332,31.349999999999998,98.33333333333334,11.5
2023-01-03,NORESTE3,pico_7_9,0,0.7216666666666667,15.549999999999999,19.833333333333332,75.16666666666666,9.0
2023-01-03,NOROESTE3,fuera_pico_10_12,0,1.5666666666666669,19.6,18.833333333333336,70.66666666666667,8.175
2023-01-03,NOROESTE3,pico_7_9,0,1.1550000000000002,15.45,13.333333333333334,25.25,4.18
2023-01-03,NORTE2,fuera_pico_10_12,0,0.8075,20.325000000000003,20.75,108.25,10.0
2023-01-03,NORTE2,pico_7_9,0,0.675,19.725,14.25,62.25,11.0
2023-01-03,SUR,fuera_pico_10_12,0,1.30875,19.2,18.375,124.0,12.101666666666668
2023-01-03,SUR,pico_7_9,0,1.2537500000000001,24.675,11.0,99.25,9.83
2023-01-03,SUROESTE2,fuera_pico_10_12,0,1.4175,32.4,11.25,98.0,16.75
2023-01-03,SUROESTE2,pico_7_9,0,0.935,20.049999999999997,10.25,53.75,7.5
2023-01-04,CENTRO,fuera_pico_10_12,0,1.58,35.55,15.5,113.0,28.455
2023-01-04,CENTRO,pico_7_9,0,1.1600000000000001,34.5,5.0,89.5,22.97
2023-01-04,NORESTE3,fuera_pico_10_12,0,1.0605,31.133333333333333,20.43333333333333,162.66666666666666,32.0
2023-01-04,NORESTE3,pico_7_9,0,1.847,35.666666666666664,5.35,181.33333333333331,47.5
2023-01-04,NOROESTE3,fuera_pico_10_12,0,1.575,29.4,15.666666666666668,140.5,23.285000000000004
2023-01-04,NOROESTE3,pico_7_9,0,1.9249999999999998,32.333333333333336,3.5,143.66666666666666,31.0125
2023-01-04,NORTE2,fuera_pico_10_12,0,1.0699999999999998,32.925,18.75,156.0,17.6725
2023-01-04,NORTE2,pico_7_9,0,1.5625,36.075,6.0,175.0,27.285
2023-01-04,SUR,fuera_pico_10_12,0,1.6925,38.075,15.375,156.125,24.676666666666662
2023-01-04,SUR,pico_7_9,0,2.1399999999999997,50.525000000000006,5.083333333333334,108.375,16.94833333333333
2023-01-04,SUROESTE2,fuera_pico_10_12,0,1.3125,26.275,16.75,115.5,18.25
2023-01-04,SUROESTE2,pico_7_9,0,1.4649999999999999,30.6,10.0,82.5,21.75
2023-01-05,CENTRO,fuera_pico_10_12,0,1.545,47.85,13.5,134.5,48.9794976238589
2023-01-05,CENTRO,pico_7_9,0,1.31,37.95,4.5,95.5,32.62435461614258
2023-01-05,NORESTE3,fuera_pico_10_12,0,1.1551666666666667,32.083333333333336,23.799999999999997,157.5,42.0
2023-01-05,NORESTE3,pico_7_9,0,1.2943333333333333,39.21666666666667,5.75,100.16666666666669,31.5
2023-01-05,NOROESTE3,fuera_pico_10_12,0,1.3833333333333333,31.516666666666666,17.166666666666668,93.33333333333334,18.965
2023-01-05,NOROESTE3,pico_7_9,0,1.561666666666667,34.06666666666666,3.083333333333333,117.0,23.735
2023-01-05,NORTE2,fuera_pico_10_12,0,1.62,54.325,13.75,185.5,36.727500000000006
2023-01-05,NORTE2,pico_7_9,0,1.1875,38.075,8.0,113.0,21.2025
2023-01-05,SUR,fuera_pico_10_12,0,1.7662499999999999,45.6125,14.375,154.625,29.814999999999998
2023-01-05,SUR,pico_7_9,0,1.9225,58.075,4.333333333333333,101.0,19.743333333333332
2023-01-05,SUROESTE2,fuera_pico_10_12,0,1.2825,32.5,19.25,139.75,29.25
2023-01-05,SUROESTE2,pico_7_9,0,1.5474999999999999,34.675,11.5,81.25,33.75
2023-01-06,CENTRO,fuera_pico_10_12,0,1.44,28.25,12.0,163.5,41.5
2023-01-06,CENTRO,pico_7_9,0,1.3900000000000001,26.349999999999998,6.0,86.0,31.5
2023-01-06,NORESTE3,fuera_pico_10_12,0,0.8836666666666666,20.066666666666666,14.033333333333331,74.16666666666666,35.0
2023-01-06,NORESTE3,pico_7_9,0,0.872,17.316666666666666,10.149999999999999,45.16666666666666,21.5
2023-01-06,NOROESTE3,fuera_pico_10_12,0,1.2599999999999998,17.65,15.833333333333332,113.83333333333331,58.175
2023-01-06,NOROESTE3,pico_7_9,0,1.3066666666666666,20.849999999999998,6.166666666666667,82.16666666666666,48.2025
2023-01-06,NORTE2,fuera_pico_10_12,0,1.1225,23.049999999999997,14.25,87.25,23.9125
2023-01-06,NORTE2,pico_7_9,0,0.8,15.675,16.0,71.0,23.9725
2023-01-06,SUR,fuera_pico_10_12,0,1.1825,16.1875,17.5,85.75,27.54
2023-01-06,SUR,pico_7_9,0,1.02625,13.875,12.625,50.625,19.002499999999998
2023-01-06,SUROESTE2,fuera_pico_10_12,0,1.2925,28.075000000000003,16.25,158.5,61.25
2023-01-06,SUROESTE2,pico_7_9,0,1.3325,26.8,5.5,77.75,36.0
2023-01-07,CENTRO,fuera_pico_10_12,0,2.0,46.65,10.0,141.5,48.0
2023-01-07,CENTRO,pico_7_9,0,1.3900000000000001,24.200000000000003,3.5,109.0,52.5
2023-01-07,NORESTE3,fuera_pico_10_12,0,1.1075,18.85,19.75,117.0,38.25
2023-01-07,NORESTE3,pico_7_9,0,0.8903333333333332,21.416666666666668,7.75,79.33333333333334,31.75
2023-01-07,NOROESTE3,fuera_pico_10_12,0,1.6266666666666665,25.483333333333334,15.666666666666664,117.0,27.939999999999998
2023-01-07,NOROESTE3,pico_7_9,0,1.561666666666667,25.5,5.333333333333334,69.83333333333334,25.535
2023-01-07,NORTE2,fuera_pico_10_12,0,1.3375,30.0,15.5,103.355,30.925000000000004
2023-01-07,NORTE2,pico_7_9,0,1.1524999999999999,23.475,6.0,88.9625,31.48
2023-01-07,SUR,fuera_pico_10_12,0,1.6099999999999999,25.975,14.0,120.0,39.175
2023-01-07,SUR,pico_7_9,0,1.54875,35.4125,5.5,66.375,22.4425
2023-01-07,SUROESTE2,fuera_pico_10_12,0,1.7625,43.0,13.5,126.0,33.75
2023-01-07,SUROESTE2,pico_7_9,0,1.5725,29.225,6.5,85.25,29.5
2023-01-08,CENTRO,fuera_pico_10_12,0,1.2125,19.4,12.0,63.75,19.63098447444574
2023-01-08,CENTRO,pico_7_9,0,1.2149999999999999,14.15,16.5,46.0,28.91654366007574
2023-01-08,NORESTE3,fuera_pico_10_12,0,0.6381666666666667,8.316666666666666,22.23333333333333,42.66666666666667,9.0
2023-01-08,NORESTE3,pico_7_9,0,0.6243333333333333,6.516666666666666,23.566666666666663,46.83333333333333,14.5
2023-01-08,NOROESTE3,fuera_pico_10_12,0,1.485,17.616666666666667,14.5,68.0,16.025
2023-01-08,NOROESTE3,pico_7_9,0,1.4416666666666667,20.316666666666663,4.25,65.33333333333334,30.8425
2023-01-08,NORTE2,fuera_pico_10_12,0,0.7350000000000001,15.2,19.5,48.7375,11.1975
2023-01-08,NORTE2,pico_7_9,0,0.855,20.625,12.5,38.995000000000005,15.6525
2023-01-08,SUR,fuera_pico_10_12,0,1.1800000000000002,13.649999999999999,21.125,46.875,10.738333333333333
2023-01-08,SUR,pico_7_9,0,1.1600000000000001,13.133333333333333,21.5,48.5,15.333333333333332
2023-01-08,SUROESTE2,fuera_pico_10_12,0,1.25,20.35,12.75,66.0,25.75
2023-01-08,SUROESTE2,pico_7_9,0,1.185,17.325000000000003,10.5,54.0,25.25
2023-01-09,CENTRO,fuera_pico_10_12,1,1.39,27.7,18.0,73.0,33.040625
2023-01-09,CENTRO,pico_7_9,1,1.155,24.0,11.0,52.0,27.043864388684206
2023-01-09,NORESTE3,fuera_pico_10_12,0,1.0323333333333333,27.658333333333335,22.35,83.0,25.25
2023-01-09,NORESTE3,pico_7_9,0,0.8058333333333334,19.95,13.2,44.66666666666666,15.25
2023-01-09,NOROESTE3,fuera_pico_10_12,0,1.3883333333333334,19.4,19.5,68.16666666666666,28.905
2023-01-09,NOROESTE3,pico_7_9,0,1.37,18.516666666666666,11.166666666666668,43.75,15.855
2023-01-09,NORTE2,fuera_pico_10_12,1,1.4025,37.9,20.0,106.13,26.82
2023-01-09,NORTE2,pico_7_9,1,0.8125,23.6,14.5,42.102500000000006,10.935
2023-01-09,SUR,fuera_pico_10_12,0,1.41375,21.2125,21.125,60.375,11.775
2023-01-09,SUR,pico_7_9,0,1.3725,31.075000000000003,13.875,45.125,11.48
2023-01-09,SUROESTE2,fuera_pico_10_12,1,1.245,22.9,16.0,75.75,29.75
2023-01-09,SUROESTE2,pico_7_9,1,1.1675,21.475,8.75,50.25,22.25
2023-01-10,CENTRO,fuera_pico_10_12,1,1.635,38.349999999999994,14.0,112.5,48.269999999999996
2023-01-10,CENTRO,pico_7_9,1,1.635,36.3,3.9166666666666665,125.5,55.245000000000005
2023-01-10,NORESTE3,fuera_pico_10_12,0,2.0325,53.825,12.0,230.0,70.25
2023-01-10,NORESTE3,pico_7_9,0,2.0425,32.925,8.0,140.5,45.0
2023-01-10,NOROESTE3,fuera_pico_10_12,0,1.5483333333333333,26.333333333333332,17.833333333333336,116.16666666666666,34.32
2023-01-10,NOROESTE3,pico_7_9,0,1.6283333333333334,28.23333333333333,3.0,86.5,41.4225
2023-01-10,NORTE2,fuera_pico_10_12,1,2.0525,53.675,11.25,157.51999999999998,41.394999999999996
2023-01-10,NORTE2,pico_7_9,1,1.6225,28.125,8.625,109.36,31.8825
2023-01-10,SUR,fuera_pico_10_12,0,1.88375,34.55,12.75,148.625,31.775
2023-01-10,SUR,pico_7_9,0,2.08,41.9125,3.833333333333333,97.125,30.90833333333333
2023-01-10,SUROESTE2,fuera_pico_10_12,1,1.5474999999999999,37.825,15.75,130.25,31.0
2023-01-10,SUROESTE2,pico_7_9,1,1.8275,35.575,5.0,106.5,38.0
2023-01-11,CENTRO,fuera_pico_10_12,1,1.89,45.3,13.0,153.0,31.48
2023-01-11,CENTRO,pico_7_9,1,1.725,36.85,6.0,71.0,23.745
2023-01-11,NORESTE3,fuera_pico_10_12,0,1.615,44.525000000000006,15.75,193.5,43.25
2023-01-11,NORESTE3,pico_7_9,0,2.1925,38.625,8.5,147.25,45.75
2023-01-11,NOROESTE3,fuera_pico_10_12,0,1.3866666666666667,20.96666666666667,22.833333333333336,114.33333333333334,13.467500000000001
2023-01-11,NOROESTE3,pico_7_9,0,1.7850000000000001,35.43333333333333,3.4166666666666665,94.83333333333334,21.405
2023-01-11,NORTE2,fuera_pico_10_12,1,1.8125,53.849999999999994,13.0,139.2825,30.115000000000002
2023-01-11,NORTE2,pico_7_9,1,2.345,38.5,7.300000000000001,128.16,31.240000000000002
2023-01-11,SUR,fuera_pico_10_12,0,2.31875,41.5375,11.375,188.75,27.263333333333335
2023-01-11,SUR,pico_7_9,0,2.45875,49.425,4.75,114.125,19.966666666666665
2023-01-11,SUROESTE2,fuera_pico_10_12,1,1.415,31.025000000000002,19.5,150.5,23.0
2023-01-11,SUROESTE2,pico_7_9,1,2.08,36.95,8.0,82.75,26.5
2023-01-12,CENTRO,fuera_pico_10_12,1,1.275,13.8,30.5,176.0,12.36
2023-01-12,CENTRO,pico_7_9,1,1.365,25.75,15.0,117.0,22.595
2023-01-12,NORESTE3,fuera_pico_10_12,0,0.6363333333333333,8.333333333333332,33.35,167.66666666666666,14.25
2023-01-12,NORESTE3,pico_7_9,0,0.6581666666666668,10.383333333333333,26.75,398.8333333333333,32.0
2023-01-12,NOROESTE3,fuera_pico_10_12,0,1.2433333333333334,14.333333333333332,28.666666666666664,146.5,22.93
2023-01-12,NOROESTE3,pico_7_9,0,1.3183333333333334,17.53333333333333,21.5,276.16666666666663,20.237499999999997
2023-01-12,NORTE2,fuera_pico_10_12,1,0.6725000000000001,16.05,30.75,164.7125,9.665
2023-01-12,NORTE2,pico_7_9,1,0.7150000000000001,17.375,23.5,180.52,23.7
2023-01-12,SUR,fuera_pico_10_12,0,1.1925,10.6125,30.25,164.5,8.79
2023-01-12,SUR,pico_7_9,0,1.22875,14.462499999999999,21.625,193.0,18.086666666666666
2023-01-12,SUROESTE2,fuera_pico_10_12,1,1.07,15.825,27.0,154.5,14.25
2023-01-12,SUROESTE2,pico_7_9,1,1.275,31.5,10.5,82.25,23.25
2023-01-13,CENTRO,fuera_pico_10_12,1,1.335,15.4,27.0,44.0,8.135
2023-01-13,CENTRO,pico_7_9,1,1.355,22.299999999999997,18.0,38.5,7.04
2023-01-13,NORESTE3,fuera_pico_10_12,0,0.7291666666666667,12.55,28.066666666666663,53.83333333333333,13.0
2023-01-13,NORESTE3,pico_7_9,0,0.8691666666666666,30.933333333333334,9.016666666666666,50.0,9.5
2023-01-13,NOROESTE3,fuera_pico_10_12,0,1.335,14.033333333333331,26.5,70.16666666666666,10.51
2023-01-13,NOROESTE3,pico_7_9,0,1.5833333333333333,27.700000000000003,5.166666666666666,63.0,26.025
2023-01-13,NORTE2,fuera_pico_10_12,1,0.7375,21.475,24.25,49.75,6.75
2023-01-13,NORTE2,pico_7_9,1,1.2974999999999999,38.224999999999994,7.75,60.0,17.5
2023-01-13,SUR,fuera_pico_10_12,0,1.2737500000000002,18.625,28.375,56.625,9.80375
2023-01-13,SUR,pico_7_9,0,1.525,39.3,10.875,50.125,9.59
2023-01-13,SUROESTE2,fuera_pico_10_12,1,1.165,17.875,24.5,37.25,5.75
2023-01-13,SUROESTE2,pico_7_9,1,1.175,23.7,18.0,32.25,8.5
2023-01-14,CENTRO,fuera_pico_10_12,1,2.125,50.1,11.5,132.5,51.735
2023-01-14,CENTRO,pico_7_9,1,1.715,36.3,4.5,91.0,41.67
2023-01-14,NORESTE3,fuera_pico_10_12,0,0.9485000000000001,26.25,22.066666666666663,70.66666666666667,25.0
2023-01-14,NORESTE3,pico_7_9,0,1.1603333333333334,34.233333333333334,6.25,70.5,17.5
2023-01-14,NOROESTE3,fuera_pico_10_12,0,1.6533333333333333,27.049999999999997,18.166666666666668,128.16666666666669,29.53
2023-01-14,NOROESTE3,pico_7_9,0,1.6850000000000003,30.866666666666667,3.833333333333334,116.33333333333331,32.1125
2023-01-14,NORTE2,fuera_pico_10_12,1,1.1975,42.724999999999994,13.75,99.08500000000001,26.4675
2023-01-14,NORTE2,pico_7_9,1,1.2075,41.4,6.75,81.475,21.335
2023-01-14,SUR,fuera_pico_10_12,0,1.525,30.612499999999997,20.5,88.0,21.666666666666664
2023-01-14,SUR,pico_7_9,0,1.9175,48.712500000000006,4.916666666666666,68.75,26.083333333333336
2023-01-14,SUROESTE2,fuera_pico_10_12,1,1.3225,30.2,19.75,103.25,26.0
2023-01-14,SUROESTE2,pico_7_9,1,1.5075,33.675,6.0,93.0,31.5
2023-01-15,CENTRO,fuera_pico_10_12,1,1.8,32.650000000000006,17.0,117.0,43.715
2023-01-15,CENTRO,pico_7_9,1,1.74,30.8,4.0,76.0,36.61
2023-01-15,NORESTE3,fuera_pico_10_12,0,0.975,19.433333333333334,22.583333333333336,72.5,26.5
2023-01-15,NORESTE3,pico_7_9,0,0.8923333333333332,27.616666666666667,7.0,49.16666666666667,15.5
2023-01-15,NOROESTE3,fuera_pico_10_12,0,1.7516666666666665,26.85,16.5,98.0,27.2075
2023-01-15,NOROESTE3,pico_7_9,0,1.7933333333333334,25.833333333333332,7.25,62.333333333333336,24.740000000000002
2023-01-15,NORTE2,fuera_pico_10_12,1,1.29,35.349999999999994,17.75,74.7575,12.415
2023-01-15,NORTE2,pico_7_9,1,1.0775000000000001,30.3,6.0,50.2725,15.6175
2023-01-15,SUR,fuera_pico_10_12,0,1.56625,23.5125,21.125,84.125,27.44375
2023-01-15,SUR,pico_7_9,0,1.67625,39.0125,6.583333333333334,56.25,19.814999999999998
2023-01-15,SUROESTE2,fuera_pico_10_12,1,1.4025,28.3,21.0,117.5,34.75
2023-01-15,SUROESTE2,pico_7_9,1,1.38,28.0,8.75,76.0,26.5
2023-01-16,CENTRO,fuera_pico_10_12,1,1.52,27.150000000000002,17.5,133.5,17.415
2023-01-16,CENTRO,pico_7_9,1,1.615,34.75,6.0,167.5,31.134999999999998
2023-01-16,NORESTE3,fuera_pico_10_12,0,0.8508333333333333,16.133333333333333,24.98333333333333,143.66666666666669,28.0
2023-01-16,NORESTE3,pico_7_9,0,1.6391666666666669,37.44999999999999,6.183333333333334,131.0,49.25
2023-01-16,NOROESTE3,fuera_pico_10_12,0,1.3233333333333333,8.933333333333334,28.333333333333336,175.87166666666667,6.3675
2023-01-16,NOROESTE3,pico_7_9,0,1.505,18.9,15.0,89.72333333333333,9.98
2023-01-16,NORTE2,fuera_pico_10_12,1,0.9425,27.750000000000004,17.25,98.245,18.512500000000003
2023-01-16,NORTE2,pico_7_9,1,1.0775,35.45,7.0,97.9125,14.5775
2023-01-16,SUR,fuera_pico_10_12,0,1.7000000000000002,24.9125,19.875,139.875,26.521250000000002
2023-01-16,SUR,pico_7_9,0,2.245,37.8,4.75,107.75,27.744999999999997
2023-01-16,SUROESTE2,fuera_pico_10_12,1,1.1124999999999998,15.95,22.0,147.75,15.25
2023-01-16,SUROESTE2,pico_7_9,1,1.4675,26.7,12.0,132.5,17.25
2023-01-17,CENTRO,fuera_pico_10_12,1,1.8599999999999999,35.85,16.0,117.5,28.439999999999998
2023-01-17,CENTRO,pico_7_9,1,1.74,36.150000000000006,4.0,116.0,33.86
2023-01-17,NORESTE3,fuera_pico_10_12,0,0.9408333333333332,23.15,23.18333333333333,150.0,32.75
2023-01-17,NORESTE3,pico_7_9,0,1.8065,38.81666666666666,8.0,121.33333333333333,41.25
2023-01-17,NOROESTE3,fuera_pico_10_12,0,1.498333333333333,31.633333333333333,16.666666666666668,133.16666666666666,54.825
2023-01-17,NOROESTE3,pico_7_9,0,1.5916666666666668,33.31666666666666,3.0,121.50000000000001,24.4625
2023-01-17,NORTE2,fuera_pico_10_12,1,1.625,49.550000000000004,12.25,219.25,33.3675
2023-01-17,NORTE2,pico_7_9,1,1.6025,39.5,7.5,131.0,29.0
2023-01-17,SUR,fuera_pico_10_12,0,1.895,41.3625,14.25,132.75,33.40875
2023-01-17,SUR,pico_7_9,0,1.9725,46.125,4.5,106.625,34.5725
2023-01-17,SUROESTE2,fuera_pico_10_12,1,1.69,38.725,16.0,154.75,29.5
2023-01-17,SUROESTE2,pico_7_9,1,1.9625,30.825000000000003,11.0,87.25,25.5
2023-01-18,CENTRO,fuera_pico_10_12,1,2.1950000000000003,40.35,13.0,146.0,33.32
2023-01-18,CENTRO,pico_7_9,1,1.8399999999999999,36.0,4.5,223.5,42.435
2023-01-18,NORESTE3,fuera_pico_10_12,0,0.9476666666666667,17.93333333333333,22.85,193.5,31.0
2023-01-18,NORESTE3,pico_7_9,0,1.5648333333333335,31.33333333333333,8.0,135.16666666666669,39.5
2023-01-18,NOROESTE3,fuera_pico_10_12,0,1.1333333333333333,17.549999999999997,24.666666666666664,115.16666666666669,6.202500000000001
2023-01-18,NOROESTE3,pico_7_9,0,1.42,23.9,12.5,117.16666666666666,10.695
2023-01-18,NORTE2,fuera_pico_10_12,1,1.5075,36.05,16.25,198.0,38.5
2023-01-18,NORTE2,pico_7_9,1,2.0025,43.55,7.25,209.5,51.5
2023-01-18,SUR,fuera_pico_10_12,0,1.86375,28.35,16.125,171.5,43.755
2023-01-18,SUR,pico_7_9,0,2.51,44.175,4.625,140.375,45.20125
2023-01-18,SUROESTE2,fuera_pico_10_12,1,2.05,39.900000000000006,10.75,164.5,26.25
2023-01-18,SUROESTE2,pico_7_9,1,2.0075000000000003,35.45,6.5,174.5,44.5
2023-01-19,CENTRO,fuera_pico_10_12,1,1.375,15.35,27.5,71.0,8.935
2023-01-19,CENTRO,pico_7_9,1,1.395,20.4,21.0,38.0,6.51
2023-01-19,NORESTE3,fuera_pico_10_12,0,0.7656666666666665,12.783333333333331,27.133333333333336,56.5,7.0
2023-01-19,NORESTE3,pico_7_9,0,0.7275,13.55,24.266666666666666,46.5,4.5
2023-01-19,NOROESTE3,fuera_pico_10_12,0,0.9949999999999999,11.95,32.33333333333333,45.833333333333336,6.675
2023-01-19,NOROESTE3,pico_7_9,0,1.0516666666666667,21.983333333333334,21.33333333333333,48.5,8.27
2023-01-19,NORTE2,fuera_pico_10_12,1,0.825,22.35,24.25,34.25,7.333333333333333
2023-01-19,NORTE2,pico_7_9,1,0.6799999999999999,19.45,23.5,35.75,3.5
2023-01-19,SUR,fuera_pico_10_12,0,1.3987500000000002,23.262500000000003,20.5,65.25,7.055
2023-01-19,SUR,pico_7_9,0,1.3975,29.4875,17.0,47.0,6.945
2023-01-19,SUROESTE2,fuera_pico_10_12,1,1.2875,16.75,24.75,42.0,12.25
2023-01-19,SUROESTE2,pico_7_9,1,1.1400000000000001,14.149999999999999,24.75,33.25,4.25
2023-01-20,CENTRO,fuera_pico_10_12,1,2.095,38.15,9.0,117.0,29.275
2023-01-20,CENTRO,pico_7_9,1,1.53,31.549999999999997,6.5,68.5,22.91
2023-01-20,NORESTE3,fuera_pico_10_12,0,0.9091666666666667,25.816666666666663,16.450000000000003,104.33333333333334,21.0
2023-01-20,NORESTE3,pico_7_9,0,0.959,26.616666666666667,12.5,62.49999999999999,11.5
2023-01-20,NOROESTE3,fuera_pico_10_12,0,1.643333333333333,32.16666666666667,12.5,136.0,25.627499999999998
2023-01-20,NOROESTE3,pico_7_9,0,1.6183333333333334,35.3,3.0,74.83333333333333,22.2775
2023-01-20,NORTE2,fuera_pico_10_12,1,1.21,37.775,11.25,105.25,20.9925
2023-01-20,NORTE2,pico_7_9,1,1.075,38.925,6.25,82.75,17.675
2023-01-20,SUR,fuera_pico_10_12,0,1.61625,35.5625,14.75,105.75,20.896250000000002
2023-01-20,SUR,pico_7_9,0,1.6075,46.45,5.875,55.5,11.93375
2023-01-20,SUROESTE2,fuera_pico_10_12,1,1.665,35.175000000000004,11.75,130.5,25.5
2023-01-20,SUROESTE2,pico_7_9,1,1.765,29.725,8.0,65.0,22.5
2023-01-21,CENTRO,fuera_pico_10_12,1,1.84,30.65,15.5,112.5,44.435
2023-01-21,CENTRO,pico_7_9,1,1.645,25.55,6.0,76.5,30.75
2023-01-21,NORESTE3,fuera_pico_10_12,0,1.0665,23.0,19.733333333333334,91.0,36.5
2023-01-21,NORESTE3,pico_7_9,0,0.9383333333333332,23.85,6.0,57.83333333333333,18.5
2023-01-21,NOROESTE3,fuera_pico_10_12,0,1.3966666666666665,21.883333333333333,19.166666666666668,92.16666666666666,33.94
2023-01-21,NOROESTE3,pico_7_9,0,1.5150000000000001,26.6,2.833333333333333,88.66666666666666,35.980000000000004
2023-01-21,NORTE2,fuera_pico_10_12,1,1.3925,33.5,14.25,125.25,25.2675
2023-01-21,NORTE2,pico_7_9,1,1.23,27.275,6.25,76.75,13.8275
2023-01-21,SUR,fuera_pico_10_12,0,1.61875,25.55,17.5,77.625,26.66125
2023-01-21,SUR,pico_7_9,0,1.5925,37.1,6.875,38.75,10.771249999999998
2023-01-21,SUROESTE2,fuera_pico_10_12,1,1.5275,26.975,18.5,115.25,35.0
2023-01-21,SUROESTE2,pico_7_9,1,1.5474999999999999,23.9,7.5,74.5,30.75
2023-01-22,CENTRO,fuera_pico_10_12,1,1.35,22.5,23.5,56.0,11.27
2023-01-22,CENTRO,pico_7_9,1,1.58,13.3,26.5,48.0,12.925
2023-01-22,NORESTE3,fuera_pico_10_12,0,0.7163333333333333,8.0,36.43333333333334,33.666666666666664,6.75
2023-01-22,NORESTE3,pico_7_9,0,0.7303333333333333,10.25,30.299999999999997,41.83333333333333,4.5
2023-01-22,NOROESTE3,fuera_pico_10_12,0,1.2383333333333333,16.199999999999996,33.166666666666664,38.83333333333333,6.71
2023-01-22,NOROESTE3,pico_7_9,0,1.1533333333333333,18.049999999999997,24.833333333333336,30.333333333333336,7.175
2023-01-22,NORTE2,fuera_pico_10_12,1,0.69,13.899999999999999,31.25,61.25,5.805
2023-01-22,NORTE2,pico_7_9,1,0.625,14.55,27.5,40.25,5.015000000000001
2023-01-22,SUR,fuera_pico_10_12,0,1.295,10.191666666666666,32.375,41.0,6.26125
2023-01-22,SUR,pico_7_9,0,1.27625,18.066666666666666,26.625,44.75,8.693333333333335
2023-01-22,SUROESTE2,fuera_pico_10_12,1,1.2824999999999998,19.1,24.0,46.5,10.0
2023-01-22,SUROESTE2,pico_7_9,1,1.2775,14.9,21.0,42.5,11.0
2023-01-23,CENTRO,fuera_pico_10_12,1,1.6150000000000002,22.450000000000003,18.0,44.0,25.48520124255306
2023-01-23,CENTRO,pico_7_9,1,1.4649999999999999,22.299999999999997,19.0,55.0,18.53452326622858
2023-01-23,NORESTE3,fuera_pico_10_12,0,0.9111666666666667,23.016666666666666,17.333333333333336,37.5,15.0
2023-01-23,NORESTE3,pico_7_9,0,0.8893333333333334,22.883333333333333,19.916666666666664,51.0,13.25
2023-01-23,NOROESTE3,fuera_pico_10_12,0,1.16,17.516666666666666,23.33333333333333,21.75,13.64
2023-01-23,NOROESTE3,pico_7_9,0,1.1483333333333332,15.983333333333333,27.5,29.333333333333336,11.684999999999999
2023-01-23,NORTE2,fuera_pico_10_12,1,0.9675,29.85,15.0,32.25,11.3575
2023-01-23,NORTE2,pico_7_9,1,0.9,30.450000000000003,15.25,49.0,9.35
2023-01-23,SUR,fuera_pico_10_12,1,1.47,21.6125,18.125,38.0,13.375
2023-01-23,SUR,pico_7_9,1,1.4125,19.325,21.0,39.0,10.166666666666668
2023-01-23,SUROESTE2,fuera_pico_10_12,1,1.4125,26.225,15.25,60.0,24.75
2023-01-23,SUROESTE2,pico_7_9,1,1.5,27.9,11.5,44.25,15.75
2023-01-24,CENTRO,fuera_pico_10_12,1,1.83,24.5,12.5,87.5,40.80919309953009
2023-01-24,CENTRO,pico_7_9,1,1.7650000000000001,20.55,5.0,82.0,38.505280672319735
2023-01-24,NORESTE3,fuera_pico_10_12,0,0.8203333333333334,12.983333333333334,17.633333333333333,67.16666666666666,26.0
2023-01-24,NORESTE3,pico_7_9,0,1.5804999999999998,27.43333333333333,5.875,56.16666666666667,18.75
2023-01-24,NOROESTE3,fuera_pico_10_12,0,1.6149999999999998,21.65,12.666666666666668,84.33333333333334,34.905
2023-01-24,NOROESTE3,pico_7_9,0,1.875,24.06666666666667,4.0,55.25,31.86
2023-01-24,NORTE2,fuera_pico_10_12,1,1.1075,20.450000000000003,15.75,77.75,18.677500000000002
2023-01-24,NORTE2,pico_7_9,1,1.19,27.3,7.5,74.75,28.0
2023-01-24,SUR,fuera_pico_10_12,1,1.5437500000000002,19.049999999999997,16.0,73.75,21.375
2023-01-24,SUR,pico_7_9,1,1.8400000000000003,32.8,5.625,80.25,30.625
2023-01-24,SUROESTE2,fuera_pico_10_12,1,1.6825,28.4,11.25,137.5,40.75
2023-01-24,SUROESTE2,pico_7_9,1,1.775,22.674999999999997,4.5,81.75,31.75
2023-01-25,CENTRO,fuera_pico_10_12,1,1.545,23.0,18.0,66.0,11.35
2023-01-25,CENTRO,pico_7_9,1,1.54,29.75,7.5,43.0,9.440000000000001
2023-01-25,NORESTE3,fuera_pico_10_12,0,0.8763333333333334,18.683333333333334,22.166666666666668,70.16666666666667,17.5
2023-01-25,NORESTE3,pico_7_9,0,1.0373333333333332,28.916666666666664,11.25,49.5,8.75
2023-01-25,NOROESTE3,fuera_pico_10_12,0,1.8433333333333333,32.13333333333333,12.666666666666666,94.25,21.965
2023-01-25,NOROESTE3,pico_7_9,0,1.8966666666666665,31.1,3.0,70.75,22.950000000000003
2023-01-25,NORTE2,fuera_pico_10_12,1,0.9299999999999999,25.9,20.25,80.75,12.11
2023-01-25,NORTE2,pico_7_9,1,1.26,35.525,7.5,39.5,7.032500000000001
2023-01-25,SUR,fuera_pico_10_12,1,1.34875,14.0125,26.125,52.875,7.625
2023-01-25,SUR,pico_7_9,1,1.81875,38.425000000000004,6.625,45.5,8.75
2023-01-25,SUROESTE2,fuera_pico_10_12,1,1.58,31.075000000000003,13.25,66.5,14.5
2023-01-25,SUROESTE2,pico_7_9,1,1.4925000000000002,28.425,5.75,30.5,9.75
2023-01-26,CENTRO,fuera_pico_10_12,1,1.55,29.0,15.5,69.0,19.064999999999998
2023-01-26,CENTRO,pico_7_9,1,1.6949999999999998,33.95,9.0,65.5,19.57
2023-01-26,NORESTE3,fuera_pico_10_12,0,0.837,19.0,21.950000000000003,48.333333333333336,13.75
2023-01-26,NORESTE3,pico_7_9,0,1.1076666666666666,33.225,8.25,77.08333333333333,17.0
2023-01-26,NOROESTE3,fuera_pico_10_12,0,1.2033333333333331,18.516666666666666,24.166666666666668,37.75,11.23
2023-01-26,NOROESTE3,pico_7_9,0,1.29,24.85,16.666666666666668,35.75,11.010000000000002
2023-01-26,NORTE2,fuera_pico_10_12,1,0.9524999999999999,37.35,12.75,80.25,10.469999999999999
2023-01-26,NORTE2,pico_7_9,1,0.9575,33.0,12.0,72.25,9.8975
2023-01-26,SUR,fuera_pico_10_12,1,1.46875,22.1375,25.0,85.25,17.666666666666664
2023-01-26,SUR,pico_7_9,1,1.875,48.1875,5.5,65.125,22.333333333333336
2023-01-26,SUROESTE2,fuera_pico_10_12,1,1.44,22.75,19.75,53.5,13.75
2023-01-26,SUROESTE2,pico_7_9,1,1.4375,36.25,6.75,50.25,18.5
2023-01-27,CENTRO,fuera_pico_10_12,1,1.83,30.349999999999998,8.5,60.0,39.55
2023-01-27,CENTRO,pico_7_9,1,1.5,21.95,13.0,43.0,26.67
2023-01-27,NORESTE3,fuera_pico_10_12,0,0.845,15.933333333333334,19.716666666666665,52.66666666666667,21.25
2023-01-27,NORESTE3,pico_7_9,0,0.8261666666666667,17.4,18.283333333333335,46.83333333333333,17.25
2023-01-27,NOROESTE3,fuera_pico_10_12,0,1.3333333333333335,21.233333333333334,16.833333333333336,45.0,26.057499999999997
2023-01-27,NOROESTE3,pico_7_9,0,1.2583333333333333,18.983333333333334,15.5,34.25,18.5175
2023-01-27,NORTE2,fuera_pico_10_12,1,0.96,31.0,13.0,73.5,18.125
2023-01-27,NORTE2,pico_7_9,1,0.8175,23.475,16.5,44.75,11.7175
2023-01-27,SUR,fuera_pico_10_12,1,1.42,27.6,15.5,42.5,21.625
2023-01-27,SUR,pico_7_9,1,1.38375,28.9125,16.25,44.5,14.25
2023-01-27,SUROESTE2,fuera_pico_10_12,1,1.7325,27.5,7.5,57.75,31.5
2023-01-27,SUROESTE2,pico_7_9,1,1.315,20.325000000000003,11.25,41.25,23.75
2023-01-28,CENTRO,fuera_pico_10_12,1,2.23,38.3,9.5,144.5,77.745
2023-01-28,CENTRO,pico_7_9,1,2.05,28.15,4.0,101.5,71.575
2023-01-28,NORESTE3,fuera_pico_10_12,0,1.0536666666666668,22.266666666666666,16.6,115.66666666666666,48.75
2023-01-28,NORESTE3,pico_7_9,0,1.3435000000000001,28.333333333333336,7.0,106.0,48.75
2023-01-28,NOROESTE3,fuera_pico_10_12,0,2.2766666666666664,41.599999999999994,7.5,136.83333333333334,78.37
2023-01-28,NOROESTE3,pico_7_9,0,2.131666666666667,32.91666666666667,3.75,106.25,51.042500000000004
2023-01-28,NORTE2,fuera_pico_10_12,1,1.415,38.025000000000006,10.75,109.945,38.629999999999995
2023-01-28,NORTE2,pico_7_9,1,1.745,33.95,7.5,110.9825,40.1825
2023-01-28,SUR,fuera_pico_10_12,1,1.82375,35.0125,12.875,121.5,46.5
2023-01-28,SUR,pico_7_9,1,1.91625,36.712500000000006,5.125,81.625,45.875
2023-01-28,SUROESTE2,fuera_pico_10_12,1,2.165,41.325,8.5,189.25,73.75
2023-01-28,SUROESTE2,pico_7_9,1,2.06,28.85,1.5,111.0,56.75
2023-01-29,CENTRO,fuera_pico_10_12,1,1.99,34.65,25.5,113.0,66.67
2023-01-29,CENTRO,pico_7_9,1,2.185,47.849999999999994,10.8,168.5,95.45
2023-01-29,NORESTE3,fuera_pico_10_12,0,1.1276666666666666,23.96666666666667,27.116666666666667,114.66666666666666,55.0
2023-01-29,NORESTE3,pico_7_9,0,1.73,41.36666666666666,5.975,138.66666666666669,66.25
2023-01-29,NOROESTE3,fuera_pico_10_12,0,2.115,32.66666666666667,26.166666666666664,100.0,32.625
2023-01-29,NOROESTE3,pico_7_9,0,1.9849999999999999,36.58333333333333,5.833333333333334,105.66666666666666,50.785
2023-01-29,NORTE2,fuera_pico_10_12,1,1.6175,48.625,22.25,121.04249999999999,46.5975
2023-01-29,NORTE2,pico_7_9,1,1.5950000000000002,45.0,7.875,114.03999999999999,44.965
2023-01-29,SUR,fuera_pico_10_12,1,2.03875,36.0375,27.625,152.0,51.75
2023-01-29,SUR,pico_7_9,1,2.55375,49.45,6.0,162.5,64.625
2023-01-29,SUROESTE2,fuera_pico_10_12,1,1.8599999999999999,31.650000000000002,23.75,128.5,47.25
2023-01-29,SUROESTE2,pico_7_9,1,1.9874999999999998,36.175,4.0,115.75,51.75
2023-01-30,CENTRO,fuera_pico_10_12,1,2.485,48.4,10.5,91.5,42.375
2023-01-30,CENTRO,pico_7_9,1,1.925,32.65,6.5,71.0,23.83
2023-01-30,NORESTE3,fuera_pico_10_12,0,1.032,22.0,17.4,108.5,29.5
2023-01-30,NORESTE3,pico_7_9,0,1.737,29.93333333333333,7.0,89.16666666666666,29.75
2023-01-30,NOROESTE3,fuera_pico_10_12,0,1.9366666666666665,29.300000000000004,15.166666666666664,101.0,21.6525
2023-01-30,NOROESTE3,pico_7_9,0,1.8966666666666665,27.866666666666667,2.833333333333333,75.41666666666666,17.427500000000002
2023-01-30,NORTE2,fuera_pico_10_12,1,1.4525000000000001,34.1,15.5,104.385,25.225
2023-01-30,NORTE2,pico_7_9,1,2.2,29.95,7.5,91.625,22.715
2023-01-30,SUR,fuera_pico_10_12,1,1.7475,24.925,17.25,96.125,22.625
2023-01-30,SUR,pico_7_9,1,2.59875,45.650000000000006,4.125,88.625,26.75
2023-01-30,SUROESTE2,fuera_pico_10_12,1,1.9324999999999999,33.25,15.75,97.25,25.5
2023-01-30,SUROESTE2,pico_7_9,1,2.08,26.275,13.5,54.5,24.75
2023-01-31,CENTRO,fuera_pico_10_12,1,1.85,11.649999999999999,4.0,50.5,26.09
2023-01-31,CENTRO,pico_7_9,1,1.615,10.55,3.25,39.0,24.515
2023-01-31,NORESTE3,fuera_pico_10_12,0,0.9345,9.433333333333334,7.5,18.5,7.25
2023-01-31,NORESTE3,pico_7_9,0,0.9376666666666666,10.7,5.5,18.0,3.5
2023-01-31,NOROESTE3,fuera_pico_10_12,0,1.4883333333333333,12.433333333333334,3.833333333333333,8.833333333333332,5.5
2023-01-31,NOROESTE3,pico_7_9,0,1.4700000000000002,13.266666666666666,2.4166666666666665,4.833333333333334,5.375
2023-01-31,NORTE2,fuera_pico_10_12,1,1.045,11.525,5.5,8.85,4.965
2023-01-31,NORTE2,pico_7_9,1,0.8825000000000001,11.175,8.0,22.47,5.5
2023-01-31,SUR,fuera_pico_10_12,1,1.5437500000000002,15.3375,5.583333333333334,18.0,4.0
2023-01-31,SUR,pico_7_9,1,1.4675,21.7,4.875,15.0,2.5
2023-01-31,SUROESTE2,fuera_pico_10_12,1,1.83,12.05,2.0,31.5,16.0
2023-01-31,SUROESTE2,pico_7_9,1,1.58,11.5,4.821428571428571,30.0,17.25
2023-02-01,CENTRO,fuera_pico_10_12,1,1.7349999999999999,18.200000000000003,4.5,70.0,42.705
2023-02-01,CENTRO,pico_7_9,1,1.62,15.95,3.5,38.5,26.29
2023-02-01,NORESTE3,fuera_pico_10_12,0,0.8373333333333334,10.933333333333334,11.316666666666666,24.166666666666668,9.25
2023-02-01,NORESTE3,pico_7_9,0,0.8200000000000001,11.283333333333333,8.583333333333332,23.0,5.5
2023-02-01,NOROESTE3,fuera_pico_10_12,0,1.5783333333333334,15.85,5.583333333333334,22.5,22.5
2023-02-01,NOROESTE3,pico_7_9,0,1.4266666666666665,16.066666666666666,3.6666666666666665,13.25,9.8525
2023-02-01,NORTE2,fuera_pico_10_12,1,1.0125,17.65,8.5,52.8725,9.2075
2023-02-01,NORTE2,pico_7_9,1,0.9824999999999999,14.25,7.75,12.8025,4.01
2023-02-01,SUR,fuera_pico_10_12,1,1.49125,23.05,6.5,33.875,13.0
2023-02-01,SUR,pico_7_9,1,1.40625,23.8375,4.75,14.875,6.875
2023-02-01,SUROESTE2,fuera_pico_10_12,1,1.755,17.175,1.875,59.75,41.25
2023-02-01,SUROESTE2,pico_7_9,1,1.5150000000000001,15.024999999999999,1.125,30.25,19.5
2023-02-02,CENTRO,fuera_pico_10_12,1,1.905,17.35,4.833333333333334,80.5,30.925
2023-02-02,CENTRO,pico_7_9,1,1.67,18.0,4.0,86.0,40.155
2023-02-02,NORESTE3,fuera_pico_10_12,0,0.8708333333333333,10.383333333333333,10.466666666666669,33.5,12.0
2023-02-02,NORESTE3,pico_7_9,0,0.9098333333333333,13.149999999999999,6.033333333333333,29.666666666666664,10.0
2023-02-02,NOROESTE3,fuera_pico_10_12,0,1.6033333333333335,17.633333333333333,5.0,65.58333333333333,34.7575
2023-02-02,NOROESTE3,pico_7_9,0,1.4083333333333332,17.083333333333332,2.375,50.66666666666667,31.0
2023-02-02,NORTE2,fuera_pico_10_12,1,1.0,15.75,7.0,58.182500000000005,12.6075
2023-02-02,NORTE2,pico_7_9,1,0.9775,17.725,6.0,48.2525,9.98
2023-02-02,SUR,fuera_pico_10_12,1,1.55375,19.4375,5.333333333333334,45.0,22.5
2023-02-02,SUR,pico_7_9,1,1.4825,18.85,6.5,32.75,17.166666666666664
2023-02-02,SUROESTE2,fuera_pico_10_12,1,2.035,20.575000000000003,2.0,105.0,43.25
2023-02-02,SUROESTE2,pico_7_9,1,1.645,18.625,1.7222222222222219,76.5,45.5
2023-02-03,CENTRO,fuera_pico_10_12,1,1.9,24.950000000000003,11.5,68.0,31.97
2023-02-03,CENTRO,pico_7_9,1,1.94,21.05,4.0,40.5,17.745
2023-02-03,NORESTE3,fuera_pico_10_12,0,0.8753333333333333,13.766666666666667,24.06666666666667,64.66666666666666,18.5
2023-02-03,NORESTE3,pico_7_9,0,1.1841666666666666,21.833333333333336,6.933333333333334,45.33333333333333,22.0
2023-02-03,NOROESTE3,fuera_pico_10_12,0,1.8066666666666662,21.18333333333333,12.833333333333332,82.66666666666666,16.865
2023-02-03,NOROESTE3,pico_7_9,0,2.1533333333333333,20.76666666666667,3.25,57.666666666666664,23.2775
2023-02-03,NORTE2,fuera_pico_10_12,1,1.1225,23.775000000000002,14.25,65.1825,20.8
2023-02-03,NORTE2,pico_7_9,1,1.62,25.0,5.75,63.7625,18.855
2023-02-03,SUR,fuera_pico_10_12,1,1.52625,19.7375,17.0,60.125,18.875
2023-02-03,SUR,pico_7_9,1,1.8775,34.4,4.625,54.875,19.625
2023-02-03,SUROESTE2,fuera_pico_10_12,1,1.7875,25.125,10.75,102.5,34.75
2023-02-03,SUROESTE2,pico_7_9,1,2.075,20.825,3.25,37.5,20.5
2023-02-04,CENTRO,fuera_pico_10_12,1,2.045,35.35,12.5,88.5,46.849999999999994
2023-02-04,CENTRO,pico_7_9,1,1.685,29.15,4.0,67.0,34.445
2023-02-04,NORESTE3,fuera_pico_10_12,0,0.9841666666666667,21.75,28.233333333333334,67.66666666666666,30.0
2023-02-04,NORESTE3,pico_7_9,0,1.1855,26.25,5.733333333333334,61.0,27.25
2023-02-04,NOROESTE3,fuera_pico_10_12,0,1.7999999999999998,26.483333333333334,18.499999999999996,86.83333333333333,31.7775
2023-02-04,NOROESTE3,pico_7_9,0,1.6933333333333334,28.883333333333333,3.833333333333333,64.75,37.8
2023-02-04,NORTE2,fuera_pico_10_12,1,1.015,29.35,20.75,66.5,12.5
2023-02-04,NORTE2,pico_7_9,1,1.085,31.299999999999997,6.25,53.0,18.25
2023-02-04,SUR,fuera_pico_10_12,1,1.4837500000000001,19.7875,23.875,63.5,21.5
2023-02-04,SUR,pico_7_9,1,1.66125,40.7625,5.125,50.875,19.125
2023-02-04,SUROESTE2,fuera_pico_10_12,1,1.635,28.8,14.0,93.5,35.25
2023-02-04,SUROESTE2,pico_7_9,1,1.6025,25.950000000000003,2.25,58.25,26.75
2023-02-05,CENTRO,fuera_pico_10_12,1,1.74,24.8,22.0,74.5,42.525
2023-02-05,CENTRO,pico_7_9,1,1.665,24.1,9.5,63.0,33.96
2023-02-05,NORESTE3,fuera_pico_10_12,0,1.2341666666666666,23.25,28.966666666666665,68.66666666666666,40.0
2023-02-05,NORESTE3,pico_7_9,0,1.2788333333333333,25.18333333333333,7.1499999999999995,81.83333333333333,33.75
2023-02-05,NOROESTE3,fuera_pico_10_12,0,1.815,29.483333333333327,19.833333333333332,66.33333333333333,29.32
2023-02-05,NOROESTE3,pico_7_9,0,1.6916666666666664,27.5,6.833333333333334,49.41666666666667,31.5425
2023-02-05,NORTE2,fuera_pico_10_12,1,1.16,30.05,19.0,74.25,30.5
2023-02-05,NORTE2,pico_7_9,1,1.6425,30.35,4.75,81.0,29.0
2023-02-05,SUR,fuera_pico_10_12,1,1.675,25.087500000000002,21.25,75.875,31.5
2023-02-05,SUR,pico_7_9,1,2.0525,36.362500000000004,4.458333333333334,76.75,39.20833333333333
2023-02-05,SUROESTE2,fuera_pico_10_12,1,1.5425,8.55,25.0,66.75,25.0
2023-02-05,SUROESTE2,pico_7_9,1,1.685,9.475000000000001,11.0,62.5,30.0
2023-02-06,CENTRO,fuera_pico_10_12,1,2.2199999999999998,31.45,12.0,98.5,73.475
2023-02-06,CENTRO,pico_7_9,1,1.9,34.25,4.0,80.5,46.644999999999996
2023-02-06,NORESTE3,fuera_pico_10_12,0,0.8168333333333333,12.966666666666669,22.46666666666666,45.16666666666667,33.25
2023-02-06,NORESTE3,pico_7_9,0,0.8716666666666666,15.166666666666666,12.05,42.5,18.75
2023-02-06,NOROESTE3,fuera_pico_10_12,0,2.1166666666666667,29.18333333333333,16.333333333333336,104.0,46.959999999999994
2023-02-06,NOROESTE3,pico_7_9,0,1.785,28.683333333333334,5.0,54.58333333333333,21.5175
2023-02-06,NORTE2,fuera_pico_10_12,1,1.1,22.825,15.75,57.5,25.25
2023-02-06,NORTE2,pico_7_9,1,0.9475,23.25,7.75,44.5,14.75
2023-02-06,SUR,fuera_pico_10_12,1,1.6275,21.875,15.625,73.625,39.875
2023-02-06,SUR,pico_7_9,1,1.56125,28.3125,9.125,45.125,18.291666666666664
2023-02-06,SUROESTE2,fuera_pico_10_12,1,1.725,27.4,24.5,68.25,26.5
2023-02-06,SUROESTE2,pico_7_9,1,1.63,22.25,12.0,61.75,22.25
2023-02-07,CENTRO,fuera_pico_10_12,1,2.525,42.0,11.0,125.0,55.735
2023-02-07,CENTRO,pico_7_9,1,2.235,27.7,4.0,83.5,44.185
2023-02-07,NORESTE3,fuera_pico_10_12,0,1.0645,20.65,21.983333333333334,82.83333333333334,32.25
2023-02-07,NORESTE3,pico_7_9,0,1.4311666666666665,24.566666666666663,5.483333333333333,61.666666666666664,21.25
2023-02-07,NOROESTE3,fuera_pico_10_12,0,2.27,33.31666666666667,10.833333333333334,107.5,40.29
2023-02-07,NOROESTE3,pico_7_9,0,2.216666666666667,25.416666666666664,3.083333333333333,80.91666666666666,28.715
2023-02-07,NORTE2,fuera_pico_10_12,1,1.3625,29.549999999999997,16.5,86.25,25.9925
2023-02-07,NORTE2,pico_7_9,1,1.4349999999999998,25.325,6.5,88.25,21.192500000000003
2023-02-07,SUR,fuera_pico_10_12,1,1.9075,30.7,14.25,124.66666666666667,39.875
2023-02-07,SUR,pico_7_9,1,2.32125,29.987499999999997,4.25,96.0,29.375
2023-02-07,SUROESTE2,fuera_pico_10_12,1,2.125,35.25,11.0,169.0,41.25
2023-02-07,SUROESTE2,pico_7_9,1,2.2649999999999997,26.4,4.5,98.0,37.0
2023-02-08,CENTRO,fuera_pico_10_12,1,1.82,21.55,10.5,82.5,17.98
2023-02-08,CENTRO,pico_7_9,1,1.67,23.7,6.5,54.5,14.54
2023-02-08,NORESTE3,fuera_pico_10_12,0,0.7921666666666667,10.866666666666667,21.733333333333334,54.833333333333336,7.5
2023-02-08,NORESTE3,pico_7_9,0,0.8191666666666666,11.65,18.599999999999998,47.16666666666666,7.0
2023-02-08,NOROESTE3,fuera_pico_10_12,0,1.5633333333333335,20.3,12.666666666666666,55.333333333333336,10.594999999999999
2023-02-08,NOROESTE3,pico_7_9,0,1.415,21.616666666666667,10.0,34.08333333333333,10.7575
2023-02-08,NORTE2,fuera_pico_10_12,1,0.5874999999999999,14.05,17.5,83.5,8.6225
2023-02-08,NORTE2,pico_7_9,1,0.88,17.4,15.0,51.5,6.7125
2023-02-08,SUR,fuera_pico_10_12,1,1.3912499999999999,15.424999999999999,16.0,58.125,8.625
2023-02-08,SUR,pico_7_9,1,1.38875,18.637500000000003,12.5,45.875,8.625
2023-02-08,SUROESTE2,fuera_pico_10_12,1,1.7225000000000001,21.35,7.5,65.75,15.75
2023-02-08,SUROESTE2,pico_7_9,1,1.55,21.375,6.75,47.5,13.5
2023-02-09,CENTRO,fuera_pico_10_12,1,1.71,19.950000000000003,19.5,92.0,15.485
2023-02-09,CENTRO,pico_7_9,1,1.605,15.5,18.5,37.0,10.620000000000001
2023-02-09,NORESTE3,fuera_pico_10_12,0,1.35,26.65,18.25,104.75,19.75
2023-02-09,NORESTE3,pico_7_9,0,1.1371666666666667,29.916666666666664,8.2,66.66666666666667,17.25
2023-02-09,NOROESTE3,fuera_pico_10_12,0,1.5683333333333331,21.5,22.333333333333336,69.58333333333333,12.5425
2023-02-09,NOROESTE3,pico_7_9,0,1.5833333333333335,30.016666666666666,6.166666666666667,59.16666666666667,21.8625
2023-02-09,NORTE2,fuera_pico_10_12,1,1.1124999999999998,27.425,17.75,108.25,16.9175
2023-02-09,NORTE2,pico_7_9,1,0.87,32.2,8.25,85.5,21.82
2023-02-09,SUR,fuera_pico_10_12,1,1.60375,18.35,19.875,89.875,17.375
2023-02-09,SUR,pico_7_9,1,1.6524999999999999,23.45,10.0,56.5,14.125
2023-02-09,SUROESTE2,fuera_pico_10_12,1,1.5875000000000001,18.525,18.5,81.25,16.75
2023-02-09,SUROESTE2,pico_7_9,1,1.8375,24.875,4.75,95.5,34.25
2023-02-10,CENTRO,fuera_pico_10_12,1,1.63,16.95,22.0,108.0,13.09
2023-02-10,CENTRO,pico_7_9,1,1.585,13.600000000000001,22.5,157.0,15.915000000000001
2023-02-10,NORESTE3,fuera_pico_10_12,0,0.8308333333333333,7.783333333333333,32.416666666666664,121.66666666666667,11.2125
2023-02-10,NORESTE3,pico_7_9,0,0.8005,9.033333333333335,29.450000000000003,182.17166666666668,14.9725
2023-02-10,NOROESTE3,fuera_pico_10_12,0,1.3133333333333335,12.083333333333334,29.666666666666664,87.0,7.5075
2023-02-10,NOROESTE3,pico_7_9,0,1.4533333333333331,20.666666666666664,18.0,91.16666666666666,11.025
2023-02-10,NORTE2,fuera_pico_10_12,1,0.65,14.95,25.25,107.25,7.875
2023-02-10,NORTE2,pico_7_9,1,0.5525,14.825,24.0,282.5,13.557500000000001
2023-02-10,SUR,fuera_pico_10_12,1,1.33875,11.4,25.625,148.25,15.0
2023-02-10,SUR,pico_7_9,1,1.3162500000000001,11.3125,24.625,180.125,11.125
2023-02-10,SUROESTE2,fuera_pico_10_12,1,1.3725,12.55,23.5,148.0,13.25
2023-02-10,SUROESTE2,pico_7_9,1,1.4525000000000001,16.0,17.75,100.0,12.25
2023-02-11,CENTRO,fuera_pico_10_12,1,1.7850000000000001,32.650000000000006,17.5,72.5,25.035
2023-02-11,CENTRO,pico_7_9,1,1.5350000000000001,25.4,14.5,35.0,10.05
2023-02-11,NORESTE3,fuera_pico_10_12,0,0.8678333333333335,11.35,35.96666666666666,50.66666666666667,12.7625
2023-02-11,NORESTE3,pico_7_9,0,1.0153333333333334,28.950000000000003,12.650000000000002,44.5,12.0375
2023-02-11,NOROESTE3,fuera_pico_10_12,0,1.6783333333333332,20.833333333333332,21.166666666666664,77.5,17.6875
2023-02-11,NOROESTE3,pico_7_9,0,1.6966666666666665,26.866666666666667,4.0,61.166666666666664,18.5875
2023-02-11,NORTE2,fuera_pico_10_12,1,0.8275,21.525,26.5,82.0,12.835
2023-02-11,NORTE2,pico_7_9,1,0.8525,40.6,6.75,90.75,18.865
2023-02-11,SUR,fuera_pico_10_12,1,1.4649999999999999,18.15,27.875,69.50000000000001,11.833333333333332
2023-02-11,SUR,pico_7_9,1,1.62,42.875,11.375,47.0,11.0
2023-02-11,SUROESTE2,fuera_pico_10_12,1,1.4825,9.8,23.25,43.0,12.5
2023-02-11,SUROESTE2,pico_7_9,1,1.7225000000000001,10.425,11.75,48.0,18.25
2023-02-12,CENTRO,fuera_pico_10_12,1,1.92,30.5,17.0,70.0,24.695
2023-02-12,CENTRO,pico_7_9,1,1.565,25.0,16.0,41.0,15.625
2023-02-12,NORESTE3,fuera_pico_10_12,0,0.9266666666666667,15.666666666666668,31.266666666666666,38.66666666666667,13.035
2023-02-12,NORESTE3,pico_7_9,0,0.9126666666666666,19.78333333333333,20.166666666666664,37.0,8.2575
2023-02-12,NOROESTE3,fuera_pico_10_12,0,1.6283333333333334,19.366666666666667,21.333333333333332,50.5,20.1325
2023-02-12,NOROESTE3,pico_7_9,0,1.5750000000000002,23.583333333333332,14.0,56.0,23.244999999999997
2023-02-12,NORTE2,fuera_pico_10_12,1,0.7175,24.725,25.0,58.75,9.705
2023-02-12,NORTE2,pico_7_9,1,0.6275,32.55,12.0,44.75,12.5925
2023-02-12,SUR,fuera_pico_10_12,1,1.56625,24.925,24.5,48.5,13.333333333333332
2023-02-12,SUR,pico_7_9,1,1.5075,28.7125,18.875,30.5,8.666666666666666
2023-02-12,SUROESTE2,fuera_pico_10_12,1,1.5125,24.15,24.0,72.0,18.75
2023-02-12,SUROESTE2,pico_7_9,1,1.475,20.0,14.5,56.5,16.75
2023-02-13,CENTRO,fuera_pico_10_12,1,2.84,52.65,9.0,136.0,54.53427083333334
2023-02-13,CENTRO,pico_7_9,1,2.225,29.1,5.0,56.5,26.68
2023-02-13,NORESTE3,fuera_pico_10_12,0,1.108,20.475,26.03333333333333,88.25,24.4975
2023-02-13,NORESTE3,pico_7_9,0,1.5191666666666666,32.833333333333336,6.133333333333333,76.16666666666666,27.8425
2023-02-13,NOROESTE3,fuera_pico_10_12,0,2.388333333333333,33.18333333333334,10.0,131.91666666666669,44.2025
2023-02-13,NOROESTE3,pico_7_9,0,2.2383333333333333,28.183333333333334,3.333333333333333,65.66666666666666,36.775
2023-02-13,NORTE2,fuera_pico_10_12,1,1.18,34.699999999999996,17.25,107.0,20.935000000000002
2023-02-13,NORTE2,pico_7_9,1,1.2025,37.775,6.5,79.5,20.380000000000003
2023-02-13,SUR,fuera_pico_10_12,1,1.8575,32.4375,18.5,103.875,27.375
2023-02-13,SUR,pico_7_9,1,2.365,49.9625,6.625,71.5,24.5
2023-02-13,SUROESTE2,fuera_pico_10_12,1,2.3,42.75,12.0,124.5,34.25
2023-02-13,SUROESTE2,pico_7_9,1,2.4175,29.6,6.0,109.5,33.25
2023-02-14,CENTRO,fuera_pico_10_12,1,2.18,29.5,14.0,99.5,43.16335384997066
2023-02-14,CENTRO,pico_7_9,1,2.33,25.700000000000003,3.5,55.5,24.962890792319094
2023-02-14,NORESTE3,fuera_pico_10_12,0,1.5013333333333332,30.81666666666667,21.1,140.75,42.9075
2023-02-14,NORESTE3,pico_7_9,0,1.746,28.066666666666666,5.966666666666666,73.66666666666667,26.950000000000003
2023-02-14,NOROESTE3,fuera_pico_10_12,0,1.59,11.299999999999999,25.166666666666664,190.83333333333334,26.880000000000003
2023-02-14,NOROESTE3,pico_7_9,0,2.298333333333333,16.683333333333334,19.0,102.41666666666666,9.555
2023-02-14,NORTE2,fuera_pico_10_12,1,1.53,34.2,17.25,178.5,31.935
2023-02-14,NORTE2,pico_7_9,1,1.4,28.15,6.75,87.5,22.8875
2023-02-14,SUR,fuera_pico_10_12,1,2.025,26.7,19.125,114.25,28.0
2023-02-14,SUR,pico_7_9,1,2.32875,27.4125,4.625,66.625,24.625
2023-02-14,SUROESTE2,fuera_pico_10_12,1,2.04,28.65,16.25,170.75,41.25
2023-02-14,SUROESTE2,pico_7_9,1,2.3274999999999997,26.45,3.25,94.0,30.5
2023-02-15,CENTRO,fuera_pico_10_12,1,2.2199999999999998,32.55,21.0,133.0,31.200000000000003
2023-02-15,CENTRO,pico_7_9,1,1.915,35.9,5.0,127.0,36.01864583333334
2023-02-15,NORESTE3,fuera_pico_10_12,0,1.6238333333333332,37.96666666666667,25.116666666666667,157.25,57.4925
2023-02-15,NORESTE3,pico_7_9,0,2.0124999999999997,35.91666666666667,6.233333333333334,111.0,39.3725
2023-02-15,NOROESTE3,fuera_pico_10_12,0,1.8283333333333331,20.616666666666667,19.166666666666668,115.91666666666666,14.2625
2023-02-15,NOROESTE3,pico_7_9,0,2.2583333333333333,29.83333333333333,3.25,112.99999999999999,23.245
2023-02-15,NORTE2,fuera_pico_10_12,1,1.455,42.125,20.5,213.5,35.447500000000005
2023-02-15,NORTE2,pico_7_9,1,1.5725,38.025,6.25,121.5,34.5525
2023-02-15,SUR,fuera_pico_10_12,1,2.015,37.4,22.25,154.375,40.375
2023-02-15,SUR,pico_7_9,1,2.3425000000000002,41.55,5.75,108.0,31.0
2023-02-15,SUROESTE2,fuera_pico_10_12,1,1.72,11.425,26.25,101.75,22.5
2023-02-15,SUROESTE2,pico_7_9,1,2.165,22.325000000000003,8.0,95.0,38.5
2023-02-16,CENTRO,fuera_pico_10_12,1,1.665,13.75,26.5,163.5,17.49
2023-02-16,CENTRO,pico_7_9,1,1.645,27.450000000000003,10.0,307.0,33.085
2023-02-16,NORESTE3,fuera_pico_10_12,0,0.9388333333333333,7.583333333333334,36.16666666666667,154.83333333333331,15.59
2023-02-16,NORESTE3,pico_7_9,0,0.9488333333333333,9.233333333333334,30.266666666666666,319.0,25.2575
2023-02-16,NOROESTE3,fuera_pico_10_12,0,1.5750000000000002,16.533333333333335,21.166666666666664,199.83333333333331,17.6475
2023-02-16,NOROESTE3,pico_7_9,0,1.7416666666666663,20.25,12.0,170.66666666666666,21.175
2023-02-16,NORTE2,fuera_pico_10_12,1,0.7324999999999999,16.175,27.0,148.44,14.969999999999999
2023-02-16,NORTE2,pico_7_9,1,0.6025,16.6,22.5,250.33,15.557500000000001
2023-02-16,SUR,fuera_pico_10_12,1,1.39625,8.9625,29.5,146.75,16.125
2023-02-16,SUR,pico_7_9,1,1.4075,10.8875,23.25,224.75,22.0
2023-02-16,SUROESTE2,fuera_pico_10_12,1,1.5025,14.075,21.0,151.25,17.0
2023-02-16,SUROESTE2,pico_7_9,1,1.5025,9.875,13.75,253.75,27.0
2023-02-17,CENTRO,fuera_pico_10_12,1,1.51,15.6,23.5,50.5,8.0
2023-02-17,CENTRO,pico_7_9,1,1.495,12.0,25.0,30.5,5.915
2023-02-17,NORESTE3,fuera_pico_10_12,0,0.8953333333333333,7.266666666666667,33.099999999999994,37.0,5.855
2023-02-17,NORESTE3,pico_7_9,0,0.9121666666666668,11.216666666666665,28.633333333333333,26.833333333333336,4.2925
2023-02-17,NOROESTE3,fuera_pico_10_12,0,1.4016666666666664,7.566666666666666,28.833333333333336,35.16666666666667,5.785
2023-02-17,NOROESTE3,pico_7_9,0,1.3900000000000001,9.866666666666667,25.166666666666664,22.5,4.87
2023-02-17,NORTE2,fuera_pico_10_12,1,0.6775,16.575,24.75,35.5,7.5
2023-02-17,NORTE2,pico_7_9,1,0.5425,20.200000000000003,21.0,24.0,4.0
2023-02-17,SUR,fuera_pico_10_12,1,1.41,12.587499999999999,27.0,33.5,6.666666666666667
2023-02-17,SUR,pico_7_9,1,1.4275,15.5625,25.125,26.125,4.5
2023-02-17,SUROESTE2,fuera_pico_10_12,1,1.525,16.5,21.5,41.25,8.5
2023-02-17,SUROESTE2,pico_7_9,1,1.4475,12.600000000000001,23.0,19.5,5.25
2023-02-18,CENTRO,fuera_pico_10_12,1,1.56,15.55,28.5,56.5,13.492777777777778
2023-02-18,CENTRO,pico_7_9,1,1.55,25.3,15.0,35.0,10.254999999999999
2023-02-18,NORESTE3,fuera_pico_10_12,0,1.0503333333333333,16.6,33.2,45.0,12.2275
2023-02-18,NORESTE3,pico_7_9,0,1.1046666666666667,30.683333333333334,11.616666666666667,47.16666666666666,12.395
2023-02-18,NOROESTE3,fuera_pico_10_12,0,1.5616666666666665,13.3,27.83333333333333,34.0,8.9025
2023-02-18,NOROESTE3,pico_7_9,0,1.4583333333333333,14.8,22.83333333333333,21.83333333333333,7.022500000000001
2023-02-18,NORTE2,fuera_pico_10_12,1,0.735,15.875,29.75,42.5,10.0
2023-02-18,NORTE2,pico_7_9,1,0.6950000000000001,35.974999999999994,9.75,47.0,11.0
2023-02-18,SUR,fuera_pico_10_12,1,1.4849999999999999,11.2,31.5,40.75,10.0
2023-02-18,SUR,pico_7_9,1,1.74,36.7,10.625,51.875,23.0
2023-02-18,SUROESTE2,fuera_pico_10_12,1,1.5625,20.950000000000003,21.5,40.0,14.0
2023-02-18,SUROESTE2,pico_7_9,1,1.44,17.6,17.5,24.0,8.25
2023-02-19,CENTRO,fuera_pico_10_12,1,1.4100000000000001,19.8,29.0,90.5,35.17
2023-02-19,CENTRO,pico_7_9,1,1.4100000000000001,34.400000000000006,7.0,102.0,47.89
2023-02-19,NORESTE3,fuera_pico_10_12,0,1.0296666666666665,14.95,33.5,68.0,24.52
2023-02-19,NORESTE3,pico_7_9,0,1.4594999999999998,33.4,7.625,92.83333333333331,32.9425
2023-02-19,NOROESTE3,fuera_pico_10_12,0,1.7400000000000002,16.450000000000003,25.666666666666664,56.33333333333333,17.942500000000003
2023-02-19,NOROESTE3,pico_7_9,0,1.6866666666666665,21.68333333333333,10.666666666666668,50.333333333333336,15.055
2023-02-19,NORTE2,fuera_pico_10_12,1,0.895,23.925,26.75,76.75,23.5
2023-02-19,NORTE2,pico_7_9,1,1.2275,37.525,8.5,107.25,34.25
2023-02-19,SUR,fuera_pico_10_12,1,1.63625,20.3,27.625,70.25,20.5
2023-02-19,SUR,pico_7_9,1,1.94,45.0,5.875,72.625,38.66666666666667
2023-02-19,SUROESTE2,fuera_pico_10_12,1,1.6099999999999999,16.8,27.5,73.75,22.75
2023-02-19,SUROESTE2,pico_7_9,1,1.7574999999999998,19.450000000000003,11.75,63.0,30.0
2023-02-20,CENTRO,fuera_pico_10_12,1,1.755,18.5,22.5,92.0,26.490000000000002
2023-02-20,CENTRO,pico_7_9,1,1.835,31.950000000000003,4.0,100.5,36.89
2023-02-20,NORESTE3,fuera_pico_10_12,0,1.0011666666666665,13.716666666666665,26.766666666666666,68.66666666666667,21.715000000000003
2023-02-20,NORESTE3,pico_7_9,0,1.2985000000000002,20.46666666666667,7.333333333333333,51.0,17.3275
2023-02-20,NOROESTE3,fuera_pico_10_12,0,2.2283333333333335,19.583333333333332,18.833333333333332,123.33333333333334,25.552500000000002
2023-02-20,NOROESTE3,pico_7_9,0,2.135,21.4,4.166666666666667,54.0,22.2725
2023-02-20,NORTE2,fuera_pico_10_12,1,1.145,28.55,17.25,76.5,22.75
2023-02-20,NORTE2,pico_7_9,1,0.8975,25.425,5.0,53.75,16.0
2023-02-20,SUR,fuera_pico_10_12,1,1.72125,19.962500000000002,19.5,83.5,23.0
2023-02-20,SUR,pico_7_9,1,1.89625,26.9375,5.5,64.75,25.625
2023-02-20,SUROESTE2,fuera_pico_10_12,1,1.955,30.799999999999997,19.75,120.25,35.0
2023-02-20,SUROESTE2,pico_7_9,1,2.5075000000000003,30.8,6.75,81.0,28.5
2023-02-21,CENTRO,fuera_pico_10_12,1,2.34,45.85,20.5,117.0,48.955
2023-02-21,CENTRO,pico_7_9,1,2.3,35.4,3.5,97.0,41.57
2023-02-21,NORESTE3,fuera_pico_10_12,0,1.0941666666666667,16.766666666666666,24.716666666666665,73.83333333333334,27.7325
2023-02-21,NORESTE3,pico_7_9,0,1.5610000000000002,26.1,6.683333333333332,93.66666666666669,29.17
2023-02-21,NOROESTE3,fuera_pico_10_12,0,2.5816666666666666,39.6,15.333333333333334,199.99999999999997,47.4925
2023-02-21,NOROESTE3,pico_7_9,0,2.2799999999999994,32.16666666666667,7.0,91.91666666666666,30.082500000000003
2023-02-21,NORTE2,fuera_pico_10_12,1,1.2999999999999998,34.5,18.25,91.25,29.25
2023-02-21,NORTE2,pico_7_9,1,1.3475000000000001,30.875,3.0,83.5,27.25
2023-02-21,SUR,fuera_pico_10_12,1,2.03125,31.799999999999997,16.75,101.375,34.625
2023-02-21,SUR,pico_7_9,1,2.5637499999999998,37.650000000000006,4.375,107.0,33.125
2023-02-21,SUROESTE2,fuera_pico_10_12,1,2.1025,40.150000000000006,29.0,183.75,36.0
2023-02-21,SUROESTE2,pico_7_9,1,2.69,34.2,10.0,120.25,49.25
2023-02-22,CENTRO,fuera_pico_10_12,1,1.985,32.45,14.0,174.5,25.22
2023-02-22,CENTRO,pico_7_9,1,2.1,28.799999999999997,3.75,87.0,34.66
2023-02-22,NORESTE3,fuera_pico_10_12,0,1.1464999999999999,13.866666666666667,26.866666666666664,183.91666666666669,31.0
2023-02-22,NORESTE3,pico_7_9,0,1.7381666666666664,25.833333333333332,5.7666666666666675,91.33333333333334,35.5
2023-02-22,NOROESTE3,fuera_pico_10_12,0,1.4716666666666665,5.65,28.5,271.41666666666663,15.1375
2023-02-22,NOROESTE3,pico_7_9,0,1.8583333333333334,13.95,16.666666666666668,146.33333333333334,19.875
2023-02-22,NORTE2,fuera_pico_10_12,1,0.8525,16.625,24.0,161.75,20.5
2023-02-22,NORTE2,pico_7_9,1,0.97,26.65,11.0,126.5,28.5
2023-02-22,SUR,fuera_pico_10_12,1,2.0125,25.775000000000002,16.5,186.0,32.0
2023-02-22,SUR,pico_7_9,1,2.3125,29.2125,4.25,101.75,35.875
2023-02-22,SUROESTE2,fuera_pico_10_12,1,2.045,24.575000000000003,17.25,211.5,35.25
2023-02-22,SUROESTE2,pico_7_9,1,2.6325000000000003,29.7,3.75,111.5,34.0
2023-02-23,CENTRO,fuera_pico_10_12,1,1.6400000000000001,27.35,13.5,119.0,18.29
2023-02-23,CENTRO,pico_7_9,1,1.5550000000000002,31.35,5.5,109.0,17.36
2023-02-23,NORESTE3,fuera_pico_10_12,0,1.3384999999999998,22.2,24.03333333333333,193.5,31.75
2023-02-23,NORESTE3,pico_7_9,0,1.6251666666666664,30.166666666666664,7.583333333333334,108.33333333333331,19.5
2023-02-23,NOROESTE3,fuera_pico_10_12,0,1.6533333333333333,10.766666666666666,21.833333333333336,73.66666666666667,4.4925
2023-02-23,NOROESTE3,pico_7_9,0,1.6583333333333332,18.58333333333333,12.666666666666668,44.66666666666667,6.279999999999999
2023-02-23,NORTE2,fuera_pico_10_12,1,0.775,17.2,21.5,72.0,11.75
2023-02-23,NORTE2,pico_7_9,1,0.755,19.75,16.25,81.75,8.75
2023-02-23,SUR,fuera_pico_10_12,1,1.69,22.6625,17.625,101.25,15.5
2023-02-23,SUR,pico_7_9,1,1.6875,27.5,8.25,115.625,21.5
2023-02-23,SUROESTE2,fuera_pico_10_12,1,1.605,16.925,18.0,89.25,12.75
2023-02-23,SUROESTE2,pico_7_9,1,1.5725,20.7,11.75,55.25,11.75
2023-02-24,CENTRO,fuera_pico_10_12,1,2.3550000000000004,37.7,17.5,126.0,44.96
2023-02-24,CENTRO,pico_7_9,1,1.96,32.35,3.0,83.0,36.11
2023-02-24,NORESTE3,fuera_pico_10_12,0,1.0773333333333335,14.583333333333334,33.983333333333334,82.5,29.75
2023-02-24,NORESTE3,pico_7_9,0,1.2378333333333333,23.28333333333333,9.316666666666666,74.5,26.25
2023-02-24,NOROESTE3,fuera_pico_10_12,0,1.9433333333333334,20.633333333333333,21.666666666666668,93.83333333333334,27.6
2023-02-24,NOROESTE3,pico_7_9,0,1.9899999999999998,26.733333333333327,7.333333333333334,82.16666666666667,32.6225
2023-02-24,NORTE2,fuera_pico_10_12,1,1.12,30.725,23.75,96.25,27.5
2023-02-24,NORTE2,pico_7_9,1,0.9175,33.1,6.25,86.5,25.75
2023-02-24,SUR,fuera_pico_10_12,1,1.5875,16.375,26.125,78.0,33.25
2023-02-24,SUR,pico_7_9,1,1.6749999999999998,26.225,10.625,59.75,24.125
2023-02-24,SUROESTE2,fuera_pico_10_12,1,2.3550000000000004,33.0,15.25,117.25,38.25
2023-02-24,SUROESTE2,pico_7_9,1,2.3200000000000003,30.65,4.0,100.0,39.5
2023-02-25,CENTRO,fuera_pico_10_12,1,1.77,15.600000000000001,13.0,63.5,38.21
2023-02-25,CENTRO,pico_7_9,1,1.65,12.45,7.5,63.0,30.205000000000002
2023-02-25,NORESTE3,fuera_pico_10_12,0,1.1585,12.516666666666666,18.433333333333334,56.0,24.0
2023-02-25,NORESTE3,pico_7_9,0,1.0133333333333332,11.349999999999998,15.016666666666666,45.5,15.25
2023-02-25,NOROESTE3,fuera_pico_10_12,0,1.7149999999999999,9.225,15.25,42.25,19.6475
2023-02-25,NOROESTE3,pico_7_9,0,1.63,7.466666666666668,11.5,42.83333333333333,21.655
2023-02-25,NORTE2,fuera_pico_10_12,1,0.8325,15.7,14.25,58.25,23.0
2023-02-25,NORTE2,pico_7_9,1,0.72,13.649999999999999,10.75,40.5,11.75
2023-02-25,SUR,fuera_pico_10_12,1,1.5162499999999999,10.775,14.75,56.125,20.75
2023-02-25,SUR,pico_7_9,1,1.3975,10.3625,11.375,39.875,17.625
2023-02-25,SUROESTE2,fuera_pico_10_12,1,1.81,14.125,10.5,68.0,33.25
2023-02-25,SUROESTE2,pico_7_9,1,1.635,12.475,5.5,60.75,26.75
2023-02-26,CENTRO,fuera_pico_10_12,1,1.8,13.6,9.5,69.0,34.97
2023-02-26,CENTRO,pico_7_9,1,1.67,12.3,6.5,51.5,31.895
2023-02-26,NORESTE3,fuera_pico_10_12,0,1.0703333333333331,9.016666666666666,18.666666666666664,48.5,21.75
2023-02-26,NORESTE3,pico_7_9,0,0.9864999999999999,9.45,13.516666666666666,44.5,19.75
2023-02-26,NOROESTE3,fuera_pico_10_12,0,1.7366666666666668,8.383333333333335,14.166666666666666,53.16666666666667,20.29
2023-02-26,NOROESTE3,pico_7_9,0,1.6566666666666665,7.633333333333333,10.0,48.33333333333333,27.067500000000003
2023-02-26,NORTE2,fuera_pico_10_12,1,0.7925,12.3,13.75,40.25,13.75
2023-02-26,NORTE2,pico_7_9,1,0.74,11.375,10.75,41.75,22.0
2023-02-26,SUR,fuera_pico_10_12,1,1.4316666666666666,9.7875,14.5,50.625,24.5
2023-02-26,SUR,pico_7_9,1,1.3233333333333333,9.45,12.0,37.875,20.0
2023-02-26,SUROESTE2,fuera_pico_10_12,1,1.7075,10.524999999999999,15.5,61.0,31.0
2023-02-26,SUROESTE2,pico_7_9,1,1.65,9.975000000000001,7.0,54.75,21.0
2023-02-27,CENTRO,fuera_pico_10_12,1,2.12,27.35,15.0,121.0,31.53
2023-02-27,CENTRO,pico_7_9,1,2.325,30.75,4.0,94.0,33.505
2023-02-27,NORESTE3,fuera_pico_10_12,0,1.0470000000000002,8.733333333333333,26.96666666666667,126.83333333333333,28.0
2023-02-27,NORESTE3,pico_7_9,0,1.4423333333333335,21.4,7.4833333333333325,72.66666666666666,28.0
2023-02-27,NOROESTE3,fuera_pico_10_12,0,1.6966666666666668,8.6,19.33333333333333,66.33333333333334,8.8575
2023-02-27,NOROESTE3,pico_7_9,0,1.9,19.233333333333334,7.5,61.5,21.265
2023-02-27,NORTE2,fuera_pico_10_12,1,1.0074999999999998,16.975,19.75,97.0,25.5
2023-02-27,NORTE2,pico_7_9,1,1.455,27.9,6.25,103.5,28.5
2023-02-27,SUR,fuera_pico_10_12,1,1.6316666666666666,14.2375,20.75,127.0,30.666666666666664
2023-02-27,SUR,pico_7_9,1,1.8566666666666665,25.174999999999997,5.625,83.625,29.0
2023-02-27,SUROESTE2,fuera_pico_10_12,1,2.0075000000000003,22.65,14.0,126.5,20.5
2023-02-27,SUROESTE2,pico_7_9,1,2.32,19.475,17.5,109.25,24.0
2023-02-28,CENTRO,fuera_pico_10_12,1,1.9249999999999998,24.9,25.5,114.5,26.955
2023-02-28,CENTRO,pico_7_9,1,1.96,34.95,4.5,130.5,36.75
2023-02-28,NORESTE3,fuera_pico_10_12,0,1.3375,26.233333333333334,30.03333333333333,182.33333333333331,44.5
2023-02-28,NORESTE3,pico_7_9,0,2.0389999999999997,36.18333333333333,6.5,154.83333333333331,46.75
2023-02-28,NOROESTE3,fuera_pico_10_12,0,1.873333333333333,17.016666666666666,19.833333333333332,100.83333333333331,17.4775
2023-02-28,NOROESTE3,pico_7_9,0,1.998333333333333,24.900000000000002,4.0,107.25,25.625
2023-02-28,NORTE2,fuera_pico_10_12,1,1.585,37.85,20.5,126.75,31.5
2023-02-28,NORTE2,pico_7_9,1,1.2825000000000002,34.8,4.0,142.25,31.0
2023-02-28,SUR,fuera_pico_10_12,1,1.7416666666666667,31.1875,21.125,124.125,30.5
2023-02-28,SUR,pico_7_9,1,1.9333333333333331,41.4875,6.0,104.625,36.16666666666667
2023-02-28,SUROESTE2,fuera_pico_10_12,1,1.78,17.35,24.5,122.25,25.0
2023-02-28,SUROESTE2,pico_7_9,1,2.5125,27.35,7.5,107.5,33.25
2023-03-01,CENTRO,fuera_pico_10_12,1,2.49,47.55,17.5,124.0,59.425
2023-03-01,CENTRO,pico_7_9,1,2.3499999999999996,21.3,5.0,87.5,40.150000000000006
2023-03-01,NORESTE3,fuera_pico_10_12,0,2.1399999999999997,48.25,20.0,161.75,59.0
2023-03-01,NORESTE3,pico_7_9,0,1.7171666666666667,21.0,6.1,84.83333333333334,38.0
2023-03-01,NOROESTE3,fuera_pico_10_12,0,2.2266666666666666,25.766666666666666,17.166666666666664,125.75,9.0
2023-03-01,NOROESTE3,pico_7_9,0,2.44,20.766666666666666,3.1666666666666665,98.5,33.0
2023-03-01,NORTE2,fuera_pico_10_12,1,1.7650000000000001,57.974999999999994,16.75,120.25,39.25
2023-03-01,NORTE2,pico_7_9,1,1.48,24.049999999999997,5.75,99.5,34.25
2023-03-01,SUR,fuera_pico_10_12,1,2.046666666666667,27.5375,23.125,113.875,36.5
2023-03-01,SUR,pico_7_9,1,2.2083333333333335,22.6125,4.333333333333333,110.25,37.0
2023-03-01,SUROESTE2,fuera_pico_10_12,1,1.8725,28.625,24.0,167.5,24.5
2023-03-01,SUROESTE2,pico_7_9,1,2.465,26.775000000000002,5.25,111.75,37.0
2023-03-02,CENTRO,fuera_pico_10_12,1,1.795,24.299999999999997,14.5,88.0,14.745000000000001
2023-03-02,CENTRO,pico_7_9,1,1.92,31.35,5.0,74.5,15.565000000000001
2023-03-02,NORESTE3,fuera_pico_10_12,0,1.6185,31.266666666666666,19.799999999999997,159.83333333333334,40.5
2023-03-02,NORESTE3,pico_7_9,0,1.3716666666666666,23.68333333333333,9.833333333333332,87.66666666666669,14.5
2023-03-02,NOROESTE3,fuera_pico_10_12,0,1.6133333333333333,7.433333333333334,27.5,226.0,20.815
2023-03-02,NOROESTE3,pico_7_9,0,1.6466666666666667,11.483333333333334,17.833333333333336,72.83333333333333,31.155
2023-03-02,NORTE2,fuera_pico_10_12,1,0.8099999999999999,18.15,23.0,81.0,12.5
2023-03-02,NORTE2,pico_7_9,1,1.0,22.150000000000002,13.0,62.5,14.75
2023-03-02,SUR,fuera_pico_10_12,1,1.7016666666666664,20.9,19.125,89.625,34.33333333333333
2023-03-02,SUR,pico_7_9,1,1.751666666666667,25.325000000000003,6.0,89.5,28.666666666666664
2023-03-02,SUROESTE2,fuera_pico_10_12,1,1.5924999999999998,14.325,19.0,87.75,16.25
2023-03-02,SUROESTE2,pico_7_9,1,1.6025,19.05,8.75,65.5,9.25
2023-03-03,CENTRO,fuera_pico_10_12,1,1.66,17.45,34.5,135.0,25.515
2023-03-03,CENTRO,pico_7_9,1,1.58,11.9,26.5,230.0,35.629999999999995
2023-03-03,NORESTE3,fuera_pico_10_12,0,1.0833333333333333,13.416666666666668,45.39999999999999,100.66666666666666,16.0
2023-03-03,NORESTE3,pico_7_9,0,1.2818333333333332,24.616666666666667,27.833333333333336,102.66666666666666,11.75
2023-03-03,NOROESTE3,fuera_pico_10_12,0,1.7383333333333333,16.8,33.16666666666667,117.33333333333334,15.469999999999999
2023-03-03,NOROESTE3,pico_7_9,0,1.5966666666666667,15.816666666666666,32.5,146.33333333333331,14.657499999999999
2023-03-03,NORTE2,fuera_pico_10_12,1,0.8125,28.4,30.75,102.0,16.5
2023-03-03,NORTE2,pico_7_9,1,0.7925,37.35,13.25,157.75,16.25
2023-03-03,SUR,fuera_pico_10_12,1,1.585,16.6625,33.625,128.25,15.0
2023-03-03,SUR,pico_7_9,1,1.6600000000000001,19.875,20.5,166.25,23.0
2023-03-03,SUROESTE2,fuera_pico_10_12,1,1.5925000000000002,14.925,32.25,157.5,19.75
2023-03-03,SUROESTE2,pico_7_9,1,1.7275,24.9,15.0,212.0,26.75
2023-03-04,CENTRO,fuera_pico_10_12,1,2.075,37.3,22.0,142.0,51.620000000000005
2023-03-04,CENTRO,pico_7_9,1,2.06,36.2,5.0,92.0,33.695
2023-03-04,NORESTE3,fuera_pico_10_12,0,1.1513333333333333,19.383333333333333,37.68333333333334,117.5,27.75
2023-03-04,NORESTE3,pico_7_9,0,1.4,35.43333333333334,7.766666666666666,95.33333333333334,21.75
2023-03-04,NOROESTE3,fuera_pico_10_12,0,1.9666666666666668,22.53333333333333,23.666666666666664,129.5,18.345
2023-03-04,NOROESTE3,pico_7_9,0,2.0216666666666665,31.4,5.166666666666666,111.0,18.840000000000003
2023-03-04,NORTE2,fuera_pico_10_12,1,1.0099999999999998,33.1,26.5,118.5,24.25
2023-03-04,NORTE2,pico_7_9,1,1.12,41.35,6.75,105.5,20.75
2023-03-04,SUR,fuera_pico_10_12,1,1.9349999999999998,35.325,24.5,134.75,28.0
2023-03-04,SUR,pico_7_9,1,2.065,52.2625,5.791666666666666,106.75,28.666666666666664
2023-03-04,SUROESTE2,fuera_pico_10_12,1,1.81,27.425,32.0,138.0,29.25
2023-03-04,SUROESTE2,pico_7_9,1,2.0175,27.575,14.75,106.0,31.25
2023-03-05,CENTRO,fuera_pico_10_12,1,2.285,18.55,36.5,71.0,42.36
2023-03-05,CENTRO,pico_7_9,1,2.075,21.799999999999997,13.0,53.5,23.63
2023-03-05,NORESTE3,fuera_pico_10_12,0,1.0271666666666666,10.083333333333332,37.083333333333336,49.33333333333333,21.5
2023-03-05,NORESTE3,pico_7_9,0,1.0923333333333334,15.666666666666668,23.883333333333333,42.33333333333333,11.5
2023-03-05,NOROESTE3,fuera_pico_10_12,0,1.895,16.1,31.583333333333336,69.16666666666666,14.0
2023-03-05,NOROESTE3,pico_7_9,0,1.7766666666666668,21.983333333333334,11.0,40.0,20.8675
2023-03-05,NORTE2,fuera_pico_10_12,1,0.78,17.9,29.75,60.0,25.25
2023-03-05,NORTE2,pico_7_9,1,0.6725000000000001,23.25,16.75,39.25,7.75
2023-03-05,SUR,fuera_pico_10_12,1,1.5216666666666665,13.3125,38.375,64.5,24.666666666666664
2023-03-05,SUR,pico_7_9,1,1.7133333333333334,25.924999999999997,13.875,49.5,16.833333333333336
2023-03-05,SUROESTE2,fuera_pico_10_12,1,1.92,17.924999999999997,31.25,78.5,23.75
2023-03-05,SUROESTE2,pico_7_9,1,1.8575,21.875,8.0,57.25,21.25
2023-03-06,CENTRO,fuera_pico_10_12,1,2.295,23.7,18.5,154.5,54.005
2023-03-06,CENTRO,pico_7_9,1,2.205,30.55,4.5,102.0,57.35
2023-03-06,NORESTE3,fuera_pico_10_12,0,1.248,13.7,30.799999999999997,70.83333333333334,27.0
2023-03-06,NORESTE3,pico_7_9,0,1.2425000000000002,17.95,12.383333333333333,55.0,19.0
2023-03-06,NOROESTE3,fuera_pico_10_12,0,1.9033333333333333,13.649999999999999,18.499999999999996,104.0,21.6725
2023-03-06,NOROESTE3,pico_7_9,0,1.8849999999999998,18.533333333333335,5.333333333333333,65.33333333333333,23.5675
2023-03-06,NORTE2,fuera_pico_10_12,1,1.0699999999999998,25.05,15.25,75.0,23.75
2023-03-06,NORTE2,pico_7_9,1,0.8825,20.375,9.75,51.75,20.0
2023-03-06,SUR,fuera_pico_10_12,1,1.6,17.2,25.625,105.375,32.75
2023-03-06,SUR,pico_7_9,1,1.6266666666666667,19.175,10.5,48.25,18.375
2023-03-06,SUROESTE2,fuera_pico_10_12,1,1.9024999999999999,18.775,26.5,112.5,31.75
2023-03-06,SUROESTE2,pico_7_9,1,2.025,19.05,14.25,76.75,26.5
2023-03-07,CENTRO,fuera_pico_10_12,1,2.21,21.45,14.0,118.0,58.2
2023-03-07,CENTRO,pico_7_9,1,2.13,18.45,5.5,81.0,46.57
2023-03-07,NORESTE3,fuera_pico_10_12,0,1.2551666666666665,16.7,18.15,80.5,36.75
2023-03-07,NORESTE3,pico_7_9,0,1.3391666666666666,15.391666666666666,9.8,65.41666666666667,28.25
2023-03-07,NOROESTE3,fuera_pico_10_12,0,1.8983333333333334,14.733333333333334,14.333333333333332,133.66666666666666,29.365000000000002
2023-03-07,NOROESTE3,pico_7_9,0,1.8616666666666666,16.349999999999998,3.833333333333333,93.5,30.5475
2023-03-07,NORTE2,fuera_pico_10_12,1,1.07,19.875,14.5,156.0,42.75
2023-03-07,NORTE2,pico_7_9,1,0.9125,20.075000000000003,7.75,70.25,31.25
2023-03-07,SUR,fuera_pico_10_12,1,1.7325,16.987499999999997,23.25,94.625,39.833333333333336
2023-03-07,SUR,pico_7_9,1,1.69875,19.8125,9.0,70.375,30.666666666666664
2023-03-07,SUROESTE2,fuera_pico_10_12,1,2.11,29.25,21.75,168.5,42.5
2023-03-07,SUROESTE2,pico_7_9,1,2.305,20.475,3.25,100.5,42.75
2023-03-08,CENTRO,fuera_pico_10_12,1,2.3499999999999996,23.95,6.5,90.0,60.445
2023-03-08,CENTRO,pico_7_9,1,2.15,18.8,3.5,64.5,34.595
2023-03-08,NORESTE3,fuera_pico_10_12,0,1.2121666666666666,15.1,15.133333333333333,63.166666666666664,28.25
2023-03-08,NORESTE3,pico_7_9,0,1.2699999999999996,15.583333333333332,8.516666666666667,51.16666666666666,20.5
2023-03-08,NOROESTE3,fuera_pico_10_12,0,1.9016666666666664,16.116666666666667,9.0,95.66666666666666,36.7775
2023-03-08,NOROESTE3,pico_7_9,0,1.8533333333333335,16.21666666666667,3.0,52.83333333333333,24.5
2023-03-08,NORTE2,fuera_pico_10_12,1,1.1099999999999999,21.275,10.0,72.5,37.0
2023-03-08,NORTE2,pico_7_9,1,1.1025,19.65,6.5,50.75,18.0
2023-03-08,SUR,fuera_pico_10_12,1,1.695,16.4,12.5,85.0,31.166666666666668
2023-03-08,SUR,pico_7_9,1,1.61625,16.3125,6.875,45.5,18.166666666666664
2023-03-08,SUROESTE2,fuera_pico_10_12,1,2.0625,20.625,13.5,95.25,35.0
2023-03-08,SUROESTE2,pico_7_9,1,2.065,16.275,4.375,69.5,26.25
2023-03-09,CENTRO,fuera_pico_10_12,1,1.7324044743356537,20.114870915025968,12.818848211701935,98.49490746784389,45.68169813331012
2023-03-09,CENTRO,pico_7_9,1,1.6296153846153847,10.06923076923077,11.0,53.61538461538461,33.80321428571429
2023-03-09,NORESTE3,fuera_pico_10_12,0,1.2228333333333334,14.55,18.75,59.5,28.0
2023-03-09,NORESTE3,pico_7_9,0,1.3415,18.3,10.799999999999999,50.83333333333333,22.25
2023-03-09,NOROESTE3,fuera_pico_10_12,0,1.8383333333333334,12.033333333333335,12.666666666666668,72.83333333333334,37.019999999999996
2023-03-09,NOROESTE3,pico_7_9,0,1.8566666666666665,14.799999999999999,6.333333333333334,46.5,25.8425
2023-03-09,NORTE2,fuera_pico_10_12,1,1.1175,22.799999999999997,11.5,70.5,27.5
2023-03-09,NORTE2,pico_7_9,1,0.95,19.875,7.75,45.75,18.0
2023-03-09,SUR,fuera_pico_10_12,1,1.67875,14.2625,17.75,68.25,28.0
2023-03-09,SUR,pico_7_9,1,1.61125,20.1625,8.5,44.375,23.5
2023-03-09,SUROESTE2,fuera_pico_10_12,1,2.1625,22.174999999999997,11.25,106.5,36.75
2023-03-09,SUROESTE2,pico_7_9,1,1.9675,17.200000000000003,4.25,58.0,30.5
2023-03-10,CENTRO,fuera_pico_10_12,1,2.42,37.0,12.0,99.0,53.72
2023-03-10,CENTRO,pico_7_9,1,1.95,18.75,4.0,56.5,33.91
2023-03-10,NORESTE3,fuera_pico_10_12,0,1.1781666666666668,12.25,21.5,74.0,27.0
2023-03-10,NORESTE3,pico_7_9,0,1.385,17.616666666666667,7.333333333333334,58.833333333333336,17.75
2023-03-10,NOROESTE3,fuera_pico_10_12,0,2.1916666666666664,18.366666666666667,11.833333333333334,85.0,28.7725
2023-03-10,NOROESTE3,pico_7_9,0,2.0549999999999997,17.266666666666666,3.333333333333333,58.5,25.0175
2023-03-10,NORTE2,fuera_pico_10_12,1,1.2349999999999999,24.7,13.0,96.0,26.75
2023-03-10,NORTE2,pico_7_9,1,1.23,24.375,6.25,61.5,18.0
2023-03-10,SUR,fuera_pico_10_12,1,1.7174999999999998,17.5375,20.75,86.125,23.166666666666664
2023-03-10,SUR,pico_7_9,1,1.7974999999999999,25.7125,5.125,54.375,20.333333333333336
2023-03-10,SUROESTE2,fuera_pico_10_12,1,2.2800000000000002,26.75,13.0,127.75,36.25
2023-03-10,SUROESTE2,pico_7_9,1,1.965,17.625,3.0,57.5,26.25
2023-03-11,CENTRO,fuera_pico_10_12,1,2.165,27.15,18.5,109.0,62.14
2023-03-11,CENTRO,pico_7_9,1,1.98,19.549999999999997,3.5,73.5,49.114999999999995
2023-03-11,NORESTE3,fuera_pico_10_12,0,1.2868333333333335,17.53333333333333,23.883333333333333,81.33333333333334,39.75
2023-03-11,NORESTE3,pico_7_9,0,1.3886666666666665,16.666666666666664,7.116666666666667,64.0,30.25
2023-03-11,NOROESTE3,fuera_pico_10_12,0,2.0549999999999997,14.316666666666666,16.666666666666668,83.0,23.6975
2023-03-11,NOROESTE3,pico_7_9,0,2.0683333333333334,16.9,3.5,73.83333333333333,33.335
2023-03-11,NORTE2,fuera_pico_10_12,1,1.3,25.475,16.0,103.25,34.0
2023-03-11,NORTE2,pico_7_9,1,1.2475,23.225,6.0,78.75,34.5
2023-03-11,SUR,fuera_pico_10_12,1,2.535,26.7375,21.125,106.625,46.83333333333333
2023-03-11,SUR,pico_7_9,1,2.4987500000000002,24.775,3.6666666666666665,76.25,40.33333333333333
2023-03-11,SUROESTE2,fuera_pico_10_12,1,1.9625,18.525,20.75,94.75,32.75
2023-03-11,SUROESTE2,pico_7_9,1,2.1675,18.200000000000003,3.5,93.0,40.0
2023-03-12,CENTRO,fuera_pico_10_12,1,1.5283333333333333,17.316666666666666,18.5,109.83333333333334,22.105
2023-03-12,CENTRO,pico_7_9,1,1.935,26.05,8.0,80.5,36.225
2023-03-12,NORESTE3,fuera_pico_10_12,0,1.1413333333333333,9.216666666666665,35.8,166.0,30.25
2023-03-12,NORESTE3,pico_7_9,0,1.5016666666666665,23.400000000000002,13.216666666666665,114.91666666666666,47.25
2023-03-12,NOROESTE3,fuera_pico_10_12,0,1.81,9.616666666666667,26.166666666666664,79.5,19.17
2023-03-12,NOROESTE3,pico_7_9,0,1.955,18.13333333333333,12.5,80.83333333333334,28.1275
2023-03-12,NORTE2,fuera_pico_10_12,1,0.935,17.3,30.75,90.25,25.75
2023-03-12,NORTE2,pico_7_9,1,1.385,34.875,8.0,172.75,40.0
2023-03-12,SUR,fuera_pico_10_12,1,2.3449999999999998,13.299999999999999,31.625,146.875,33.0
2023-03-12,SUR,pico_7_9,1,2.7474999999999996,36.0125,8.291666666666668,89.25,33.0
2023-03-12,SUROESTE2,fuera_pico_10_12,1,1.745,13.975,25.5,78.5,24.0
2023-03-12,SUROESTE2,pico_7_9,1,1.93,18.15,19.0,98.25,23.25
2023-03-13,CENTRO,fuera_pico_10_12,1,1.2810933667498872,8.25068442342323,22.435964338364123,36.55593467174255,18.35119767090214
2023-03-13,CENTRO,pico_7_9,1,1.8431818181818183,8.218181818181819,25.045454545454547,42.36363636363636,19.586785714285718
2023-03-13,NORESTE3,fuera_pico_10_12,0,1.1861666666666668,11.45,25.566666666666663,50.33333333333333,9.0
2023-03-13,NORESTE3,pico_7_9,0,1.259666666666667,14.266666666666667,23.200000000000003,43.66666666666667,12.5
2023-03-13,NOROESTE3,fuera_pico_10_12,0,1.92,12.8,17.0,30.666666666666668,11.24
2023-03-13,NOROESTE3,pico_7_9,0,1.845,9.233333333333333,24.83333333333333,33.666666666666664,19.535
2023-03-13,NORTE2,fuera_pico_10_12,1,0.9249999999999999,17.125,18.25,36.25,7.5
2023-03-13,NORTE2,pico_7_9,1,0.8425,16.825,20.0,37.75,12.0
2023-03-13,SUR,fuera_pico_10_12,1,2.13,10.925,21.25,43.125,12.875
2023-03-13,SUR,pico_7_9,1,2.3499999999999996,11.3,21.375,36.75,16.25
2023-03-13,SUROESTE2,fuera_pico_10_12,1,1.8725,13.975000000000001,17.75,40.5,16.0
2023-03-13,SUROESTE2,pico_7_9,1,1.795,12.45,20.0,36.0,12.75
2023-03-14,CENTRO,fuera_pico_10_12,1,2.255,20.95,11.0,27.0,13.96
2023-03-14,CENTRO,pico_7_9,1,2.085,20.45,9.0,24.0,10.555
2023-03-14,NORESTE3,fuera_pico_10_12,0,1.1958333333333333,11.266666666666666,19.866666666666667,21.0,5.5
2023-03-14,NORESTE3,pico_7_9,0,1.4313333333333333,19.383333333333333,15.05,23.083333333333336,8.5
2023-03-14,NOROESTE3,fuera_pico_10_12,0,1.8516666666666668,10.683333333333334,17.5,10.5,5.0
2023-03-14,NOROESTE3,pico_7_9,0,1.9033333333333333,11.383333333333335,15.333333333333332,23.166666666666668,14.42
2023-03-14,NORTE2,fuera_pico_10_12,1,1.0825,20.174999999999997,13.5,14.25,6.0
2023-03-14,NORTE2,pico_7_9,1,0.97,20.425,14.25,13.75,6.0
2023-03-14,SUR,fuera_pico_10_12,1,1.53875,20.75,14.5,16.625,8.0
2023-03-14,SUR,pico_7_9,1,1.525,20.3125,14.625,17.166666666666664,5.083333333333334
2023-03-14,SUROESTE2,fuera_pico_10_12,1,2.0775,16.35,13.0,20.25,9.25
2023-03-14,SUROESTE2,pico_7_9,1,1.8399999999999999,14.5,11.5,16.0,9.25
2023-03-15,CENTRO,fuera_pico_10_12,1,2.3600000000000003,19.95,9.5,27.5,10.29
2023-03-15,CENTRO,pico_7_9,1,2.1399999999999997,18.4,10.0,25.0,20.335
2023-03-15,NORESTE3,fuera_pico_10_12,0,1.3598333333333332,17.93333333333333,18.583333333333336,24.0,11.25
2023-03-15,NORESTE3,pico_7_9,0,1.3683333333333334,18.733333333333334,17.266666666666666,18.166666666666668,8.0
2023-03-15,NOROESTE3,fuera_pico_10_12,0,2.0500000000000003,17.049999999999997,10.333333333333332,13.166666666666666,12.0375
2023-03-15,NOROESTE3,pico_7_9,0,1.8433333333333333,12.066666666666666,13.166666666666666,7.833333333333334,6.75
2023-03-15,NORTE2,fuera_pico_10_12,1,1.2574999999999998,22.25,12.75,30.25,10.0
2023-03-15,NORTE2,pico_7_9,1,0.95,24.25,8.5,22.5,6.5
2023-03-15,SUR,fuera_pico_10_12,1,1.5625,12.399999999999999,17.5,19.416666666666664,7.666666666666667
2023-03-15,SUR,pico_7_9,1,1.5037500000000001,15.4375,16.125,18.958333333333336,9.833333333333334
2023-03-15,SUROESTE2,fuera_pico_10_12,1,2.08,21.075000000000003,6.75,24.75,12.75
2023-03-15,SUROESTE2,pico_7_9,1,1.8775,19.9,7.25,21.25,14.75
2023-03-16,CENTRO,fuera_pico_10_12,1,2.7,29.5,13.5,95.0,55.905
2023-03-16,CENTRO,pico_7_9,1,2.405,18.049999999999997,3.5,42.5,32.905
2023-03-16,NORESTE3,fuera_pico_10_12,0,1.2885,15.333333333333332,23.416666666666664,49.16666666666667,25.25
2023-03-16,NORESTE3,pico_7_9,0,1.3046666666666669,17.0,11.366666666666667,47.5,11.0
2023-03-16,NOROESTE3,fuera_pico_10_12,0,2.1783333333333337,13.400000000000002,18.499999999999996,60.66666666666666,9.945
2023-03-16,NOROESTE3,pico_7_9,0,1.98,13.600000000000001,7.0,30.416666666666664,5.6899999999999995
2023-03-16,NORTE2,fuera_pico_10_12,1,1.4,22.225,17.75,66.0,21.0
2023-03-16,NORTE2,pico_7_9,1,1.23,21.525,7.25,87.0,17.25
2023-03-16,SUR,fuera_pico_10_12,1,1.7374999999999998,18.8625,18.75,67.75,26.333333333333336
2023-03-16,SUR,pico_7_9,1,1.6087500000000001,17.8875,7.25,39.875,13.333333333333332
2023-03-16,SUROESTE2,fuera_pico_10_12,1,2.385,31.325000000000003,14.5,111.75,34.5
2023-03-16,SUROESTE2,pico_7_9,1,2.3225,16.95,3.0,50.5,27.0
2023-03-17,CENTRO,fuera_pico_10_12,1,1.97,14.35,20.5,81.5,19.465
2023-03-17,CENTRO,pico_7_9,1,0.8334615384615385,5.276923076923077,10.26923076923077,31.769230769230766,19.089642857142856
2023-03-17,NORESTE3,fuera_pico_10_12,0,0.78625,7.5249999999999995,30.05,57.5,10.5
2023-03-17,NORESTE3,pico_7_9,0,1.8765,6.875,23.5,93.0,14.0
2023-03-17,NOROESTE3,fuera_pico_10_12,0,1.7133333333333334,7.6,25.0,59.5,10.15
2023-03-17,NOROESTE3,pico_7_9,0,1.7399999999999998,9.85,21.5,115.66666666666666,13.6275
2023-03-17,NORTE2,fuera_pico_10_12,1,0.8500000000000001,17.425,20.0,82.0,10.25
2023-03-17,NORTE2,pico_7_9,1,0.7425,13.825,21.5,100.0,8.5
2023-03-17,SUR,fuera_pico_10_12,1,1.37625,14.35,23.625,67.0,10.666666666666668
2023-03-17,SUR,pico_7_9,1,1.335,12.929166666666667,23.0,103.0,16.333333333333336
2023-03-17,SUROESTE2,fuera_pico_10_12,1,1.7225000000000001,11.5,21.75,64.5,11.2875
2023-03-17,SUROESTE2,pico_7_9,1,1.69,8.425,22.25,99.0,11.842500000000001
2023-03-18,CENTRO,fuera_pico_10_12,1,1.9649999999999999,7.8999999999999995,31.0,34.0,8.105
2023-03-18,CENTRO,pico_7_9,1,2.01,12.55,23.5,32.0,9.05
2023-03-18,NORESTE3,fuera_pico_10_12,0,0.77,12.15,33.983333333333334,45.0,11.5
2023-03-18,NORESTE3,pico_7_9,0,0.7585,12.533333333333331,29.183333333333334,29.0,7.0
2023-03-18,NOROESTE3,fuera_pico_10_12,0,1.7183333333333333,7.300000000000001,32.166666666666664,27.833333333333336,8.9625
2023-03-18,NOROESTE3,pico_7_9,0,1.6616666666666666,7.666666666666668,27.5,19.5,9.1525
2023-03-18,NORTE2,fuera_pico_10_12,1,0.665,13.65,29.5,80.0,6.0
2023-03-18,NORTE2,pico_7_9,1,0.6625,20.6,19.25,39.25,6.25
2023-03-18,SUR,fuera_pico_10_12,1,1.46,9.0625,32.25,38.25,8.666666666666668
2023-03-18,SUR,pico_7_9,1,1.4475,12.3,25.375,24.875,6.833333333333334
2023-03-18,SUROESTE2,fuera_pico_10_12,1,1.6025,6.75,29.25,28.5,6.5
2023-03-18,SUROESTE2,pico_7_9,1,1.605,12.1,22.0,21.75,6.5
2023-03-19,CENTRO,fuera_pico_10_12,1,2.205,18.0,17.5,34.0,22.295
2023-03-19,CENTRO,pico_7_9,1,2.125,14.0,22.5,35.0,16.38
2023-03-19,NORESTE3,fuera_pico_10_12,0,0.7855,8.899999999999999,26.833333333333336,23.0,7.0
2023-03-19,NORESTE3,pico_7_9,0,0.7235,7.300000000000001,29.083333333333336,25.0,6.25
2023-03-19,NOROESTE3,fuera_pico_10_12,0,1.6883333333333332,6.199999999999999,26.5,11.5,7.9925
2023-03-19,NOROESTE3,pico_7_9,0,1.6483333333333334,4.416666666666667,29.333333333333336,10.666666666666668,6.6575
2023-03-19,NORTE2,fuera_pico_10_12,1,0.725,14.2,21.25,15.25,6.5
2023-03-19,NORTE2,pico_7_9,1,0.67,11.875,24.0,23.5,12.0
2023-03-19,SUR,fuera_pico_10_12,1,1.38875,6.7375,32.875,25.75,8.5
2023-03-19,SUR,pico_7_9,1,1.3975,10.1375,26.75,23.125,8.5
2023-03-19,SUROESTE2,fuera_pico_10_12,1,1.74,11.1,21.5,20.5,13.5
2023-03-19,SUROESTE2,pico_7_9,1,1.6800000000000002,12.225,21.5,21.25,13.0
2023-03-20,CENTRO,fuera_pico_10_12,1,2.38,12.75,16.5,28.0,22.84
2023-03-20,CENTRO,pico_7_9,1,2.29,12.25,16.0,32.5,28.505
2023-03-20,NORESTE3,fuera_pico_10_12,0,0.8895,12.133333333333333,23.933333333333334,16.666666666666664,11.5
2023-03-20,NORESTE3,pico_7_9,0,0.7635,11.283333333333335,24.7,14.5,7.75
2023-03-20,NOROESTE3,fuera_pico_10_12,0,1.935,12.516666666666666,14.833333333333332,31.0,10.32
2023-03-20,NOROESTE3,pico_7_9,0,1.8083333333333331,9.866666666666667,15.666666666666668,23.5,7.01
2023-03-20,NORTE2,fuera_pico_10_12,1,1.0175,20.35,14.0,27.25,16.75
2023-03-20,NORTE2,pico_7_9,1,0.7825,17.85,14.75,15.75,11.25
2023-03-20,SUR,fuera_pico_10_12,1,1.59375,21.025,18.0,20.375,12.0
2023-03-20,SUR,pico_7_9,1,1.42,22.6125,19.75,18.125,8.416666666666668
2023-03-20,SUROESTE2,fuera_pico_10_12,1,1.75,11.025,19.0,38.75,21.25
2023-03-20,SUROESTE2,pico_7_9,1,1.6724999999999999,12.2,13.0,32.0,23.25
2023-03-21,CENTRO,fuera_pico_10_12,1,2.735,20.299999999999997,23.0,86.5,62.96
2023-03-21,CENTRO,pico_7_9,1,2.7,22.700000000000003,4.0,90.0,80.275
2023-03-21,NORESTE3,fuera_pico_10_12,0,0.90175,11.4,31.46666666666667,51.58333333333333,28.25
2023-03-21,NORESTE3,pico_7_9,0,1.2335,24.633333333333333,7.566666666666666,65.0,29.5
2023-03-21,NOROESTE3,fuera_pico_10_12,0,2.033333333333333,12.7,20.666666666666668,57.83333333333333,21.8275
2023-03-21,NOROESTE3,pico_7_9,0,2.1166666666666663,19.050000000000004,6.666666666666666,53.0,32.43
2023-03-21,NORTE2,fuera_pico_10_12,1,1.1175,18.675,24.0,64.0,29.5
2023-03-21,NORTE2,pico_7_9,1,1.0875,24.2,10.25,57.75,27.0
2023-03-21,SUR,fuera_pico_10_12,1,1.8566666666666665,25.295833333333334,19.75,84.66666666666666,38.0
2023-03-21,SUR,pico_7_9,1,1.97375,35.475,6.25,71.875,40.333333333333336
2023-03-21,SUROESTE2,fuera_pico_10_12,1,2.205,23.1,16.0,112.75,52.0
2023-03-21,SUROESTE2,pico_7_9,1,2.3475,19.475,4.75,72.0,45.75
2023-03-22,CENTRO,fuera_pico_10_12,1,3.1950000000000003,30.400000000000002,14.5,98.0,63.64
2023-03-22,CENTRO,pico_7_9,1,2.925,22.0,4.0,66.5,42.22
2023-03-22,NORESTE3,fuera_pico_10_12,0,0.9592499999999999,15.35,23.416666666666664,75.33333333333333,35.75
2023-03-22,NORESTE3,pico_7_9,0,1.29175,21.46666666666667,6.05,76.83333333333334,23.25
2023-03-22,NOROESTE3,fuera_pico_10_12,0,2.1449999999999996,16.016666666666666,15.333333333333334,79.16666666666666,26.627499999999998
2023-03-22,NOROESTE3,pico_7_9,0,2.286666666666666,19.466666666666665,3.0,68.0,35.28
2023-03-22,NORTE2,fuera_pico_10_12,1,1.335,27.0,13.0,95.0,42.0
2023-03-22,NORTE2,pico_7_9,1,1.51,27.25,6.0,73.0,19.5
2023-03-22,SUR,fuera_pico_10_12,1,1.83875,18.9125,19.5,87.75,38.75
2023-03-22,SUR,pico_7_9,1,2.075,26.137500000000003,5.375,72.0,27.5
2023-03-22,SUROESTE2,fuera_pico_10_12,1,2.495,37.45,17.25,193.0,59.25
2023-03-22,SUROESTE2,pico_7_9,1,2.7199999999999998,27.375,3.5,78.0,35.25
2023-03-23,CENTRO,fuera_pico_10_12,1,2.605,30.35,13.0,86.5,54.62850697417373
2023-03-23,CENTRO,pico_7_9,1,2.2199999999999998,17.7,7.5,67.0,43.34583954728822
2023-03-23,NORESTE3,fuera_pico_10_12,0,0.94875,13.2,23.78333333333333,66.33333333333333,33.75
2023-03-23,NORESTE3,pico_7_9,0,0.98725,14.15,14.433333333333334,59.33333333333333,22.5
2023-03-23,NOROESTE3,fuera_pico_10_12,0,2.206666666666666,17.25,15.666666666666664,93.5,30.042499999999997
2023-03-23,NOROESTE3,pico_7_9,0,1.9650000000000003,13.533333333333333,8.166666666666668,61.666666666666664,29.285
2023-03-23,NORTE2,fuera_pico_10_12,1,1.2574999999999998,20.275,19.5,79.0,30.75
2023-03-23,NORTE2,pico_7_9,1,1.0574999999999999,17.125,13.25,51.0,25.25
2023-03-23,SUR,fuera_pico_10_12,1,1.68125,15.912500000000001,20.125,79.375,33.75
2023-03-23,SUR,pico_7_9,1,1.5387499999999998,18.6875,10.0,52.25,27.625
2023-03-23,SUROESTE2,fuera_pico_10_12,1,2.2225,24.075,16.5,120.75,47.75
2023-03-23,SUROESTE2,pico_7_9,1,2.0475,18.55,3.75,75.75,37.0
2023-03-24,CENTRO,fuera_pico_10_12,1,3.0,48.400000000000006,17.5,164.0,44.5
2023-03-24,CENTRO,pico_7_9,1,2.715,26.450000000000003,4.5,84.5,48.0
2023-03-24,NORESTE3,fuera_pico_10_12,0,0.91975,13.833333333333332,29.616666666666667,123.75,30.0
2023-03-24,NORESTE3,pico_7_9,0,1.3725,22.5,6.816666666666666,82.83333333333334,27.75
2023-03-24,NOROESTE3,fuera_pico_10_12,0,1.8249999999999997,6.883333333333333,33.166666666666664,165.49999999999997,66.9125
2023-03-24,NOROESTE3,pico_7_9,0,2.5816666666666666,16.05,11.166666666666668,87.0,38.43
2023-03-24,NORTE2,fuera_pico_10_12,1,1.08,22.3,24.5,104.25,19.75
2023-03-24,NORTE2,pico_7_9,1,1.6,25.8,6.0,96.5,29.25
2023-03-24,SUR,fuera_pico_10_12,1,1.765,21.2125,26.875,134.5,26.666666666666668
2023-03-24,SUR,pico_7_9,1,2.26375,29.3875,4.5,100.0,35.83333333333333
2023-03-24,SUROESTE2,fuera_pico_10_12,1,1.7,11.05,30.25,566.75,56.75
2023-03-24,SUROESTE2,pico_7_9,1,2.8175,27.75,3.0,128.75,32.5
2023-03-25,CENTRO,fuera_pico_10_12,1,1.98,8.85,39.5,78.0,10.885
2023-03-25,CENTRO,pico_7_9,1,2.16,27.2,13.5,65.0,14.344999999999999
2023-03-25,NORESTE3,fuera_pico_10_12,0,0.70475,7.1,43.53333333333333,84.33333333333334,10.25
2023-03-25,NORESTE3,pico_7_9,0,0.75,9.816666666666666,35.21666666666667,60.166666666666664,7.5
2023-03-25,NOROESTE3,fuera_pico_10_12,0,1.8766666666666667,9.8,33.33333333333333,60.166666666666664,8.657499999999999
2023-03-25,NOROESTE3,pico_7_9,0,1.9549999999999998,17.6,16.5,72.16666666666667,7.6675
2023-03-25,NORTE2,fuera_pico_10_12,1,0.7874999999999999,15.0,34.5,104.0,12.0
2023-03-25,NORTE2,pico_7_9,1,0.7925,18.35,23.25,59.75,6.25
2023-03-25,SUR,fuera_pico_10_12,1,1.43625,7.6875,40.875,93.625,9.916666666666668
2023-03-25,SUR,pico_7_9,1,1.4649999999999999,13.1375,28.125,55.25,8.666666666666668
2023-03-25,SUROESTE2,fuera_pico_10_12,1,1.6775,8.975,36.0,61.0,10.75
2023-03-25,SUROESTE2,pico_7_9,1,1.8175,20.674999999999997,15.0,57.75,15.75
2023-03-26,CENTRO,fuera_pico_10_12,1,2.46,23.1,21.5,85.0,47.96
2023-03-26,CENTRO,pico_7_9,1,2.335,22.95,9.0,69.5,36.05500000000001
2023-03-26,NORESTE3,fuera_pico_10_12,0,0.9299999999999999,10.216666666666667,33.06666666666667,71.66666666666666,32.75
2023-03-26,NORESTE3,pico_7_9,0,0.7558333333333334,10.116666666666667,15.100000000000001,59.66666666666666,32.75
2023-03-26,NOROESTE3,fuera_pico_10_12,0,2.0716666666666663,13.833333333333334,23.333333333333336,68.16666666666666,9.7725
2023-03-26,NOROESTE3,pico_7_9,0,2.083333333333333,16.166666666666664,7.0,65.5,30.2775
2023-03-26,NORTE2,fuera_pico_10_12,1,1.0,15.375,26.25,88.0,27.0
2023-03-26,NORTE2,pico_7_9,1,0.96,18.4,7.75,80.25,29.0
2023-03-26,SUR,fuera_pico_10_12,1,1.5816666666666666,14.087499999999999,28.125,78.625,37.5
2023-03-26,SUR,pico_7_9,1,1.4041666666666668,20.1625,11.0,68.375,35.33333333333333
2023-03-26,SUROESTE2,fuera_pico_10_12,1,1.8199999999999998,13.475000000000001,30.25,63.75,22.5
2023-03-26,SUROESTE2,pico_7_9,1,1.8075,15.7,16.0,52.0,20.5
2023-03-27,CENTRO,fuera_pico_10_12,1,2.615,19.6,11.0,43.0,49.535
2023-03-27,CENTRO,pico_7_9,1,2.5949999999999998,21.8,6.0,63.5,47.745
2023-03-27,NORESTE3,fuera_pico_10_12,0,1.04375,12.583333333333332,15.5,85.83333333333334,30.25
2023-03-27,NORESTE3,pico_7_9,0,1.02125,15.933333333333334,8.999999999999998,74.16666666666666,29.5
2023-03-27,NOROESTE3,fuera_pico_10_12,0,2.166666666666667,13.55,14.833333333333332,81.5,26.49
2023-03-27,NOROESTE3,pico_7_9,0,2.1566666666666663,15.966666666666665,5.0,64.83333333333333,32.32
2023-03-27,NORTE2,fuera_pico_10_12,1,1.0975,18.375,14.0,97.25,28.362499999999997
2023-03-27,NORTE2,pico_7_9,1,1.28,22.525,7.75,93.0,33.45
2023-03-27,SUR,fuera_pico_10_12,1,1.5933333333333335,10.75,16.875,58.75,28.0
2023-03-27,SUR,pico_7_9,1,1.67,21.4375,8.0,69.25,37.0
2023-03-27,SUROESTE2,fuera_pico_10_12,1,2.2824999999999998,24.525,12.25,136.75,45.75
2023-03-27,SUROESTE2,pico_7_9,1,2.13,22.2,8.25,65.25,28.25
2023-03-28,CENTRO,fuera_pico_10_12,1,3.035,11.75,10.5,60.5,26.42
2023-03-28,CENTRO,pico_7_9,1,2.98,13.25,7.0,65.0,41.09
2023-03-28,NORESTE3,fuera_pico_10_12,0,0.9157500000000001,10.483333333333334,18.200000000000003,54.16666666666666,19.5
2023-03-28,NORESTE3,pico_7_9,0,0.9675,12.533333333333333,11.216666666666667,61.16666666666667,26.0
2023-03-28,NOROESTE3,fuera_pico_10_12,0,1.9449999999999994,6.583333333333334,14.666666666666666,54.16666666666667,27.817500000000003
2023-03-28,NOROESTE3,pico_7_9,0,1.9316666666666666,8.466666666666667,12.0,55.0,31.049999999999997
2023-03-28,NORTE2,fuera_pico_10_12,1,1.0499999999999998,14.5,11.75,50.5,13.0
2023-03-28,NORTE2,pico_7_9,1,1.0499999999999998,17.299999999999997,8.0,58.75,26.25
2023-03-28,SUR,fuera_pico_10_12,1,1.5066666666666668,11.0625,15.875,46.875,20.333333333333336
2023-03-28,SUR,pico_7_9,1,1.4449999999999998,11.1875,11.125,57.125,27.416666666666664
2023-03-28,SUROESTE2,fuera_pico_10_12,1,1.9725000000000001,9.325,14.0,55.25,19.5
2023-03-28,SUROESTE2,pico_7_9,1,1.985,14.6,6.0,67.0,30.75
2023-03-29,CENTRO,fuera_pico_10_12,1,3.25,37.5,8.0,58.0,46.69
2023-03-29,CENTRO,pico_7_9,1,2.925,24.7,17.0,62.0,42.260000000000005
2023-03-29,NORESTE3,fuera_pico_10_12,0,1.1096666666666666,15.55,30.633333333333333,47.83333333333333,21.75
2023-03-29,NORESTE3,pico_7_9,0,1.1148333333333333,23.0,16.78333333333333,40.333333333333336,16.5
2023-03-29,NOROESTE3,fuera_pico_10_12,0,2.208333333333333,19.333333333333332,18.833333333333336,35.0,19.39
2023-03-29,NOROESTE3,pico_7_9,0,2.043333333333333,17.75,20.833333333333336,33.49999999999999,24.5575
2023-03-29,NORTE2,fuera_pico_10_12,1,1.135,32.35,16.5,43.5,23.5
2023-03-29,NORTE2,pico_7_9,1,0.97,30.025,18.0,54.0,17.5
2023-03-29,SUR,fuera_pico_10_12,1,1.8033333333333332,28.4625,18.375,45.375,21.0
2023-03-29,SUR,pico_7_9,1,1.751666666666667,25.5125,15.25,46.125,28.083333333333332
2023-03-29,SUROESTE2,fuera_pico_10_12,1,2.365,27.900000000000002,10.25,44.25,26.5
2023-03-29,SUROESTE2,pico_7_9,1,2.14,22.925,14.0,50.25,26.75
2023-03-30,CENTRO,fuera_pico_10_12,1,3.605,31.6,8.0,80.0,58.455
2023-03-30,CENTRO,pico_7_9,1,3.35,27.35,4.5,57.0,47.980000000000004
2023-03-30,NORESTE3,fuera_pico_10_12,0,1.4358333333333335,23.78333333333333,18.183333333333334,70.66666666666666,35.75
2023-03-30,NORESTE3,pico_7_9,0,1.2416666666666667,19.333333333333336,12.983333333333334,35.33333333333333,30.25
2023-03-30,NOROESTE3,fuera_pico_10_12,0,2.6616666666666666,25.5,5.5,74.33333333333334,19.375
2023-03-30,NOROESTE3,pico_7_9,0,2.2283333333333335,20.266666666666666,3.5,42.16666666666667,22.725
2023-03-30,NORTE2,fuera_pico_10_12,1,1.4675,33.05,9.25,116.75,35.5
2023-03-30,NORTE2,pico_7_9,1,2.035,34.65,8.0,159.5,44.0
2023-03-30,SUR,fuera_pico_10_12,1,1.8433333333333333,20.4375,17.625,52.75,29.5
2023-03-30,SUR,pico_7_9,1,1.9983333333333335,23.8,7.25,47.0,30.499999999999993
2023-03-30,SUROESTE2,fuera_pico_10_12,1,2.4450000000000003,24.675,8.75,76.75,33.75
2023-03-30,SUROESTE2,pico_7_9,1,2.45,22.950000000000003,3.25,67.5,34.75
2023-03-31,CENTRO,fuera_pico_10_12,1,3.755,36.25,18.0,115.0,62.015
2023-03-31,CENTRO,pico_7_9,1,3.86,23.2,4.0,95.0,65.88499999999999
2023-03-31,NORESTE3,fuera_pico_10_12,0,1.3243333333333331,21.78333333333333,24.266666666666666,102.66666666666666,39.0
2023-03-31,NORESTE3,pico_7_9,0,2.4035,25.683333333333334,7.1499999999999995,135.83333333333331,44.75
2023-03-31,NOROESTE3,fuera_pico_10_12,0,2.618333333333333,25.25,13.333333333333332,103.83333333333334,35.989999999999995
2023-03-31,NOROESTE3,pico_7_9,0,2.8083333333333336,20.383333333333333,2.5,81.66666666666666,31.36
2023-03-31,NORTE2,fuera_pico_10_12,1,1.585,34.425,17.25,127.0,35.5
2023-03-31,NORTE2,pico_7_9,1,2.2874999999999996,26.575000000000003,7.0,124.5,39.5
2023-03-31,SUR,fuera_pico_10_12,1,2.09,28.6625,21.0,109.875,42.5
2023-03-31,SUR,pico_7_9,1,2.5316666666666663,31.650000000000002,3.25,134.625,59.16666666666667
2023-03-31,SUROESTE2,fuera_pico_10_12,1,2.635,32.8,21.5,142.25,45.25
2023-03-31,SUROESTE2,pico_7_9,1,3.1500000000000004,22.4,2.0,114.0,50.0
2023-04-01,CENTRO,fuera_pico_10_12,1,3.265,18.5,23.0,102.5,38.465
2023-04-01,CENTRO,pico_7_9,1,3.3,18.2,4.0,77.0,51.549375000000005
2023-04-01,NORESTE3,fuera_pico_10_12,0,1.0418333333333334,10.233333333333333,24.85,87.33333333333334,27.0
2023-04-01,NORESTE3,pico_7_9,0,1.3196666666666668,18.03333333333333,7.35,78.33333333333333,28.75
2023-04-01,NOROESTE3,fuera_pico_10_12,0,2.3083333333333336,12.133333333333335,22.33333333333333,97.0,24.39
2023-04-01,NOROESTE3,pico_7_9,0,2.59,20.699999999999996,3.1666666666666665,78.33333333333333,30.401428571428575
2023-04-01,NORTE2,fuera_pico_10_12,1,1.0825,16.875,21.75,137.0,16.75
2023-04-01,NORTE2,pico_7_9,1,1.5,23.15,6.25,105.25,30.75
2023-04-01,SUR,fuera_pico_10_12,1,1.71625,13.525,21.75,78.875,27.235
2023-04-01,SUR,pico_7_9,1,1.935,23.45,6.833333333333334,75.5,34.25
2023-04-01,SUROESTE2,fuera_pico_10_12,1,2.205,17.0,24.5,94.5,27.5
2023-04-01,SUROESTE2,pico_7_9,1,2.3525,23.5,3.0,81.0,31.75
2023-04-02,CENTRO,fuera_pico_10_12,1,3.1950000000000003,15.85,11.0,57.5,43.265
2023-04-02,CENTRO,pico_7_9,1,3.065,10.5,8.5,54.5,32.445
2023-04-02,NORESTE3,fuera_pico_10_12,0,1.1035,8.183333333333334,20.866666666666667,48.16666666666667,26.75
2023-04-02,NORESTE3,pico_7_9,0,1.0581666666666667,7.949999999999999,14.616666666666667,40.5,20.0
2023-04-02,NOROESTE3,fuera_pico_10_12,0,2.2416666666666667,8.033333333333333,16.833333333333336,60.0,34.785
2023-04-02,NOROESTE3,pico_7_9,0,2.0266666666666664,6.566666666666666,9.666666666666668,34.33333333333333,16.122500000000002
2023-04-02,NORTE2,fuera_pico_10_12,1,0.9924999999999999,9.274999999999999,19.5,41.0,17.5
2023-04-02,NORTE2,pico_7_9,1,0.8725,9.774999999999999,12.0,43.75,24.75
2023-04-02,SUR,fuera_pico_10_12,1,1.66375,8.037500000000001,17.875,47.0,27.5
2023-04-02,SUR,pico_7_9,1,1.6075,12.3,11.75,32.75,21.130833333333335
2023-04-02,SUROESTE2,fuera_pico_10_12,1,1.955,12.2,13.5,62.0,30.75
2023-04-02,SUROESTE2,pico_7_9,1,1.8975,11.5,6.25,54.5,26.25
2023-04-03,CENTRO,fuera_pico_10_12,1,3.4050000000000002,30.5,23.5,92.5,41.855
2023-04-03,CENTRO,pico_7_9,1,3.575,22.55,4.5,71.5,45.295
2023-04-03,NORESTE3,fuera_pico_10_12,0,1.2748333333333335,17.4,30.93333333333333,99.83333333333331,41.75
2023-04-03,NORESTE3,pico_7_9,0,1.4343333333333332,20.18333333333333,7.699999999999999,97.66666666666666,32.25
2023-04-03,NOROESTE3,fuera_pico_10_12,0,2.3116666666666665,14.483333333333334,24.83333333333333,72.0,24.125
2023-04-03,NOROESTE3,pico_7_9,0,2.606666666666667,17.68333333333333,6.25,82.83333333333334,29.64
2023-04-03,NORTE2,fuera_pico_10_12,1,1.615,35.400000000000006,21.0,96.75,32.5
2023-04-03,NORTE2,pico_7_9,1,1.4525000000000001,23.375,8.5,78.5,29.0
2023-04-03,SUR,fuera_pico_10_12,1,1.9125,22.85,27.5,89.875,40.5
2023-04-03,SUR,pico_7_9,1,2.2350000000000003,22.887500000000003,6.0,111.125,53.75
2023-04-03,SUROESTE2,fuera_pico_10_12,1,2.0975,22.925,26.25,91.25,29.25
2023-04-03,SUROESTE2,pico_7_9,1,2.4175,22.174999999999997,10.75,89.75,31.0
2023-04-04,CENTRO,fuera_pico_10_12,1,4.4,46.2,7.0,144.5,63.235
2023-04-04,CENTRO,pico_7_9,1,3.575,19.85,3.5,76.0,46.89
2023-04-04,NORESTE3,fuera_pico_10_12,0,1.4415,24.633333333333333,16.25,99.5,42.0
2023-04-04,NORESTE3,pico_7_9,0,1.3226666666666667,21.383333333333333,10.083333333333336,76.66666666666667,35.0
2023-04-04,NOROESTE3,fuera_pico_10_12,0,2.748333333333333,24.7,13.0,136.16666666666669,29.240000000000002
2023-04-04,NOROESTE3,pico_7_9,0,2.4783333333333335,18.666666666666664,4.5,106.5,34.22
2023-04-04,NORTE2,fuera_pico_10_12,1,1.6749999999999998,36.575,9.5,149.75,45.0
2023-04-04,NORTE2,pico_7_9,1,1.3850000000000002,28.1,5.75,97.25,32.25
2023-04-04,SUR,fuera_pico_10_12,1,2.1375,23.7125,13.375,111.25,48.5
2023-04-04,SUR,pico_7_9,1,1.8650000000000002,24.4125,8.0,75.0,41.5
2023-04-04,SUROESTE2,fuera_pico_10_12,1,3.6025,54.5,8.75,212.5,49.75
2023-04-04,SUROESTE2,pico_7_9,1,2.575,25.275,9.0,92.5,33.0
2023-04-05,CENTRO,fuera_pico_10_12,1,4.195,34.55,23.0,173.5,84.515
2023-04-05,CENTRO,pico_7_9,1,4.0,34.25,5.0,103.5,60.230000000000004
2023-04-05,NORESTE3,fuera_pico_10_12,0,1.0616666666666668,14.55,27.9,123.99999999999999,47.0
2023-04-05,NORESTE3,pico_7_9,0,1.2454999999999998,18.266666666666666,11.416666666666666,83.33333333333334,37.25
2023-04-05,NOROESTE3,fuera_pico_10_12,0,2.341666666666667,14.066666666666666,24.166666666666664,125.83333333333333,11.14
2023-04-05,NOROESTE3,pico_7_9,0,2.728333333333333,26.016666666666666,3.75,159.16666666666669,54.629999999999995
2023-04-05,NORTE2,fuera_pico_10_12,1,1.4125,29.150000000000002,20.25,156.75,38.0
2023-04-05,NORTE2,pico_7_9,1,1.505,28.775,6.0,122.75,48.0
2023-04-05,SUR,fuera_pico_10_12,1,1.81875,17.6375,27.375,116.0,45.08
2023-04-05,SUR,pico_7_9,1,2.1725,25.775,6.25,109.75,48.165000000000006
2023-04-05,SUROESTE2,fuera_pico_10_12,1,2.39,28.400000000000002,28.0,191.0,37.75
2023-04-05,SUROESTE2,pico_7_9,1,2.71,36.300000000000004,4.0,141.0,45.75
2023-04-06,CENTRO,fuera_pico_10_12,1,3.415,28.3,19.0,53.0,26.715
2023-04-06,CENTRO,pico_7_9,1,3.285,26.35,15.0,47.0,23.84
2023-04-06,NORESTE3,fuera_pico_10_12,0,0.9038333333333333,10.166666666666668,34.68333333333334,34.5,9.25
2023-04-06,NORESTE3,pico_7_9,0,0.9493333333333334,16.683333333333334,25.1,32.83333333333333,11.5
2023-04-06,NOROESTE3,fuera_pico_10_12,0,2.0649999999999995,15.833333333333332,23.5,36.666666666666664,13.4725
2023-04-06,NOROESTE3,pico_7_9,0,2.0716666666666663,16.083333333333336,19.0,29.25,14.8625
2023-04-06,NORTE2,fuera_pico_10_12,1,0.9675,22.175,24.0,80.7875,15.405000000000001
2023-04-06,NORTE2,pico_7_9,1,0.8300000000000001,22.85,19.75,27.4,6.9425
2023-04-06,SUR,fuera_pico_10_12,1,1.69375,19.2125,26.375,43.5,15.17125
2023-04-06,SUR,pico_7_9,1,1.65,28.6,18.875,38.125,12.8825
2023-04-06,SUROESTE2,fuera_pico_10_12,1,2.0300000000000002,16.85,23.0,51.0,26.53
2023-04-06,SUROESTE2,pico_7_9,1,2.075,21.924999999999997,14.25,47.25,20.7925
2023-04-07,CENTRO,fuera_pico_10_12,1,3.45,18.2,18.5,46.5,17.130000000000003
2023-04-07,CENTRO,pico_7_9,1,3.2800000000000002,16.2,18.0,45.0,12.935
2023-04-07,NORESTE3,fuera_pico_10_12,0,0.8296666666666667,8.983333333333333,25.200000000000003,20.0,6.75
2023-04-07,NORESTE3,pico_7_9,0,0.7956666666666666,9.666666666666668,24.68333333333333,22.333333333333336,13.25
2023-04-07,NOROESTE3,fuera_pico_10_12,0,1.5916666666666668,11.55,20.83333333333333,34.0,8.844999999999999
2023-04-07,NOROESTE3,pico_7_9,0,1.4833333333333334,12.216666666666665,18.83333333333333,28.0,11.145
2023-04-07,NORTE2,fuera_pico_10_12,1,0.9175,16.15,20.5,31.77,7.875
2023-04-07,NORTE2,pico_7_9,1,0.7825,19.425,19.25,27.8125,6.17
2023-04-07,SUR,fuera_pico_10_12,1,1.6524999999999999,18.987499999999997,20.0,32.0,9.746666666666666
2023-04-07,SUR,pico_7_9,1,1.5325,17.25,20.0,28.5,7.0441666666666665
2023-04-07,SUROESTE2,fuera_pico_10_12,1,2.0475000000000003,17.325,18.25,44.25,16.7225
2023-04-07,SUROESTE2,pico_7_9,1,2.0275,15.024999999999999,16.25,29.0,10.3475
2023-04-08,CENTRO,fuera_pico_10_12,1,3.5,18.35,8.0,40.0,28.815
2023-04-08,CENTRO,pico_7_9,1,3.175,13.8,9.5,25.5,12.01
2023-04-08,NORESTE3,fuera_pico_10_12,0,0.8668333333333333,7.916666666666665,20.78333333333333,21.833333333333336,10.25
2023-04-08,NORESTE3,pico_7_9,0,0.8456666666666667,9.15,15.033333333333333,17.666666666666668,6.0
2023-04-08,NOROESTE3,fuera_pico_10_12,0,1.7916666666666667,10.733333333333333,10.5,19.0,9.615
2023-04-08,NOROESTE3,pico_7_9,0,1.6166666666666667,9.933333333333334,10.0,8.0,9.09625
2023-04-08,NORTE2,fuera_pico_10_12,1,1.0325,13.05,13.0,53.8375,11.3575
2023-04-08,NORTE2,pico_7_9,1,0.845,13.475,11.75,13.23,6.6575
2023-04-08,SUR,fuera_pico_10_12,1,1.8,15.2375,14.875,23.875,11.1275
2023-04-08,SUR,pico_7_9,1,1.5633333333333332,21.0125,11.375,18.125,8.8525
2023-04-08,SUROESTE2,fuera_pico_10_12,1,2.045,13.075,9.75,40.5,23.8825
2023-04-08,SUROESTE2,pico_7_9,1,2.0375,13.775,6.5,19.5,11.29
2023-04-09,CENTRO,fuera_pico_10_12,1,3.29,14.25,16.0,20.5,8.785
2023-04-09,CENTRO,pico_7_9,1,3.2350000000000003,10.4,15.5,31.5,16.575000000000003
2023-04-09,NORESTE3,fuera_pico_10_12,0,0.8923333333333332,10.283333333333331,22.5,16.666666666666668,6.0
2023-04-09,NORESTE3,pico_7_9,0,0.8643333333333333,9.0,20.516666666666666,16.5,6.75
2023-04-09,NOROESTE3,fuera_pico_10_12,0,1.6516666666666668,8.0,18.166666666666664,11.833333333333332,6.475
2023-04-09,NOROESTE3,pico_7_9,0,1.6116666666666668,8.816666666666666,16.666666666666664,17.166666666666668,16.155
2023-04-09,NORTE2,fuera_pico_10_12,1,0.9450000000000001,15.375,17.25,16.905,7.185
2023-04-09,NORTE2,pico_7_9,1,0.875,14.774999999999999,16.5,16.2325,6.4725
2023-04-09,SUR,fuera_pico_10_12,1,1.5916666666666668,12.5875,22.5,19.291666666666664,7.464166666666666
2023-04-09,SUR,pico_7_9,1,1.5483333333333333,16.8625,20.25,14.125,6.833333333333334
2023-04-09,SUROESTE2,fuera_pico_10_12,1,1.865,11.825,15.5,14.0,8.147499999999999
2023-04-09,SUROESTE2,pico_7_9,1,1.9,13.399999999999999,11.25,21.5,15.5475
2023-04-10,CENTRO,fuera_pico_10_12,1,3.4699999999999998,13.5,16.5,21.5,6.24
2023-04-10,CENTRO,pico_7_9,1,3.425,17.45,7.5,16.5,3.025
2023-04-10,NORESTE3,fuera_pico_10_12,0,1.056,12.516666666666666,20.966666666666665,20.5,7.25
2023-04-10,NORESTE3,pico_7_9,0,1.1086666666666667,15.766666666666666,16.549999999999997,17.0,4.5
2023-04-10,NOROESTE3,fuera_pico_10_12,0,1.775,9.916666666666666,16.833333333333332,7.666666666666667,3.3899999999999997
2023-04-10,NOROESTE3,pico_7_9,0,1.8333333333333333,9.716666666666669,15.166666666666666,6.166666666666667,2.1066666666666665
2023-04-10,NORTE2,fuera_pico_10_12,1,0.9724999999999999,14.7,19.75,11.719999999999999,6.98
2023-04-10,NORTE2,pico_7_9,1,1.1524999999999999,20.975,10.0,12.7925,6.015000000000001
2023-04-10,SUR,fuera_pico_10_12,1,1.6466666666666667,9.675,21.25,18.83333333333333,5.035833333333333
2023-04-10,SUR,pico_7_9,1,1.6749999999999998,17.15,12.5,15.458333333333334,4.166666666666666
2023-04-10,SUROESTE2,fuera_pico_10_12,1,2.0175,11.825,15.75,15.5,6.855
2023-04-10,SUROESTE2,pico_7_9,1,1.895,13.75,10.0,14.25,5.9475
2023-04-11,CENTRO,fuera_pico_10_12,1,3.81,30.1,12.0,71.0,41.14
2023-04-11,CENTRO,pico_7_9,1,3.465,18.950000000000003,8.0,39.5,20.175
2023-04-11,NORESTE3,fuera_pico_10_12,0,1.0291666666666666,17.200000000000003,24.75,32.5,19.25
2023-04-11,NORESTE3,pico_7_9,0,1.1498333333333333,23.733333333333334,9.0,30.33333333333333,13.0
2023-04-11,NOROESTE3,fuera_pico_10_12,0,1.8916666666666666,16.383333333333333,18.166666666666668,44.33333333333333,35.14
2023-04-11,NOROESTE3,pico_7_9,0,1.8466666666666667,21.016666666666666,6.833333333333334,25.33333333333333,15.509999999999998
2023-04-11,NORTE2,fuera_pico_10_12,1,1.3125,30.450000000000003,14.5,66.9725,24.8275
2023-04-11,NORTE2,pico_7_9,1,1.1275,27.375,7.25,27.927500000000002,11.25
2023-04-11,SUR,fuera_pico_10_12,1,1.6966666666666668,15.424999999999999,22.0,34.625,15.202916666666667
2023-04-11,SUR,pico_7_9,1,1.7883333333333333,24.3625,8.125,31.625,18.07375
2023-04-11,SUROESTE2,fuera_pico_10_12,1,2.2825,22.05,17.0,66.75,29.270000000000003
2023-04-11,SUROESTE2,pico_7_9,1,2.065,17.575,10.0,41.0,23.244999999999997
2023-04-12,CENTRO,fuera_pico_10_12,1,3.49,20.15,26.0,68.5,34.595
2023-04-12,CENTRO,pico_7_9,1,3.425,23.6,14.0,53.0,28.6
2023-04-12,NORESTE3,fuera_pico_10_12,0,0.9863333333333333,12.016666666666666,39.516666666666666,57.5,21.5
2023-04-12,NORESTE3,pico_7_9,0,1.0911666666666666,22.549999999999997,20.65,75.66666666666666,20.75
2023-04-12,NOROESTE3,fuera_pico_10_12,0,1.8816666666666666,14.8,27.499999999999996,60.83333333333333,37.475
2023-04-12,NOROESTE3,pico_7_9,0,1.7533333333333334,17.916666666666668,13.833333333333332,43.5,24.630000000000003
2023-04-12,NORTE2,fuera_pico_10_12,1,1.1974999999999998,22.45,28.75,86.50999999999999,26.877499999999998
2023-04-12,NORTE2,pico_7_9,1,1.0425,30.525,11.25,55.145,17.66
2023-04-12,SUR,fuera_pico_10_12,1,1.7225000000000001,9.291666666666666,37.04166666666667,43.75,10.2175
2023-04-12,SUR,pico_7_9,1,1.8375,17.575000000000003,18.375,42.625,15.693750000000001
2023-04-12,SUROESTE2,fuera_pico_10_12,1,2.0300000000000002,17.4,26.0,60.5,23.7725
2023-04-12,SUROESTE2,pico_7_9,1,1.9575,14.350000000000001,18.0,38.75,17.2625
2023-04-13,CENTRO,fuera_pico_10_12,1,3.805,28.45,24.5,86.5,41.06
2023-04-13,CENTRO,pico_7_9,1,3.455,25.8,10.5,74.0,34.985
2023-04-13,NORESTE3,fuera_pico_10_12,0,0.9826666666666668,15.1,35.199999999999996,53.5,17.0
2023-04-13,NORESTE3,pico_7_9,0,1.0703333333333331,22.316666666666663,19.733333333333334,62.666666666666664,15.75
2023-04-13,NOROESTE3,fuera_pico_10_12,0,1.8816666666666666,14.816666666666665,26.333333333333336,47.33333333333333,19.15
2023-04-13,NOROESTE3,pico_7_9,0,1.8583333333333334,18.716666666666665,10.833333333333332,40.16666666666667,20.115000000000002
2023-04-13,NORTE2,fuera_pico_10_12,1,1.0775000000000001,24.275,29.0,66.235,16.8225
2023-04-13,NORTE2,pico_7_9,1,1.0425,25.05,16.75,49.06,10.9125
2023-04-13,SUR,fuera_pico_10_12,1,1.7974999999999999,13.725,34.375,56.25,14.078333333333333
2023-04-13,SUR,pico_7_9,1,1.76,22.5625,19.375,45.375,12.662916666666666
2023-04-13,SUROESTE2,fuera_pico_10_12,1,2.3,19.075000000000003,27.5,75.5,31.5875
2023-04-13,SUROESTE2,pico_7_9,1,1.9725,19.05,12.0,50.25,21.955
2023-04-14,CENTRO,fuera_pico_10_12,1,3.81,34.65,23.0,81.0,33.510000000000005
2023-04-14,CENTRO,pico_7_9,1,3.7750000000000004,23.299999999999997,4.5,61.5,26.825
2023-04-14,NORESTE3,fuera_pico_10_12,0,1.2613333333333334,22.05,28.48333333333333,119.0,41.5
2023-04-14,NORESTE3,pico_7_9,0,1.1443333333333332,20.366666666666667,9.216666666666667,75.83333333333333,19.0
2023-04-14,NOROESTE3,fuera_pico_10_12,0,2.5716666666666668,25.199999999999996,20.333333333333336,116.0,12.715
2023-04-14,NOROESTE3,pico_7_9,0,2.458333333333333,19.35,3.1666666666666665,68.16666666666666,22.47
2023-04-14,NORTE2,fuera_pico_10_12,1,2.0525,53.1,18.0,134.545,32.3375
2023-04-14,NORTE2,pico_7_9,1,1.2650000000000001,27.075,6.75,74.7925,13.98
2023-04-14,SUR,fuera_pico_10_12,1,2.1525,34.25,23.125,95.875,39.015
2023-04-14,SUR,pico_7_9,1,2.015,23.1625,5.25,69.875,24.531666666666666
2023-04-14,SUROESTE2,fuera_pico_10_12,1,2.2475,27.424999999999997,22.75,125.5,36.152499999999996
2023-04-14,SUROESTE2,pico_7_9,1,2.3200000000000003,20.950000000000003,4.75,84.75,24.605
2023-04-15,CENTRO,fuera_pico_10_12,1,3.0549999999999997,3.9000000000000004,30.5,56.5,8.085
2023-04-15,CENTRO,pico_7_9,1,3.4299999999999997,23.85,8.0,84.0,28.509999999999998
2023-04-15,NORESTE3,fuera_pico_10_12,0,0.8776666666666666,6.116666666666667,31.383333333333333,136.0,18.25
2023-04-15,NORESTE3,pico_7_9,0,1.177,21.083333333333332,11.641666666666667,114.0,22.25
2023-04-15,NOROESTE3,fuera_pico_10_12,0,1.7816666666666667,5.283333333333333,26.5,79.83333333333334,7.82
2023-04-15,NOROESTE3,pico_7_9,0,1.9183333333333332,15.266666666666666,12.5,58.0,7.645
2023-04-15,NORTE2,fuera_pico_10_12,1,0.7775,10.175,25.25,92.27000000000001,19.215
2023-04-15,NORTE2,pico_7_9,1,0.835,20.4,15.25,64.17,14.64
2023-04-15,SUR,fuera_pico_10_12,1,1.7349999999999999,12.287500000000001,23.875,103.875,13.15625
2023-04-15,SUR,pico_7_9,1,1.9849999999999999,31.887500000000003,6.375,74.875,23.7125
2023-04-15,SUROESTE2,fuera_pico_10_12,1,1.6800000000000002,6.875,26.25,123.70750000000001,16.075000000000003
2023-04-15,SUROESTE2,pico_7_9,1,1.7325,19.0,11.0,76.3925,8.6
2023-04-16,CENTRO,fuera_pico_10_12,1,3.31,5.45,32.5,40.5,16.72
2023-04-16,CENTRO,pico_7_9,1,3.41,6.75,26.0,62.0,26.36
2023-04-16,NORESTE3,fuera_pico_10_12,0,0.9706666666666668,9.866666666666667,35.25,42.333333333333336,16.0
2023-04-16,NORESTE3,pico_7_9,0,0.8716666666666667,6.85,29.566666666666666,57.0,27.0
2023-04-16,NOROESTE3,fuera_pico_10_12,0,1.935,7.566666666666666,30.83333333333333,38.33333333333333,12.399999999999999
2023-04-16,NOROESTE3,pico_7_9,0,1.8633333333333335,5.9833333333333325,25.666666666666664,56.5,13.835
2023-04-16,NORTE2,fuera_pico_10_12,1,0.8725,9.575,31.25,35.24,7.922499999999999
2023-04-16,NORTE2,pico_7_9,1,0.8,10.125,26.25,62.082499999999996,15.487499999999999
2023-04-16,SUR,fuera_pico_10_12,1,1.7125000000000001,8.375,32.5,32.875,13.333333333333332
2023-04-16,SUR,pico_7_9,1,1.6974999999999998,9.962499999999999,24.0,61.166666666666664,22.5
2023-04-16,SUROESTE2,fuera_pico_10_12,1,1.73,4.775,33.5,37.33,12.455
2023-04-16,SUROESTE2,pico_7_9,1,1.76,5.05,25.25,53.567499999999995,18.68
2023-04-17,CENTRO,fuera_pico_10_12,1,3.585,23.5,17.5,74.5,39.005
2023-04-17,CENTRO,pico_7_9,1,3.415,19.049999999999997,20.5,57.5,29.03
2023-04-17,NORESTE3,fuera_pico_10_12,0,1.1216666666666666,18.300000000000004,26.53333333333333,65.33333333333334,19.5
2023-04-17,NORESTE3,pico_7_9,0,1.1661666666666666,19.45,27.516666666666666,47.83333333333333,15.25
2023-04-17,NOROESTE3,fuera_pico_10_12,0,2.048333333333334,10.366666666666667,27.0,56.16666666666666,27.415
2023-04-17,NOROESTE3,pico_7_9,0,2.0300000000000002,12.366666666666667,22.166666666666664,41.5,20.44
2023-04-17,NORTE2,fuera_pico_10_12,1,1.0525,21.175,24.0,67.345,18.205
2023-04-17,NORTE2,pico_7_9,1,0.97,22.325000000000003,22.0,41.287499999999994,11.2375
2023-04-17,SUR,fuera_pico_10_12,1,1.7825,10.8125,28.5,52.25,16.333333333333332
2023-04-17,SUR,pico_7_9,1,1.7275,19.8625,25.375,42.25,9.25
2023-04-17,SUROESTE2,fuera_pico_10_12,1,2.015,17.775,19.25,70.42,28.7775
2023-04-17,SUROESTE2,pico_7_9,1,2.025,17.725,16.25,58.05,24.3425
2023-04-18,CENTRO,fuera_pico_10_12,1,3.84,21.4,20.5,51.5,26.16
2023-04-18,CENTRO,pico_7_9,1,3.645,21.0,12.5,49.5,28.619999999999997
2023-04-18,NORESTE3,fuera_pico_10_12,0,0.9496666666666667,8.866666666666667,32.56666666666666,41.16666666666667,24.75
2023-04-18,NORESTE3,pico_7_9,0,0.9993333333333332,13.450000000000001,21.93333333333333,45.66666666666667,15.0
2023-04-18,NOROESTE3,fuera_pico_10_12,0,2.1283333333333334,6.6000000000000005,28.5,25.0,15.485
2023-04-18,NOROESTE3,pico_7_9,0,2.131666666666667,12.616666666666667,16.0,26.333333333333336,16.36
2023-04-18,NORTE2,fuera_pico_10_12,1,1.22,18.4,24.5,62.5275,19.744999999999997
2023-04-18,NORTE2,pico_7_9,1,1.2875,25.625,13.0,32.9875,13.48
2023-04-18,SUR,fuera_pico_10_12,1,1.873333333333333,13.8,27.125,64.54166666666667,26.71125
2023-04-18,SUR,pico_7_9,1,1.7824999999999998,16.137500000000003,18.25,41.875,16.2125
2023-04-18,SUROESTE2,fuera_pico_10_12,1,2.1025,15.35,22.5,69.58,24.1625
2023-04-18,SUROESTE2,pico_7_9,1,2.02,15.025,12.5,54.535,23.265
2023-04-19,CENTRO,fuera_pico_10_12,1,3.72,21.6,17.0,67.0,32.575
2023-04-19,CENTRO,pico_7_9,1,3.58,14.55,12.0,42.5,18.9
2023-04-19,NORESTE3,fuera_pico_10_12,0,1.0468333333333333,11.616666666666667,24.116666666666667,57.0,22.75
2023-04-19,NORESTE3,pico_7_9,0,1.1781666666666668,14.816666666666666,18.21666666666667,46.5,19.25
2023-04-19,NOROESTE3,fuera_pico_10_12,0,2.408333333333333,11.516666666666666,22.666666666666664,58.16666666666667,21.07
2023-04-19,NOROESTE3,pico_7_9,0,2.27,11.2,12.0,41.33333333333333,18.825
2023-04-19,NORTE2,fuera_pico_10_12,1,1.1749999999999998,16.849999999999998,21.25,55.989999999999995,12.8575
2023-04-19,NORTE2,pico_7_9,1,1.0425,17.35,14.25,41.962500000000006,14.087499999999999
2023-04-19,SUR,fuera_pico_10_12,1,1.71875,8.5125,26.0,46.0,20.247500000000002
2023-04-19,SUR,pico_7_9,1,1.75875,13.9875,16.375,39.625,16.30875
2023-04-19,SUROESTE2,fuera_pico_10_12,1,2.47,14.600000000000001,27.5,62.26,26.740000000000002
2023-04-19,SUROESTE2,pico_7_9,1,2.56,14.3,11.5,35.825,18.02
2023-04-20,CENTRO,fuera_pico_10_12,1,3.8200000000000003,21.7,15.5,66.0,30.67
2023-04-20,CENTRO,pico_7_9,1,3.61,17.55,11.5,57.5,28.945
2023-04-20,NORESTE3,fuera_pico_10_12,0,1.127333333333333,12.883333333333333,23.23333333333333,64.5,26.25
2023-04-20,NORESTE3,pico_7_9,0,1.1989999999999998,14.666666666666668,17.366666666666667,53.5,20.25
2023-04-20,NOROESTE3,fuera_pico_10_12,0,2.4333333333333336,11.149999999999999,23.5,75.66666666666667,40.5
2023-04-20,NOROESTE3,pico_7_9,0,2.375,14.033333333333333,10.333333333333332,58.83333333333333,25.485
2023-04-20,NORTE2,fuera_pico_10_12,1,1.2275,18.2,21.0,66.01499999999999,18.515
2023-04-20,NORTE2,pico_7_9,1,1.05,17.0,15.0,52.192499999999995,16.2425
2023-04-20,SUR,fuera_pico_10_12,1,1.72,8.7375,25.5,55.125,20.795
2023-04-20,SUR,pico_7_9,1,1.6912500000000001,14.0625,17.5,44.125,18.09
2023-04-20,SUROESTE2,fuera_pico_10_12,1,2.09,17.95,21.0,69.2375,27.825000000000003
2023-04-20,SUROESTE2,pico_7_9,1,2.025,16.35,7.75,74.4925,25.0775
2023-04-21,CENTRO,fuera_pico_10_12,1,3.9050000000000002,24.1,32.5,134.5,54.989999999999995
2023-04-21,CENTRO,pico_7_9,1,3.8899999999999997,19.25,5.0,69.0,42.14
2023-04-21,NORESTE3,fuera_pico_10_12,0,1.0781666666666667,10.933333333333334,35.65,92.33333333333331,42.7425
2023-04-21,NORESTE3,pico_7_9,0,1.1216666666666666,16.383333333333333,11.633333333333333,77.83333333333333,32.0425
2023-04-21,NOROESTE3,fuera_pico_10_12,0,2.453333333333333,10.049999999999999,30.166666666666664,77.33333333333333,27.384999999999998
2023-04-21,NOROESTE3,pico_7_9,0,2.701666666666666,15.683333333333332,4.833333333333334,78.66666666666667,34.415
2023-04-21,NORTE2,fuera_pico_10_12,1,1.1875,24.424999999999997,22.75,91.1075,27.7575
2023-04-21,NORTE2,pico_7_9,1,1.445,22.4,7.25,101.2175,29.3825
2023-04-21,SUR,fuera_pico_10_12,1,1.65,13.5625,30.625,108.0,37.557500000000005
2023-04-21,SUR,pico_7_9,1,1.9100000000000001,20.7375,7.875,82.875,32.265
2023-04-21,SUROESTE2,fuera_pico_10_12,1,1.9275000000000002,16.1,38.75,131.75,40.5
2023-04-21,SUROESTE2,pico_7_9,1,2.2424999999999997,22.900000000000002,6.25,114.25,28.0
2023-04-22,CENTRO,fuera_pico_10_12,1,3.61,15.2,29.0,56.5,29.85
2023-04-22,CENTRO,pico_7_9,1,3.5599999999999996,18.4,15.0,47.0,22.725
2023-04-22,NORESTE3,fuera_pico_10_12,0,1.0693333333333335,12.916666666666666,28.53333333333333,49.66666666666667,25.75
2023-04-22,NORESTE3,pico_7_9,0,1.0603333333333333,15.166666666666668,19.633333333333333,38.33333333333333,15.0
2023-04-22,NOROESTE3,fuera_pico_10_12,0,2.4749999999999996,9.083333333333332,29.5,40.16666666666666,21.11
2023-04-22,NOROESTE3,pico_7_9,0,2.4733333333333336,12.316666666666666,18.0,43.833333333333336,20.049999999999997
2023-04-22,NORTE2,fuera_pico_10_12,1,0.98,17.275,29.0,51.3825,20.715
2023-04-22,NORTE2,pico_7_9,1,0.9375,18.6,18.75,32.677499999999995,8.74
2023-04-22,SUR,fuera_pico_10_12,1,1.46875,8.1125,32.375,45.25,19.697499999999998
2023-04-22,SUR,pico_7_9,1,1.5074999999999998,16.8,18.125,37.0,13.2725
2023-04-22,SUROESTE2,fuera_pico_10_12,1,1.9224999999999999,15.6,22.5,58.75,25.285000000000004
2023-04-22,SUROESTE2,pico_7_9,1,1.81,17.425,12.75,51.5,19.645
2023-04-23,CENTRO,fuera_pico_10_12,1,3.5700000000000003,5.449999999999999,28.0,49.5,29.5
2023-04-23,CENTRO,pico_7_9,1,3.815,9.6,16.0,47.5,30.0
2023-04-23,NORESTE3,fuera_pico_10_12,0,0.9473333333333331,5.366666666666667,27.0,44.5,28.75
2023-04-23,NORESTE3,pico_7_9,0,0.9835,7.283333333333333,20.1,36.0,20.0
2023-04-23,NOROESTE3,fuera_pico_10_12,0,2.3366666666666664,5.266666666666667,24.833333333333336,43.16666666666666,30.34
2023-04-23,NOROESTE3,pico_7_9,0,2.388333333333333,9.35,13.5,42.833333333333336,25.05
2023-04-23,NORTE2,fuera_pico_10_12,1,0.95,8.850000000000001,24.25,41.0,20.5
2023-04-23,NORTE2,pico_7_9,1,0.885,11.1,17.25,40.0,17.5
2023-04-23,SUR,fuera_pico_10_12,1,1.4425,6.949999999999999,24.0,59.5,30.0225
2023-04-23,SUR,pico_7_9,1,1.475,11.7125,15.125,45.125,21.825000000000003
2023-04-23,SUROESTE2,fuera_pico_10_12,1,1.7775,7.125,26.75,63.0,29.0
2023-04-23,SUROESTE2,pico_7_9,1,1.8925,13.3,10.0,64.75,29.5
2023-04-24,CENTRO,fuera_pico_10_12,1,4.135,18.549999999999997,16.0,31.5,20.0
2023-04-24,CENTRO,pico_7_9,1,3.825,15.55,15.0,27.5,22.0
2023-04-24,NORESTE3,fuera_pico_10_12,0,0.7113333333333334,9.0,24.049999999999997,20.83333333333333,7.75
2023-04-24,NORESTE3,pico_7_9,0,1.0163333333333333,11.583333333333332,19.816666666666663,26.166666666666664,11.0
2023-04-24,NOROESTE3,fuera_pico_10_12,0,2.41,10.25,18.833333333333336,15.666666666666668,8.969999999999999
2023-04-24,NOROESTE3,pico_7_9,0,2.375,8.683333333333334,18.83333333333333,9.166666666666668,8.635
2023-04-24,NORTE2,fuera_pico_10_12,1,0.725,17.75,18.5,15.75,7.25
2023-04-24,NORTE2,pico_7_9,1,0.855,16.875,16.0,15.0,7.75
2023-04-24,SUR,fuera_pico_10_12,1,1.34125,17.5375,18.875,21.375,9.842500000000001
2023-04-24,SUR,pico_7_9,1,1.5875,22.2875,14.875,19.875,12.489583333333332
2023-04-24,SUROESTE2,fuera_pico_10_12,1,2.125,16.925,12.0,24.0,11.75
2023-04-24,SUROESTE2,pico_7_9,1,2.1925,15.674999999999999,10.75,16.75,10.0
2023-04-25,CENTRO,fuera_pico_10_12,1,0.675,17.0,17.0,64.0,38.075
2023-04-25,CENTRO,pico_7_9,1,0.635,20.0,7.0,43.5,26.744999999999997
2023-04-25,NORESTE3,fuera_pico_10_12,0,0.896,17.33333333333333,22.549999999999997,49.333333333333336,25.75
2023-04-25,NORESTE3,pico_7_9,0,0.8243333333333334,16.383333333333333,12.024999999999999,31.333333333333336,14.0
2023-04-25,NOROESTE3,fuera_pico_10_12,0,2.4833333333333334,11.266666666666666,18.5,52.83333333333333,14.995
2023-04-25,NOROESTE3,pico_7_9,0,2.4966666666666666,16.25,7.833333333333334,37.5,19.225
2023-04-25,NORTE2,fuera_pico_10_12,1,0.915,21.525,18.0,94.25,25.75
2023-04-25,NORTE2,pico_7_9,1,0.825,26.65,7.25,59.0,20.5
2023-04-25,SUR,fuera_pico_10_12,1,1.27625,18.9875,17.25,62.75,26.60125
2023-04-25,SUR,pico_7_9,1,1.1125,24.175,12.25,30.75,11.614999999999998
2023-04-25,SUROESTE2,fuera_pico_10_12,1,1.4375,13.3,18.75,50.0,23.75
2023-04-25,SUROESTE2,pico_7_9,1,1.42,16.025,8.25,46.25,16.25
2023-04-26,CENTRO,fuera_pico_10_12,1,0.875,21.15,23.0,75.5,28.085
2023-04-26,CENTRO,pico_7_9,1,0.9099999999999999,26.450000000000003,5.0,88.5,34.935
2023-04-26,NORESTE3,fuera_pico_10_12,0,0.7645,11.833333333333332,27.800000000000004,59.0,23.0
2023-04-26,NORESTE3,pico_7_9,0,0.9993333333333334,17.799999999999997,11.816666666666666,54.666666666666664,17.25
2023-04-26,NOROESTE3,fuera_pico_10_12,0,0.5683333333333334,12.833333333333332,23.833333333333336,77.5,20.490000000000002
2023-04-26,NOROESTE3,pico_7_9,0,0.9849999999999999,19.4,4.083333333333334,72.66666666666666,32.06
2023-04-26,NORTE2,fuera_pico_10_12,1,0.8375,21.25,21.25,80.75,23.0
2023-04-26,NORTE2,pico_7_9,1,1.17,29.275000000000002,7.5,103.75,23.5
2023-04-26,SUR,fuera_pico_10_12,1,1.2174999999999998,20.1125,21.875,80.75,24.955
2023-04-26,SUR,pico_7_9,1,1.4575,24.85,6.25,80.0,28.6875
2023-04-26,SUROESTE2,fuera_pico_10_12,1,0.84,28.675,22.5,131.5,35.75
2023-04-26,SUROESTE2,pico_7_9,1,0.8474999999999999,21.725,8.25,83.75,29.0
2023-04-27,CENTRO,fuera_pico_10_12,1,0.735,11.7,31.0,109.0,48.614999999999995
2023-04-27,CENTRO,pico_7_9,1,1.145,30.9,5.0,85.5,39.379999999999995
2023-04-27,NORESTE3,fuera_pico_10_12,0,0.7070000000000001,6.033333333333333,31.78333333333333,85.0,21.25
2023-04-27,NORESTE3,pico_7_9,0,0.988,18.28333333333333,11.483333333333334,63.99999999999999,26.5
2023-04-27,NOROESTE3,fuera_pico_10_12,0,0.485,8.816666666666665,29.0,62.99999999999999,21.235
2023-04-27,NOROESTE3,pico_7_9,0,0.8300000000000001,18.766666666666666,5.166666666666667,73.16666666666666,34.175
2023-04-27,NORTE2,fuera_pico_10_12,1,0.685,15.025,25.5,112.75,17.0
2023-04-27,NORTE2,pico_7_9,1,1.0825,25.025,7.25,93.25,24.75
2023-04-27,SUR,fuera_pico_10_12,1,0.2825,7.525,29.5,86.0,20.41
2023-04-27,SUR,pico_7_9,1,0.6425000000000001,24.9125,8.125,78.625,29.752499999999998
2023-04-27,SUROESTE2,fuera_pico_10_12,1,0.7325,19.575,27.0,132.75,37.75
2023-04-27,SUROESTE2,pico_7_9,1,0.9099999999999999,26.200000000000003,9.25,131.0,40.5
2023-04-28,CENTRO,fuera_pico_10_12,1,1.42,34.1,27.0,97.0,36.33
2023-04-28,CENTRO,pico_7_9,1,0.79,20.3,7.5,44.0,19.59
2023-04-28,NORESTE3,fuera_pico_10_12,0,0.8865,15.333333333333336,29.81666666666667,54.83333333333333,24.75
2023-04-28,NORESTE3,pico_7_9,0,0.9485,19.05,13.8,56.16666666666667,19.0
2023-04-28,NOROESTE3,fuera_pico_10_12,0,0.58,14.649999999999999,26.33333333333333,63.66666666666667,15.165
2023-04-28,NOROESTE3,pico_7_9,0,0.685,18.416666666666664,5.666666666666666,62.333333333333336,25.085
2023-04-28,NORTE2,fuera_pico_10_12,1,0.86,24.6,26.75,86.75,22.25
2023-04-28,NORTE2,pico_7_9,1,1.0075,30.575000000000003,7.25,74.25,18.75
2023-04-28,SUR,fuera_pico_10_12,1,0.515,20.5625,29.875,69.75,21.410833333333336
2023-04-28,SUR,pico_7_9,1,0.62375,25.1875,8.25,55.875,14.885
2023-04-28,SUROESTE2,fuera_pico_10_12,1,0.76,19.200000000000003,31.5,71.25,27.0
2023-04-28,SUROESTE2,pico_7_9,1,0.7525,19.049999999999997,10.0,78.25,11.0
2023-04-29,CENTRO,fuera_pico_10_12,1,0.325,6.699999999999999,34.0,86.5,15.205
2023-04-29,CENTRO,pico_7_9,1,0.565,16.0,19.0,54.5,10.855
2023-04-29,NORESTE3,fuera_pico_10_12,0,0.4375,6.925000000000001,42.224999999999994,66.75,12.5
2023-04-29,NORESTE3,pico_7_9,0,0.4205,7.5249999999999995,35.224999999999994,39.0,6.0
2023-04-29,NOROESTE3,fuera_pico_10_12,0,0.30499999999999994,5.2,34.16666666666667,65.33333333333334,9.215
2023-04-29,NOROESTE3,pico_7_9,0,0.29666666666666663,5.95,27.166666666666664,67.66666666666666,9.309999999999999
2023-04-29,NORTE2,fuera_pico_10_12,1,0.47,11.875,31.75,94.25,11.5
2023-04-29,NORTE2,pico_7_9,1,0.4475,15.2,22.25,57.25,4.0
2023-04-29,SUR,fuera_pico_10_12,1,0.25,7.5375,34.5,67.875,11.885416666666668
2023-04-29,SUR,pico_7_9,1,0.22749999999999998,10.4375,26.5,40.625,7.56
2023-04-29,SUROESTE2,fuera_pico_10_12,1,0.3025,8.350000000000001,31.5,107.5,12.5
2023-04-29,SUROESTE2,pico_7_9,1,0.29,9.575,22.0,83.5,5.25
2023-04-30,CENTRO,fuera_pico_10_12,1,0.36,8.5,46.5,65.5,18.025
2023-04-30,CENTRO,pico_7_9,1,0.475,21.299999999999997,16.5,57.0,24.2
2023-04-30,NORESTE3,fuera_pico_10_12,0,0.4925,12.05,52.95,52.625,11.5
2023-04-30,NORESTE3,pico_7_9,0,0.88625,27.275,14.925,300.0,25.5
2023-04-30,NOROESTE3,fuera_pico_10_12,0,0.42833333333333334,9.816666666666666,42.5,82.16666666666666,13.265
2023-04-30,NOROESTE3,pico_7_9,0,0.75,23.516666666666666,7.0,106.33333333333331,22.799999999999997
2023-04-30,NORTE2,fuera_pico_10_12,1,0.5725,19.5,39.0,75.5,20.5
2023-04-30,NORTE2,pico_7_9,1,0.7949999999999999,33.05,10.75,86.75,18.5
2023-04-30,SUR,fuera_pico_10_12,1,0.365,9.6,46.75,52.33333333333333,13.466249999999999
2023-04-30,SUR,pico_7_9,1,0.7374999999999999,27.174999999999997,15.25,104.5,24.778750000000002
2023-04-30,SUROESTE2,fuera_pico_10_12,1,0.3125,8.575,43.0,51.75,19.557499999999997
2023-04-30,SUROESTE2,pico_7_9,1,0.5175000000000001,18.625,18.75,67.25,18.6225
2023-05-01,CENTRO,fuera_pico_10_12,1,0.72,29.400000000000002,34.0,72.5,26.44
2023-05-01,CENTRO,pico_7_9,1,0.665,22.8,12.5,54.0,24.744999999999997
2023-05-01,NORESTE3,fuera_pico_10_12,0,0.552,13.4,51.425,50.0,13.5
2023-05-01,NORESTE3,pico_7_9,0,0.5705,19.325000000000003,23.2,46.25,12.5
2023-05-01,NOROESTE3,fuera_pico_10_12,0,0.4766666666666666,13.283333333333335,37.83333333333333,65.66666666666666,10.865
2023-05-01,NOROESTE3,pico_7_9,0,0.5933333333333333,18.4,12.166666666666668,55.833333333333336,14.350000000000001
2023-05-01,NORTE2,fuera_pico_10_12,1,0.93,28.375,37.25,77.5,23.75
2023-05-01,NORTE2,pico_7_9,1,0.6675,31.05,12.25,64.75,11.75
2023-05-01,SUR,fuera_pico_10_12,1,0.47041666666666665,19.674999999999997,44.5,66.16666666666667,19.873333333333335
2023-05-01,SUR,pico_7_9,1,0.59125,28.75,11.625,82.33333333333333,17.02
2023-05-01,SUROESTE2,fuera_pico_10_12,1,0.40249999999999997,13.350000000000001,44.5,52.25,21.4125
2023-05-01,SUROESTE2,pico_7_9,1,0.57,24.625,15.25,49.75,16.262500000000003
2023-05-02,CENTRO,fuera_pico_10_12,1,0.935,19.85,19.0,85.0,44.120000000000005
2023-05-02,CENTRO,pico_7_9,1,0.79,16.65,13.0,55.0,25.05
2023-05-02,NORESTE3,fuera_pico_10_12,0,0.5735,8.108333333333334,30.316666666666666,35.16666666666667,18.1875
2023-05-02,NORESTE3,pico_7_9,0,0.4405,9.9,21.7,37.5,13.39344282168266
2023-05-02,NOROESTE3,fuera_pico_10_12,0,0.5183333333333333,9.899999999999999,26.333333333333336,75.66666666666667,25.825000000000003
2023-05-02,NOROESTE3,pico_7_9,0,0.605,17.633333333333333,10.0,55.16666666666666,17.085
2023-05-02,NORTE2,fuera_pico_10_12,1,0.745,17.950000000000003,21.75,78.0,21.75
2023-05-02,NORTE2,pico_7_9,1,0.7899999999999999,22.85,12.75,56.5,12.75
2023-05-02,SUR,fuera_pico_10_12,1,0.435,14.716666666666665,25.833333333333336,65.83333333333334,26.60333333333333
2023-05-02,SUR,pico_7_9,1,0.4833333333333334,20.46666666666667,15.833333333333332,52.16666666666667,18.549999999999997
2023-05-02,SUROESTE2,fuera_pico_10_12,1,0.7575000000000001,20.875,21.0,91.75,33.2575
2023-05-02,SUROESTE2,pico_7_9,1,0.6799999999999999,20.675,6.75,73.0,18.8
2023-05-03,CENTRO,fuera_pico_10_12,1,0.815,11.95,20.0,47.0,20.67
2023-05-03,CENTRO,pico_7_9,1,0.74,14.5,14.5,48.5,26.73
2023-05-03,NORESTE3,fuera_pico_10_12,0,0.627,11.933333333333335,21.266666666666666,34.33333333333333,17.0
2023-05-03,NORESTE3,pico_7_9,0,0.6455,14.400000000000002,17.46666666666667,39.0,15.0
2023-05-03,NOROESTE3,fuera_pico_10_12,0,0.56,10.083333333333334,22.166666666666664,52.66666666666667,22.78
2023-05-03,NOROESTE3,pico_7_9,0,0.5166666666666666,10.0,16.833333333333336,55.833333333333336,24.509999999999998
2023-05-03,NORTE2,fuera_pico_10_12,1,0.7,15.825,18.5,30.25,14.5
2023-05-03,NORTE2,pico_7_9,1,0.7974999999999999,18.549999999999997,14.5,38.75,20.25
2023-05-03,SUR,fuera_pico_10_12,1,0.395,7.116666666666665,22.25,30.958333333333332,15.626666666666669
2023-05-03,SUR,pico_7_9,1,0.38166666666666665,11.216666666666669,17.666666666666664,33.166666666666664,17.593333333333334
2023-05-03,SUROESTE2,fuera_pico_10_12,1,0.5675,12.225000000000001,21.5,51.5,21.985
2023-05-03,SUROESTE2,pico_7_9,1,0.56,16.975,10.75,52.25,23.3325
2023-05-04,CENTRO,fuera_pico_10_12,1,1.165,25.299999999999997,11.5,95.5,48.725
2023-05-04,CENTRO,pico_7_9,1,0.7749999999999999,15.899999999999999,11.0,61.5,32.735
2023-05-04,NORESTE3,fuera_pico_10_12,0,0.7905,13.25,23.516666666666666,70.33333333333334,37.0
2023-05-04,NORESTE3,pico_7_9,0,0.9284999999999999,15.783333333333333,16.53333333333333,61.83333333333333,33.5
2023-05-04,NOROESTE3,fuera_pico_10_12,0,0.5633333333333334,10.033333333333331,20.666666666666664,69.66666666666666,26.314999999999998
2023-05-04,NOROESTE3,pico_7_9,0,0.6166666666666667,10.600000000000001,14.0,57.83333333333333,27.975
2023-05-04,NORTE2,fuera_pico_10_12,1,0.9450000000000001,20.425,17.5,51.0,30.25
2023-05-04,NORTE2,pico_7_9,1,0.7275,16.925,13.75,42.0,25.75
2023-05-04,SUR,fuera_pico_10_12,1,0.49624999999999997,10.525,23.125,68.875,34.99625
2023-05-04,SUR,pico_7_9,1,0.44,12.8375,15.375,55.75,29.01875
2023-05-04,SUROESTE2,fuera_pico_10_12,1,0.7925,17.625,17.0,93.3325,35.095
2023-05-04,SUROESTE2,pico_7_9,1,0.63,17.125,8.5,57.900000000000006,28.064999999999998
2023-05-05,CENTRO,fuera_pico_10_12,1,0.925,22.9,28.0,72.0,43.6
2023-05-05,CENTRO,pico_7_9,1,0.94,16.05,5.0,74.0,44.769999999999996
2023-05-05,NORESTE3,fuera_pico_10_12,0,0.9137500000000001,20.366666666666667,28.616666666666667,110.66666666666666,63.0
2023-05-05,NORESTE3,pico_7_9,0,0.91075,14.733333333333334,12.833333333333332,64.5,30.5
2023-05-05,NOROESTE3,fuera_pico_10_12,0,0.655,14.783333333333333,26.666666666666664,86.0,34.415
2023-05-05,NOROESTE3,pico_7_9,0,0.6583333333333334,12.0,6.833333333333334,80.5,39.535
2023-05-05,NORTE2,fuera_pico_10_12,1,0.9675,24.675,26.75,83.0,30.25
2023-05-05,NORTE2,pico_7_9,1,0.71,17.875,10.0,65.5,30.25
2023-05-05,SUR,fuera_pico_10_12,1,0.6,13.837499999999999,28.625,95.125,32.5
2023-05-05,SUR,pico_7_9,1,0.6275000000000001,16.799999999999997,8.75,74.125,32.375
2023-05-05,SUROESTE2,fuera_pico_10_12,1,0.585,13.45,31.5,71.2425,34.019999999999996
2023-05-05,SUROESTE2,pico_7_9,1,0.675,15.65,7.5,83.9175,35.129999999999995
2023-05-06,CENTRO,fuera_pico_10_12,1,1.4649999999999999,39.75,22.5,179.5,71.97
2023-05-06,CENTRO,pico_7_9,1,1.04,20.2,4.5,79.0,48.165000000000006
2023-05-06,NORESTE3,fuera_pico_10_12,0,0.80175,11.733333333333334,29.03333333333333,87.0,54.0
2023-05-06,NORESTE3,pico_7_9,0,0.86875,14.849999999999998,10.100000000000001,73.33333333333334,40.5
2023-05-06,NOROESTE3,fuera_pico_10_12,0,0.9566666666666666,21.0,26.333333333333332,116.5,22.125
2023-05-06,NOROESTE3,pico_7_9,0,0.8433333333333333,18.333333333333336,4.333333333333333,91.83333333333334,46.260000000000005
2023-05-06,NORTE2,fuera_pico_10_12,1,1.05,24.6,24.5,95.25,36.5
2023-05-06,NORTE2,pico_7_9,1,0.9624999999999999,19.925,8.5,75.25,40.25
2023-05-06,SUR,fuera_pico_10_12,1,0.69,17.3375,24.375,120.625,48.13875
2023-05-06,SUR,pico_7_9,1,0.69125,17.125,7.75,85.125,44.80375
2023-05-06,SUROESTE2,fuera_pico_10_12,1,1.1025,35.35,29.5,194.1375,50.6725
2023-05-06,SUROESTE2,pico_7_9,1,1.145,29.425,2.75,159.8025,44.412499999999994
2023-05-07,CENTRO,fuera_pico_10_12,1,1.115,32.45,23.5,97.5,66.475
2023-05-07,CENTRO,pico_7_9,1,0.85,12.55,14.0,83.0,64.095
2023-05-07,NORESTE3,fuera_pico_10_12,0,0.78775,10.4,41.016666666666666,60.5,54.5
2023-05-07,NORESTE3,pico_7_9,0,0.7867500000000001,9.350000000000001,20.416666666666664,67.5,38.75
2023-05-07,NOROESTE3,fuera_pico_10_12,0,0.9483333333333333,17.366666666666667,40.5,82.0,52.375
2023-05-07,NOROESTE3,pico_7_9,0,0.8216666666666668,14.150000000000002,8.0,83.16666666666667,51.225
2023-05-07,NORTE2,fuera_pico_10_12,1,0.8575,15.424999999999999,45.25,62.75,38.25
2023-05-07,NORTE2,pico_7_9,1,0.6775,11.375,19.25,54.5,32.5
2023-05-07,SUR,fuera_pico_10_12,1,0.6125,9.625,42.0,82.125,44.68625
2023-05-07,SUR,pico_7_9,1,0.5774999999999999,9.65,16.5,70.375,38.692499999999995
2023-05-07,SUROESTE2,fuera_pico_10_12,1,0.7925,18.275,38.5,102.07499999999999,52.8975
2023-05-07,SUROESTE2,pico_7_9,1,0.7849999999999999,19.825,8.0,100.4925,47.035
2023-05-08,CENTRO,fuera_pico_10_12,1,1.0150000000000001,19.95,13.0,68.5,38.695
2023-05-08,CENTRO,pico_7_9,1,0.79,14.350000000000001,11.0,55.5,34.655
2023-05-08,NORESTE3,fuera_pico_10_12,0,0.791,15.833333333333334,18.03333333333333,71.58333333333334,28.0
2023-05-08,NORESTE3,pico_7_9,0,0.79325,13.566666666666666,11.966666666666667,48.66666666666667,17.5
2023-05-08,NOROESTE3,fuera_pico_10_12,0,0.78,17.950000000000003,10.5,67.66666666666666,32.95
2023-05-08,NOROESTE3,pico_7_9,0,0.6183333333333334,12.633333333333333,9.0,55.16666666666667,30.52
2023-05-08,NORTE2,fuera_pico_10_12,1,0.8975,27.65,12.75,68.25,26.25
2023-05-08,NORTE2,pico_7_9,1,0.7050000000000001,19.225,10.5,49.75,18.0
2023-05-08,SUR,fuera_pico_10_12,1,0.54,11.712499999999999,19.75,64.25,24.6075
2023-05-08,SUR,pico_7_9,1,0.615,16.5375,7.875,61.625,23.43
2023-05-08,SUROESTE2,fuera_pico_10_12,1,0.675,14.55,16.25,84.75,30.355
2023-05-08,SUROESTE2,pico_7_9,1,0.6525000000000001,13.35,8.5,74.75,24.8525
2023-05-09,CENTRO,fuera_pico_10_12,1,1.0150000000000001,23.0,24.0,48.5,27.735
2023-05-09,CENTRO,pico_7_9,1,0.8200000000000001,16.4,20.0,50.5,22.91
2023-05-09,NORESTE3,fuera_pico_10_12,0,0.73175,16.133333333333333,26.299999999999997,58.0,33.5
2023-05-09,NORESTE3,pico_7_9,0,0.77075,18.733333333333334,15.516666666666666,44.83333333333333,17.0
2023-05-09,NOROESTE3,fuera_pico_10_12,0,0.63,10.833333333333334,29.333333333333336,43.5,23.13
2023-05-09,NOROESTE3,pico_7_9,0,0.6633333333333333,18.383333333333333,12.166666666666668,59.0,22.9
2023-05-09,NORTE2,fuera_pico_10_12,1,0.8125,21.1,26.5,44.0,24.0
2023-05-09,NORTE2,pico_7_9,1,0.63,21.6,16.75,47.0,14.75
2023-05-09,SUR,fuera_pico_10_12,1,0.75125,13.95,36.0,66.875,34.5125
2023-05-09,SUR,pico_7_9,1,0.5762499999999999,20.137500000000003,14.25,44.75,16.47375
2023-05-09,SUROESTE2,fuera_pico_10_12,1,0.6799999999999999,15.325,31.0,69.25,26.34
2023-05-09,SUROESTE2,pico_7_9,1,0.6825,20.95,13.75,60.25,22.03
2023-05-10,CENTRO,fuera_pico_10_12,1,1.025,20.75,33.5,80.5,30.314999999999998
2023-05-10,CENTRO,pico_7_9,1,1.385,26.75,10.5,44.5,18.755
2023-05-10,NORESTE3,fuera_pico_10_12,0,0.673,9.5,42.18333333333334,58.08333333333333,31.0
2023-05-10,NORESTE3,pico_7_9,0,0.77125,15.783333333333335,23.85,40.833333333333336,9.0
2023-05-10,NOROESTE3,fuera_pico_10_12,0,0.5433333333333333,8.516666666666667,35.0,40.83333333333333,16.975
2023-05-10,NOROESTE3,pico_7_9,0,0.6833333333333333,16.46666666666667,12.833333333333332,44.0,22.325000000000003
2023-05-10,NORTE2,fuera_pico_10_12,1,0.7725,22.2,31.5,55.0,23.0
2023-05-10,NORTE2,pico_7_9,1,0.805,25.35,14.25,39.75,11.75
2023-05-10,SUR,fuera_pico_10_12,1,0.5975,14.975,37.875,59.25,19.56625
2023-05-10,SUR,pico_7_9,1,0.7625,25.225,12.875,45.75,14.41625
2023-05-10,SUROESTE2,fuera_pico_10_12,1,0.7175,20.575,32.0,86.25,33.355000000000004
2023-05-10,SUROESTE2,pico_7_9,1,0.6725,20.675,10.25,77.5,23.9025
2023-05-11,CENTRO,fuera_pico_10_12,1,1.1400000000000001,23.3,32.0,84.5,44.235
2023-05-11,CENTRO,pico_7_9,1,0.935,26.0,9.0,84.5,39.875
2023-05-11,NORESTE3,fuera_pico_10_12,0,0.8087500000000001,13.450000000000001,38.55,66.83333333333333,39.0
2023-05-11,NORESTE3,pico_7_9,0,0.8819999999999999,17.683333333333334,17.633333333333333,58.66666666666667,31.0
2023-05-11,NOROESTE3,fuera_pico_10_12,0,0.6516666666666666,12.166666666666666,33.0,70.83333333333334,28.83
2023-05-11,NOROESTE3,pico_7_9,0,0.7566666666666667,17.3,9.666666666666668,77.0,36.31
2023-05-11,NORTE2,fuera_pico_10_12,1,0.7675,20.725,33.0,74.5,34.75
2023-05-11,NORTE2,pico_7_9,1,0.67,18.15,14.75,51.25,25.0
2023-05-11,SUR,fuera_pico_10_12,1,0.7483333333333333,15.287500000000001,40.04166666666667,84.54166666666666,34.075
2023-05-11,SUR,pico_7_9,1,0.66,18.575,13.375,68.625,27.92375
2023-05-11,SUROESTE2,fuera_pico_10_12,1,0.8675,24.85,34.0,110.75,43.0525
2023-05-11,SUROESTE2,pico_7_9,1,0.7025,20.3,12.25,51.25,19.622500000000002
2023-05-12,CENTRO,fuera_pico_10_12,1,1.005,11.149999999999999,19.0,84.5,58.5
2023-05-12,CENTRO,pico_7_9,1,0.925,11.9,11.5,78.5,45.5
2023-05-12,NORESTE3,fuera_pico_10_12,0,0.8362499999999999,12.899999999999999,25.1,81.0,50.0
2023-05-12,NORESTE3,pico_7_9,0,0.8327499999999999,11.483333333333334,19.566666666666663,70.66666666666667,45.0
2023-05-12,NOROESTE3,fuera_pico_10_12,0,0.6283333333333334,9.15,21.166666666666664,76.66666666666666,42.0
2023-05-12,NOROESTE3,pico_7_9,0,0.595,8.333333333333334,17.333333333333336,65.5,39.144999999999996
2023-05-12,NORTE2,fuera_pico_10_12,1,0.7375,14.600000000000001,22.25,79.75,42.0
2023-05-12,NORTE2,pico_7_9,1,0.64,14.85,17.75,56.5,37.75
2023-05-12,SUR,fuera_pico_10_12,1,0.635,6.137499999999999,25.125,78.625,41.9025
2023-05-12,SUR,pico_7_9,1,0.6012500000000001,8.399999999999999,16.5,70.375,36.94
2023-05-12,SUROESTE2,fuera_pico_10_12,1,0.7125,15.25,17.75,81.75,41.05500000000001
2023-05-12,SUROESTE2,pico_7_9,1,0.6675,15.475000000000001,9.5,71.0,36.54
2023-05-13,CENTRO,fuera_pico_10_12,0,0.96,16.15,27.5,29.5,12.155000000000001
2023-05-13,CENTRO,pico_7_9,0,0.9550000000000001,17.1,20.5,48.5,28.740000000000002
2023-05-13,NORESTE3,fuera_pico_10_12,0,0.9205000000000001,15.133333333333333,35.18333333333334,26.0,16.5
2023-05-13,NORESTE3,pico_7_9,0,0.841,15.766666666666666,22.916666666666664,26.83333333333333,13.5
2023-05-13,NOROESTE3,fuera_pico_10_12,0,0.7133333333333334,12.266666666666666,28.833333333333336,30.5,18.2
2023-05-13,NOROESTE3,pico_7_9,0,0.6383333333333332,14.466666666666665,21.666666666666664,41.33333333333333,21.515
2023-05-13,NORTE2,fuera_pico_10_12,1,0.65,18.924999999999997,30.0,17.75,7.75
2023-05-13,NORTE2,pico_7_9,1,0.725,26.825,16.5,79.25,24.0
2023-05-13,SUR,fuera_pico_10_12,1,0.72125,12.6375,33.25,19.75,10.026666666666667
2023-05-13,SUR,pico_7_9,1,0.67125,19.375,18.25,43.625,26.5575
2023-05-13,SUROESTE2,fuera_pico_10_12,0,0.6475,14.85,26.75,31.5,14.5275
2023-05-13,SUROESTE2,pico_7_9,0,0.6425000000000001,19.900000000000002,14.0,56.5,29.9
2023-05-14,CENTRO,fuera_pico_10_12,0,0.8200000000000001,10.2,33.0,19.5,9.555
2023-05-14,CENTRO,pico_7_9,0,0.705,4.550000000000001,37.0,21.0,8.975
2023-05-14,NORESTE3,fuera_pico_10_12,0,0.8200000000000001,10.5,33.86666666666667,29.5,15.0
2023-05-14,NORESTE3,pico_7_9,0,0.8178333333333334,11.133333333333333,26.0,34.5,16.0
2023-05-14,NOROESTE3,fuera_pico_10_12,0,0.5666666666666667,11.349999999999998,32.166666666666664,14.166666666666666,9.715
2023-05-14,NOROESTE3,pico_7_9,0,0.49,6.9833333333333325,30.166666666666668,23.0,10.785
2023-05-14,NORTE2,fuera_pico_10_12,1,0.73,24.0,19.25,24.25,16.0
2023-05-14,NORTE2,pico_7_9,1,0.5974999999999999,18.674999999999997,17.25,29.0,17.0
2023-05-14,SUR,fuera_pico_10_12,1,0.605,11.9,30.0,21.0,13.916666666666668
2023-05-14,SUR,pico_7_9,1,0.62625,12.8625,21.75,28.375,12.333333333333334
2023-05-14,SUROESTE2,fuera_pico_10_12,0,0.45249999999999996,6.25,38.0,17.25,6.5825000000000005
2023-05-14,SUROESTE2,pico_7_9,0,0.4075,5.1,35.25,16.25,6.1625
2023-05-15,CENTRO,fuera_pico_10_12,0,1.0,24.95,39.5,65.0,28.24
2023-05-15,CENTRO,pico_7_9,0,1.1099999999999999,25.75,9.0,50.5,23.060000000000002
2023-05-15,NORESTE3,fuera_pico_10_12,0,0.8228333333333333,12.916666666666668,51.733333333333334,48.833333333333336,18.0
2023-05-15,NORESTE3,pico_7_9,0,1.3704999999999998,27.383333333333333,16.28333333333333,71.16666666666666,37.5
2023-05-15,NOROESTE3,fuera_pico_10_12,0,0.7616666666666667,15.333333333333332,39.66666666666667,50.18833333333333,18.38
2023-05-15,NOROESTE3,pico_7_9,0,1.2083333333333333,24.083333333333332,5.0,83.52666666666667,32.39
2023-05-15,NORTE2,fuera_pico_10_12,1,0.8200000000000001,23.55,48.25,47.25,21.0
2023-05-15,NORTE2,pico_7_9,1,1.05,29.95,13.75,57.0,17.75
2023-05-15,SUR,fuera_pico_10_12,1,0.64375,9.100000000000001,43.75,44.375,10.333333333333332
2023-05-15,SUR,pico_7_9,1,1.06625,22.400000000000002,10.0,66.875,24.0
2023-05-15,SUROESTE2,fuera_pico_10_12,0,0.72,20.975,37.75,40.75,16.752499999999998
2023-05-15,SUROESTE2,pico_7_9,0,1.0,22.85,8.0,65.0,18.8525
2023-05-16,CENTRO,fuera_pico_10_12,0,1.135,31.4,19.0,77.0,30.700000000000003
2023-05-16,CENTRO,pico_7_9,0,0.955,21.25,10.5,48.0,19.005000000000003
2023-05-16,NORESTE3,fuera_pico_10_12,0,0.7936666666666667,8.266666666666666,33.85,40.16666666666667,12.5
2023-05-16,NORESTE3,pico_7_9,0,1.1048333333333336,21.9,11.483333333333334,53.33333333333333,26.5
2023-05-16,NOROESTE3,fuera_pico_10_12,0,0.63,13.01666666666667,27.166666666666668,52.0,21.475
2023-05-16,NOROESTE3,pico_7_9,0,0.8166666666666667,17.7,7.5,63.49999999999999,28.305
2023-05-16,NORTE2,fuera_pico_10_12,1,0.74,18.775,26.25,46.25,16.5
2023-05-16,NORTE2,pico_7_9,1,0.635,26.1,11.0,55.0,16.75
2023-05-16,SUR,fuera_pico_10_12,1,0.6950000000000001,14.3,28.0,45.375,17.55875
2023-05-16,SUR,pico_7_9,1,0.9725,19.9,9.125,52.75,18.07875
2023-05-16,SUROESTE2,fuera_pico_10_12,0,0.7124999999999999,20.25,28.25,46.75,20.465
2023-05-16,SUROESTE2,pico_7_9,0,0.6675,19.025,11.75,41.25,11.254999999999999
2023-05-17,CENTRO,fuera_pico_10_12,0,1.1400000000000001,27.299999999999997,36.5,86.0,35.980000000000004
2023-05-17,CENTRO,pico_7_9,0,1.225,28.7,7.5,69.5,29.205
2023-05-17,NORESTE3,fuera_pico_10_12,0,0.833,9.399999999999999,41.7,56.5,17.25
2023-05-17,NORESTE3,pico_7_9,0,0.9571666666666665,18.21666666666667,15.083333333333334,66.83333333333334,24.5
2023-05-17,NOROESTE3,fuera_pico_10_12,0,0.63,11.716666666666665,37.33333333333333,53.66666666666667,12.19
2023-05-17,NOROESTE3,pico_7_9,0,0.8433333333333333,20.0,9.166666666666666,70.5,23.32
2023-05-17,NORTE2,fuera_pico_10_12,1,0.6875,20.05,34.5,48.75,17.25
2023-05-17,NORTE2,pico_7_9,1,0.7175,25.6,13.75,55.0,8.75
2023-05-17,SUR,fuera_pico_10_12,1,0.7525,16.4625,39.75,62.125,18.40625
2023-05-17,SUR,pico_7_9,1,1.0499999999999998,24.8125,8.625,82.625,20.53125
2023-05-17,SUROESTE2,fuera_pico_10_12,0,0.7625,24.200000000000003,36.75,79.0,25.015
2023-05-17,SUROESTE2,pico_7_9,0,0.775,25.075,13.25,77.25,22.7925
2023-05-18,CENTRO,fuera_pico_10_12,0,1.2200000000000002,35.150000000000006,25.5,110.5,38.06
2023-05-18,CENTRO,pico_7_9,0,1.0899999999999999,29.700000000000003,7.5,51.0,21.83
2023-05-18,NORESTE3,fuera_pico_10_12,0,0.9319999999999999,18.56666666666667,33.86666666666667,48.0,21.5
2023-05-18,NORESTE3,pico_7_9,0,1.0333333333333332,20.15,18.43333333333333,54.83333333333333,19.75
2023-05-18,NOROESTE3,fuera_pico_10_12,0,0.7083333333333333,16.066666666666666,29.5,89.66666666666666,28.009999999999998
2023-05-18,NOROESTE3,pico_7_9,0,0.7266666666666667,19.7,6.833333333333334,51.0,22.455
2023-05-18,NORTE2,fuera_pico_10_12,1,0.6775,21.625,33.0,50.75,18.0
2023-05-18,NORTE2,pico_7_9,1,0.7225,26.15,15.75,40.75,14.0
2023-05-18,SUR,fuera_pico_10_12,1,0.70625,17.4125,45.0,57.75,22.255000000000003
2023-05-18,SUR,pico_7_9,1,0.77375,17.15,17.75,47.875,13.417916666666667
2023-05-18,SUROESTE2,fuera_pico_10_12,0,0.8775,23.975,33.75,88.75,27.8475
2023-05-18,SUROESTE2,pico_7_9,0,0.9225,24.175,9.5,74.25,21.54
2023-05-19,CENTRO,fuera_pico_10_12,0,1.47,36.55,34.0,91.5,38.365
2023-05-19,CENTRO,pico_7_9,0,1.185,21.85,8.5,61.5,24.66
2023-05-19,NORESTE3,fuera_pico_10_12,0,0.9510000000000001,16.016666666666666,41.43333333333333,66.16666666666667,32.0
2023-05-19,NORESTE3,pico_7_9,0,1.0815000000000001,18.599999999999998,12.216666666666667,70.83333333333334,29.25
2023-05-19,NOROESTE3,fuera_pico_10_12,0,0.6925,18.4,29.75,88.5,38.894999999999996
2023-05-19,NOROESTE3,pico_7_9,0,1.2816666666666667,25.083333333333332,4.833333333333334,85.66666666666666,29.215
2023-05-19,NORTE2,fuera_pico_10_12,1,0.8475,26.5,33.0,89.25,29.0
2023-05-19,NORTE2,pico_7_9,1,1.0499999999999998,31.325,8.75,70.25,20.25
2023-05-19,SUR,fuera_pico_10_12,1,0.6133333333333333,16.387500000000003,40.25,79.75,26.625833333333333
2023-05-19,SUR,pico_7_9,1,0.7066666666666667,22.362499999999997,7.625,52.875,17.115000000000002
2023-05-19,SUROESTE2,fuera_pico_10_12,0,0.8574999999999999,24.45,34.75,71.25,26.525
2023-05-19,SUROESTE2,pico_7_9,0,0.8775000000000001,22.200000000000003,7.75,62.25,19.23
2023-05-20,CENTRO,fuera_pico_10_12,0,1.175,21.75,15.0,105.5,41.03
2023-05-20,CENTRO,pico_7_9,0,1.0,15.1,4.5,63.0,28.9
2023-05-20,NORESTE3,fuera_pico_10_12,0,0.8438333333333334,9.266666666666666,21.866666666666667,61.166666666666664,23.0
2023-05-20,NORESTE3,pico_7_9,0,0.913,13.583333333333334,9.466666666666667,44.833333333333336,19.5
2023-05-20,NOROESTE3,fuera_pico_10_12,0,0.5966666666666667,9.200000000000001,23.333333333333336,62.83333333333333,14.77
2023-05-20,NOROESTE3,pico_7_9,0,0.685,13.000000000000002,4.0,47.66666666666667,20.4
2023-05-20,NORTE2,fuera_pico_10_12,1,0.7925,15.95,20.0,87.0,21.25
2023-05-20,NORTE2,pico_7_9,1,0.63,19.55,7.5,38.25,16.75
2023-05-20,SUR,fuera_pico_10_12,1,0.6924999999999999,12.0875,16.25,74.0,23.924999999999997
2023-05-20,SUR,pico_7_9,1,0.7975,14.3875,6.375,62.25,21.795
2023-05-20,SUROESTE2,fuera_pico_10_12,0,0.81,20.799999999999997,27.0,119.5,40.7425
2023-05-20,SUROESTE2,pico_7_9,0,0.77,17.775,4.5,70.25,28.67
2023-05-21,CENTRO,fuera_pico_10_12,0,0.845,10.5,28.5,46.0,28.73
2023-05-21,CENTRO,pico_7_9,0,1.02,13.6,7.0,40.5,24.23
2023-05-21,NORESTE3,fuera_pico_10_12,0,0.853,7.783333333333332,35.983333333333334,34.0,13.5
2023-05-21,NORESTE3,pico_7_9,0,0.94,15.533333333333335,13.5,30.833333333333332,11.5
2023-05-21,NOROESTE3,fuera_pico_10_12,0,0.51,7.4833333333333325,24.666666666666664,22.333333333333336,7.545
2023-05-21,NOROESTE3,pico_7_9,0,0.5733333333333333,10.65,11.666666666666668,20.666666666666668,12.42
2023-05-21,NORTE2,fuera_pico_10_12,1,0.8975,13.35,32.0,27.25,14.75
2023-05-21,NORTE2,pico_7_9,1,0.82,23.0,9.5,29.25,13.75
2023-05-21,SUR,fuera_pico_10_12,1,0.6675,13.2125,27.375,33.75,12.862083333333334
2023-05-21,SUR,pico_7_9,1,0.86625,21.4,8.375,40.125,16.32
2023-05-21,SUROESTE2,fuera_pico_10_12,0,0.4375,7.775,24.25,39.0,15.87
2023-05-21,SUROESTE2,pico_7_9,0,0.89,17.6,6.5,70.5,29.862499999999997
2023-05-22,CENTRO,fuera_pico_10_12,0,0.645,22.05,49.49999999999999,81.5,39.370000000000005
2023-05-22,CENTRO,pico_7_9,0,0.1336842105263158,21.9,7.5,39.5,20.85
2023-05-22,NORESTE3,fuera_pico_10_12,0,0.8713333333333333,12.666666666666666,34.333333333333336,54.833333333333336,18.5
2023-05-22,NORESTE3,pico_7_9,0,0.9193333333333333,14.933333333333334,15.150000000000002,47.66666666666667,16.75
2023-05-22,NOROESTE3,fuera_pico_10_12,0,0.7866666666666666,13.916666666666668,30.166666666666664,61.83333333333333,23.384999999999998
2023-05-22,NOROESTE3,pico_7_9,0,0.8933333333333333,17.700000000000003,4.833333333333333,96.83333333333331,34.14
2023-05-22,NORTE2,fuera_pico_10_12,1,0.9249999999999999,28.0,26.5,59.0,19.5
2023-05-22,NORTE2,pico_7_9,1,1.0075,27.95,8.0,66.5,20.0
2023-05-22,SUR,fuera_pico_10_12,1,0.73,11.2,40.75,51.0,22.67625
2023-05-22,SUR,pico_7_9,1,0.92625,19.3875,10.25,86.625,17.34
2023-05-22,SUROESTE2,fuera_pico_10_12,0,0.725,20.075000000000003,28.75,75.5,29.4925
2023-05-22,SUROESTE2,pico_7_9,0,0.955,22.775,6.25,57.25,21.035
2023-05-23,CENTRO,fuera_pico_10_12,0,1.1949999999999998,28.35,29.0,92.5,43.2
2023-05-23,CENTRO,pico_7_9,0,1.1400000000000001,20.65,8.0,59.0,22.905
2023-05-23,NORESTE3,fuera_pico_10_12,0,0.91825,15.45,26.375,45.25,35.0
2023-05-23,NORESTE3,pico_7_9,0,0.9244166666666667,14.1,14.491666666666667,48.33333333333333,15.5
2023-05-23,NOROESTE3,fuera_pico_10_12,0,0.7150000000000001,13.383333333333333,25.33333333333333,56.833333333333336,23.555
2023-05-23,NOROESTE3,pico_7_9,0,0.6266666666666667,12.75,6.166666666666666,50.0,17.36
2023-05-23,NORTE2,fuera_pico_10_12,1,0.7325,24.475,35.5,59.0,19.0
2023-05-23,NORTE2,pico_7_9,1,0.8600000000000001,17.875,11.25,55.5,16.0
2023-05-23,SUR,fuera_pico_10_12,1,0.7549999999999999,12.850000000000001,36.625,51.525,16.861250000000002
2023-05-23,SUR,pico_7_9,1,0.7875000000000001,15.25,10.875,47.2025,15.26125
2023-05-23,SUROESTE2,fuera_pico_10_12,0,0.8225,22.425,23.5,76.75,26.775
2023-05-23,SUROESTE2,pico_7_9,0,0.765,17.475,6.0,64.25,19.205
2023-05-24,CENTRO,fuera_pico_10_12,0,1.28,27.4,36.0,87.0,33.894999999999996
2023-05-24,CENTRO,pico_7_9,0,1.085,16.85,10.5,47.0,21.78
2023-05-24,NORESTE3,fuera_pico_10_12,0,0.8808333333333334,11.516666666666666,28.916666666666668,57.5,26.75
2023-05-24,NORESTE3,pico_7_9,0,1.0141666666666667,13.7,14.2,39.0,12.5
2023-05-24,NOROESTE3,fuera_pico_10_12,0,0.6399999999999999,13.616666666666667,23.666666666666664,75.33333333333333,28.509999999999998
2023-05-24,NOROESTE3,pico_7_9,0,0.6266666666666667,14.466666666666667,5.666666666666666,45.66666666666666,14.76
2023-05-24,NORTE2,fuera_pico_10_12,1,0.7849999999999999,21.25,32.0,60.0,19.75
2023-05-24,NORTE2,pico_7_9,1,0.64,19.15,9.5,39.75,10.5
2023-05-24,SUR,fuera_pico_10_12,1,0.60625,8.725,30.5,45.67,16.4875
2023-05-24,SUR,pico_7_9,1,0.79125,14.8625,10.0,54.68875,10.8575
2023-05-24,SUROESTE2,fuera_pico_10_12,0,0.785,20.65,25.75,70.75,26.557499999999997
2023-05-24,SUROESTE2,pico_7_9,0,0.605,15.899999999999999,6.0,47.0,16.945
2023-05-25,CENTRO,fuera_pico_10_12,0,1.1749999999999998,15.399999999999999,25.0,51.0,23.445
2023-05-25,CENTRO,pico_7_9,0,1.105,15.600000000000001,9.0,45.0,26.23
2023-05-25,NORESTE3,fuera_pico_10_12,0,0.9471666666666666,9.649999999999999,24.716666666666665,42.833333333333336,19.25
2023-05-25,NORESTE3,pico_7_9,0,1.0071666666666665,10.866666666666667,12.700000000000001,43.75,12.75
2023-05-25,NOROESTE3,fuera_pico_10_12,0,0.5983333333333334,7.65,23.83333333333333,35.5,16.04
2023-05-25,NOROESTE3,pico_7_9,0,0.5366666666666666,9.95,9.583333333333332,29.166666666666668,15.895
2023-05-25,NORTE2,fuera_pico_10_12,1,0.7525,13.55,23.25,44.75,19.25
2023-05-25,NORTE2,pico_7_9,1,0.685,14.225000000000001,11.0,35.0,12.0
2023-05-25,SUR,fuera_pico_10_12,1,0.48875,5.3,25.0,26.75,9.26625
2023-05-25,SUR,pico_7_9,1,0.47125,10.6625,12.125,22.75,8.54375
2023-05-25,SUROESTE2,fuera_pico_10_12,0,0.59,13.5,20.75,48.0,19.345
2023-05-25,SUROESTE2,pico_7_9,0,0.6325000000000001,12.100000000000001,8.25,36.5,17.2925
2023-05-26,CENTRO,fuera_pico_10_12,0,1.0350000000000001,11.7,24.0,45.0,23.63
2023-05-26,CENTRO,pico_7_9,0,1.0550000000000002,15.5,9.0,46.0,15.375
2023-05-26,NORESTE3,fuera_pico_10_12,0,0.8725,8.016666666666666,28.9,41.0,18.25
2023-05-26,NORESTE3,pico_7_9,0,0.9935,11.0,14.599999999999998,44.08333333333333,12.75
2023-05-26,NOROESTE3,fuera_pico_10_12,0,0.5800000000000001,7.783333333333333,22.166666666666664,35.333333333333336,17.515
2023-05-26,NOROESTE3,pico_7_9,0,0.6283333333333332,12.833333333333332,7.0,41.16666666666667,13.415
2023-05-26,NORTE2,fuera_pico_10_12,1,0.515,9.325,26.25,29.25,9.75
2023-05-26,NORTE2,pico_7_9,1,0.5874999999999999,14.3,10.5,38.0,12.75
2023-05-26,SUR,fuera_pico_10_12,1,0.5475000000000001,5.7375,25.5,27.625,8.583333333333332
2023-05-26,SUR,pico_7_9,1,0.46625,10.8875,13.25,26.375,12.166666666666668
2023-05-26,SUROESTE2,fuera_pico_10_12,0,0.605,12.4,16.5,49.75,21.752499999999998
2023-05-26,SUROESTE2,pico_7_9,0,0.6775,15.0,6.5,38.75,13.91
2023-05-27,CENTRO,fuera_pico_10_12,0,1.19,14.55,39.0,64.0,29.174999999999997
2023-05-27,CENTRO,pico_7_9,0,1.105,9.649999999999999,36.5,32.5,22.875
2023-05-27,NORESTE3,fuera_pico_10_12,0,1.1099999999999999,12.566666666666666,41.56666666666666,48.16666666666667,21.5
2023-05-27,NORESTE3,pico_7_9,0,1.109,12.616666666666667,34.483333333333334,38.16666666666667,18.25
2023-05-27,NOROESTE3,fuera_pico_10_12,0,0.6199999999999999,7.983333333333333,35.83333333333333,42.0,21.5
2023-05-27,NOROESTE3,pico_7_9,0,0.6366666666666667,8.133333333333333,26.666666666666664,35.16666666666666,20.189999999999998
2023-05-27,NORTE2,fuera_pico_10_12,1,0.62,13.8,41.25,37.0,16.0
2023-05-27,NORTE2,pico_7_9,1,0.56,13.675,32.25,27.5,13.75
2023-05-27,SUR,fuera_pico_10_12,1,0.5762499999999999,7.25,41.625,60.75,23.833333333333336
2023-05-27,SUR,pico_7_9,1,0.5362499999999999,8.1125,34.25,32.5,16.666666666666668
2023-05-27,SUROESTE2,fuera_pico_10_12,0,0.665,14.0,28.25,44.75,18.9375
2023-05-27,SUROESTE2,pico_7_9,0,0.51,18.7,17.0,35.25,19.61
2023-05-28,CENTRO,fuera_pico_10_12,0,0.97,4.95,46.0,18.0,4.470000000000001
2023-05-28,CENTRO,pico_7_9,0,0.98,7.75,37.0,25.0,10.1
2023-05-28,NORESTE3,fuera_pico_10_12,0,1.045,12.45,39.83333333333333,22.0,10.5
2023-05-28,NORESTE3,pico_7_9,0,0.9189999999999999,6.583333333333334,37.33333333333333,23.166666666666668,2.0
2023-05-28,NOROESTE3,fuera_pico_10_12,0,0.5700000000000001,9.149999999999999,28.83333333333333,14.833333333333332,12.005
2023-05-28,NOROESTE3,pico_7_9,0,0.4816666666666667,6.016666666666667,25.833333333333336,13.833333333333332,9.485
2023-05-28,NORTE2,fuera_pico_10_12,1,0.4625,8.4,41.75,13.75,7.5
2023-05-28,NORTE2,pico_7_9,1,0.4225,8.325,35.5,12.0,2.25
2023-05-28,SUR,fuera_pico_10_12,1,0.52,6.6875,43.0,19.333333333333336,7.5
2023-05-28,SUR,pico_7_9,1,0.4575,9.516666666666666,36.125,18.0,6.0
2023-05-28,SUROESTE2,fuera_pico_10_12,0,0.4275,6.25,34.5,20.5,6.907500000000001
2023-05-28,SUROESTE2,pico_7_9,0,0.4175,6.45,26.25,20.25,8.285
2023-05-29,CENTRO,fuera_pico_10_12,0,1.31,20.75,37.0,50.5,15.309999999999999
2023-05-29,CENTRO,pico_7_9,0,1.6,27.15,12.5,45.5,18.54
2023-05-29,NORESTE3,fuera_pico_10_12,0,0.7998333333333333,7.049999999999999,42.75,35.75,15.0
2023-05-29,NORESTE3,pico_7_9,0,1.02075,20.1,16.325,35.75,14.5
2023-05-29,NOROESTE3,fuera_pico_10_12,0,0.59,8.216666666666667,31.0,32.0,6.997857142857143
2023-05-29,NOROESTE3,pico_7_9,0,0.8300000000000001,18.866666666666667,10.5,32.99999999999999,7.113571428571428
2023-05-29,NORTE2,fuera_pico_10_12,1,1.075,13.399999999999999,26.25,27.5,17.5
2023-05-29,NORTE2,pico_7_9,1,1.455,17.15,12.0,36.5,7.25
2023-05-29,SUR,fuera_pico_10_12,1,0.67625,14.475,38.625,31.625,10.166666666666666
2023-05-29,SUR,pico_7_9,1,0.6425,18.325,22.5,28.875,10.583333333333332
2023-05-29,SUROESTE2,fuera_pico_10_12,0,0.535,16.925,29.5,47.75,15.3
2023-05-29,SUROESTE2,pico_7_9,0,0.5625,20.1,12.25,42.5,14.36
2023-05-30,CENTRO,fuera_pico_10_12,0,1.63,31.0,46.0,86.0,38.165
2023-05-30,CENTRO,pico_7_9,0,1.4849999999999999,26.15,13.5,44.5,19.284999999999997
2023-05-30,NORESTE3,fuera_pico_10_12,0,0.9288333333333333,14.283333333333331,43.25,68.08333333333334,30.5
2023-05-30,NORESTE3,pico_7_9,0,1.0346666666666668,18.366666666666667,14.5,49.66666666666667,22.25
2023-05-30,NOROESTE3,fuera_pico_10_12,0,0.7033333333333334,13.983333333333334,41.33333333333333,60.833333333333336,14.05
2023-05-30,NOROESTE3,pico_7_9,0,0.8366666666666669,21.15,8.833333333333334,50.66666666666667,21.775
2023-05-30,NORTE2,fuera_pico_10_12,1,2.05,32.225,33.0,62.5,27.75
2023-05-30,NORTE2,pico_7_9,1,1.795,32.0,13.5,72.0,24.0
2023-05-30,SUR,fuera_pico_10_12,1,0.8675,22.9125,45.5,69.0,23.932083333333335
2023-05-30,SUR,pico_7_9,1,0.85625,21.475,11.25,68.0,19.666666666666664
2023-05-30,SUROESTE2,fuera_pico_10_12,0,0.6475,20.825000000000003,35.0,70.25,21.192500000000003
2023-05-30,SUROESTE2,pico_7_9,0,0.8800000000000001,25.875,7.25,91.0,24.7875
2023-05-31,CENTRO,fuera_pico_10_12,0,1.48,25.200000000000003,33.0,86.0,37.825
2023-05-31,CENTRO,pico_7_9,0,1.375,23.85,11.5,52.5,22.205
2023-05-31,NORESTE3,fuera_pico_10_12,0,0.912,18.883333333333333,29.7,63.91666666666667,33.75
2023-05-31,NORESTE3,pico_7_9,0,0.9653333333333334,15.366666666666667,17.75,41.0,15.5
2023-05-31,NOROESTE3,fuera_pico_10_12,0,0.69,15.26666666666667,28.499999999999996,58.0,20.54
2023-05-31,NOROESTE3,pico_7_9,0,0.7483333333333333,19.849999999999998,8.333333333333334,57.66666666666667,19.915
2023-05-31,NORTE2,fuera_pico_10_12,1,1.375,24.875,28.75,53.25,21.25
2023-05-31,NORTE2,pico_7_9,1,1.465,21.549999999999997,14.75,38.75,15.75
2023-05-31,SUR,fuera_pico_10_12,1,0.71,11.2375,38.125,52.125,20.5225
2023-05-31,SUR,pico_7_9,1,0.6975,14.8875,17.625,34.5,13.29
2023-05-31,SUROESTE2,fuera_pico_10_12,0,0.7875000000000001,21.5,26.25,83.0,29.744999999999997
2023-05-31,SUROESTE2,pico_7_9,0,0.5525,19.200000000000003,10.25,55.75,16.1
2023-06-01,CENTRO,fuera_pico_10_12,0,1.3,12.05,24.5,50.0,17.445
2023-06-01,CENTRO,pico_7_9,0,1.205,12.5,17.0,28.5,10.18
2023-06-01,NORESTE3,fuera_pico_10_12,0,1.1388333333333334,15.65,22.56666666666667,47.16666666666667,16.5
2023-06-01,NORESTE3,pico_7_9,0,1.2413333333333334,16.325000000000003,17.15,30.833333333333336,12.0
2023-06-01,NOROESTE3,fuera_pico_10_12,0,0.6383333333333333,9.55,23.833333333333336,27.666666666666664,12.967192130593592
2023-06-01,NOROESTE3,pico_7_9,0,0.5866666666666667,8.416666666666666,19.166666666666664,25.833333333333336,13.481842235384258
2023-06-01,NORTE2,fuera_pico_10_12,1,0.9950000000000001,13.825,24.25,29.75,13.25
2023-06-01,NORTE2,pico_7_9,1,0.925,14.7,14.75,19.5,12.25
2023-06-01,SUR,fuera_pico_10_12,1,0.6225,6.7125,23.25,30.375,8.5
2023-06-01,SUR,pico_7_9,1,0.5862499999999999,8.787500000000001,18.625,20.0,7.666666666666667
2023-06-01,SUROESTE2,fuera_pico_10_12,0,0.53,13.675,18.75,32.75,14.2275
2023-06-01,SUROESTE2,pico_7_9,0,0.4425,12.850000000000001,12.0,28.5,11.18
2023-06-02,CENTRO,fuera_pico_10_12,0,1.2850000000000001,8.7,18.5,28.0,6.695
2023-06-02,CENTRO,pico_7_9,0,1.21,10.850000000000001,13.5,24.5,9.5
2023-06-02,NORESTE3,fuera_pico_10_12,0,1.1375,14.775,17.416666666666664,31.666666666666664,12.25
2023-06-02,NORESTE3,pico_7_9,0,1.1211666666666666,14.375,15.716666666666667,35.0,11.0
2023-06-02,NOROESTE3,fuera_pico_10_12,0,0.645,9.116666666666667,13.833333333333332,23.833333333333336,15.86
2023-06-02,NOROESTE3,pico_7_9,0,0.61,8.649999999999999,11.666666666666666,25.166666666666664,17.905
2023-06-02,NORTE2,fuera_pico_10_12,1,0.965,13.425,15.5,21.5,10.0
2023-06-02,NORTE2,pico_7_9,1,1.01,13.600000000000001,13.5,23.75,10.0
2023-06-02,SUR,fuera_pico_10_12,1,0.6625,6.05,18.375,21.25,10.833333333333334
2023-06-02,SUR,pico_7_9,1,0.59625,7.225,15.625,18.375,7.558333333333334
2023-06-02,SUROESTE2,fuera_pico_10_12,0,0.575,10.875,13.5,34.0,12.3825
2023-06-02,SUROESTE2,pico_7_9,0,0.49750000000000005,13.024999999999999,6.25,32.25,14.54
2023-06-03,CENTRO,fuera_pico_10_12,0,1.185,6.75,27.5,27.0,10.295
2023-06-03,CENTRO,pico_7_9,0,1.105,5.3,20.5,27.0,9.905000000000001
2023-06-03,NORESTE3,fuera_pico_10_12,0,1.073,11.025,23.833333333333332,37.16666666666666,20.75
2023-06-03,NORESTE3,pico_7_9,0,1.0678333333333332,14.3,18.45,21.333333333333336,9.25
2023-06-03,NOROESTE3,fuera_pico_10_12,0,0.6799999999999999,8.783333333333333,23.166666666666664,22.333333333333336,16.135
2023-06-03,NOROESTE3,pico_7_9,0,0.6699999999999999,8.25,16.0,16.833333333333332,13.969999999999999
2023-06-03,NORTE2,fuera_pico_10_12,1,0.845,9.375,26.5,26.75,10.25
2023-06-03,NORTE2,pico_7_9,1,1.0050000000000001,12.350000000000001,16.0,15.75,8.0
2023-06-03,SUR,fuera_pico_10_12,1,0.66125,5.1375,25.125,30.0,12.4275
2023-06-03,SUR,pico_7_9,1,0.59375,7.2875,18.125,17.25,7.7225
2023-06-03,SUROESTE2,fuera_pico_10_12,0,0.4175,6.85,20.5,22.25,8.407499999999999
2023-06-03,SUROESTE2,pico_7_9,0,0.41,6.1,14.5,15.75,5.657500000000001
2023-06-04,CENTRO,fuera_pico_10_12,0,1.08,12.05,33.5,33.0,17.03784213626383
2023-06-04,CENTRO,pico_7_9,0,0.98,16.25,21.5,36.0,17.081199650157146
2023-06-04,NORESTE3,fuera_pico_10_12,0,0.9323333333333332,7.875,33.199999999999996,23.833333333333336,14.25
2023-06-04,NORESTE3,pico_7_9,0,1.0141666666666667,14.0,19.18333333333333,23.166666666666664,8.75
2023-06-04,NOROESTE3,fuera_pico_10_12,0,0.6033333333333334,5.433333333333334,34.166666666666664,15.5,11.254999999999999
2023-06-04,NOROESTE3,pico_7_9,0,0.6075,8.7,23.5,17.75,9.5375
2023-06-04,NORTE2,fuera_pico_10_12,1,0.89,9.925,29.75,24.75,7.0
2023-06-04,NORTE2,pico_7_9,1,0.75,11.95,21.5,20.0,11.75
2023-06-04,SUR,fuera_pico_10_12,1,0.61625,7.3125,36.375,27.0,17.833333333333336
2023-06-04,SUR,pico_7_9,1,0.60625,16.3,18.875,25.125,8.9975
2023-06-04,SUROESTE2,fuera_pico_10_12,0,0.46499999999999997,9.925,27.5,25.25,15.3975
2023-06-04,SUROESTE2,pico_7_9,0,0.455,19.325,11.75,28.75,13.485
2023-06-05,CENTRO,fuera_pico_10_12,0,1.26,15.95,41.5,56.0,23.359073018397957
2023-06-05,CENTRO,pico_7_9,0,1.1549999999999998,14.850000000000001,17.0,44.0,25.699607546501973
2023-06-05,NORESTE3,fuera_pico_10_12,0,0.9986666666666667,9.375,38.15,35.66666666666667,16.25
2023-06-05,NORESTE3,pico_7_9,0,1.0545,17.325000000000003,21.383333333333333,43.0,15.5
2023-06-05,NOROESTE3,fuera_pico_10_12,0,0.7683333333333333,8.616666666666667,34.5,47.16666666666667,17.455
2023-06-05,NOROESTE3,pico_7_9,0,0.6816666666666666,14.2,14.5,31.999999999999996,24.26
2023-06-05,NORTE2,fuera_pico_10_12,1,1.08,16.725,33.5,49.0,15.75
2023-06-05,NORTE2,pico_7_9,1,1.1150000000000002,19.9,14.5,39.25,12.75
2023-06-05,SUR,fuera_pico_10_12,1,0.6837500000000001,14.3625,36.0,53.25,15.26875
2023-06-05,SUR,pico_7_9,1,0.7575,21.1,12.75,47.875,12.465
2023-06-05,SUROESTE2,fuera_pico_10_12,0,0.62,15.0,30.5,93.5,33.4375
2023-06-05,SUROESTE2,pico_7_9,0,0.5625,18.25,8.25,63.0,24.02
2023-06-06,CENTRO,fuera_pico_10_12,0,1.5699999999999998,31.0,42.5,105.5,37.01548303264366
2023-06-06,CENTRO,pico_7_9,0,1.45,29.0,13.5,63.5,27.90868752290686
2023-06-06,NORESTE3,fuera_pico_10_12,0,1.0013333333333332,12.524999999999999,41.11666666666666,57.33333333333333,26.25
2023-06-06,NORESTE3,pico_7_9,0,1.2458333333333331,27.375,14.75,56.666666666666664,21.75
2023-06-06,NOROESTE3,fuera_pico_10_12,0,0.9066666666666667,15.633333333333333,33.166666666666664,77.83333333333334,16.11
2023-06-06,NOROESTE3,pico_7_9,0,0.9750000000000001,18.875,5.75,83.25,33.93
2023-06-06,NORTE2,fuera_pico_10_12,1,1.195,22.25,32.75,67.0,13.5
2023-06-06,NORTE2,pico_7_9,1,1.365,30.375,11.75,47.5,15.5
2023-06-06,SUR,fuera_pico_10_12,1,0.7525,14.45,46.5,48.75,15.8225
2023-06-06,SUR,pico_7_9,1,0.87125,21.362499999999997,15.125,52.25,13.55125
2023-06-06,SUROESTE2,fuera_pico_10_12,0,0.73,22.049999999999997,39.5,95.0,29.6675
2023-06-06,SUROESTE2,pico_7_9,0,0.7424999999999999,27.05,10.25,101.75,25.9925
2023-06-07,CENTRO,fuera_pico_10_12,0,1.3900000000000001,35.75,26.5,97.5,39.09922680412372
2023-06-07,CENTRO,pico_7_9,0,1.2349999999999999,24.549999999999997,13.0,46.0,24.3885729737745
2023-06-07,NORESTE3,fuera_pico_10_12,0,1.0878333333333332,23.9,25.266666666666666,56.16666666666667,36.75
2023-06-07,NORESTE3,pico_7_9,0,1.088,21.450000000000003,15.633333333333335,41.5,20.75
2023-06-07,NOROESTE3,fuera_pico_10_12,0,0.9633333333333334,18.3,35.33333333333333,110.0,28.395
2023-06-07,NOROESTE3,pico_7_9,0,0.6383333333333334,16.46666666666667,15.166666666666668,43.66666666666667,20.25
2023-06-07,NORTE2,fuera_pico_10_12,1,1.17,24.9,29.0,61.25,18.5
2023-06-07,NORTE2,pico_7_9,1,1.1099999999999999,18.0,16.25,41.75,13.0
2023-06-07,SUR,fuera_pico_10_12,1,0.7433333333333334,13.6125,37.375,68.75,30.6925
2023-06-07,SUR,pico_7_9,1,0.665,15.9375,15.75,40.625,14.23
2023-06-07,SUROESTE2,fuera_pico_10_12,0,0.8625,29.9,28.25,91.75,31.0275
2023-06-07,SUROESTE2,pico_7_9,0,0.5974999999999999,26.225,6.75,50.25,16.465
2023-06-08,CENTRO,fuera_pico_10_12,0,1.2349999999999999,20.65,19.5,61.0,18.455
2023-06-08,CENTRO,pico_7_9,0,1.135,16.05,16.0,51.0,27.2725
2023-06-08,NORESTE3,fuera_pico_10_12,0,0.9116666666666666,13.35,28.5,42.33333333333333,22.0
2023-06-08,NORESTE3,pico_7_9,0,0.84,14.8,17.45,32.75,11.5
2023-06-08,NOROESTE3,fuera_pico_10_12,0,0.6333333333333333,9.266666666666666,26.0,37.66666666666667,17.799999999999997
2023-06-08,NOROESTE3,pico_7_9,0,0.5275000000000001,9.5,18.75,32.75,15.205
2023-06-08,NORTE2,fuera_pico_10_12,1,0.96,16.775,22.0,44.0,16.25
2023-06-08,NORTE2,pico_7_9,1,0.78,14.399999999999999,17.75,39.75,12.75
2023-06-08,SUR,fuera_pico_10_12,1,0.635,8.3875,38.125,35.0,16.30125
2023-06-08,SUR,pico_7_9,1,0.6583333333333333,11.3625,14.0,39.75,12.655
2023-06-08,SUROESTE2,fuera_pico_10_12,0,0.6225,16.5,14.75,55.0,18.405
2023-06-08,SUROESTE2,pico_7_9,0,0.635,16.75,8.5,39.0,24.57
2023-06-09,CENTRO,fuera_pico_10_12,0,2.085,45.45,45.0,98.0,39.5
2023-06-09,CENTRO,pico_7_9,0,1.6400000000000001,23.85,11.5,75.5,34.44
2023-06-09,NORESTE3,fuera_pico_10_12,0,1.1631666666666665,19.424999999999997,39.05,55.0,34.0
2023-06-09,NORESTE3,pico_7_9,0,1.1346666666666665,18.625,14.883333333333331,54.0,15.25
2023-06-09,NOROESTE3,fuera_pico_10_12,0,0.6983333333333333,19.749999999999996,42.833333333333336,75.25,25.57
2023-06-09,NOROESTE3,pico_7_9,0,0.7149999999999999,18.866666666666667,8.166666666666666,75.0,31.515
2023-06-09,NORTE2,fuera_pico_10_12,1,1.0325,25.3,44.5,145.75,29.75
2023-06-09,NORTE2,pico_7_9,1,1.105,22.975,10.5,54.25,13.25
2023-06-09,SUR,fuera_pico_10_12,1,0.96375,21.712500000000002,55.375,68.0,26.90375
2023-06-09,SUR,pico_7_9,1,1.1099999999999999,16.7875,13.25,54.625,17.445416666666663
2023-06-09,SUROESTE2,fuera_pico_10_12,0,0.7175,27.65,44.75,126.5,40.57
2023-06-09,SUROESTE2,pico_7_9,0,0.6699999999999999,21.925,10.0,58.25,26.73
2023-06-10,CENTRO,fuera_pico_10_12,0,1.2850000000000001,17.7,29.5,72.0,38.925
2023-06-10,CENTRO,pico_7_9,0,1.295,19.2,10.5,58.0,28.775
2023-06-10,NORESTE3,fuera_pico_10_12,0,1.123,13.375,27.383333333333333,58.16666666666667,31.25
2023-06-10,NORESTE3,pico_7_9,0,1.0613333333333332,14.649999999999999,20.233333333333334,47.5,19.25
2023-06-10,NOROESTE3,fuera_pico_10_12,0,0.5566666666666666,13.633333333333333,35.83333333333333,45.33333333333333,31.35
2023-06-10,NOROESTE3,pico_7_9,0,0.6583333333333334,12.183333333333334,13.083333333333332,31.666666666666664,20.255
2023-06-10,NORTE2,fuera_pico_10_12,1,0.7875000000000001,14.675,34.75,55.75,18.5
2023-06-10,NORTE2,pico_7_9,1,0.75,16.0,15.25,34.25,18.5
2023-06-10,SUR,fuera_pico_10_12,1,0.7225,7.45,26.125,53.625,25.0
2023-06-10,SUR,pico_7_9,1,0.68625,9.7375,16.375,42.375,15.166666666666666
2023-06-10,SUROESTE2,fuera_pico_10_12,0,0.7100000000000001,14.95,26.0,72.0,35.472500000000004
2023-06-10,SUROESTE2,pico_7_9,0,0.6625,18.225,9.75,56.25,26.3425
2023-06-11,CENTRO,fuera_pico_10_12,0,1.325,15.05,31.5,67.5,39.905
2023-06-11,CENTRO,pico_7_9,0,1.24,15.95,11.0,68.0,36.535
2023-06-11,NORESTE3,fuera_pico_10_12,0,1.0703333333333336,8.3,28.016666666666666,46.66666666666667,25.75
2023-06-11,NORESTE3,pico_7_9,0,1.0148333333333333,11.25,20.55,39.83333333333333,21.5
2023-06-11,NOROESTE3,fuera_pico_10_12,0,0.575,8.033333333333333,36.5,32.16666666666667,20.21636914912473
2023-06-11,NOROESTE3,pico_7_9,0,0.6333333333333333,7.550000000000001,16.833333333333336,43.0,25.798421052631575
2023-06-11,NORTE2,fuera_pico_10_12,1,0.6699999999999999,8.225,35.0,41.75,19.5
2023-06-11,NORTE2,pico_7_9,1,0.665,7.7749999999999995,21.25,32.5,17.25
2023-06-11,SUR,fuera_pico_10_12,1,0.72375,6.05,28.125,50.5,25.53125
2023-06-11,SUR,pico_7_9,1,0.6875,7.325,16.625,43.5,22.49875
2023-06-11,SUROESTE2,fuera_pico_10_12,0,0.6675,10.625,33.0,59.5,37.19
2023-06-11,SUROESTE2,pico_7_9,0,0.555,12.600000000000001,8.5,57.5,31.54
2023-06-12,CENTRO,fuera_pico_10_12,0,1.5899999999999999,21.2,28.5,85.5,41.59
2023-06-12,CENTRO,pico_7_9,0,1.565,13.2,12.0,74.0,36.635000000000005
2023-06-12,NORESTE3,fuera_pico_10_12,0,1.1281666666666665,16.375,34.849999999999994,57.16666666666667,34.75
2023-06-12,NORESTE3,pico_7_9,0,1.1143333333333332,16.1,15.883333333333333,45.66666666666667,25.25
2023-06-12,NOROESTE3,fuera_pico_10_12,0,0.6433333333333333,12.066666666666666,26.333333333333336,122.25,46.895
2023-06-12,NOROESTE3,pico_7_9,0,0.65,11.3,10.0,40.0,49.25
2023-06-12,NORTE2,fuera_pico_10_12,1,0.9975,19.275,26.0,62.0,19.75
2023-06-12,NORTE2,pico_7_9,1,0.9249999999999999,13.95,8.75,48.25,23.0
2023-06-12,SUR,fuera_pico_10_12,1,0.875,12.1375,50.25,68.375,34.1425
2023-06-12,SUR,pico_7_9,1,0.8162499999999999,9.5125,20.0,53.875,23.221249999999998
2023-06-12,SUROESTE2,fuera_pico_10_12,0,0.885,21.75,27.75,81.75,36.6575
2023-06-12,SUROESTE2,pico_7_9,0,0.64,13.425,8.25,46.25,26.27
2023-06-13,CENTRO,fuera_pico_10_12,0,1.655,36.75,42.5,134.51999999999998,46.885
2023-06-13,CENTRO,pico_7_9,0,1.415,12.25,13.5,108.91,44.175
2023-06-13,NORESTE3,fuera_pico_10_12,0,1.2621666666666669,21.4,45.96666666666667,86.83333333333334,51.25
2023-06-13,NORESTE3,pico_7_9,0,1.0906666666666667,11.0,17.933333333333334,56.5,30.75
2023-06-13,NOROESTE3,fuera_pico_10_12,0,0.8133333333333335,16.433333333333334,34.75,114.83333333333334,31.58
2023-06-13,NOROESTE3,pico_7_9,0,0.6699999999999999,12.783333333333333,10.5,68.83333333333333,43.095
2023-06-13,NORTE2,fuera_pico_10_12,1,1.165,23.675,46.5,81.0,30.0
2023-06-13,NORTE2,pico_7_9,1,0.8625,13.6,11.25,51.5,25.25
2023-06-13,SUR,fuera_pico_10_12,1,0.9450000000000001,17.575,66.875,96.0,47.3925
2023-06-13,SUR,pico_7_9,1,0.765,9.675,16.125,59.0,27.130000000000003
2023-06-13,SUROESTE2,fuera_pico_10_12,0,0.7050000000000001,27.45,48.0,201.25,57.035
2023-06-13,SUROESTE2,pico_7_9,0,0.65,18.6,6.25,94.0,38.18
2023-06-14,CENTRO,fuera_pico_10_12,0,2.125,51.5,49.5,173.635,48.425
2023-06-14,CENTRO,pico_7_9,0,1.605,22.75,10.0,103.935,41.795
2023-06-14,NORESTE3,fuera_pico_10_12,0,1.2736666666666667,23.3,40.86666666666667,123.00000000000001,50.5
2023-06-14,NORESTE3,pico_7_9,0,1.1371666666666669,16.225,20.866666666666667,64.83333333333334,27.75
2023-06-14,NOROESTE3,fuera_pico_10_12,0,0.885,22.450000000000003,38.0,118.83333333333331,21.39
2023-06-14,NOROESTE3,pico_7_9,0,0.8666666666666667,19.049999999999997,7.666666666666667,81.33333333333333,32.195
2023-06-14,NORTE2,fuera_pico_10_12,1,1.5274999999999999,32.6,47.0,109.5,24.75
2023-06-14,NORTE2,pico_7_9,1,1.2225000000000001,21.5,10.75,65.75,27.75
2023-06-14,SUR,fuera_pico_10_12,1,1.23625,34.5375,45.125,126.25,46.75875
2023-06-14,SUR,pico_7_9,1,0.8987499999999999,15.35,14.0,68.625,34.54
2023-06-14,SUROESTE2,fuera_pico_10_12,0,0.8425,39.050000000000004,42.5,174.75,50.962500000000006
2023-06-14,SUROESTE2,pico_7_9,0,0.9075,29.475,5.5,150.25,40.095
2023-06-15,CENTRO,fuera_pico_10_12,0,1.95,32.75,59.5,161.49,61.37
2023-06-15,CENTRO,pico_7_9,0,1.5150000000000001,23.549999999999997,13.5,136.57999999999998,52.19
2023-06-15,NORESTE3,fuera_pico_10_12,0,1.1578333333333335,11.25,46.81666666666666,81.0,48.25
2023-06-15,NORESTE3,pico_7_9,0,1.2570000000000001,16.424999999999997,23.983333333333334,102.83333333333331,38.0
2023-06-15,NOROESTE3,fuera_pico_10_12,0,0.8583333333333334,23.333333333333336,44.0,110.66666666666666,31.94
2023-06-15,NOROESTE3,pico_7_9,0,0.8133333333333334,21.85,9.333333333333334,77.33333333333334,41.995000000000005
2023-06-15,NORTE2,fuera_pico_10_12,1,1.0274999999999999,25.275000000000002,48.5,107.75,35.5
2023-06-15,NORTE2,pico_7_9,1,1.1825,28.5,13.5,83.75,36.0
2023-06-15,SUR,fuera_pico_10_12,1,0.9299999999999999,17.5875,51.875,107.125,47.54875
2023-06-15,SUR,pico_7_9,1,0.9275,18.5375,20.125,89.875,45.11
2023-06-15,SUROESTE2,fuera_pico_10_12,0,0.72,30.05,49.25,142.75,47.24
2023-06-15,SUROESTE2,pico_7_9,0,0.8525,25.925,10.75,89.5,31.75
2023-06-16,CENTRO,fuera_pico_10_12,0,1.655,22.799999999999997,53.0,158.575,61.269999999999996
2023-06-16,CENTRO,pico_7_9,0,1.415,21.25,15.5,142.7,58.155
2023-06-16,NORESTE3,fuera_pico_10_12,0,1.1076666666666668,8.775,49.925,70.16666666666667,44.75
2023-06-16,NORESTE3,pico_7_9,0,1.190666666666667,17.35,27.575,69.33333333333334,34.0
2023-06-16,NOROESTE3,fuera_pico_10_12,0,0.76,14.583333333333332,40.666666666666664,85.5,44.805
2023-06-16,NOROESTE3,pico_7_9,0,0.685,16.0,13.0,71.83333333333333,40.08
2023-06-16,NORTE2,fuera_pico_10_12,1,0.8800000000000001,19.025,49.0,92.0,34.75
2023-06-16,NORTE2,pico_7_9,1,1.2850000000000001,21.375,16.25,73.5,34.5
2023-06-16,SUR,fuera_pico_10_12,1,0.8175,12.85,51.375,86.125,45.1725
2023-06-16,SUR,pico_7_9,1,0.89375,16.75,19.625,75.125,39.8025
2023-06-16,SUROESTE2,fuera_pico_10_12,0,1.0,27.8,45.75,119.0,57.6025
2023-06-16,SUROESTE2,pico_7_9,0,0.865,24.1,9.5,81.25,37.442499999999995
2023-06-17,CENTRO,fuera_pico_10_12,0,1.5550000000000002,23.0,43.0,157.015,60.73
2023-06-17,CENTRO,pico_7_9,0,1.3399999999999999,17.05,15.0,116.435,49.08
2023-06-17,NORESTE3,fuera_pico_10_12,0,1.157833333333333,11.183333333333334,51.849999999999994,66.725,44.1725
2023-06-17,NORESTE3,pico_7_9,0,1.1341666666666668,12.283333333333335,32.2,60.528333333333336,31.997500000000002
2023-06-17,NOROESTE3,fuera_pico_10_12,0,0.7533333333333334,11.600000000000001,37.49999999999999,69.0,44.795
2023-06-17,NOROESTE3,pico_7_9,0,0.6066666666666667,11.083333333333332,15.833333333333332,56.5,35.505
2023-06-17,NORTE2,fuera_pico_10_12,1,0.935,14.7,49.5,61.75,27.75
2023-06-17,NORTE2,pico_7_9,1,0.7825,13.225,16.5,47.5,21.5
2023-06-17,SUR,fuera_pico_10_12,1,0.83875,10.2,57.75,81.5,44.5
2023-06-17,SUR,pico_7_9,1,0.77625,10.3375,23.25,62.125,31.5
2023-06-17,SUROESTE2,fuera_pico_10_12,0,0.845,19.95,34.5,99.25,47.57
2023-06-17,SUROESTE2,pico_7_9,0,0.6775,14.125,9.5,88.0,39.5575
2023-06-18,CENTRO,fuera_pico_10_12,0,1.42,18.2,53.5,145.25,54.96
2023-06-18,CENTRO,pico_7_9,0,1.42,13.7,15.0,132.085,52.11
2023-06-18,NORESTE3,fuera_pico_10_12,0,1.0739999999999998,14.9,64.75,73.0,37.386200440825384
2023-06-18,NORESTE3,pico_7_9,0,1.024,11.425,26.75,63.25,36.86
2023-06-18,NOROESTE3,fuera_pico_10_12,0,0.6425000000000001,16.6,41.5,67.75,27.854999999999997
2023-06-18,NOROESTE3,pico_7_9,0,0.655,14.075,9.0,67.25,33.295
2023-06-18,NORTE2,fuera_pico_10_12,1,1.0875,23.0,53.25,76.75,34.25
2023-06-18,NORTE2,pico_7_9,1,0.835,16.15,16.75,59.25,29.25
2023-06-18,SUR,fuera_pico_10_12,1,0.84875,10.3125,54.625,81.375,39.305
2023-06-18,SUR,pico_7_9,1,0.85375,11.399999999999999,20.5,73.5,37.7725
2023-06-18,SUROESTE2,fuera_pico_10_12,0,0.7,14.65,46.25,90.5,44.1525
2023-06-18,SUROESTE2,pico_7_9,0,0.86,18.95,8.0,97.5,38.3425
2023-06-19,CENTRO,fuera_pico_10_12,0,1.815,38.75,54.0,175.71,57.295
2023-06-19,CENTRO,pico_7_9,0,1.38,19.200000000000003,14.5,137.455,41.34
2023-06-19,NORESTE3,fuera_pico_10_12,0,1.0785,12.266666666666666,59.083333333333336,77.33333333333333,69.0
2023-06-19,NORESTE3,pico_7_9,0,0.9925,9.5,28.108333333333334,61.41666666666667,30.14
2023-06-19,NOROESTE3,fuera_pico_10_12,0,0.8300000000000001,18.266666666666666,46.83333333333333,77.0,23.740000000000002
2023-06-19,NOROESTE3,pico_7_9,0,0.765,20.424999999999997,8.5,64.5,31.75
2023-06-19,NORTE2,fuera_pico_10_12,1,0.9650000000000001,24.35,59.75,84.25,26.5
2023-06-19,NORTE2,pico_7_9,1,0.9700000000000001,21.275000000000002,13.75,63.75,22.0
2023-06-19,SUR,fuera_pico_10_12,1,1.03375,22.637500000000003,60.25,98.5,40.955
2023-06-19,SUR,pico_7_9,1,0.91875,17.512500000000003,15.875,76.375,33.021249999999995
2023-06-19,SUROESTE2,fuera_pico_10_12,0,0.98,36.675,43.75,128.25,56.745000000000005
2023-06-19,SUROESTE2,pico_7_9,0,0.9900000000000001,24.55,8.25,78.75,41.9275
2023-06-20,CENTRO,fuera_pico_10_12,0,1.875,38.1,52.0,217.505,57.98
2023-06-20,CENTRO,pico_7_9,0,1.3599999999999999,28.3,12.5,166.31,46.27
2023-06-20,NORESTE3,fuera_pico_10_12,0,1.0299999999999998,10.2,60.45,69.0,42.260000000000005
2023-06-20,NORESTE3,pico_7_9,0,1.1360000000000001,16.999999999999996,23.8,71.17666666666668,28.685000000000002
2023-06-20,NOROESTE3,fuera_pico_10_12,0,0.7883333333333333,19.83333333333333,46.5,91.83333333333331,29.994999999999997
2023-06-20,NOROESTE3,pico_7_9,0,0.8150000000000001,23.150000000000002,8.5,86.83333333333334,27.775
2023-06-20,NORTE2,fuera_pico_10_12,1,0.865,23.35,50.5,104.25,28.25
2023-06-20,NORTE2,pico_7_9,1,1.2000000000000002,28.125,11.5,105.0,30.5
2023-06-20,SUR,fuera_pico_10_12,1,0.5983333333333334,17.125,50.0,101.875,34.69125
2023-06-20,SUR,pico_7_9,1,0.7666666666666666,20.9875,15.125,89.75,30.0
2023-06-20,SUROESTE2,fuera_pico_10_12,0,0.985,37.075,46.25,135.5,58.0
2023-06-20,SUROESTE2,pico_7_9,0,0.9550000000000001,31.3,8.0,150.5,32.0
2023-06-21,CENTRO,fuera_pico_10_12,0,2.05,42.3,67.5,242.17,68.85
2023-06-21,CENTRO,pico_7_9,0,1.425,31.9,13.5,173.25,48.39
2023-06-21,NORESTE3,fuera_pico_10_12,0,1.0261666666666667,11.75,66.2,97.5,53.995000000000005
2023-06-21,NORESTE3,pico_7_9,0,1.1126666666666667,15.866666666666667,23.9,85.0,28.03
2023-06-21,NOROESTE3,fuera_pico_10_12,0,0.8383333333333334,22.833333333333332,50.0,94.5,27.136176470588236
2023-06-21,NOROESTE3,pico_7_9,0,0.8483333333333333,24.7,9.666666666666666,83.33333333333333,22.453020719656305
2023-06-21,NORTE2,fuera_pico_10_12,1,0.8725,24.45,58.0,100.0,33.5
2023-06-21,NORTE2,pico_7_9,1,1.085,27.25,12.5,95.0,27.25
2023-06-21,SUR,fuera_pico_10_12,1,0.7916666666666666,23.112499999999997,63.125,122.0,39.45625
2023-06-21,SUR,pico_7_9,1,0.715,25.375,14.375,97.625,32.7675
2023-06-21,SUROESTE2,fuera_pico_10_12,0,0.9724999999999999,35.849999999999994,59.5,140.5,75.3675
2023-06-21,SUROESTE2,pico_7_9,0,1.12,39.6,15.5,177.5,56.0775
2023-06-22,CENTRO,fuera_pico_10_12,0,1.475,25.55,54.0,159.335,50.26
2023-06-22,CENTRO,pico_7_9,0,1.26,19.049999999999997,12.0,113.345,35.864999999999995
2023-06-22,NORESTE3,fuera_pico_10_12,0,1.0686666666666667,11.3,51.525000000000006,72.83333333333333,39.7675
2023-06-22,NORESTE3,pico_7_9,0,1.1320000000000001,11.366666666666667,25.325,60.33333333333333,23.115000000000002
2023-06-22,NOROESTE3,fuera_pico_10_12,0,0.7966666666666666,15.683333333333334,38.33333333333333,62.25,35.305138882619744
2023-06-22,NOROESTE3,pico_7_9,0,0.7450000000000001,15.183333333333332,12.0,51.25,20.073812391373366
2023-06-22,NORTE2,fuera_pico_10_12,1,0.9125,16.9,44.75,72.5,29.75
2023-06-22,NORTE2,pico_7_9,1,0.8200000000000001,14.649999999999999,16.0,50.75,15.0
2023-06-22,SUR,fuera_pico_10_12,1,0.8049999999999999,10.825,47.75,73.125,34.38375
2023-06-22,SUR,pico_7_9,1,0.8075,7.8875,19.125,56.25,23.8975
2023-06-22,SUROESTE2,fuera_pico_10_12,0,0.8724999999999999,21.025,42.5,99.5,41.75
2023-06-22,SUROESTE2,pico_7_9,0,0.695,16.275,7.5,70.0,24.5
2023-06-23,CENTRO,fuera_pico_10_12,0,1.715,27.549999999999997,46.5,98.08250000000001,50.239999999999995
2023-06-23,CENTRO,pico_7_9,0,1.555,19.45,13.0,97.25005839951359,47.39
2023-06-23,NORESTE3,fuera_pico_10_12,0,1.0238333333333332,8.783333333333335,51.0,61.33333333333333,34.915
2023-06-23,NORESTE3,pico_7_9,0,1.1178333333333335,13.283333333333333,28.675,59.66666666666667,26.3
2023-06-23,NOROESTE3,fuera_pico_10_12,0,0.745,14.483333333333334,36.666666666666664,69.66666666666666,32.21
2023-06-23,NOROESTE3,pico_7_9,0,0.7016666666666667,15.766666666666667,9.5,67.5,32.125
2023-06-23,NORTE2,fuera_pico_10_12,1,0.835,18.275,44.5,87.0,26.5
2023-06-23,NORTE2,pico_7_9,1,1.0,20.700000000000003,12.5,68.25,23.75
2023-06-23,SUR,fuera_pico_10_12,1,0.935,16.1,48.25,79.0,30.805
2023-06-23,SUR,pico_7_9,1,0.9366666666666665,14.774999999999999,15.625,69.125,26.3375
2023-06-23,SUROESTE2,fuera_pico_10_12,0,1.0225,30.2,38.75,129.25,47.75
2023-06-23,SUROESTE2,pico_7_9,0,0.9299999999999999,23.575,6.5,95.5,37.5
2023-06-24,CENTRO,fuera_pico_10_12,0,1.4300000000000002,23.4,38.0,83.89,24.009999999999998
2023-06-24,CENTRO,pico_7_9,0,1.165,12.95,13.5,41.459999999999994,16.36
2023-06-24,NORESTE3,fuera_pico_10_12,0,0.9963333333333333,10.283333333333333,45.175,56.83333333333333,26.905
2023-06-24,NORESTE3,pico_7_9,0,0.9516666666666665,8.350000000000001,22.425,35.0,9.2025
2023-06-24,NOROESTE3,fuera_pico_10_12,0,0.7366666666666667,12.483333333333333,34.0,53.66666666666667,20.055
2023-06-24,NOROESTE3,pico_7_9,0,0.5900000000000001,11.0,10.5,27.33333333333333,11.855
2023-06-24,NORTE2,fuera_pico_10_12,1,0.81,15.75,37.25,62.0,19.0
2023-06-24,NORTE2,pico_7_9,1,0.75,9.475,16.25,29.25,11.75
2023-06-24,SUR,fuera_pico_10_12,1,0.9750000000000001,16.3125,39.875,65.375,21.965
2023-06-24,SUR,pico_7_9,1,0.7925,10.35,16.0,33.75,8.663333333333334
2023-06-24,SUROESTE2,fuera_pico_10_12,0,0.7525,23.424999999999997,36.5,108.25,35.75
2023-06-24,SUROESTE2,pico_7_9,0,0.62,13.675,7.75,49.5,16.5
2023-06-25,CENTRO,fuera_pico_10_12,0,1.435,21.85,43.0,54.01,17.12
2023-06-25,CENTRO,pico_7_9,0,1.24,14.8,11.5,49.25,11.8
2023-06-25,NORESTE3,fuera_pico_10_12,0,0.9458333333333334,10.566666666666666,35.525,36.333333333333336,27.0
2023-06-25,NORESTE3,pico_7_9,0,0.9036666666666666,8.05,24.225,33.5,8.5
2023-06-25,NOROESTE3,fuera_pico_10_12,0,0.7716666666666667,11.05,32.16666666666667,38.66666666666667,13.42
2023-06-25,NOROESTE3,pico_7_9,0,0.7550000000000001,11.033333333333333,10.5,24.166666666666664,8.530000000000001
2023-06-25,NORTE2,fuera_pico_10_12,1,0.6625000000000001,11.75,34.75,31.75,10.75
2023-06-25,NORTE2,pico_7_9,1,0.615,9.0,15.5,25.5,7.5
2023-06-25,SUR,fuera_pico_10_12,1,0.86375,7.7875,41.125,38.125,15.147916666666667
2023-06-25,SUR,pico_7_9,1,0.7949999999999999,8.45,15.625,30.625,6.6875
2023-06-25,SUROESTE2,fuera_pico_10_12,0,0.75,16.625,36.75,56.0,19.25
2023-06-25,SUROESTE2,pico_7_9,0,0.575,13.325,6.0,39.25,11.25
2023-06-26,CENTRO,fuera_pico_10_12,0,1.535,28.85,36.0,71.98,17.48
2023-06-26,CENTRO,pico_7_9,0,1.48,13.9,12.5,47.75,12.485
2023-06-26,NORESTE3,fuera_pico_10_12,0,0.9861666666666666,14.716666666666667,35.650000000000006,47.0,22.8125
2023-06-26,NORESTE3,pico_7_9,0,1.0051666666666665,9.933333333333334,21.4,41.0,10.6925
2023-06-26,NOROESTE3,fuera_pico_10_12,0,0.7849999999999999,14.100000000000001,28.5,51.83333333333333,13.67
2023-06-26,NOROESTE3,pico_7_9,0,0.6266666666666667,11.2,9.5,32.0,9.605
2023-06-26,NORTE2,fuera_pico_10_12,1,0.8674999999999999,19.725,29.0,49.25,13.0
2023-06-26,NORTE2,pico_7_9,1,0.8325,12.95,13.0,29.0,8.25
2023-06-26,SUR,fuera_pico_10_12,1,0.8887499999999999,12.725000000000001,43.875,55.0,15.5
2023-06-26,SUR,pico_7_9,1,0.8912500000000001,11.962499999999999,13.375,36.75,7.0
2023-06-26,SUROESTE2,fuera_pico_10_12,0,0.87,23.35,32.75,79.25,24.0
2023-06-26,SUROESTE2,pico_7_9,0,0.7,16.025,4.75,51.75,14.25
2023-06-27,CENTRO,fuera_pico_10_12,0,1.695,30.85,33.5,84.005,23.8
2023-06-27,CENTRO,pico_7_9,0,1.365,14.55,12.5,74.8,19.905
2023-06-27,NORESTE3,fuera_pico_10_12,0,1.0314999999999999,14.45,38.65,55.83333333333333,27.495
2023-06-27,NORESTE3,pico_7_9,0,1.0503333333333336,9.816666666666666,20.0,49.16666666666666,15.287500000000001
2023-06-27,NOROESTE3,fuera_pico_10_12,0,0.7716666666666666,16.866666666666667,30.833333333333332,69.33333333333334,21.59
2023-06-27,NOROESTE3,pico_7_9,0,0.6783333333333332,12.716666666666665,8.833333333333332,39.0,17.494999999999997
2023-06-27,NORTE2,fuera_pico_10_12,1,0.8475,18.775,36.5,57.0,13.25
2023-06-27,NORTE2,pico_7_9,1,0.7749999999999999,11.45,13.5,34.75,10.75
2023-06-27,SUR,fuera_pico_10_12,1,0.95875,13.5625,48.0,67.5,22.33333333333333
2023-06-27,SUR,pico_7_9,1,0.9329166666666666,13.279166666666665,13.291666666666668,50.70833333333333,13.333333333333332
2023-06-27,SUROESTE2,fuera_pico_10_12,0,0.895,23.200000000000003,34.0,90.0,29.25
2023-06-27,SUROESTE2,pico_7_9,0,0.6699999999999999,15.225,7.0,63.75,19.0
2023-06-28,CENTRO,fuera_pico_10_12,0,1.385,20.85,38.0,70.525,18.805
2023-06-28,CENTRO,pico_7_9,0,1.245,15.8,11.0,57.760000000000005,14.98
2023-06-28,NORESTE3,fuera_pico_10_12,0,0.9844999999999999,11.2,40.150000000000006,51.16666666666666,17.622500000000002
2023-06-28,NORESTE3,pico_7_9,0,1.0191666666666666,10.433333333333334,19.56666666666667,42.66666666666666,13.807500000000001
2023-06-28,NOROESTE3,fuera_pico_10_12,0,0.7216666666666667,12.95,29.666666666666668,48.5,16.765
2023-06-28,NOROESTE3,pico_7_9,0,0.5816666666666667,11.816666666666666,10.0,37.16666666666667,12.515
2023-06-28,NORTE2,fuera_pico_10_12,1,0.8,16.85,35.75,46.25,13.0
2023-06-28,NORTE2,pico_7_9,1,0.6875,11.275,13.25,35.0,9.5
2023-06-28,SUR,fuera_pico_10_12,1,0.865,8.575,35.75,54.875,16.0
2023-06-28,SUR,pico_7_9,1,0.8375,10.649999999999999,14.625,37.875,8.333333333333332
2023-06-28,SUROESTE2,fuera_pico_10_12,0,0.8600000000000001,19.975,28.75,60.75,24.0
2023-06-28,SUROESTE2,pico_7_9,0,0.65,12.925,6.75,60.0,12.75
2023-06-29,CENTRO,fuera_pico_10_12,0,1.1349999999999998,10.1,26.5,39.515,13.43
2023-06-29,CENTRO,pico_7_9,0,1.12,9.65,14.5,32.015,10.91
2023-06-29,NORESTE3,fuera_pico_10_12,0,1.0103333333333333,7.883333333333333,30.5,41.5,13.565
2023-06-29,NORESTE3,pico_7_9,0,1.0446666666666666,9.05,20.53333333333333,35.0,12.2075
2023-06-29,NOROESTE3,fuera_pico_10_12,0,0.5933333333333334,7.883333333333334,23.166666666666664,35.833333333333336,15.48
2023-06-29,NOROESTE3,pico_7_9,0,0.5316666666666666,9.55,12.166666666666668,23.666666666666664,11.95
2023-06-29,NORTE2,fuera_pico_10_12,1,0.64,7.325,27.25,34.5,10.75
2023-06-29,NORTE2,pico_7_9,1,0.665,9.425,15.0,26.25,7.0
2023-06-29,SUR,fuera_pico_10_12,1,0.8225,5.15,25.25,36.875,9.5
2023-06-29,SUR,pico_7_9,1,0.7849999999999999,6.574999999999999,16.125,31.125,10.25
2023-06-29,SUROESTE2,fuera_pico_10_12,0,0.6799999999999999,11.825,19.5,51.25,16.25
2023-06-29,SUROESTE2,pico_7_9,0,0.6175,12.8,6.25,39.0,14.0
2023-06-30,CENTRO,fuera_pico_10_12,0,1.105,6.300000000000001,31.5,29.755000000000003,7.96
2023-06-30,CENTRO,pico_7_9,0,1.105,8.8,14.0,24.43,8.075
2023-06-30,NORESTE3,fuera_pico_10_12,0,0.974,7.383333333333334,36.599999999999994,34.833333333333336,10.865
2023-06-30,NORESTE3,pico_7_9,0,1.088,9.033333333333333,23.333333333333332,27.166666666666668,9.7475
2023-06-30,NOROESTE3,fuera_pico_10_12,0,0.6783333333333333,7.966666666666667,26.166666666666664,28.5,6.648730187654303
2023-06-30,NOROESTE3,pico_7_9,0,0.5416666666666666,8.283333333333333,12.333333333333334,16.999999999999996,5.735650757867747
2023-06-30,NORTE2,fuera_pico_10_12,1,0.655,7.525,32.75,25.0,7.5
2023-06-30,NORTE2,pico_7_9,1,0.695,10.075,15.75,18.75,3.75
2023-06-30,SUR,fuera_pico_10_12,1,0.83125,5.475,28.75,35.25,8.75
2023-06-30,SUR,pico_7_9,1,0.8,5.85,18.0,24.75,5.75
2023-06-30,SUROESTE2,fuera_pico_10_12,0,0.6425000000000001,10.075,21.5,40.0,12.0
2023-06-30,SUROESTE2,pico_7_9,0,0.5449999999999999,12.825,7.75,31.25,7.75
2023-07-01,CENTRO,fuera_pico_10_12,0,1.21,11.15,26.0,45.489999999999995,15.16
2023-07-01,CENTRO,pico_7_9,0,1.085,5.6,14.5,23.009999999999998,8.57
2023-07-01,NORESTE3,fuera_pico_10_12,0,1.0241666666666667,7.85,30.883333333333333,32.66666666666667,12.5
2023-07-01,NORESTE3,pico_7_9,0,1.0038333333333334,8.083333333333332,19.733333333333334,27.166666666666664,12.5
2023-07-01,NOROESTE3,fuera_pico_10_12,0,0.775,7.85,22.166666666666664,33.16666666666667,8.714425047929021
2023-07-01,NOROESTE3,pico_7_9,0,0.58,7.633333333333333,10.0,19.5,6.490449253512763
2023-07-01,NORTE2,fuera_pico_10_12,1,0.7375,8.825,29.75,30.25,7.25
2023-07-01,NORTE2,pico_7_9,1,0.665,8.7,13.5,21.5,6.5
2023-07-01,SUR,fuera_pico_10_12,0,0.8375,5.675000000000001,24.5,52.875,13.166666666666668
2023-07-01,SUR,pico_7_9,0,0.7575000000000001,5.4375,14.25,25.875,5.5
2023-07-01,SUROESTE2,fuera_pico_10_12,0,0.6599999999999999,13.35,18.75,48.5,17.25
2023-07-01,SUROESTE2,pico_7_9,0,0.5525,10.05,7.25,31.5,8.0
2023-07-02,CENTRO,fuera_pico_10_12,0,1.15,8.899999999999999,25.5,41.185,20.479999999999997
2023-07-02,CENTRO,pico_7_9,0,1.08,10.75,11.0,36.225,13.02
2023-07-02,NORESTE3,fuera_pico_10_12,0,0.9185000000000001,6.616666666666667,37.68333333333334,31.333333333333332,12.0
2023-07-02,NORESTE3,pico_7_9,0,0.9524999999999999,6.416666666666668,22.15,25.833333333333336,10.0
2023-07-02,NOROESTE3,fuera_pico_10_12,0,0.6183333333333334,7.183333333333332,22.333333333333336,24.5,13.614659873182825
2023-07-02,NOROESTE3,pico_7_9,0,0.4683333333333333,7.233333333333334,12.666666666666668,22.833333333333336,7.232562423522142
2023-07-02,NORTE2,fuera_pico_10_12,0,0.7324999999999999,5.8999999999999995,30.5,25.75,9.25
2023-07-02,NORTE2,pico_7_9,0,0.6475,7.375,15.25,19.5,4.75
2023-07-02,SUR,fuera_pico_10_12,0,0.83875,5.9,30.875,29.625,11.651666666666667
2023-07-02,SUR,pico_7_9,0,0.7625,5.7375,15.625,24.75,8.275
2023-07-02,SUROESTE2,fuera_pico_10_12,0,0.6174999999999999,9.425,19.25,34.5,22.75
2023-07-02,SUROESTE2,pico_7_9,0,0.5525,10.575,7.25,29.5,13.75
2023-07-03,CENTRO,fuera_pico_10_12,0,1.4249999999999998,18.35,20.0,58.129999999999995,29.21
2023-07-03,CENTRO,pico_7_9,0,1.3900000000000001,14.850000000000001,11.5,40.019999999999996,22.43
2023-07-03,NORESTE3,fuera_pico_10_12,0,1.0651666666666668,10.7,29.5,48.0,19.0775
2023-07-03,NORESTE3,pico_7_9,0,1.1219999999999999,14.083333333333332,17.166666666666668,35.66666666666667,15.5
2023-07-03,NOROESTE3,fuera_pico_10_12,0,0.78,11.833333333333334,22.666666666666664,57.0,16.082432059025116
2023-07-03,NOROESTE3,pico_7_9,0,0.6133333333333333,15.350000000000001,8.666666666666668,24.33333333333333,19.73712484031587
2023-07-03,NORTE2,fuera_pico_10_12,0,0.915,14.024999999999999,20.5,29.0,17.25
2023-07-03,NORTE2,pico_7_9,0,0.9425,16.25,11.0,21.0,21.75
2023-07-03,SUR,fuera_pico_10_12,0,0.9133333333333333,9.733333333333334,32.16666666666667,43.83333333333333,20.888333333333335
2023-07-03,SUR,pico_7_9,0,0.9933333333333334,15.149999999999999,15.5,48.0,28.75
2023-07-03,SUROESTE2,fuera_pico_10_12,0,0.825,21.650000000000002,20.0,68.25,31.0
2023-07-03,SUROESTE2,pico_7_9,0,0.7175,16.075,7.5,45.0,21.0
2023-07-04,CENTRO,fuera_pico_10_12,0,1.4849999999999999,18.15,30.5,57.28,27.345
2023-07-04,CENTRO,pico_7_9,0,1.28,16.1,11.0,56.915000000000006,19.310000000000002
2023-07-04,NORESTE3,fuera_pico_10_12,0,1.0390000000000001,9.533333333333331,36.650000000000006,53.33333333333333,25.457500000000003
2023-07-04,NORESTE3,pico_7_9,0,1.1065,11.833333333333332,16.13333333333333,53.66666666666667,17.915
2023-07-04,NOROESTE3,fuera_pico_10_12,0,0.6733333333333333,10.2,28.0,44.16666666666667,12.059999999999999
2023-07-04,NOROESTE3,pico_7_9,0,0.6766666666666665,11.983333333333334,10.333333333333334,26.666666666666668,6.49
2023-07-04,NORTE2,fuera_pico_10_12,0,0.83,13.95,27.75,49.75,21.25
2023-07-04,NORTE2,pico_7_9,0,0.7625,12.725,11.75,34.5,11.75
2023-07-04,SUR,fuera_pico_10_12,0,0.8987499999999999,9.375,38.0,53.375,29.16875
2023-07-04,SUR,pico_7_9,0,0.9466666666666665,13.7,12.166666666666668,32.875,14.420833333333334
2023-07-04,SUROESTE2,fuera_pico_10_12,0,0.8300000000000001,21.725,24.25,58.25,27.0
2023-07-04,SUROESTE2,pico_7_9,0,0.6325,14.775,7.0,63.0,15.25
2023-07-05,CENTRO,fuera_pico_10_12,0,1.5699999999999998,16.6,31.5,123.73,25.415
2023-07-05,CENTRO,pico_7_9,0,1.185,11.25,12.0,35.010000000000005,10.855
2023-07-05,NORESTE3,fuera_pico_10_12,0,0.9816666666666667,8.516666666666666,38.349999999999994,42.83333333333333,14.1025
2023-07-05,NORESTE3,pico_7_9,0,1.068,9.583333333333334,18.96666666666667,42.333333333333336,12.2
2023-07-05,NOROESTE3,fuera_pico_10_12,0,0.7016666666666667,9.983333333333334,24.833333333333336,43.333333333333336,10.015
2023-07-05,NOROESTE3,pico_7_9,0,0.5816666666666667,9.866666666666667,11.333333333333332,26.666666666666664,5.085
2023-07-05,NORTE2,fuera_pico_10_12,0,0.76,11.375,28.0,39.75,13.75
2023-07-05,NORTE2,pico_7_9,0,0.73,10.95,13.0,26.75,7.25
2023-07-05,SUR,fuera_pico_10_12,0,0.8425,7.8375,31.5,39.125,12.833333333333332
2023-07-05,SUR,pico_7_9,0,0.7875,6.7875,15.25,29.375,4.416666666666666
2023-07-05,SUROESTE2,fuera_pico_10_12,0,0.745,18.2,21.5,58.75,20.25
2023-07-05,SUROESTE2,pico_7_9,0,0.585,17.55,5.75,39.25,14.25
2023-07-06,CENTRO,fuera_pico_10_12,0,1.31,17.65,22.0,61.045,22.61
2023-07-06,CENTRO,pico_7_9,0,1.24,15.3,10.5,37.01,14.6
2023-07-06,NORESTE3,fuera_pico_10_12,0,0.9863333333333334,11.5,30.96666666666667,44.66666666666666,18.86
2023-07-06,NORESTE3,pico_7_9,0,1.0621666666666667,11.183333333333334,20.083333333333332,36.5,11.5725
2023-07-06,NOROESTE3,fuera_pico_10_12,0,0.6,11.416666666666668,21.33333333333333,47.333333333333336,11.035
2023-07-06,NOROESTE3,pico_7_9,0,0.6116666666666667,12.65,10.166666666666668,34.833333333333336,6.775
2023-07-06,NORTE2,fuera_pico_10_12,0,0.8300000000000001,15.3,22.5,39.0,18.25
2023-07-06,NORTE2,pico_7_9,0,0.7124999999999999,12.5,14.5,29.25,10.0
2023-07-06,SUR,fuera_pico_10_12,0,0.86375,8.125,25.5,43.0,15.5
2023-07-06,SUR,pico_7_9,0,0.84125,8.975000000000001,15.25,30.75,9.833333333333334
2023-07-06,SUROESTE2,fuera_pico_10_12,0,0.7525,18.425,19.5,60.75,23.75
2023-07-06,SUROESTE2,pico_7_9,0,0.6525,16.75,8.25,41.75,16.25
2023-07-07,CENTRO,fuera_pico_10_12,0,1.3050000000000002,16.85,23.0,63.935,23.055
2023-07-07,CENTRO,pico_7_9,0,1.21,14.7,13.0,32.71,11.015
2023-07-07,NORESTE3,fuera_pico_10_12,0,0.873,9.575,32.225,50.5,20.5
2023-07-07,NORESTE3,pico_7_9,0,0.911,10.875,17.825,57.75,20.0
2023-07-07,NOROESTE3,fuera_pico_10_12,0,0.6716666666666666,10.666666666666666,23.333333333333336,37.83333333333333,8.335
2023-07-07,NOROESTE3,pico_7_9,0,0.6033333333333333,11.649999999999999,13.0,30.833333333333332,9.265
2023-07-07,NORTE2,fuera_pico_10_12,0,0.7925,11.55,25.0,42.5,16.0
2023-07-07,NORTE2,pico_7_9,0,0.8,13.350000000000001,14.25,28.5,9.0
2023-07-07,SUR,fuera_pico_10_12,0,0.8899999999999999,8.899999999999999,25.666666666666668,39.83333333333333,14.75
2023-07-07,SUR,pico_7_9,0,0.8400000000000001,11.649999999999999,15.833333333333334,28.833333333333332,5.0
2023-07-07,SUROESTE2,fuera_pico_10_12,0,0.7075,19.9,18.5,51.5,21.75
2023-07-07,SUROESTE2,pico_7_9,0,0.5975,13.899999999999999,11.25,28.75,10.25
2023-07-08,CENTRO,fuera_pico_10_12,0,1.26,15.4,20.5,63.235,25.515
2023-07-08,CENTRO,pico_7_9,0,1.19,11.2,9.0,43.95,17.265
2023-07-08,NORESTE3,fuera_pico_10_12,0,1.0226666666666666,8.4,30.9,53.333333333333336,21.75
2023-07-08,NORESTE3,pico_7_9,0,1.032333333333333,8.366666666666667,17.733333333333334,50.16666666666667,18.0
2023-07-08,NOROESTE3,fuera_pico_10_12,0,0.6533333333333333,9.100000000000001,20.0,46.5,11.1
2023-07-08,NOROESTE3,pico_7_9,0,0.5916666666666667,8.333333333333334,10.0,33.5,9.165
2023-07-08,NORTE2,fuera_pico_10_12,0,0.73,10.175,24.25,48.25,14.75
2023-07-08,NORTE2,pico_7_9,0,0.705,9.125,11.5,33.25,11.0
2023-07-08,SUR,fuera_pico_10_12,0,0.8524999999999999,6.55,26.875,41.875,14.8375
2023-07-08,SUR,pico_7_9,0,0.80625,7.8875,13.125,37.125,12.20125
2023-07-08,SUROESTE2,fuera_pico_10_12,0,0.7250000000000001,17.275,13.0,56.75,26.25
2023-07-08,SUROESTE2,pico_7_9,0,0.5975,12.85,6.5,43.25,17.0
2023-07-09,CENTRO,fuera_pico_10_12,0,1.3900000000000001,12.1,28.0,57.545,29.035
2023-07-09,CENTRO,pico_7_9,0,1.2,14.05,10.0,47.375,15.204999999999998
2023-07-09,NORESTE3,fuera_pico_10_12,0,0.9573333333333334,7.433333333333334,35.95,42.0,17.0
2023-07-09,NORESTE3,pico_7_9,0,0.9461666666666667,8.066666666666666,21.8,31.5,8.25
2023-07-09,NOROESTE3,fuera_pico_10_12,0,0.6716666666666666,10.899999999999999,22.0,56.16666666666666,14.035
2023-07-09,NOROESTE3,pico_7_9,0,0.5900000000000001,10.466666666666667,10.166666666666668,24.333333333333336,5.835
2023-07-09,NORTE2,fuera_pico_10_12,0,0.6675,9.45,26.0,37.25,15.25
2023-07-09,NORTE2,pico_7_9,0,0.61,10.75,15.0,22.0,5.75
2023-07-09,SUR,fuera_pico_10_12,0,0.8875,8.600000000000001,26.333333333333336,45.0,19.5325
2023-07-09,SUR,pico_7_9,0,0.84375,10.2625,13.666666666666666,32.0,9.18625
2023-07-09,SUROESTE2,fuera_pico_10_12,0,0.6799999999999999,13.125,25.75,55.0,26.5
2023-07-09,SUROESTE2,pico_7_9,0,0.6875,16.55,6.75,46.75,16.75
2023-07-10,CENTRO,fuera_pico_10_12,0,1.565,24.1,32.0,85.80000000000001,25.055
2023-07-10,CENTRO,pico_7_9,0,1.425,12.5,11.5,61.535,20.415
2023-07-10,NORESTE3,fuera_pico_10_12,0,1.0323333333333333,11.916666666666666,34.53333333333333,59.0,24.5
2023-07-10,NORESTE3,pico_7_9,0,1.0266666666666666,10.033333333333335,18.45,55.5,18.0
2023-07-10,NOROESTE3,fuera_pico_10_12,0,0.745,13.916666666666666,25.833333333333336,58.33333333333333,10.35
2023-07-10,NOROESTE3,pico_7_9,0,0.6583333333333333,11.75,8.333333333333332,46.0,8.485
2023-07-10,NORTE2,fuera_pico_10_12,0,0.8200000000000001,15.45,36.25,52.0,19.75
2023-07-10,NORTE2,pico_7_9,0,0.745,11.774999999999999,11.25,41.5,10.0
2023-07-10,SUR,fuera_pico_10_12,0,0.9125,11.6375,36.33333333333333,61.25,21.725
2023-07-10,SUR,pico_7_9,0,0.87,10.375,10.833333333333334,52.625,12.087499999999999
2023-07-10,SUROESTE2,fuera_pico_10_12,0,0.7649999999999999,22.525,26.75,78.0,29.0
2023-07-10,SUROESTE2,pico_7_9,0,0.63,15.3,6.0,54.5,19.75
2023-07-11,CENTRO,fuera_pico_10_12,0,1.6,22.799999999999997,48.5,84.63,32.66
2023-07-11,CENTRO,pico_7_9,0,1.275,17.85,12.5,57.665,26.545
2023-07-11,NORESTE3,fuera_pico_10_12,0,1.0013333333333332,10.416666666666666,47.48333333333333,57.66666666666667,30.0
2023-07-11,NORESTE3,pico_7_9,0,1.06,11.649999999999999,24.716666666666665,52.5,23.5
2023-07-11,NOROESTE3,fuera_pico_10_12,0,0.7683333333333333,10.3,30.83333333333333,62.66666666666666,11.89
2023-07-11,NOROESTE3,pico_7_9,0,0.5966666666666667,11.433333333333334,12.166666666666668,36.33333333333333,9.785
2023-07-11,NORTE2,fuera_pico_10_12,0,0.8200000000000001,15.524999999999999,38.25,59.75,25.75
2023-07-11,NORTE2,pico_7_9,0,0.74,11.875,19.0,38.25,16.25
2023-07-11,SUR,fuera_pico_10_12,0,1.0079166666666666,12.791666666666666,42.41666666666667,64.41666666666666,28.75
2023-07-11,SUR,pico_7_9,0,0.86,11.7375,16.166666666666668,46.0,14.325
2023-07-11,SUROESTE2,fuera_pico_10_12,0,0.8075,25.55,35.0,82.25,34.17
2023-07-11,SUROESTE2,pico_7_9,0,0.63,16.450000000000003,8.75,54.75,24.3325
2023-07-12,CENTRO,fuera_pico_10_12,0,1.245,13.549999999999999,35.5,79.85,28.62
2023-07-12,CENTRO,pico_7_9,0,1.21,13.55,10.0,59.715,21.6
2023-07-12,NORESTE3,fuera_pico_10_12,0,1.0038333333333334,8.850000000000001,44.58333333333333,57.5,26.0
2023-07-12,NORESTE3,pico_7_9,0,1.087,9.866666666666667,20.516666666666666,53.0,21.0
2023-07-12,NOROESTE3,fuera_pico_10_12,0,0.725,10.583333333333332,27.166666666666668,60.66666666666667,12.575
2023-07-12,NOROESTE3,pico_7_9,0,0.6016666666666667,9.416666666666668,10.333333333333334,37.66666666666666,9.04
2023-07-12,NORTE2,fuera_pico_10_12,0,0.7725,15.625,33.0,60.25,23.75
2023-07-12,NORTE2,pico_7_9,0,0.69,8.75,15.5,33.5,9.0
2023-07-12,SUR,fuera_pico_10_12,0,0.98125,13.899999999999999,36.75,65.0,23.67875
2023-07-12,SUR,pico_7_9,0,0.81125,8.7625,18.875,43.75,12.25
2023-07-12,SUROESTE2,fuera_pico_10_12,0,0.7,24.900000000000002,31.25,101.5,35.2475
2023-07-12,SUROESTE2,pico_7_9,0,0.6100000000000001,15.7,5.75,57.75,21.27
2023-07-13,CENTRO,fuera_pico_10_12,0,1.84,29.05,40.5,97.345,27.215
2023-07-13,CENTRO,pico_7_9,0,1.355,16.1,11.0,48.24,17.41
2023-07-13,NORESTE3,fuera_pico_10_12,0,1.0881666666666665,12.966666666666665,43.15,55.16666666666667,24.25
2023-07-13,NORESTE3,pico_7_9,0,1.1015000000000001,11.850000000000001,21.466666666666665,47.83333333333333,15.0
2023-07-13,NOROESTE3,fuera_pico_10_12,0,0.7883333333333333,14.816666666666666,32.833333333333336,73.5,10.51
2023-07-13,NOROESTE3,pico_7_9,0,0.635,12.583333333333332,11.333333333333332,32.66666666666667,7.01
2023-07-13,NORTE2,fuera_pico_10_12,0,0.905,19.15,40.0,63.5,20.0
2023-07-13,NORTE2,pico_7_9,0,0.8175,13.649999999999999,15.25,33.5,6.0
2023-07-13,SUR,fuera_pico_10_12,0,0.93125,15.387500000000001,45.375,58.125,18.44125
2023-07-13,SUR,pico_7_9,0,0.82375,10.0375,15.625,35.125,9.907083333333333
2023-07-13,SUROESTE2,fuera_pico_10_12,0,0.8825000000000001,32.65,35.25,101.75,31.4375
2023-07-13,SUROESTE2,pico_7_9,0,0.7325,18.275,8.25,49.0,17.689999999999998
2023-07-14,CENTRO,fuera_pico_10_12,0,1.44,27.6,40.5,123.835,35.26
2023-07-14,CENTRO,pico_7_9,0,1.4649999999999999,15.399999999999999,13.0,75.69999999999999,23.78
2023-07-14,NORESTE3,fuera_pico_10_12,0,1.0871666666666666,13.05,42.43333333333333,65.5,27.75
2023-07-14,NORESTE3,pico_7_9,0,1.1511666666666667,12.633333333333333,21.53333333333333,62.5,23.75
2023-07-14,NOROESTE3,fuera_pico_10_12,0,0.7283333333333334,15.750000000000002,29.166666666666664,90.16666666666666,12.3
2023-07-14,NOROESTE3,pico_7_9,0,0.605,14.166666666666666,9.5,52.83333333333333,9.15
2023-07-14,NORTE2,fuera_pico_10_12,0,0.98,20.475,39.0,76.0,22.75
2023-07-14,NORTE2,pico_7_9,0,0.8400000000000001,14.2,14.0,48.5,14.25
2023-07-14,SUR,fuera_pico_10_12,0,0.92125,11.175,41.125,71.875,21.560000000000002
2023-07-14,SUR,pico_7_9,0,0.8274999999999999,10.9375,15.625,53.25,15.475000000000001
2023-07-14,SUROESTE2,fuera_pico_10_12,0,0.805,29.775,30.5,112.25,34.8325
2023-07-14,SUROESTE2,pico_7_9,0,0.6825,18.475,7.25,67.25,22.560000000000002
2023-07-15,CENTRO,fuera_pico_10_12,0,1.1749999999999998,18.700000000000003,42.0,80.75,27.165
2023-07-15,CENTRO,pico_7_9,0,1.05,16.45,11.0,71.38,22.634999999999998
2023-07-15,NORESTE3,fuera_pico_10_12,0,1.0665,10.8,39.58333333333333,63.0,26.25
2023-07-15,NORESTE3,pico_7_9,0,1.0706666666666669,10.916666666666668,21.5,60.0,24.0
2023-07-15,NOROESTE3,fuera_pico_10_12,0,0.6416666666666666,11.316666666666666,32.833333333333336,66.0,10.625
2023-07-15,NOROESTE3,pico_7_9,0,0.5633333333333334,11.066666666666666,14.0,45.333333333333336,8.350000000000001
2023-07-15,NORTE2,fuera_pico_10_12,0,0.92,14.725000000000001,42.5,59.0,25.5
2023-07-15,NORTE2,pico_7_9,0,0.73,12.3,15.5,41.0,4.125
2023-07-15,SUR,fuera_pico_10_12,0,0.815,7.925000000000001,42.5,62.375,23.295
2023-07-15,SUR,pico_7_9,0,0.775,8.025,16.75,54.5,15.605
2023-07-15,SUROESTE2,fuera_pico_10_12,0,0.7575000000000001,22.9,29.75,80.0,30.0325
2023-07-15,SUROESTE2,pico_7_9,0,0.6499999999999999,15.55,9.75,54.75,19.1425
2023-07-16,CENTRO,fuera_pico_10_12,0,1.15,11.350000000000001,46.0,87.84,31.700000000000003
2023-07-16,CENTRO,pico_7_9,0,1.0150000000000001,10.7,14.0,81.83,27.02
2023-07-16,NORESTE3,fuera_pico_10_12,0,0.9791666666666665,6.633333333333335,37.225,66.5,30.5
2023-07-16,NORESTE3,pico_7_9,0,1.0053333333333332,7.066666666666667,22.0,68.0,26.25
2023-07-16,NOROESTE3,fuera_pico_10_12,0,0.6166666666666667,6.491666666666666,33.666666666666664,65.33333333333334,11.695
2023-07-16,NOROESTE3,pico_7_9,0,0.5183333333333333,8.166666666666668,13.5,54.0,10.83
2023-07-16,NORTE2,fuera_pico_10_12,0,0.7975000000000001,8.125,43.75,61.5,24.75
2023-07-16,NORTE2,pico_7_9,0,0.7,8.725000000000001,16.5,55.25,13.666666666666668
2023-07-16,SUR,fuera_pico_10_12,0,0.77875,5.8375,34.625,70.25,26.69125
2023-07-16,SUR,pico_7_9,0,0.73375,5.475,18.125,64.625,20.8575
2023-07-16,SUROESTE2,fuera_pico_10_12,0,0.6475,10.325,35.0,72.75,35.0
2023-07-16,SUROESTE2,pico_7_9,0,0.5800000000000001,10.7,9.75,69.5,25.25
2023-07-17,CENTRO,fuera_pico_10_12,0,1.255,19.8,33.0,87.69,32.955
2023-07-17,CENTRO,pico_7_9,0,1.105,10.75,10.5,73.445,26.39
2023-07-17,NORESTE3,fuera_pico_10_12,0,1.0261666666666667,9.283333333333335,34.875,60.5,25.0
2023-07-17,NORESTE3,pico_7_9,0,1.0786666666666667,8.05,18.875,53.5,20.0
2023-07-17,NOROESTE3,fuera_pico_10_12,0,0.63,9.399999999999999,30.5,59.0,11.559999999999999
2023-07-17,NOROESTE3,pico_7_9,0,0.5383333333333333,9.48333333333333,10.166666666666668,46.16666666666667,10.719999999999999
2023-07-17,NORTE2,fuera_pico_10_12,0,0.845,12.225000000000001,34.75,57.25,22.0
2023-07-17,NORTE2,pico_7_9,0,0.7075,8.125,14.25,41.75,15.0
2023-07-17,SUR,fuera_pico_10_12,0,0.84625,9.024999999999999,33.0,65.625,23.32875
2023-07-17,SUR,pico_7_9,0,0.765,8.125,13.0,52.375,15.555
2023-07-17,SUROESTE2,fuera_pico_10_12,0,0.7050000000000001,18.575000000000003,27.0,87.0,34.905
2023-07-17,SUROESTE2,pico_7_9,0,0.5750000000000001,12.425,6.5,82.75,24.055
2023-07-18,CENTRO,fuera_pico_10_12,0,1.345,26.2,32.5,106.63,30.14
2023-07-18,CENTRO,pico_7_9,0,1.175,13.899999999999999,10.5,85.5,24.925
2023-07-18,NORESTE3,fuera_pico_10_12,0,1.0278333333333332,13.333333333333334,33.25,68.16666666666667,28.0
2023-07-18,NORESTE3,pico_7_9,0,1.06,10.483333333333333,18.325,68.16666666666666,23.25
2023-07-18,NOROESTE3,fuera_pico_10_12,0,0.6666666666666667,11.399999999999999,29.499999999999996,76.41666666666666,11.280000000000001
2023-07-18,NOROESTE3,pico_7_9,0,0.6416666666666666,12.066666666666665,9.0,57.0,9.595
2023-07-18,NORTE2,fuera_pico_10_12,0,0.9425,20.2,31.25,63.75,22.75
2023-07-18,NORTE2,pico_7_9,0,0.785,11.65,11.75,52.75,14.0
2023-07-18,SUR,fuera_pico_10_12,0,0.87375,10.5875,39.5,75.5,22.45375
2023-07-18,SUR,pico_7_9,0,0.8525,10.15,12.25,62.25,15.741249999999999
2023-07-18,SUROESTE2,fuera_pico_10_12,0,0.8275,25.45,27.25,88.5,32.13
2023-07-18,SUROESTE2,pico_7_9,0,0.6525,15.775,6.25,68.0,23.21
2023-07-19,CENTRO,fuera_pico_10_12,0,1.435,21.5,41.0,98.33500000000001,32.885
2023-07-19,CENTRO,pico_7_9,0,1.1099999999999999,14.55,10.5,97.84,28.490000000000002
2023-07-19,NORESTE3,fuera_pico_10_12,0,1.0883333333333334,10.466666666666665,37.224999999999994,60.25,30.5
2023-07-19,NORESTE3,pico_7_9,0,1.1168333333333333,8.766666666666666,20.8,64.5,25.75
2023-07-19,NOROESTE3,fuera_pico_10_12,0,0.7566666666666667,14.366666666666667,30.999999999999993,93.5,13.65
2023-07-19,NOROESTE3,pico_7_9,0,0.66,12.45,9.5,66.5,10.555
2023-07-19,NORTE2,fuera_pico_10_12,0,0.885,15.350000000000001,38.0,70.25,23.75
2023-07-19,NORTE2,pico_7_9,0,0.71,10.05,13.75,53.25,9.625
2023-07-19,SUR,fuera_pico_10_12,0,0.8975,10.1875,37.25,76.66666666666666,26.63125
2023-07-19,SUR,pico_7_9,0,0.83,8.987499999999999,14.125,64.25,20.018749999999997
2023-07-19,SUROESTE2,fuera_pico_10_12,0,0.8099999999999999,25.625,30.75,101.0,39.4375
2023-07-19,SUROESTE2,pico_7_9,0,0.7075,15.649999999999999,7.0,73.0,26.2775
2023-07-20,CENTRO,fuera_pico_10_12,0,1.385,18.9,32.0,79.505,25.869999999999997
2023-07-20,CENTRO,pico_7_9,0,1.1099999999999999,12.5,11.5,59.61,19.23
2023-07-20,NORESTE3,fuera_pico_10_12,0,1.0941666666666667,10.933333333333334,39.31666666666666,58.16666666666667,24.0
2023-07-20,NORESTE3,pico_7_9,0,1.0785,9.933333333333334,22.266666666666666,50.66666666666667,17.75
2023-07-20,NOROESTE3,fuera_pico_10_12,0,0.685,10.683333333333334,26.333333333333332,66.66666666666666,10.905000000000001
2023-07-20,NOROESTE3,pico_7_9,0,0.5750000000000001,10.400000000000002,11.5,44.0,8.18
2023-07-20,NORTE2,fuera_pico_10_12,0,0.715,14.125,31.5,53.0,19.25
2023-07-20,NORTE2,pico_7_9,0,0.7,10.925,15.25,39.25,13.0
2023-07-20,SUR,fuera_pico_10_12,0,0.9175,9.6375,37.125,59.5,21.24875
2023-07-20,SUR,pico_7_9,0,0.8300000000000001,8.75,15.5,48.125,13.23875
2023-07-20,SUROESTE2,fuera_pico_10_12,0,0.8075000000000001,21.55,25.25,77.5,28.705
2023-07-20,SUROESTE2,pico_7_9,0,0.615,12.825,7.5,51.5,16.785
2023-07-21,CENTRO,fuera_pico_10_12,0,0.9475,14.675000000000002,49.0,83.0,23.75
2023-07-21,CENTRO,pico_7_9,0,1.0025,13.425000000000002,21.0,67.0,21.25
2023-07-21,NORESTE3,fuera_pico_10_12,0,1.1126666666666667,10.9,33.1,58.0,26.25
2023-07-21,NORESTE3,pico_7_9,0,1.1761666666666668,8.95,17.499999999999996,56.16666666666666,22.25
2023-07-21,NOROESTE3,fuera_pico_10_12,0,0.7466666666666666,13.149999999999999,26.0,70.66666666666666,12.17
2023-07-21,NOROESTE3,pico_7_9,0,0.7133333333333334,12.733333333333334,8.0,55.0,10.755
2023-07-21,NORTE2,fuera_pico_10_12,0,0.885,15.625,29.75,61.5,22.75
2023-07-21,NORTE2,pico_7_9,0,0.7375,10.025,12.0,47.75,11.5
2023-07-21,SUR,fuera_pico_10_12,0,0.92875,11.024999999999999,34.875,64.625,22.28875
2023-07-21,SUR,pico_7_9,0,0.8587499999999999,9.4875,12.25,53.0,12.92
2023-07-21,SUROESTE2,fuera_pico_10_12,0,0.7725,24.4,27.25,113.5,43.685
2023-07-21,SUROESTE2,pico_7_9,0,0.6775,15.975,6.0,51.5,20.6225
2023-07-22,CENTRO,fuera_pico_10_12,0,1.4300000000000002,13.9,41.0,52.5,21.0
2023-07-22,CENTRO,pico_7_9,0,1.2850000000000001,14.8,10.5,53.5,18.0
2023-07-22,NORESTE3,fuera_pico_10_12,0,1.1095,10.55,45.58333333333333,55.66666666666667,23.0
2023-07-22,NORESTE3,pico_7_9,0,1.0771666666666666,9.516666666666667,20.7,57.833333333333336,19.25
2023-07-22,NOROESTE3,fuera_pico_10_12,0,0.7233333333333334,9.1,30.333333333333332,50.25,9.34
2023-07-22,NOROESTE3,pico_7_9,0,0.5666666666666667,10.333333333333334,10.833333333333332,29.0,6.4350000000000005
2023-07-22,NORTE2,fuera_pico_10_12,0,1.195,15.475,36.5,50.0,21.5
2023-07-22,NORTE2,pico_7_9,0,0.7375,10.825,13.75,33.25,11.5
2023-07-22,SUR,fuera_pico_10_12,0,1.0516666666666667,16.483333333333334,39.166666666666664,56.83333333333333,21.386666666666663
2023-07-22,SUR,pico_7_9,0,0.86,10.483333333333334,14.333333333333332,31.666666666666664,8.888333333333332
2023-07-22,SUROESTE2,fuera_pico_10_12,0,0.6325000000000001,16.424999999999997,30.0,62.0,30.32
2023-07-22,SUROESTE2,pico_7_9,0,0.5925,13.175,7.5,46.75,17.455
2023-07-23,CENTRO,fuera_pico_10_12,0,1.6099999999999999,12.8,45.0,54.0,18.5
2023-07-23,CENTRO,pico_7_9,0,1.475,13.899999999999999,12.0,50.5,15.0
2023-07-23,NORESTE3,fuera_pico_10_12,0,1.0683333333333334,8.516666666666666,40.58333333333333,47.0,26.25
2023-07-23,NORESTE3,pico_7_9,0,1.1083333333333334,8.983333333333334,19.833333333333332,46.5,13.0
2023-07-23,NOROESTE3,fuera_pico_10_12,0,0.7516666666666667,10.5,28.666666666666664,68.75,8.795
2023-07-23,NOROESTE3,pico_7_9,0,0.63,11.633333333333333,10.166666666666668,38.0,5.88
2023-07-23,NORTE2,fuera_pico_10_12,0,0.7625,11.274999999999999,32.5,43.5,18.25
2023-07-23,NORTE2,pico_7_9,0,0.7575000000000001,11.575,12.5,36.5,11.5
2023-07-23,SUR,fuera_pico_10_12,0,0.9016666666666667,9.833333333333332,37.625,41.79166666666667,17.44833333333333
2023-07-23,SUR,pico_7_9,0,0.9316666666666666,9.45,15.999999999999996,37.16666666666666,9.466666666666665
2023-07-23,SUROESTE2,fuera_pico_10_12,0,0.6975,12.774999999999999,34.0,53.5,24.6075
2023-07-23,SUROESTE2,pico_7_9,0,0.67,16.525,7.0,51.25,12.905
2023-07-24,CENTRO,fuera_pico_10_12,0,1.375,13.95,32.5,65.0,17.0
2023-07-24,CENTRO,pico_7_9,0,1.455,16.75,10.5,50.0,14.5
2023-07-24,NORESTE3,fuera_pico_10_12,0,1.0955000000000001,9.216666666666669,37.56666666666666,50.25,17.75
2023-07-24,NORESTE3,pico_7_9,0,1.1861666666666666,11.333333333333332,20.433333333333337,45.5,12.75
2023-07-24,NOROESTE3,fuera_pico_10_12,0,0.6783333333333333,12.400000000000002,24.5,36.75,6.525
2023-07-24,NOROESTE3,pico_7_9,0,0.6416666666666666,12.833333333333334,10.333333333333334,33.75,6.25
2023-07-24,NORTE2,fuera_pico_10_12,0,0.785,12.425,33.0,35.25,15.0
2023-07-24,NORTE2,pico_7_9,0,0.885,14.3,12.75,31.5,9.0
2023-07-24,SUR,fuera_pico_10_12,0,0.8633333333333333,5.525,32.125,37.875,12.120000000000001
2023-07-24,SUR,pico_7_9,0,0.8883333333333334,9.875,15.5,33.75,9.873333333333333
2023-07-24,SUROESTE2,fuera_pico_10_12,0,0.7975000000000001,18.775,24.25,48.75,18.665
2023-07-24,SUROESTE2,pico_7_9,0,0.745,18.875,6.75,50.75,13.5625
2023-07-25,CENTRO,fuera_pico_10_12,0,1.6,21.6,33.5,62.5,21.0
2023-07-25,CENTRO,pico_7_9,0,1.345,15.850000000000001,9.0,42.0,20.0
2023-07-25,NORESTE3,fuera_pico_10_12,0,1.1855,12.016666666666666,42.11666666666667,54.75,16.0
2023-07-25,NORESTE3,pico_7_9,0,1.2120000000000002,13.466666666666665,20.15,46.25,12.0
2023-07-25,NOROESTE3,fuera_pico_10_12,0,0.7149999999999999,11.150000000000002,31.5,37.25,7.3149999999999995
2023-07-25,NOROESTE3,pico_7_9,0,0.6033333333333333,11.75,12.833333333333334,25.0,6.25
2023-07-25,NORTE2,fuera_pico_10_12,0,0.825,15.75,35.25,41.75,13.25
2023-07-25,NORTE2,pico_7_9,0,0.85,14.100000000000001,12.25,31.0,6.25
2023-07-25,SUR,fuera_pico_10_12,0,0.9383333333333332,8.6875,35.625,39.375,12.25
2023-07-25,SUR,pico_7_9,0,0.8683333333333333,10.5625,14.25,28.625,8.416666666666668
2023-07-25,SUROESTE2,fuera_pico_10_12,0,0.7575,21.15,26.0,46.0,22.7525
2023-07-25,SUROESTE2,pico_7_9,0,0.64,14.4,8.0,47.5,19.8525
2023-07-26,CENTRO,fuera_pico_10_12,0,1.58,21.4,37.0,74.5,22.5
2023-07-26,CENTRO,pico_7_9,0,1.33,17.95,12.0,49.5,18.5
2023-07-26,NORESTE3,fuera_pico_10_12,0,1.1324999999999998,12.066666666666666,41.28333333333333,58.25,18.25
2023-07-26,NORESTE3,pico_7_9,0,1.2080000000000002,12.183333333333334,24.383333333333333,54.75,16.5
2023-07-26,NOROESTE3,fuera_pico_10_12,0,0.8033333333333333,13.566666666666666,32.5,60.25,9.155
2023-07-26,NOROESTE3,pico_7_9,0,0.6566666666666667,12.5,14.333333333333332,39.25,7.195
2023-07-26,NORTE2,fuera_pico_10_12,0,0.8200000000000001,17.0,29.0,43.75,23.0
2023-07-26,NORTE2,pico_7_9,0,0.7649999999999999,13.825,16.0,37.25,8.25
2023-07-26,SUR,fuera_pico_10_12,0,0.9299999999999999,9.225,41.625,51.5,17.750833333333333
2023-07-26,SUR,pico_7_9,0,0.885,10.962499999999999,17.5,44.125,11.614166666666666
2023-07-26,SUROESTE2,fuera_pico_10_12,0,0.8225,25.8,30.0,67.5,27.6375
2023-07-26,SUROESTE2,pico_7_9,0,0.6475,19.725,8.5,53.5,16.535
2023-07-27,CENTRO,fuera_pico_10_12,0,1.37,15.3,23.5,100.5,42.0
2023-07-27,CENTRO,pico_7_9,0,1.42,14.850000000000001,10.0,83.5,34.5
2023-07-27,NORESTE3,fuera_pico_10_12,0,1.1828333333333334,8.983333333333333,34.849999999999994,86.75,35.0
2023-07-27,NORESTE3,pico_7_9,0,1.2543333333333333,11.716666666666667,17.416666666666664,91.75,32.75
2023-07-27,NOROESTE3,fuera_pico_10_12,0,0.7949999999999999,9.05,25.333333333333336,81.66666666666666,15.634999999999998
2023-07-27,NOROESTE3,pico_7_9,0,0.6900000000000001,10.8,10.166666666666668,74.16666666666666,12.73
2023-07-27,NORTE2,fuera_pico_10_12,0,0.7625,11.0,26.0,70.5,23.0
2023-07-27,NORTE2,pico_7_9,0,0.78,12.25,11.0,68.0,17.75
2023-07-27,SUR,fuera_pico_10_12,0,0.87,6.55,33.0,87.375,32.816250000000004
2023-07-27,SUR,pico_7_9,0,0.9033333333333333,9.662500000000001,13.0,80.875,26.342083333333335
2023-07-27,SUROESTE2,fuera_pico_10_12,0,0.78,18.950000000000003,20.25,95.5,44.47
2023-07-27,SUROESTE2,pico_7_9,0,0.635,13.3,8.75,89.5,27.89
2023-07-28,CENTRO,fuera_pico_10_12,0,1.49,23.85,32.5,69.5,19.0
2023-07-28,CENTRO,pico_7_9,0,1.275,19.7,19.0,54.0,15.5
2023-07-28,NORESTE3,fuera_pico_10_12,0,1.1561666666666668,13.166666666666666,46.266666666666666,45.16666666666667,16.0
2023-07-28,NORESTE3,pico_7_9,0,1.2008333333333334,15.066666666666666,29.116666666666667,50.5,14.5
2023-07-28,NOROESTE3,fuera_pico_10_12,0,0.6425,12.375,35.16666666666667,59.66666666666667,7.625
2023-07-28,NOROESTE3,pico_7_9,0,0.695,14.9,18.666666666666664,41.16666666666666,6.385
2023-07-28,NORTE2,fuera_pico_10_12,0,0.82,19.225,29.75,45.25,15.75
2023-07-28,NORTE2,pico_7_9,0,0.7825,16.4,20.0,42.0,9.75
2023-07-28,SUR,fuera_pico_10_12,0,0.8983333333333334,9.4125,44.75,48.25,12.801666666666666
2023-07-28,SUR,pico_7_9,0,0.8533333333333333,13.875,22.125,38.25,9.57125
2023-07-28,SUROESTE2,fuera_pico_10_12,0,0.86,26.85,28.5,82.25,24.435000000000002
2023-07-28,SUROESTE2,pico_7_9,0,0.6799999999999999,23.675,13.0,40.0,13.8525
2023-07-29,CENTRO,fuera_pico_10_12,0,1.405,19.799999999999997,33.0,56.0,17.0
2023-07-29,CENTRO,pico_7_9,0,1.2650000000000001,20.1,15.0,47.5,15.0
2023-07-29,NORESTE3,fuera_pico_10_12,0,1.1655,11.233333333333334,40.35,46.66666666666666,18.5
2023-07-29,NORESTE3,pico_7_9,0,1.1403333333333334,12.416666666666668,24.833333333333332,43.33333333333333,15.5
2023-07-29,NOROESTE3,fuera_pico_10_12,0,0.7949999999999999,10.5,30.833333333333332,42.0,5.84
2023-07-29,NOROESTE3,pico_7_9,0,0.665,12.666666666666666,18.5,30.666666666666664,5.154999999999999
2023-07-29,NORTE2,fuera_pico_10_12,0,0.7675000000000001,14.524999999999999,32.5,37.75,19.75
2023-07-29,NORTE2,pico_7_9,0,0.735,13.95,18.25,28.25,6.25
2023-07-29,SUR,fuera_pico_10_12,0,0.89,8.399999999999999,39.5,43.5,15.76625
2023-07-29,SUR,pico_7_9,0,0.8366666666666667,11.8125,19.125,38.25,10.34
2023-07-29,SUROESTE2,fuera_pico_10_12,0,0.79,22.75,24.75,60.5,20.85
2023-07-29,SUROESTE2,pico_7_9,0,0.6775,21.1,11.5,37.5,14.365
2023-07-30,CENTRO,fuera_pico_10_12,0,1.16,7.8999999999999995,28.5,54.5,18.5
2023-07-30,CENTRO,pico_7_9,0,1.205,10.7,9.0,52.5,20.0
2023-07-30,NORESTE3,fuera_pico_10_12,0,1.11,5.916666666666667,36.11666666666667,43.75,20.75
2023-07-30,NORESTE3,pico_7_9,0,1.0825,6.516666666666667,19.633333333333333,46.75,15.75
2023-07-30,NOROESTE3,fuera_pico_10_12,0,0.8316666666666667,6.666666666666666,25.833333333333336,48.33333333333333,9.33
2023-07-30,NOROESTE3,pico_7_9,0,0.8066666666666666,10.100000000000001,8.833333333333334,45.33333333333333,8.879999999999999
2023-07-30,NORTE2,fuera_pico_10_12,0,0.725,6.1499999999999995,31.5,36.5,16.0
2023-07-30,NORTE2,pico_7_9,0,0.7050000000000001,7.475,12.75,36.75,9.0
2023-07-30,SUR,fuera_pico_10_12,0,0.8116666666666666,4.0375,27.125,44.0,16.9
2023-07-30,SUR,pico_7_9,0,0.8133333333333334,6.112500000000001,13.0,45.125,13.123750000000001
2023-07-30,SUROESTE2,fuera_pico_10_12,0,0.66,10.35,20.25,49.0,23.6425
2023-07-30,SUROESTE2,pico_7_9,0,0.65,14.1,4.25,49.0,20.83
2023-07-31,CENTRO,fuera_pico_10_12,0,1.65,22.25,32.5,50.5,14.595
2023-07-31,CENTRO,pico_7_9,0,1.365,15.05,8.5,39.0,12.4
2023-07-31,NORESTE3,fuera_pico_10_12,0,1.2238333333333333,12.45,34.4,35.25,15.5
2023-07-31,NORESTE3,pico_7_9,0,1.1453333333333333,10.6,17.9,31.75,8.5
2023-07-31,NOROESTE3,fuera_pico_10_12,0,1.0733333333333333,12.149999999999999,25.0,41.33333333333333,7.415
2023-07-31,NOROESTE3,pico_7_9,0,0.7716666666666667,11.283333333333333,9.166666666666668,24.0,4.835
2023-07-31,NORTE2,fuera_pico_10_12,0,1.0875,15.95,28.5,41.5,10.75
2023-07-31,NORTE2,pico_7_9,0,0.8325,11.35,10.75,30.25,7.25
2023-07-31,SUR,fuera_pico_10_12,0,0.9816666666666668,9.9875,39.125,39.625,15.675
2023-07-31,SUR,pico_7_9,0,0.8766666666666667,9.1,11.625,26.875,7.212083333333332
2023-07-31,SUROESTE2,fuera_pico_10_12,0,0.7975,21.174999999999997,24.5,46.5,26.6475
2023-07-31,SUROESTE2,pico_7_9,0,0.665,17.25,4.25,26.5,11.2075
2023-08-01,CENTRO,fuera_pico_10_12,0,1.37,24.3,27.0,64.0,18.625
2023-08-01,CENTRO,pico_7_9,0,0.9550000000000001,12.55,9.0,50.0,15.64
2023-08-01,NORESTE3,fuera_pico_10_12,0,1.1921666666666666,12.983333333333333,32.199999999999996,47.83333333333333,17.5
2023-08-01,NORESTE3,pico_7_9,0,1.1895,9.899999999999999,15.466666666666665,46.0,12.25
2023-08-01,NOROESTE3,fuera_pico_10_12,0,1.0583333333333336,11.05,27.333333333333336,48.33333333333333,6.0525
2023-08-01,NOROESTE3,pico_7_9,0,0.9000000000000001,10.633333333333335,8.0,37.0,5.85
2023-08-01,NORTE2,fuera_pico_10_12,0,0.91,17.2,23.25,41.0,15.75
2023-08-01,NORTE2,pico_7_9,0,0.845,9.95,9.25,36.0,11.5
2023-08-01,SUR,fuera_pico_10_12,0,0.9516666666666668,10.4875,33.625,48.75,15.55
2023-08-01,SUR,pico_7_9,0,0.855,7.875,11.625,37.875,8.600000000000001
2023-08-01,SUROESTE2,fuera_pico_10_12,0,0.825,24.35,23.5,68.25,26.2125
2023-08-01,SUROESTE2,pico_7_9,0,0.5225,13.875,4.5,41.5,13.4475
2023-08-02,CENTRO,fuera_pico_10_12,0,1.1949999999999998,14.25,24.0,50.0,16.759999999999998
2023-08-02,CENTRO,pico_7_9,0,1.0150000000000001,12.5,8.5,38.0,11.69
2023-08-02,NORESTE3,fuera_pico_10_12,0,1.1543333333333332,8.483333333333333,32.18333333333334,38.33333333333333,15.5
2023-08-02,NORESTE3,pico_7_9,0,1.1818333333333335,9.783333333333331,16.31666666666667,34.333333333333336,9.0
2023-08-02,NOROESTE3,fuera_pico_10_12,0,0.9349999999999999,8.1,20.666666666666668,36.66666666666667,8.895
2023-08-02,NOROESTE3,pico_7_9,0,0.6916666666666667,9.8,8.666666666666668,24.5,5.085
2023-08-02,NORTE2,fuera_pico_10_12,0,0.835,10.149999999999999,25.5,34.5,9.25
2023-08-02,NORTE2,pico_7_9,0,0.79,10.425,10.0,23.5,6.75
2023-08-02,SUR,fuera_pico_10_12,0,0.8566666666666667,4.9125,28.5,32.125,9.158750000000001
2023-08-02,SUR,pico_7_9,0,0.8283333333333334,6.0375,12.75,23.5,6.9625
2023-08-02,SUROESTE2,fuera_pico_10_12,0,0.5125,14.225,16.75,41.25,20.8675
2023-08-02,SUROESTE2,pico_7_9,0,0.45499999999999996,13.8,4.5,49.5,11.5475
2023-08-03,CENTRO,fuera_pico_10_12,0,1.395,18.1,37.0,57.5,20.17
2023-08-03,CENTRO,pico_7_9,0,1.135,14.0,11.0,42.5,10.235
2023-08-03,NORESTE3,fuera_pico_10_12,0,1.1536666666666666,9.616666666666667,37.86666666666667,45.333333333333336,21.5
2023-08-03,NORESTE3,pico_7_9,0,1.1881666666666666,9.7,18.58333333333333,35.0,9.5
2023-08-03,NOROESTE3,fuera_pico_10_12,0,0.5666666666666667,9.316666666666666,30.5,41.33333333333333,5.625
2023-08-03,NOROESTE3,pico_7_9,0,0.615,10.5,11.5,24.83333333333333,5.6899999999999995
2023-08-03,NORTE2,fuera_pico_10_12,0,0.88,15.25,28.25,48.25,22.5
2023-08-03,NORTE2,pico_7_9,0,0.7625,10.100000000000001,13.0,30.75,5.75
2023-08-03,SUR,fuera_pico_10_12,0,0.94,11.45,37.5,49.375,20.0
2023-08-03,SUR,pico_7_9,0,0.84625,8.325,14.125,25.0,6.166666666666667
2023-08-03,SUROESTE2,fuera_pico_10_12,0,0.595,19.9,26.75,67.5,25.6725
2023-08-03,SUROESTE2,pico_7_9,0,0.47500000000000003,15.125,7.0,42.25,10.1125
2023-08-04,CENTRO,fuera_pico_10_12,0,1.565,32.55,33.0,84.0,30.09
2023-08-04,CENTRO,pico_7_9,0,1.16,13.899999999999999,13.0,49.0,18.4
2023-08-04,NORESTE3,fuera_pico_10_12,0,1.2269999999999999,12.75,43.93333333333334,58.5,25.0
2023-08-04,NORESTE3,pico_7_9,0,1.2305000000000001,12.933333333333334,18.65,50.833333333333336,18.0
2023-08-04,NOROESTE3,fuera_pico_10_12,0,0.7233333333333334,13.366666666666667,33.166666666666664,105.33333333333334,9.844999999999999
2023-08-04,NOROESTE3,pico_7_9,0,0.655,13.133333333333333,11.333333333333334,46.83333333333333,8.64
2023-08-04,NORTE2,fuera_pico_10_12,0,1.0375,19.225,34.25,65.75,19.75
2023-08-04,NORTE2,pico_7_9,0,1.0325,16.85,10.0,46.5,10.0
2023-08-04,SUR,fuera_pico_10_12,0,0.95,12.8,37.0,63.375,21.75375
2023-08-04,SUR,pico_7_9,0,0.89625,12.149999999999999,13.75,43.375,11.5
2023-08-04,SUROESTE2,fuera_pico_10_12,0,0.6775,25.725,26.5,89.75,19.98
2023-08-04,SUROESTE2,pico_7_9,0,0.4675,18.775,8.0,59.0,24.3425
2023-08-05,CENTRO,fuera_pico_10_12,0,1.385,23.7,32.0,89.0,30.189999999999998
2023-08-05,CENTRO,pico_7_9,0,1.225,15.05,12.0,57.0,23.78
2023-08-05,NORESTE3,fuera_pico_10_12,0,1.184,11.866666666666667,35.33333333333333,60.333333333333336,25.0
2023-08-05,NORESTE3,pico_7_9,0,1.1776666666666666,10.416666666666666,20.299999999999997,51.5,21.0
2023-08-05,NOROESTE3,fuera_pico_10_12,0,0.7016666666666667,15.333333333333332,31.666666666666664,93.83333333333334,13.18
2023-08-05,NOROESTE3,pico_7_9,0,0.6583333333333332,13.3,10.5,45.5,9.515
2023-08-05,NORTE2,fuera_pico_10_12,0,0.9125000000000001,14.275,33.5,53.25,19.75
2023-08-05,NORTE2,pico_7_9,0,0.8475,11.05,14.0,42.75,12.25
2023-08-05,SUR,fuera_pico_10_12,0,0.90375,9.8625,38.625,67.25,22.925
2023-08-05,SUR,pico_7_9,0,0.8875,10.25,14.25,48.375,14.6075
2023-08-05,SUROESTE2,fuera_pico_10_12,0,0.72,25.3,28.75,92.5,32.4625
2023-08-05,SUROESTE2,pico_7_9,0,0.52,20.900000000000002,5.25,74.0,24.805
2023-08-06,CENTRO,fuera_pico_10_12,0,1.385,15.95,41.5,58.0,19.060000000000002
2023-08-06,CENTRO,pico_7_9,0,1.21,12.05,14.5,49.5,16.439999999999998
2023-08-06,NORESTE3,fuera_pico_10_12,0,1.1328333333333334,7.466666666666667,45.36666666666666,37.833333333333336,16.25
2023-08-06,NORESTE3,pico_7_9,0,1.138,9.033333333333333,24.35,34.5,13.75
2023-08-06,NOROESTE3,fuera_pico_10_12,0,0.6299999999999999,8.9,33.33333333333333,42.0,6.125
2023-08-06,NOROESTE3,pico_7_9,0,0.4875,9.65,11.75,31.25,5.904999999999999
2023-08-06,NORTE2,fuera_pico_10_12,0,0.9425,11.0,38.25,34.5,14.0
2023-08-06,NORTE2,pico_7_9,0,0.8175,9.9,16.5,29.75,7.75
2023-08-06,SUR,fuera_pico_10_12,0,0.915,8.850000000000001,43.625,43.5,18.115000000000002
2023-08-06,SUR,pico_7_9,0,0.86625,8.15,17.5,37.375,9.56
2023-08-06,SUROESTE2,fuera_pico_10_12,0,0.5175,13.600000000000001,33.5,67.04,26.71
2023-08-06,SUROESTE2,pico_7_9,0,0.4875,13.075,8.5,60.352500000000006,19.0825
2023-08-07,CENTRO,fuera_pico_10_12,1,1.52,22.85,32.0,79.5,26.73
2023-08-07,CENTRO,pico_7_9,1,1.1800000000000002,14.5,9.5,57.0,20.564999999999998
2023-08-07,NORESTE3,fuera_pico_10_12,0,1.1995,10.883333333333335,36.55,59.66666666666666,23.0
2023-08-07,NORESTE3,pico_7_9,0,1.2373333333333334,9.75,18.53333333333333,52.16666666666667,16.5
2023-08-07,NOROESTE3,fuera_pico_10_12,0,0.7566666666666666,13.666666666666668,31.833333333333336,79.33333333333334,11.969999999999999
2023-08-07,NOROESTE3,pico_7_9,0,0.7050000000000001,11.666666666666666,10.833333333333332,43.83333333333333,7.904999999999999
2023-08-07,NORTE2,fuera_pico_10_12,0,1.025,14.649999999999999,29.25,53.75,17.5
2023-08-07,NORTE2,pico_7_9,0,0.9725,10.125,13.5,41.75,9.0
2023-08-07,SUR,fuera_pico_10_12,1,0.9225000000000001,10.875,37.625,63.625,22.175
2023-08-07,SUR,pico_7_9,1,0.86625,7.699999999999999,14.875,51.875,13.815
2023-08-07,SUROESTE2,fuera_pico_10_12,1,0.835,26.775,27.0,84.3825,32.2175
2023-08-07,SUROESTE2,pico_7_9,1,0.5125,17.55,5.25,80.515,19.305
2023-08-08,CENTRO,fuera_pico_10_12,1,1.27,18.3,36.0,55.0,20.928540220701976
2023-08-08,CENTRO,pico_7_9,1,0.8800000000000001,13.55,7.0,25.75,15.346388888888889
2023-08-08,NORESTE3,fuera_pico_10_12,0,1.1706666666666665,10.0,36.333333333333336,47.16666666666666,21.5
2023-08-08,NORESTE3,pico_7_9,0,1.2243333333333335,9.366666666666667,17.266666666666666,44.0,14.25
2023-08-08,NOROESTE3,fuera_pico_10_12,0,0.6583333333333333,12.116666666666667,28.833333333333336,64.0,9.79
2023-08-08,NOROESTE3,pico_7_9,0,0.69,10.8,9.5,38.333333333333336,7.245
2023-08-08,NORTE2,fuera_pico_10_12,0,1.0025,14.75,26.5,42.75,15.75
2023-08-08,NORTE2,pico_7_9,0,0.895,9.825,11.25,31.5,7.0
2023-08-08,SUR,fuera_pico_10_12,1,1.2037499999999999,9.662500000000001,36.875,52.75,19.833333333333336
2023-08-08,SUR,pico_7_9,1,1.1837499999999999,7.7250000000000005,12.875,35.375,9.5
2023-08-08,SUROESTE2,fuera_pico_10_12,1,0.7875,26.0,25.25,70.185,29.725
2023-08-08,SUROESTE2,pico_7_9,1,0.46499999999999997,15.175,4.5,49.78,14.745000000000001
2023-08-09,CENTRO,fuera_pico_10_12,1,1.6501736635806326,30.299999999999997,28.0,72.0,30.8
2023-08-09,CENTRO,pico_7_9,1,1.057803093172287,17.8,10.5,41.0,20.335
2023-08-09,NORESTE3,fuera_pico_10_12,0,1.2025,11.633333333333333,34.15,49.66666666666667,26.0
2023-08-09,NORESTE3,pico_7_9,0,1.2696666666666667,10.733333333333334,19.599999999999998,45.5,17.75
2023-08-09,NOROESTE3,fuera_pico_10_12,0,0.7933333333333334,14.916666666666668,34.0,65.16666666666667,14.32587595667921
2023-08-09,NOROESTE3,pico_7_9,0,0.7133333333333334,11.299999999999999,11.333333333333334,39.0,8.989889219068948
2023-08-09,NORTE2,fuera_pico_10_12,0,0.915,14.875,36.25,48.75,20.0
2023-08-09,NORTE2,pico_7_9,0,0.835,10.399999999999999,16.75,39.25,11.5
2023-08-09,SUR,fuera_pico_10_12,1,1.155,8.537500000000001,40.625,54.5,21.25
2023-08-09,SUR,pico_7_9,1,1.11125,7.7124999999999995,16.125,38.0,14.5
2023-08-09,SUROESTE2,fuera_pico_10_12,1,0.7775000000000001,26.25,26.5,70.1075,31.825
2023-08-09,SUROESTE2,pico_7_9,1,0.5,18.625,4.75,58.565,16.825
2023-08-10,CENTRO,fuera_pico_10_12,1,0.21977272727272723,33.35,30.5,83.5,31.380000000000003
2023-08-10,CENTRO,pico_7_9,1,0.862257805357639,17.15,11.5,51.0,20.295
2023-08-10,NORESTE3,fuera_pico_10_12,0,1.3325,13.533333333333331,41.233333333333334,62.666666666666664,30.0
2023-08-10,NORESTE3,pico_7_9,0,1.3373333333333335,12.316666666666668,19.866666666666667,52.5,15.0
2023-08-10,NOROESTE3,fuera_pico_10_12,0,0.7783333333333333,16.483333333333334,32.166666666666664,91.83333333333334,19.844691519329285
2023-08-10,NOROESTE3,pico_7_9,0,0.7216666666666667,15.416666666666666,9.0,66.16666666666667,15.581130886666315
2023-08-10,NORTE2,fuera_pico_10_12,0,1.38,26.3,45.5,67.5,27.0
2023-08-10,NORTE2,pico_7_9,0,1.41,16.2,16.0,43.0,9.5
2023-08-10,SUR,fuera_pico_10_12,1,1.21375,14.475,36.75,72.5,22.2825
2023-08-10,SUR,pico_7_9,1,1.1412499999999999,12.0125,13.625,47.5,12.381250000000001
2023-08-10,SUROESTE2,fuera_pico_10_12,1,0.845,36.4,27.75,139.985,36.3825
2023-08-10,SUROESTE2,pico_7_9,1,0.585,20.85,5.0,106.17999999999999,22.3825
2023-08-11,CENTRO,fuera_pico_10_12,1,0.48,23.25,28.5,79.0,39.245000000000005
2023-08-11,CENTRO,pico_7_9,1,0.31,15.95,10.5,59.285714285714285,31.884999999999998
2023-08-11,NORESTE3,fuera_pico_10_12,0,1.3058333333333332,11.233333333333334,42.16666666666667,65.16666666666666,34.0
2023-08-11,NORESTE3,pico_7_9,0,1.3833333333333333,12.116666666666667,26.18333333333333,63.666666666666664,30.0
2023-08-11,NOROESTE3,fuera_pico_10_12,0,0.8166666666666667,12.616666666666667,33.666666666666664,102.33333333333331,21.0
2023-08-11,NOROESTE3,pico_7_9,0,0.735,11.183333333333334,12.833333333333332,66.33333333333333,16.5
2023-08-11,NORTE2,fuera_pico_10_12,0,1.21,19.9,34.07348590566798,73.0,23.0
2023-08-11,NORTE2,pico_7_9,0,1.04,14.8,17.6615938726778,63.0,24.0
2023-08-11,SUR,fuera_pico_10_12,1,1.1912500000000001,8.675,39.625,72.25,30.825
2023-08-11,SUR,pico_7_9,1,1.1225,8.4375,19.625,53.875,23.17125
2023-08-11,SUROESTE2,fuera_pico_10_12,1,0.8225,26.950000000000003,28.5,87.75,40.5925
2023-08-11,SUROESTE2,pico_7_9,1,0.59,16.950000000000003,7.75,65.25,29.855
2023-08-12,CENTRO,fuera_pico_10_12,1,0.45499999999999996,20.05,38.5,90.0,37.315
2023-08-12,CENTRO,pico_7_9,1,0.345,14.55,12.5,82.0,31.255000000000003
2023-08-12,NORESTE3,fuera_pico_10_12,0,1.3303333333333334,11.733333333333334,48.266666666666666,67.66666666666666,41.25
2023-08-12,NORESTE3,pico_7_9,0,1.3103333333333333,10.650000000000002,31.483333333333334,55.833333333333336,28.5
2023-08-12,NOROESTE3,fuera_pico_10_12,0,0.8083333333333332,11.7,34.666666666666664,71.0,17.0
2023-08-12,NOROESTE3,pico_7_9,0,0.6699999999999999,9.383333333333333,15.0,54.333333333333336,15.5
2023-08-12,NORTE2,fuera_pico_10_12,0,1.29,21.65,42.0,70.0,25.0
2023-08-12,NORTE2,pico_7_9,0,1.0550000000000002,15.25,17.5,45.0,12.0
2023-08-12,SUR,fuera_pico_10_12,1,1.13375,8.575,47.125,69.125,31.161250000000003
2023-08-12,SUR,pico_7_9,1,1.04375,5.925,23.583333333333336,52.25,27.696666666666665
2023-08-12,SUROESTE2,fuera_pico_10_12,1,0.6799999999999999,23.625,28.0,73.5,38.4675
2023-08-12,SUROESTE2,pico_7_9,1,0.5075,15.575,7.75,66.25,28.192500000000003
2023-08-13,CENTRO,fuera_pico_10_12,1,0.46499999999999997,15.8,33.5,50.5,19.0
2023-08-13,CENTRO,pico_7_9,1,0.375,14.45,11.0,37.5,14.145
2023-08-13,NORESTE3,fuera_pico_10_12,0,1.2320000000000002,7.483333333333333,41.2,41.66666666666667,21.25
2023-08-13,NORESTE3,pico_7_9,0,1.2366666666666668,7.683333333333334,22.5,34.0,13.0
2023-08-13,NOROESTE3,fuera_pico_10_12,0,0.7183333333333333,8.683333333333334,35.66666666666667,49.66666666666667,9.5
2023-08-13,NOROESTE3,pico_7_9,0,0.5966666666666667,8.783333333333331,14.5,46.833333333333336,7.0
2023-08-13,NORTE2,fuera_pico_10_12,0,0.99,12.649999999999999,40.5,33.0,18.0
2023-08-13,NORTE2,pico_7_9,0,0.895,11.55,16.0,30.5,2.5
2023-08-13,SUR,fuera_pico_10_12,1,1.0387499999999998,5.9625,36.25,41.75,18.380000000000003
2023-08-13,SUR,pico_7_9,1,0.99375,5.55,18.875,32.75,9.243749999999999
2023-08-13,SUROESTE2,fuera_pico_10_12,1,0.5375,14.2,29.0,54.25,28.259999999999998
2023-08-13,SUROESTE2,pico_7_9,1,0.3925,12.0,8.75,34.0,12.5475
2023-08-14,CENTRO,fuera_pico_10_12,1,0.52,13.5,24.5,73.0,22.985
2023-08-14,CENTRO,pico_7_9,1,0.42000000000000004,12.0,9.5,48.0,16.6
2023-08-14,NORESTE3,fuera_pico_10_12,0,1.2456666666666667,7.449999999999999,34.56666666666666,43.0,21.0
2023-08-14,NORESTE3,pico_7_9,0,1.3101666666666667,9.55,19.616666666666667,41.16666666666666,13.0
2023-08-14,NOROESTE3,fuera_pico_10_12,0,0.6216666666666666,7.933333333333333,25.666666666666668,43.0,9.5
2023-08-14,NOROESTE3,pico_7_9,0,0.5883333333333334,7.683333333333334,12.166666666666668,33.0,7.15
2023-08-14,NORTE2,fuera_pico_10_12,0,1.09,14.45,27.0,43.0,9.0
2023-08-14,NORTE2,pico_7_9,0,1.24,13.8,11.5,34.5,9.5
2023-08-14,SUR,fuera_pico_10_12,1,1.165,6.383333333333334,35.66666666666667,41.5,16.868333333333332
2023-08-14,SUR,pico_7_9,1,1.0150000000000001,6.525,15.375,36.625,10.54375
2023-08-14,SUROESTE2,fuera_pico_10_12,1,0.675,15.825000000000001,18.0,47.0,29.122500000000002
2023-08-14,SUROESTE2,pico_7_9,1,0.51,10.8,7.75,46.25,14.955
2023-08-15,CENTRO,fuera_pico_10_12,1,0.565,18.5,25.5,73.5,23.134999999999998
2023-08-15,CENTRO,pico_7_9,1,0.445,10.4,8.5,44.5,13.629999999999999
2023-08-15,NORESTE3,fuera_pico_10_12,0,1.2858333333333334,9.350000000000001,33.333333333333336,45.16666666666666,21.0
2023-08-15,NORESTE3,pico_7_9,0,1.2915,8.399999999999999,18.7,37.83333333333333,12.25
2023-08-15,NOROESTE3,fuera_pico_10_12,0,0.6866666666666666,9.266666666666666,30.333333333333336,65.75,10.75
2023-08-15,NOROESTE3,pico_7_9,0,0.6766666666666666,8.933333333333334,9.666666666666666,45.16666666666666,10.0
2023-08-15,NORTE2,fuera_pico_10_12,0,1.16,15.95,28.0,44.5,10.0
2023-08-15,NORTE2,pico_7_9,0,1.07,10.05,12.0,31.5,19.0
2023-08-15,SUR,fuera_pico_10_12,1,1.24,7.7125,33.125,45.375,15.26375
2023-08-15,SUR,pico_7_9,1,1.1949999999999998,7.4125,11.75,32.375,9.88875
2023-08-15,SUROESTE2,fuera_pico_10_12,1,0.7,18.75,22.0,46.75,24.5425
2023-08-15,SUROESTE2,pico_7_9,1,0.5475,12.825,4.75,46.75,15.982500000000002
2023-08-16,CENTRO,fuera_pico_10_12,1,0.705,19.65,27.5,80.0,25.86
2023-08-16,CENTRO,pico_7_9,1,0.615,14.75,9.5,76.5,23.575
2023-08-16,NORESTE3,fuera_pico_10_12,0,1.221,10.116666666666665,36.0,64.16666666666666,38.5
2023-08-16,NORESTE3,pico_7_9,0,1.3085,11.350000000000001,16.049999999999997,75.16666666666666,21.25
2023-08-16,NOROESTE3,fuera_pico_10_12,0,0.6183333333333334,9.25,28.0,100.33333333333334,12.75
2023-08-16,NOROESTE3,pico_7_9,0,0.7583333333333333,14.100000000000001,7.5,81.5,14.0
2023-08-16,NORTE2,fuera_pico_10_12,0,1.185,20.5,25.5,79.5,28.0
2023-08-16,NORTE2,pico_7_9,0,1.6099999999999999,18.5,10.0,79.0,16.75
2023-08-16,SUR,fuera_pico_10_12,1,1.195,10.9,33.625,79.375,24.44125
2023-08-16,SUR,pico_7_9,1,1.2937500000000002,14.8875,11.375,70.75,18.9775
2023-08-16,SUROESTE2,fuera_pico_10_12,1,0.6925,22.05,20.75,82.5,34.685
2023-08-16,SUROESTE2,pico_7_9,1,0.7150000000000001,20.775,4.5,121.0,31.55
2023-08-17,CENTRO,fuera_pico_10_12,1,0.635,27.75,25.0,88.5,27.924999999999997
2023-08-17,CENTRO,pico_7_9,1,0.525,14.15,10.0,73.5,24.45
2023-08-17,NORESTE3,fuera_pico_10_12,0,0.9735,13.266666666666666,38.9,71.5,39.25
2023-08-17,NORESTE3,pico_7_9,0,1.103,13.950000000000001,15.499999999999996,85.0,23.5
2023-08-17,NOROESTE3,fuera_pico_10_12,0,0.6883333333333334,14.916666666666666,24.166666666666664,116.16666666666666,15.5
2023-08-17,NOROESTE3,pico_7_9,0,0.7966666666666666,15.983333333333334,7.166666666666666,94.5,14.0
2023-08-17,NORTE2,fuera_pico_10_12,0,1.42,24.6,27.5,105.5,33.5
2023-08-17,NORTE2,pico_7_9,0,1.195,16.25,11.5,69.5,13.0
2023-08-17,SUR,fuera_pico_10_12,1,1.28125,17.3375,33.375,95.625,25.99875
2023-08-17,SUR,pico_7_9,1,1.36125,14.212499999999999,9.625,88.875,21.665
2023-08-17,SUROESTE2,fuera_pico_10_12,1,0.665,24.525,21.25,118.5,42.2175
2023-08-17,SUROESTE2,pico_7_9,1,0.7075,21.425,3.75,122.0,33.83
2023-08-18,CENTRO,fuera_pico_10_12,1,0.76,26.9,31.0,65.5,14.43
2023-08-18,CENTRO,pico_7_9,1,0.53,20.05,12.0,54.5,11.175
2023-08-18,NORESTE3,fuera_pico_10_12,0,0.9470000000000001,15.966666666666669,35.91666666666667,43.5,20.75
2023-08-18,NORESTE3,pico_7_9,0,1.0355,14.9,22.03333333333333,42.16666666666667,9.25
2023-08-18,NOROESTE3,fuera_pico_10_12,0,0.7283333333333333,16.166666666666664,32.5,70.5,11.0
2023-08-18,NOROESTE3,pico_7_9,0,0.6833333333333332,16.450000000000003,13.166666666666668,66.83333333333333,9.5
2023-08-18,NORTE2,fuera_pico_10_12,0,1.22,24.450000000000003,24.5,42.0,15.5
2023-08-18,NORTE2,pico_7_9,0,1.185,18.05,16.0,40.5,4.0
2023-08-18,SUR,fuera_pico_10_12,1,1.2025000000000001,15.3,36.75,47.625,16.2325
2023-08-18,SUR,pico_7_9,1,1.2425000000000002,14.1875,16.0,57.375,8.14375
2023-08-18,SUROESTE2,fuera_pico_10_12,1,0.825,26.674999999999997,27.75,101.75,27.5125
2023-08-18,SUROESTE2,pico_7_9,1,0.5475,21.575,8.0,50.75,12.81
2023-08-19,CENTRO,fuera_pico_10_12,1,0.61,20.8,24.0,83.0,27.775
2023-08-19,CENTRO,pico_7_9,1,0.515,12.8,10.5,72.5,21.865000000000002
2023-08-19,NORESTE3,fuera_pico_10_12,0,0.93025,10.916666666666666,31.93333333333333,60.16666666666667,28.75
2023-08-19,NORESTE3,pico_7_9,0,0.9895,11.299999999999999,17.516666666666666,62.49999999999999,19.25
2023-08-19,NOROESTE3,fuera_pico_10_12,0,0.745,13.366666666666667,26.666666666666664,76.66666666666666,15.0
2023-08-19,NOROESTE3,pico_7_9,0,0.6383333333333334,11.266666666666666,11.5,51.66666666666667,11.5
2023-08-19,NORTE2,fuera_pico_10_12,0,1.0025,13.65,27.5,66.25,21.75
2023-08-19,NORTE2,pico_7_9,0,0.8425,10.875,12.5,48.0,12.25
2023-08-19,SUR,fuera_pico_10_12,1,1.175,8.4875,31.25,63.989999999999995,22.6825
2023-08-19,SUR,pico_7_9,1,1.11375,6.9875,16.25,52.508750000000006,14.999583333333334
2023-08-19,SUROESTE2,fuera_pico_10_12,1,0.7025,21.575000000000003,18.5,69.0,32.67
2023-08-19,SUROESTE2,pico_7_9,1,0.5525,16.725,6.5,72.25,24.835
2023-08-20,CENTRO,fuera_pico_10_12,1,0.61,14.399999999999999,29.5,106.0,32.855
2023-08-20,CENTRO,pico_7_9,1,0.59,13.75,12.0,94.5,32.415
2023-08-20,NORESTE3,fuera_pico_10_12,0,0.93475,8.966666666666669,34.36666666666667,81.16666666666666,35.5
2023-08-20,NORESTE3,pico_7_9,0,0.926,8.733333333333333,20.966666666666665,81.0,27.25
2023-08-20,NOROESTE3,fuera_pico_10_12,0,0.6583333333333333,7.866666666666667,30.833333333333332,86.33333333333334,16.0
2023-08-20,NOROESTE3,pico_7_9,0,0.6133333333333333,10.350000000000001,12.5,92.5,16.0
2023-08-20,NORTE2,fuera_pico_10_12,0,0.825,10.475000000000001,30.75,83.25,18.5
2023-08-20,NORTE2,pico_7_9,0,0.8325,9.55,14.75,77.25,13.0
2023-08-20,SUR,fuera_pico_10_12,1,1.1487500000000002,5.575,36.875,85.625,29.39
2023-08-20,SUR,pico_7_9,1,1.15125,8.225,16.125,85.125,22.915
2023-08-20,SUROESTE2,fuera_pico_10_12,1,0.625,14.55,25.0,90.0,38.795
2023-08-20,SUROESTE2,pico_7_9,1,0.5525,16.975,6.5,95.5,32.2625
2023-08-21,CENTRO,fuera_pico_10_12,1,0.845,23.2,26.5,75.5,24.39
2023-08-21,CENTRO,pico_7_9,1,0.69,18.75,9.5,62.0,19.7
2023-08-21,NORESTE3,fuera_pico_10_12,0,0.93875,12.75,33.56666666666667,73.33333333333334,30.75
2023-08-21,NORESTE3,pico_7_9,0,1.0495,16.05,15.316666666666666,64.16666666666667,18.75
2023-08-21,NOROESTE3,fuera_pico_10_12,0,0.6133333333333333,10.966666666666669,26.833333333333336,77.33333333333334,10.0
2023-08-21,NOROESTE3,pico_7_9,0,0.8066666666666666,17.916666666666668,10.833333333333332,62.33333333333333,11.0
2023-08-21,NORTE2,fuera_pico_10_12,0,1.0274999999999999,14.575,27.25,82.5,24.0
2023-08-21,NORTE2,pico_7_9,0,1.0675,20.275,10.5,60.25,14.0
2023-08-21,SUR,fuera_pico_10_12,1,1.1925,10.9875,32.0,72.375,21.634999999999998
2023-08-21,SUR,pico_7_9,1,1.37375,19.175,10.5,72.125,18.125
2023-08-21,SUROESTE2,fuera_pico_10_12,1,0.835,20.1,20.5,106.25,32.1725
2023-08-21,SUROESTE2,pico_7_9,1,0.705,19.65,6.75,53.75,19.9925
2023-08-22,CENTRO,fuera_pico_10_12,1,0.69,16.55,29.0,68.5,18.619999999999997
2023-08-22,CENTRO,pico_7_9,1,0.595,18.6,19.5,50.0,17.17
2023-08-22,NORESTE3,fuera_pico_10_12,0,0.93625,8.666666666666668,41.46666666666667,76.16666666666666,18.25
2023-08-22,NORESTE3,pico_7_9,0,1.05725,18.549999999999997,23.766666666666666,70.83333333333333,17.5
2023-08-22,NOROESTE3,fuera_pico_10_12,0,0.7116666666666667,12.433333333333334,30.5,52.33333333333333,8.0
2023-08-22,NOROESTE3,pico_7_9,0,0.7983333333333333,19.133333333333333,17.166666666666664,42.833333333333336,10.2
2023-08-22,NORTE2,fuera_pico_10_12,0,1.0175,15.325,30.5,68.5,11.34
2023-08-22,NORTE2,pico_7_9,0,1.0675,20.9,16.0,50.0,7.6325
2023-08-22,SUR,fuera_pico_10_12,1,1.27,11.85,31.75,57.875,15.28
2023-08-22,SUR,pico_7_9,1,1.28375,18.475,18.5,50.75,14.28125
2023-08-22,SUROESTE2,fuera_pico_10_12,1,0.5925,17.65,21.5,72.75,21.817500000000003
2023-08-22,SUROESTE2,pico_7_9,1,0.565,20.025,14.5,42.25,18.04
2023-08-23,CENTRO,fuera_pico_10_12,1,0.595,10.850000000000001,35.5,33.5,6.5600000000000005
2023-08-23,CENTRO,pico_7_9,1,0.52,12.7,22.0,31.0,5.59
2023-08-23,NORESTE3,fuera_pico_10_12,0,0.94275,11.533333333333331,43.13333333333333,31.5,15.0
2023-08-23,NORESTE3,pico_7_9,0,1.01525,14.25,24.966666666666665,33.833333333333336,6.5
2023-08-23,NOROESTE3,fuera_pico_10_12,0,0.71,11.416666666666668,31.833333333333336,42.166666666666664,5.5649999999999995
2023-08-23,NOROESTE3,pico_7_9,0,0.7516666666666667,12.4,21.333333333333336,21.0,6.09
2023-08-23,NORTE2,fuera_pico_10_12,1,0.9025000000000001,10.5,38.0,33.5,9.557500000000001
2023-08-23,NORTE2,pico_7_9,1,0.8975,12.725,22.5,31.5,11.7925
2023-08-23,SUR,fuera_pico_10_12,1,1.13,7.1875,40.0,25.375,8.49875
2023-08-23,SUR,pico_7_9,1,1.1549999999999998,9.9375,23.875,17.875,4.65
2023-08-23,SUROESTE2,fuera_pico_10_12,1,0.6,14.95,23.0,33.75,12.129999999999999
2023-08-23,SUROESTE2,pico_7_9,1,0.53,13.850000000000001,16.0,28.75,7.5625
2023-08-24,CENTRO,fuera_pico_10_12,1,0.645,12.899999999999999,27.5,57.5,14.645
2023-08-24,CENTRO,pico_7_9,1,0.575,15.45,11.0,41.0,13.855
2023-08-24,NORESTE3,fuera_pico_10_12,0,0.9315,9.416666666666668,31.799999999999997,35.0,19.5
2023-08-24,NORESTE3,pico_7_9,0,1.0005000000000002,14.833333333333332,17.65,38.25,13.25
2023-08-24,NOROESTE3,fuera_pico_10_12,0,0.7166666666666667,8.466666666666667,29.666666666666664,28.166666666666664,6.5
2023-08-24,NOROESTE3,pico_7_9,0,0.75,10.95,15.0,23.666666666666668,6.415
2023-08-24,NORTE2,fuera_pico_10_12,1,0.8925000000000001,8.875,29.75,44.75,4.890000000000001
2023-08-24,NORTE2,pico_7_9,1,1.0725,14.7,11.0,31.25,7.3525
2023-08-24,SUR,fuera_pico_10_12,1,1.13625,6.325,31.0,41.375,9.20375
2023-08-24,SUR,pico_7_9,1,1.22375,12.524999999999999,10.375,35.125,12.43625
2023-08-24,SUROESTE2,fuera_pico_10_12,1,0.6325000000000001,15.8,20.25,33.0,18.4775
2023-08-24,SUROESTE2,pico_7_9,1,0.5800000000000001,18.175,7.25,44.75,15.3675
2023-08-25,CENTRO,fuera_pico_10_12,1,0.845,25.1,28.5,96.0,25.765
2023-08-25,CENTRO,pico_7_9,1,0.6699999999999999,16.1,9.5,67.0,19.34
2023-08-25,NORESTE3,fuera_pico_10_12,0,0.9157500000000001,10.566666666666666,39.650000000000006,71.66666666666667,29.25
2023-08-25,NORESTE3,pico_7_9,0,0.97675,12.183333333333334,16.266666666666666,66.33333333333333,18.0
2023-08-25,NOROESTE3,fuera_pico_10_12,0,0.805,9.333333333333334,33.33333333333333,87.83333333333334,10.56
2023-08-25,NOROESTE3,pico_7_9,0,0.7916666666666667,14.216666666666665,8.666666666666666,60.5,10.5
2023-08-25,NORTE2,fuera_pico_10_12,1,0.9725,14.350000000000001,32.25,97.5,9.1325
2023-08-25,NORTE2,pico_7_9,1,1.1225,15.350000000000001,9.0,72.25,10.1325
2023-08-25,SUR,fuera_pico_10_12,1,1.255,14.2625,35.125,77.375,21.0875
2023-08-25,SUR,pico_7_9,1,1.2537500000000001,13.075,10.5,69.25,16.08875
2023-08-25,SUROESTE2,fuera_pico_10_12,1,0.7424999999999999,19.5,25.25,71.0,31.177500000000002
2023-08-25,SUROESTE2,pico_7_9,1,0.6275,20.05,6.0,78.25,21.3
2023-08-26,CENTRO,fuera_pico_10_12,1,0.89,23.05,38.0,64.0,21.765
2023-08-26,CENTRO,pico_7_9,1,0.885,25.450000000000003,11.0,67.0,22.575
2023-08-26,NORESTE3,fuera_pico_10_12,0,0.99925,13.549999999999999,46.63333333333334,59.66666666666667,26.25
2023-08-26,NORESTE3,pico_7_9,0,0.97175,12.05,27.35,40.16666666666666,10.5
2023-08-26,NOROESTE3,fuera_pico_10_12,0,0.535,9.525,36.75,66.75,9.665
2023-08-26,NOROESTE3,pico_7_9,0,0.6658333333333334,19.158333333333335,12.666666666666668,49.41666666666667,9.22
2023-08-26,NORTE2,fuera_pico_10_12,1,1.0325,15.25,39.75,59.25,14.745000000000001
2023-08-26,NORTE2,pico_7_9,1,1.0575,18.1,16.75,60.75,10.2125
2023-08-26,SUR,fuera_pico_10_12,1,1.2475,11.4625,48.75,54.5,17.502499999999998
2023-08-26,SUR,pico_7_9,1,1.295,19.275,14.125,58.0,14.401250000000001
2023-08-26,SUROESTE2,fuera_pico_10_12,1,0.7675000000000001,21.375,30.75,68.75,27.2575
2023-08-26,SUROESTE2,pico_7_9,1,0.8049999999999999,25.85,8.5,59.5,19.5125
2023-08-27,CENTRO,fuera_pico_10_12,1,0.77,11.3,44.0,59.5,15.68
2023-08-27,CENTRO,pico_7_9,1,0.79,16.8,18.0,50.0,16.0
2023-08-27,NORESTE3,fuera_pico_10_12,0,0.897,6.383333333333333,52.60000000000001,32.5,17.0
2023-08-27,NORESTE3,pico_7_9,0,0.92175,9.483333333333334,31.53333333333333,39.0,12.0
2023-08-27,NOROESTE3,fuera_pico_10_12,0,0.715,12.0,33.666666666666664,50.66666666666667,8.354899593834478
2023-08-27,NOROESTE3,pico_7_9,0,0.73,15.433333333333332,17.416666666666664,35.0,10.930681273855223
2023-08-27,NORTE2,fuera_pico_10_12,1,0.845,8.625,42.5,42.0,10.3475
2023-08-27,NORTE2,pico_7_9,1,0.93,12.725,22.5,45.5,8.995000000000001
2023-08-27,SUR,fuera_pico_10_12,1,1.17625,6.137499999999999,45.0,37.125,11.805
2023-08-27,SUR,pico_7_9,1,1.2425,10.7,22.0,37.75,10.385
2023-08-27,SUROESTE2,fuera_pico_10_12,1,0.6875,16.1,32.5,62.5,25.697499999999998
2023-08-27,SUROESTE2,pico_7_9,1,0.6875,21.65,8.5,76.5,19.380000000000003
2023-08-28,CENTRO,fuera_pico_10_12,1,0.95,20.0,40.0,48.5,16.83496312361163
2023-08-28,CENTRO,pico_7_9,1,1.03,23.4,12.5,48.0,18.93617490407003
2023-08-28,NORESTE3,fuera_pico_10_12,0,0.98,11.733333333333334,56.33333333333333,51.833333333333336,25.25
2023-08-28,NORESTE3,pico_7_9,0,1.2302499999999998,22.833333333333332,18.71666666666667,55.333333333333336,12.75
2023-08-28,NOROESTE3,fuera_pico_10_12,0,0.7983333333333333,12.75,41.5,65.66666666666666,14.473020053852451
2023-08-28,NOROESTE3,pico_7_9,0,1.0866666666666664,23.366666666666664,8.833333333333334,54.83333333333333,12.267554036493447
2023-08-28,NORTE2,fuera_pico_10_12,1,1.1,18.35,42.5,52.5,14.405000000000001
2023-08-28,NORTE2,pico_7_9,1,1.2575,22.875,13.5,49.75,9.4475
2023-08-28,SUR,fuera_pico_10_12,1,1.4024999999999999,16.625,46.625,51.25,18.155
2023-08-28,SUR,pico_7_9,1,1.58875,22.9125,11.75,66.0,13.6325
2023-08-28,SUROESTE2,fuera_pico_10_12,1,0.595,15.725000000000001,33.25,89.25,23.395000000000003
2023-08-28,SUROESTE2,pico_7_9,1,0.9325,29.275,8.0,85.5,24.085
2023-08-29,CENTRO,fuera_pico_10_12,1,0.935,11.3,58.0,80.5,16.495
2023-08-29,CENTRO,pico_7_9,1,1.01,24.1,23.0,64.0,17.994999999999997
2023-08-29,NORESTE3,fuera_pico_10_12,0,0.9512499999999999,7.333333333333334,66.21666666666667,62.833333333333336,21.0
2023-08-29,NORESTE3,pico_7_9,0,0.98075,14.466666666666669,42.766666666666666,62.16666666666667,19.0
2023-08-29,NOROESTE3,fuera_pico_10_12,0,0.7,11.816666666666666,46.5,75.33333333333333,13.412316832208862
2023-08-29,NOROESTE3,pico_7_9,0,1.0383333333333336,24.450000000000003,15.333333333333334,70.0,15.448835987810668
2023-08-29,NORTE2,fuera_pico_10_12,1,0.9224999999999999,13.899999999999999,48.5,86.25,12.155000000000001
2023-08-29,NORTE2,pico_7_9,1,1.0574999999999999,19.1,31.0,61.25,14.2975
2023-08-29,SUR,fuera_pico_10_12,1,1.21,6.55,60.375,63.625,17.7275
2023-08-29,SUR,pico_7_9,1,1.335,20.362499999999997,26.625,66.5,15.835
2023-08-29,SUROESTE2,fuera_pico_10_12,1,0.805,21.85,39.0,78.5,25.75
2023-08-29,SUROESTE2,pico_7_9,1,1.0825,36.525,6.5,112.0,33.0
2023-08-30,CENTRO,fuera_pico_10_12,1,0.73,10.35,77.5,47.0,12.5
2023-08-30,CENTRO,pico_7_9,1,0.7,21.950000000000003,20.5,45.0,14.75
2023-08-30,NORESTE3,fuera_pico_10_12,0,0.99725,10.766666666666667,89.15,79.83333333333333,30.25
2023-08-30,NORESTE3,pico_7_9,0,1.1776666666666666,35.05,15.083333333333334,143.16666666666666,36.0
2023-08-30,NOROESTE3,fuera_pico_10_12,0,0.8633333333333333,16.55,63.66666666666667,92.16666666666669,8.864550561797753
2023-08-30,NOROESTE3,pico_7_9,0,1.3866666666666667,30.75,7.166666666666667,102.5,22.729781803496884
2023-08-30,NORTE2,fuera_pico_10_12,1,0.905,13.45,72.75,79.25,10.0775
2023-08-30,NORTE2,pico_7_9,1,1.545,34.225,12.75,140.75,11.165
2023-08-30,SUR,fuera_pico_10_12,1,1.4475,14.975,73.0,62.125,20.71875
2023-08-30,SUR,pico_7_9,1,1.92875,30.375,9.75,88.25,21.3925
2023-08-30,SUROESTE2,fuera_pico_10_12,1,0.5575000000000001,11.75,51.5,48.25,23.25
2023-08-30,SUROESTE2,pico_7_9,1,0.8525,30.75,9.5,63.0,19.75
2023-08-31,CENTRO,fuera_pico_10_12,1,0.99,27.15,50.5,84.5,22.5
2023-08-31,CENTRO,pico_7_9,1,1.03,35.9,11.5,69.0,25.0
2023-08-31,NORESTE3,fuera_pico_10_12,0,0.9103333333333332,17.616666666666667,64.25,56.5,37.75
2023-08-31,NORESTE3,pico_7_9,0,1.0698333333333334,32.88333333333333,18.083333333333336,87.5,21.25
2023-08-31,NOROESTE3,fuera_pico_10_12,0,0.7666666666666667,14.816666666666666,53.16666666666667,92.66666666666669,8.905000000000001
2023-08-31,NOROESTE3,pico_7_9,0,1.07,31.566666666666666,10.5,88.33333333333334,12.48
2023-08-31,NORTE2,fuera_pico_10_12,1,1.0925,20.25,51.75,76.25,16.8325
2023-08-31,NORTE2,pico_7_9,1,1.2825,31.65,14.25,80.25,19.387500000000003
2023-08-31,SUR,fuera_pico_10_12,1,1.44875,20.387500000000003,56.25,73.75,22.7975
2023-08-31,SUR,pico_7_9,1,1.695,35.7625,11.625,86.125,22.065416666666668
2023-08-31,SUROESTE2,fuera_pico_10_12,1,0.7250000000000001,23.925,38.25,78.25,31.0
2023-08-31,SUROESTE2,pico_7_9,1,0.9099999999999999,38.85,10.25,139.0,38.75
2023-09-01,CENTRO,fuera_pico_10_12,1,1.0750000000000002,33.099999999999994,46.5,74.5,27.0
2023-09-01,CENTRO,pico_7_9,1,1.025,29.45,17.5,53.0,22.0
2023-09-01,NORESTE3,fuera_pico_10_12,0,0.9013333333333333,18.766666666666666,59.61666666666667,60.0,28.5
2023-09-01,NORESTE3,pico_7_9,0,0.9371666666666667,23.133333333333333,28.53333333333333,62.83333333333333,16.0
2023-09-01,NOROESTE3,fuera_pico_10_12,0,0.8983333333333332,16.71666666666667,51.5,71.33333333333334,13.385
2023-09-01,NOROESTE3,pico_7_9,0,0.925,27.766666666666666,19.0,61.5,7.375
2023-09-01,NORTE2,fuera_pico_10_12,1,1.2149999999999999,24.125,46.75,91.0,19.5275
2023-09-01,NORTE2,pico_7_9,1,1.2825000000000002,31.525,12.75,76.75,15.2375
2023-09-01,SUR,fuera_pico_10_12,1,1.4075,15.375,56.625,65.125,20.26875
2023-09-01,SUR,pico_7_9,1,1.4725000000000001,23.424999999999997,20.875,60.375,17.604999999999997
2023-09-01,SUROESTE2,fuera_pico_10_12,1,1.0025,33.525,35.0,92.75,37.0
2023-09-01,SUROESTE2,pico_7_9,1,0.9025000000000001,33.55,11.75,98.25,42.25
2023-09-02,CENTRO,fuera_pico_10_12,1,0.62,9.6,61.5,43.5,17.5
2023-09-02,CENTRO,pico_7_9,1,0.7050000000000001,14.0,28.0,40.0,16.0
2023-09-02,NORESTE3,fuera_pico_10_12,0,0.8901666666666666,15.933333333333334,66.43333333333334,69.66666666666666,31.0
2023-09-02,NORESTE3,pico_7_9,0,0.8658333333333332,16.499999999999996,31.616666666666667,63.166666666666664,15.0
2023-09-02,NOROESTE3,fuera_pico_10_12,0,0.74,11.283333333333335,56.333333333333336,53.166666666666664,14.555
2023-09-02,NOROESTE3,pico_7_9,0,0.9133333333333333,25.266666666666666,15.5,55.66666666666666,15.4525
2023-09-02,NORTE2,fuera_pico_10_12,1,1.01,18.675,51.0,69.75,14.120000000000001
2023-09-02,NORTE2,pico_7_9,1,1.1324999999999998,24.3,15.0,69.75,18.8925
2023-09-02,SUR,fuera_pico_10_12,1,1.29375,8.7375,66.875,48.25,20.5
2023-09-02,SUR,pico_7_9,1,1.3925,21.8375,17.75,53.25,15.0
2023-09-02,SUROESTE2,fuera_pico_10_12,1,0.575,7.275,47.0,39.75,25.0
2023-09-02,SUROESTE2,pico_7_9,1,0.7,19.9,18.0,32.5,17.0
2023-09-03,CENTRO,fuera_pico_10_12,1,0.835,10.7,54.5,56.5,22.5
2023-09-03,CENTRO,pico_7_9,1,0.78,20.15,18.5,44.5,20.0
2023-09-03,NORESTE3,fuera_pico_10_12,0,0.7730000000000001,10.316666666666666,58.75,48.0,24.75
2023-09-03,NORESTE3,pico_7_9,0,0.758,11.700000000000001,34.78333333333333,41.5,16.75
2023-09-03,NOROESTE3,fuera_pico_10_12,0,0.8066666666666666,9.733333333333334,47.0,54.5,25.125
2023-09-03,NOROESTE3,pico_7_9,0,0.8483333333333334,17.175,20.166666666666664,63.666666666666664,18.96
2023-09-03,NORTE2,fuera_pico_10_12,1,1.36,10.575,52.75,59.81,16.49
2023-09-03,NORTE2,pico_7_9,1,1.0550000000000002,17.125,20.75,39.055,11.06
2023-09-03,SUR,fuera_pico_10_12,1,1.1325,13.6375,49.25,50.625,19.5
2023-09-03,SUR,pico_7_9,1,1.05875,12.975,24.75,42.875,12.833333333333332
2023-09-03,SUROESTE2,fuera_pico_10_12,1,0.62,10.7,41.5,49.75,32.0
2023-09-03,SUROESTE2,pico_7_9,1,0.7075,20.25,13.25,51.75,24.0
2023-09-04,CENTRO,fuera_pico_10_12,1,1.24,22.4,37.0,77.5,23.0
2023-09-04,CENTRO,pico_7_9,1,0.8,18.8,7.5,64.0,19.5
2023-09-04,NORESTE3,fuera_pico_10_12,0,0.7769999999999999,10.933333333333334,44.416666666666664,52.83333333333333,24.5
2023-09-04,NORESTE3,pico_7_9,0,0.8063333333333333,12.299999999999999,21.733333333333334,41.333333333333336,13.25
2023-09-04,NOROESTE3,fuera_pico_10_12,0,0.8166666666666667,14.516666666666667,31.5,55.83333333333333,26.2225
2023-09-04,NOROESTE3,pico_7_9,0,0.8966666666666667,14.26666666666667,11.166666666666668,28.5,11.182500000000001
2023-09-04,NORTE2,fuera_pico_10_12,1,1.2225,15.375,38.25,49.69,16.335
2023-09-04,NORTE2,pico_7_9,1,1.105,12.95,14.75,32.6375,8.765
2023-09-04,SUR,fuera_pico_10_12,1,1.12625,11.975,43.125,58.375,24.646250000000002
2023-09-04,SUR,pico_7_9,1,0.9862500000000001,9.9625,16.75,36.5,12.0
2023-09-04,SUROESTE2,fuera_pico_10_12,1,1.0074999999999998,24.075,27.25,70.5,30.0
2023-09-04,SUROESTE2,pico_7_9,1,0.7374999999999999,18.025,6.5,55.25,16.0
2023-09-05,CENTRO,fuera_pico_10_12,1,1.1949999999999998,26.299999999999997,28.5,99.5,32.0
2023-09-05,CENTRO,pico_7_9,1,0.755,14.2,6.5,56.0,19.0
2023-09-05,NORESTE3,fuera_pico_10_12,0,0.7345,12.883333333333333,31.46666666666667,55.83333333333333,22.0
2023-09-05,NORESTE3,pico_7_9,0,0.8388333333333333,11.433333333333334,13.983333333333333,49.66666666666667,15.0
2023-09-05,NOROESTE3,fuera_pico_10_12,0,0.8633333333333334,16.599999999999998,29.499999999999993,62.99999999999999,27.384999999999998
2023-09-05,NOROESTE3,pico_7_9,0,0.8666666666666667,12.133333333333333,8.666666666666668,41.333333333333336,11.3325
2023-09-05,NORTE2,fuera_pico_10_12,1,1.0899999999999999,16.775,25.0,77.0,16.6825
2023-09-05,NORTE2,pico_7_9,1,1.0375,11.0,10.5,40.0,8.375
2023-09-05,SUR,fuera_pico_10_12,1,1.07125,11.087499999999999,42.0,60.79166666666667,27.62875
2023-09-05,SUR,pico_7_9,1,1.03,8.1125,12.75,37.875,9.979166666666668
2023-09-05,SUROESTE2,fuera_pico_10_12,1,1.0775,29.475,26.0,73.75,32.825
2023-09-05,SUROESTE2,pico_7_9,1,0.78,17.0,4.5,57.0,17.995
2023-09-06,CENTRO,fuera_pico_10_12,1,0.9299999999999999,19.299999999999997,19.5,71.385,32.325
2023-09-06,CENTRO,pico_7_9,1,0.74,9.05,9.0,41.535,19.270000000000003
2023-09-06,NORESTE3,fuera_pico_10_12,0,0.7258333333333333,10.916666666666668,29.450000000000003,46.16666666666667,22.75
2023-09-06,NORESTE3,pico_7_9,0,0.8393333333333333,9.783333333333335,16.583333333333332,36.83333333333333,12.25
2023-09-06,NOROESTE3,fuera_pico_10_12,0,0.7866666666666666,8.766666666666667,25.333333333333336,49.5,15.945
2023-09-06,NOROESTE3,pico_7_9,0,0.7766666666666666,9.066666666666666,8.666666666666668,31.499999999999996,11.935
2023-09-06,NORTE2,fuera_pico_10_12,1,0.98,10.649999999999999,25.0,57.5,17.765
2023-09-06,NORTE2,pico_7_9,1,1.0425,8.149999999999999,10.75,34.25,9.05
2023-09-06,SUR,fuera_pico_10_12,1,1.00875,7.25,30.75,49.0,21.895
2023-09-06,SUR,pico_7_9,1,0.95875,5.2625,12.333333333333332,30.375,8.795
2023-09-06,SUROESTE2,fuera_pico_10_12,1,0.87,18.075000000000003,18.75,58.5,32.265
2023-09-06,SUROESTE2,pico_7_9,1,0.7125,13.925,3.75,53.5,19.0
2023-09-07,CENTRO,fuera_pico_10_12,1,1.01,18.4,26.5,44.0,31.21
2023-09-07,CENTRO,pico_7_9,1,0.745,11.3,7.0,44.0,14.85
2023-09-07,NORESTE3,fuera_pico_10_12,0,0.8011666666666666,10.716666666666669,31.9,40.5,19.25
2023-09-07,NORESTE3,pico_7_9,0,0.8260000000000001,10.166666666666668,17.0,35.66666666666667,8.0
2023-09-07,NOROESTE3,fuera_pico_10_12,0,0.7883333333333333,9.75,24.666666666666668,43.0,14.175
2023-09-07,NOROESTE3,pico_7_9,0,0.825,9.383333333333333,8.0,21.33333333333333,6.7525
2023-09-07,NORTE2,fuera_pico_10_12,1,1.2125,13.025,28.5,49.0,11.115
2023-09-07,NORTE2,pico_7_9,1,1.095,10.05,8.75,28.0,7.2975
2023-09-07,SUR,fuera_pico_10_12,1,1.0587499999999999,8.8875,28.875,44.75,13.56625
2023-09-07,SUR,pico_7_9,1,1.04,8.2,9.5,28.0,6.615833333333334
2023-09-07,SUROESTE2,fuera_pico_10_12,1,0.825,16.05,20.0,48.4875,25.715
2023-09-07,SUROESTE2,pico_7_9,1,0.73,13.0,4.0,45.0925,12.3825
2023-09-08,CENTRO,fuera_pico_10_12,1,0.99,19.049999999999997,27.5,87.0,12.502083333333333
2023-09-08,CENTRO,pico_7_9,1,1.08,12.25,9.5,48.0,16.17740569881602
2023-09-08,NORESTE3,fuera_pico_10_12,0,0.7628333333333333,10.116666666666667,34.78333333333333,55.5,22.75
2023-09-08,NORESTE3,pico_7_9,0,0.7916666666666667,9.316666666666666,16.983333333333334,42.0,10.0
2023-09-08,NOROESTE3,fuera_pico_10_12,0,0.7483333333333333,11.366666666666667,25.5,49.33333333333333,11.275
2023-09-08,NOROESTE3,pico_7_9,0,0.7916666666666667,11.266666666666667,8.0,26.833333333333336,8.41
2023-09-08,NORTE2,fuera_pico_10_12,1,1.0525,13.425,25.25,79.25,10.26
2023-09-08,NORTE2,pico_7_9,1,1.1075,11.1,8.5,40.5,7.922499999999999
2023-09-08,SUR,fuera_pico_10_12,1,1.185,13.05,35.25,53.25,15.787499999999998
2023-09-08,SUR,pico_7_9,1,1.155,10.1125,9.375,52.75,10.098749999999999
2023-09-08,SUROESTE2,fuera_pico_10_12,1,0.8425,19.525,23.5,75.905,26.545
2023-09-08,SUROESTE2,pico_7_9,1,0.7725,16.325,4.5,65.1275,11.657499999999999
2023-09-09,CENTRO,fuera_pico_10_12,1,1.08,17.65,26.5,66.0,23.5
2023-09-09,CENTRO,pico_7_9,1,0.75,12.4,7.0,58.0,18.5
2023-09-09,NORESTE3,fuera_pico_10_12,0,0.764,10.416666666666666,33.18333333333334,45.5,22.25
2023-09-09,NORESTE3,pico_7_9,0,0.76,9.133333333333333,19.03333333333333,34.0,11.0
2023-09-09,NOROESTE3,fuera_pico_10_12,0,0.8033333333333335,10.3,28.999999999999996,43.0,10.7
2023-09-09,NOROESTE3,pico_7_9,0,0.7466666666666667,8.65,10.166666666666666,25.5,10.7425
2023-09-09,NORTE2,fuera_pico_10_12,1,0.9724999999999999,11.7,28.25,43.5,13.6025
2023-09-09,NORTE2,pico_7_9,1,0.84,9.2,12.75,23.5,7.045
2023-09-09,SUR,fuera_pico_10_12,1,1.1099999999999999,9.3125,37.375,43.5,17.369999999999997
2023-09-09,SUR,pico_7_9,1,1.0175,6.7875,13.125,26.125,6.130416666666666
2023-09-09,SUROESTE2,fuera_pico_10_12,1,0.97,17.525,22.75,55.1025,26.82
2023-09-09,SUROESTE2,pico_7_9,1,0.695,13.5,5.25,69.18,17.3825
2023-09-10,CENTRO,fuera_pico_10_12,1,1.255,19.6,30.5,51.0,14.0
2023-09-10,CENTRO,pico_7_9,1,0.865,14.35,10.0,55.5,11.0
2023-09-10,NORESTE3,fuera_pico_10_12,0,0.7678333333333334,9.983333333333334,36.38333333333333,32.0,14.25
2023-09-10,NORESTE3,pico_7_9,0,0.7505,11.350000000000001,17.55,28.5,7.25
2023-09-10,NOROESTE3,fuera_pico_10_12,0,0.7699999999999999,10.733333333333334,32.5,42.83333333333333,6.52
2023-09-10,NOROESTE3,pico_7_9,0,0.7500000000000001,13.333333333333334,9.166666666666668,23.5,5.75
2023-09-10,NORTE2,fuera_pico_10_12,1,0.94,10.5,31.0,47.75,10.1525
2023-09-10,NORTE2,pico_7_9,1,0.8374999999999999,11.375,11.0,30.25,4.6325
2023-09-10,SUR,fuera_pico_10_12,1,1.0787499999999999,9.5125,38.625,37.75,16.34
2023-09-10,SUR,pico_7_9,1,1.0350000000000001,9.9875,13.5,31.625,5.15875
2023-09-10,SUROESTE2,fuera_pico_10_12,1,0.905,15.375,27.75,46.265,22.259999999999998
2023-09-10,SUROESTE2,pico_7_9,1,0.7150000000000001,17.0,5.25,42.25,10.1025
2023-09-11,CENTRO,fuera_pico_10_12,1,1.085,23.1,30.5,85.5,19.5
2023-09-11,CENTRO,pico_7_9,1,0.825,17.7,8.5,41.5,11.5
2023-09-11,NORESTE3,fuera_pico_10_12,0,0.8371666666666666,11.383333333333333,40.83333333333333,33.5,18.0
2023-09-11,NORESTE3,pico_7_9,0,0.8474999999999999,10.65,21.383333333333333,28.25,8.75
2023-09-11,NOROESTE3,fuera_pico_10_12,0,0.995,14.666666666666668,34.666666666666664,52.0,18.294999999999998
2023-09-11,NOROESTE3,pico_7_9,0,0.8366666666666667,12.133333333333335,11.166666666666668,30.5,7.4025
2023-09-11,NORTE2,fuera_pico_10_12,1,0.9949999999999999,14.7,34.5,55.25,8.6775
2023-09-11,NORTE2,pico_7_9,1,0.905,10.649999999999999,14.25,30.25,7.977500000000001
2023-09-11,SUR,fuera_pico_10_12,1,1.2416666666666667,9.35,40.5,47.75,15.978749999999998
2023-09-11,SUR,pico_7_9,1,1.1,10.412500000000001,16.125,28.25,5.57125
2023-09-11,SUROESTE2,fuera_pico_10_12,1,1.0325000000000002,24.85,25.5,51.25,23.755
2023-09-11,SUROESTE2,pico_7_9,1,0.8525,22.1,5.25,59.5,13.4775
2023-09-12,CENTRO,fuera_pico_10_12,1,0.54,7.4,29.5,68.0,16.5
2023-09-12,CENTRO,pico_7_9,1,0.865,21.3,11.0,50.0,14.5
2023-09-12,NORESTE3,fuera_pico_10_12,0,0.7948333333333333,9.25,46.11666666666667,41.66666666666667,18.5
2023-09-12,NORESTE3,pico_7_9,0,0.7339166666666668,13.566666666666666,23.65,35.5,9.25
2023-09-12,NOROESTE3,fuera_pico_10_12,0,0.8299999999999998,12.933333333333334,36.83333333333333,56.5,22.88
2023-09-12,NOROESTE3,pico_7_9,0,0.885,17.866666666666667,13.166666666666668,36.66666666666666,9.1
2023-09-12,NORTE2,fuera_pico_10_12,1,1.045,15.850000000000001,34.5,63.25,13.5
2023-09-12,NORTE2,pico_7_9,1,0.995,14.225,17.5,38.25,13.5
2023-09-12,SUR,fuera_pico_10_12,1,0.8075,9.7,44.125,51.625,14.913749999999999
2023-09-12,SUR,pico_7_9,1,0.7925,10.774999999999999,19.0,30.875,7.416666666666668
2023-09-12,SUROESTE2,fuera_pico_10_12,1,1.1600000000000001,27.875,30.25,63.5,25.700000000000003
2023-09-12,SUROESTE2,pico_7_9,1,0.8,24.05,7.75,43.25,12.6025
2023-09-13,CENTRO,fuera_pico_10_12,1,1.19,22.15,35.5,75.5,17.25
2023-09-13,CENTRO,pico_7_9,1,0.795,18.25,15.0,65.5,15.0
2023-09-13,NORESTE3,fuera_pico_10_12,0,0.8036666666666665,8.916666666666666,41.93333333333333,52.16666666666667,17.0
2023-09-13,NORESTE3,pico_7_9,0,0.9813333333333334,14.666666666666666,19.95,48.5,8.75
2023-09-13,NOROESTE3,fuera_pico_10_12,0,0.7366666666666667,10.849999999999998,33.166666666666664,52.16666666666666,17.585
2023-09-13,NOROESTE3,pico_7_9,0,0.9383333333333332,16.78333333333333,10.666666666666668,47.33333333333333,10.295
2023-09-13,NORTE2,fuera_pico_10_12,1,0.7325,14.174999999999999,31.0,70.75,7.0
2023-09-13,NORTE2,pico_7_9,1,0.8275,14.05,14.5,49.75,11.227272727272727
2023-09-13,SUR,fuera_pico_10_12,1,0.8975,13.5375,35.0,65.625,17.03
2023-09-13,SUR,pico_7_9,1,0.7775000000000001,10.15,16.875,43.375,8.299583333333333
2023-09-13,SUROESTE2,fuera_pico_10_12,1,0.89,23.25,26.5,89.0,26.902500000000003
2023-09-13,SUROESTE2,pico_7_9,1,0.885,23.575000000000003,5.25,66.5,14.5975
2023-09-14,CENTRO,fuera_pico_10_12,1,1.02,30.55,32.5,87.0,25.0
2023-09-14,CENTRO,pico_7_9,1,0.825,15.35,13.5,61.5,15.0
2023-09-14,NORESTE3,fuera_pico_10_12,0,0.9784999999999999,13.566666666666666,40.733333333333334,64.0,26.0
2023-09-14,NORESTE3,pico_7_9,0,0.9741666666666666,12.65,15.2,52.66666666666666,12.5
2023-09-14,NOROESTE3,fuera_pico_10_12,0,0.7783333333333333,11.8,31.0,51.66666666666667,44.0
2023-09-14,NOROESTE3,pico_7_9,0,0.9183333333333333,14.416666666666666,8.833333333333334,41.16666666666667,13.0
2023-09-14,NORTE2,fuera_pico_10_12,1,1.1475,32.675,34.5,78.0,21.0
2023-09-14,NORTE2,pico_7_9,1,0.7675000000000001,24.975,11.25,37.25,8.0
2023-09-14,SUR,fuera_pico_10_12,1,0.9199999999999999,14.3625,36.125,72.125,18.33333333333333
2023-09-14,SUR,pico_7_9,1,0.8500000000000001,12.7375,10.5,45.625,9.833333333333332
2023-09-14,SUROESTE2,fuera_pico_10_12,1,0.81,20.975,24.5,71.75,28.2875
2023-09-14,SUROESTE2,pico_7_9,1,0.78,20.0,5.25,54.0,17.12
2023-09-15,CENTRO,fuera_pico_10_12,1,1.0750000000000002,26.9,36.0,79.5,22.0
2023-09-15,CENTRO,pico_7_9,1,0.7949999999999999,17.299999999999997,11.0,53.5,17.0
2023-09-15,NORESTE3,fuera_pico_10_12,0,0.9548333333333333,14.016666666666666,38.016666666666666,56.5,26.75
2023-09-15,NORESTE3,pico_7_9,0,0.9313333333333333,11.616666666666667,16.166666666666664,35.75,15.25
2023-09-15,NOROESTE3,fuera_pico_10_12,0,0.8383333333333334,14.016666666666666,32.33333333333333,60.49999999999999,44.5
2023-09-15,NOROESTE3,pico_7_9,0,0.8083333333333333,14.383333333333333,8.833333333333332,39.833333333333336,9.5
2023-09-15,NORTE2,fuera_pico_10_12,1,1.05,32.125,36.25,68.0,26.0
2023-09-15,NORTE2,pico_7_9,1,0.7475,24.25,14.25,33.75,8.0
2023-09-15,SUR,fuera_pico_10_12,1,0.97125,13.125,35.125,62.5,18.833333333333332
2023-09-15,SUR,pico_7_9,1,0.815,9.825,12.875,38.625,10.0
2023-09-15,SUROESTE2,fuera_pico_10_12,1,0.965,29.225,26.0,91.5,35.620000000000005
2023-09-15,SUROESTE2,pico_7_9,1,0.8,20.05,4.5,63.75,17.9925
2023-09-16,CENTRO,fuera_pico_10_12,1,0.64,8.149999999999999,40.5,26.0,5.0
2023-09-16,CENTRO,pico_7_9,1,0.61,4.5,35.0,20.5,3.5
2023-09-16,NORESTE3,fuera_pico_10_12,0,0.8501666666666667,10.5,39.0,31.833333333333332,8.25
2023-09-16,NORESTE3,pico_7_9,0,0.7676666666666667,9.616666666666667,26.48333333333333,20.0,3.75
2023-09-16,NOROESTE3,fuera_pico_10_12,0,0.64,8.383333333333333,34.5,11.0,3.7275
2023-09-16,NOROESTE3,pico_7_9,0,0.6133333333333333,9.8,24.0,8.666666666666666,2.79
2023-09-16,NORTE2,fuera_pico_10_12,1,0.9425,28.275,31.0,43.5,10.0475
2023-09-16,NORTE2,pico_7_9,1,0.515,23.95,26.75,18.0,3.4524999999999997
2023-09-16,SUR,fuera_pico_10_12,1,0.7737499999999999,9.3625,33.875,21.25,7.733750000000001
2023-09-16,SUR,pico_7_9,1,0.6975,6.7625,23.5,12.375,3.15125
2023-09-16,SUROESTE2,fuera_pico_10_12,1,0.6299999999999999,9.55,25.75,19.0,12.452499999999999
2023-09-16,SUROESTE2,pico_7_9,1,0.5549999999999999,7.15,20.0,10.5,4.025
2023-09-17,CENTRO,fuera_pico_10_12,1,0.815,12.9,34.5,46.5,13.5
2023-09-17,CENTRO,pico_7_9,1,0.9,17.7,13.0,78.5,18.5
2023-09-17,NORESTE3,fuera_pico_10_12,0,0.7505000000000001,6.116666666666666,45.16666666666666,32.33333333333333,12.5
2023-09-17,NORESTE3,pico_7_9,0,0.7923333333333333,11.316666666666666,18.916666666666664,34.0,9.5
2023-09-17,NOROESTE3,fuera_pico_10_12,0,0.6900000000000001,7.066666666666667,33.5,24.166666666666668,8.2375
2023-09-17,NOROESTE3,pico_7_9,0,0.7566666666666666,13.3,12.0,26.166666666666664,11.6375
2023-09-17,NORTE2,fuera_pico_10_12,1,0.5700000000000001,23.175,39.75,38.0,9.0
2023-09-17,NORTE2,pico_7_9,1,0.6174999999999999,25.0,17.5,32.0,4.2075
2023-09-17,SUR,fuera_pico_10_12,1,0.765,7.4625,36.875,31.25,9.966666666666669
2023-09-17,SUR,pico_7_9,1,0.8925000000000001,13.2625,11.625,35.125,10.665
2023-09-17,SUROESTE2,fuera_pico_10_12,1,0.7525,14.1,20.75,72.5,27.017500000000002
2023-09-17,SUROESTE2,pico_7_9,1,0.7975000000000001,19.325000000000003,5.0,39.0,23.8725
2023-09-18,CENTRO,fuera_pico_10_12,1,0.81,25.950000000000003,40.0,59.5,19.5
2023-09-18,CENTRO,pico_7_9,1,0.701,17.919999999999998,25.9,48.8,11.5
2023-09-18,NORESTE3,fuera_pico_10_12,0,0.987,15.633333333333335,45.83333333333333,50.5,18.25
2023-09-18,NORESTE3,pico_7_9,0,1.0801666666666665,19.4,12.649999999999999,60.5,14.5
2023-09-18,NOROESTE3,fuera_pico_10_12,0,0.865,13.333333333333332,40.166666666666664,41.16666666666667,10.7025
2023-09-18,NOROESTE3,pico_7_9,0,1.0633333333333335,22.699999999999996,8.833333333333332,43.5,16.855
2023-09-18,NORTE2,fuera_pico_10_12,1,0.9075000000000001,32.875,39.0,64.5,10.120000000000001
2023-09-18,NORTE2,pico_7_9,1,1.02,30.925,10.0,69.0,13.915000000000001
2023-09-18,SUR,fuera_pico_10_12,1,0.8225,11.85,43.875,42.875,14.334583333333333
2023-09-18,SUR,pico_7_9,1,1.1525,15.5875,8.583333333333334,61.125,16.447083333333335
2023-09-18,SUROESTE2,fuera_pico_10_12,1,0.8525,23.725,24.75,34.0,17.372500000000002
2023-09-18,SUROESTE2,pico_7_9,1,0.9149999999999999,20.425,4.5,40.0,13.71
2023-09-19,CENTRO,fuera_pico_10_12,1,0.835,27.65,39.5,65.5,24.0
2023-09-19,CENTRO,pico_7_9,1,0.69,21.65,14.5,43.0,12.5
2023-09-19,NORESTE3,fuera_pico_10_12,0,0.6738333333333333,14.166666666666666,38.11666666666667,60.666666666666664,20.0
2023-09-19,NORESTE3,pico_7_9,0,0.7771666666666666,18.983333333333334,16.2,57.66666666666667,16.5
2023-09-19,NOROESTE3,fuera_pico_10_12,0,0.8999999999999999,14.933333333333332,40.0,70.83333333333333,23.9025
2023-09-19,NOROESTE3,pico_7_9,0,0.8783333333333334,18.9,12.166666666666668,38.5,14.879999999999999
2023-09-19,NORTE2,fuera_pico_10_12,1,0.9575,32.875,39.25,37.5,13.11
2023-09-19,NORTE2,pico_7_9,1,0.99,29.4,13.5,40.5,15.7
2023-09-19,SUR,fuera_pico_10_12,1,0.7250000000000001,9.45,41.625,50.04166666666667,13.15
2023-09-19,SUR,pico_7_9,1,0.805,15.275,12.875,41.25,11.514583333333334
2023-09-19,SUROESTE2,fuera_pico_10_12,1,0.48250000000000004,21.975,29.25,55.75,33.052499999999995
2023-09-19,SUROESTE2,pico_7_9,1,0.585,23.950000000000003,8.25,52.0,18.93
2023-09-20,CENTRO,fuera_pico_10_12,1,0.9099999999999999,30.9,40.5,76.5,25.5
2023-09-20,CENTRO,pico_7_9,1,0.8117647058823529,20.10882352941176,26.882352941176467,58.52941176470588,18.11764705882353
2023-09-20,NORESTE3,fuera_pico_10_12,0,0.753,15.7,39.05,69.0,31.75
2023-09-20,NORESTE3,pico_7_9,0,0.7213333333333334,16.4,15.566666666666666,43.66666666666667,14.0
2023-09-20,NOROESTE3,fuera_pico_10_12,0,0.8916666666666667,22.066666666666663,32.33333333333333,84.66666666666666,26.075
2023-09-20,NOROESTE3,pico_7_9,0,0.88,19.316666666666663,10.0,48.833333333333336,12.8
2023-09-20,NORTE2,fuera_pico_10_12,1,1.06,35.5,34.75,83.75,22.697499999999998
2023-09-20,NORTE2,pico_7_9,1,0.8975,27.725,14.25,41.0,12.8875
2023-09-20,SUR,fuera_pico_10_12,1,0.79,20.9625,40.5,70.83333333333333,22.7575
2023-09-20,SUR,pico_7_9,1,0.74,17.5125,11.25,54.16666666666667,11.225000000000001
2023-09-20,SUROESTE2,fuera_pico_10_12,1,0.99,31.05,30.75,98.0,27.04
2023-09-20,SUROESTE2,pico_7_9,1,1.27,31.575,5.75,91.25,44.36
2023-09-21,CENTRO,fuera_pico_10_12,1,0.985,31.95,27.5,67.5,27.5
2023-09-21,CENTRO,pico_7_9,1,0.77,19.9,10.5,52.5,14.0
2023-09-21,NORESTE3,fuera_pico_10_12,0,0.718,15.366666666666667,29.7,65.0,20.0
2023-09-21,NORESTE3,pico_7_9,0,0.7961666666666667,14.383333333333333,14.216666666666667,55.5,10.5
2023-09-21,NOROESTE3,fuera_pico_10_12,0,0.8,14.149999999999999,27.166666666666664,42.83333333333333,21.36
2023-09-21,NOROESTE3,pico_7_9,0,0.8366666666666667,15.416666666666666,8.333333333333334,41.33333333333333,11.14
2023-09-21,NORTE2,fuera_pico_10_12,1,0.95,31.225,25.25,62.75,16.134999999999998
2023-09-21,NORTE2,pico_7_9,1,0.9724999999999999,27.15,11.0,46.5,7.1775
2023-09-21,SUR,fuera_pico_10_12,1,0.515,14.8,40.125,49.625,16.855
2023-09-21,SUR,pico_7_9,1,0.605,14.375,10.0,41.375,11.94875
2023-09-21,SUROESTE2,fuera_pico_10_12,1,1.0750000000000002,37.650000000000006,22.5,67.5,28.175
2023-09-21,SUROESTE2,pico_7_9,1,1.0550000000000002,34.2,7.5,58.25,27.105
2023-09-22,CENTRO,fuera_pico_10_12,1,0.915,26.9,25.0,70.0,34.0
2023-09-22,CENTRO,pico_7_9,1,0.69,13.35,15.0,53.5,22.0
2023-09-22,NORESTE3,fuera_pico_10_12,0,0.7090000000000001,14.100000000000001,27.21666666666667,56.5,24.5
2023-09-22,NORESTE3,pico_7_9,0,0.6881666666666667,13.216666666666669,12.25,60.99999999999999,17.25
2023-09-22,NOROESTE3,fuera_pico_10_12,0,0.8200000000000001,13.083333333333332,27.833333333333332,59.83333333333333,18.6075
2023-09-22,NOROESTE3,pico_7_9,0,0.7816666666666667,13.633333333333333,8.666666666666668,41.83333333333333,16.5975
2023-09-22,NORTE2,fuera_pico_10_12,1,0.955,29.65,28.0,68.0,17.8825
2023-09-22,NORTE2,pico_7_9,1,0.905,26.175,10.5,43.25,12.355
2023-09-22,SUR,fuera_pico_10_12,1,0.485,11.712499999999999,32.0,54.5,21.9225
2023-09-22,SUR,pico_7_9,1,0.53,11.5875,10.125,45.125,14.4125
2023-09-22,SUROESTE2,fuera_pico_10_12,1,1.08,26.35,25.0,99.75,34.2
2023-09-22,SUROESTE2,pico_7_9,1,0.925,21.950000000000003,6.5,44.25,25.59
2023-09-23,CENTRO,fuera_pico_10_12,1,1.0499999999999998,33.55,28.5,100.5,27.5
2023-09-23,CENTRO,pico_7_9,1,0.79,17.1,10.5,53.5,15.5
2023-09-23,NORESTE3,fuera_pico_10_12,0,0.7333333333333334,13.816666666666666,33.65,53.16666666666667,23.5
2023-09-23,NORESTE3,pico_7_9,0,0.852,13.666666666666668,11.333333333333334,59.666666666666664,15.25
2023-09-23,NOROESTE3,fuera_pico_10_12,0,1.005,18.283333333333335,31.83333333333333,76.66666666666667,33.292500000000004
2023-09-23,NOROESTE3,pico_7_9,0,0.945,16.233333333333334,6.25,49.5,10.6575
2023-09-23,NORTE2,fuera_pico_10_12,1,1.0275,30.9,35.0,71.5,15.9425
2023-09-23,NORTE2,pico_7_9,1,0.9775,26.674999999999997,8.75,54.5,8.7775
2023-09-23,SUR,fuera_pico_10_12,1,0.51125,14.55,33.375,57.125,16.528750000000002
2023-09-23,SUR,pico_7_9,1,0.53,13.0,10.25,38.375,9.585
2023-09-23,SUROESTE2,fuera_pico_10_12,1,1.06,27.275,27.75,67.25,24.335
2023-09-23,SUROESTE2,pico_7_9,1,1.0075,29.225,5.25,102.75,49.400000000000006
2023-09-24,CENTRO,fuera_pico_10_12,1,1.0699999999999998,20.75,39.0,70.0,25.0
2023-09-24,CENTRO,pico_7_9,1,0.705,13.95,12.0,56.5,14.5
2023-09-24,NORESTE3,fuera_pico_10_12,0,0.5925,9.75,30.85,42.0,17.75
2023-09-24,NORESTE3,pico_7_9,0,0.6375,9.55,12.316666666666666,36.666666666666664,11.75
2023-09-24,NOROESTE3,fuera_pico_10_12,0,0.775,11.583333333333334,28.833333333333332,47.0,14.477500000000001
2023-09-24,NOROESTE3,pico_7_9,0,0.825,12.866666666666667,7.0,28.0,8.692499999999999
2023-09-24,NORTE2,fuera_pico_10_12,1,0.935,28.1,34.25,62.5,15.34
2023-09-24,NORTE2,pico_7_9,1,0.7775000000000001,24.125,10.0,34.75,7.465
2023-09-24,SUR,fuera_pico_10_12,1,0.5487500000000001,11.7625,37.125,54.125,16.106250000000003
2023-09-24,SUR,pico_7_9,1,0.48250000000000004,9.125,11.125,36.375,8.661249999999999
2023-09-24,SUROESTE2,fuera_pico_10_12,1,0.8525,15.25,31.75,66.5,20.61
2023-09-24,SUROESTE2,pico_7_9,1,0.7949999999999999,17.15,8.5,60.75,25.805
2023-09-25,CENTRO,fuera_pico_10_12,1,0.87,25.4,24.0,77.0,18.0
2023-09-25,CENTRO,pico_7_9,1,0.81,15.25,10.0,62.0,15.5
2023-09-25,NORESTE3,fuera_pico_10_12,0,0.6025,9.099999999999998,28.25,43.5,12.5
2023-09-25,NORESTE3,pico_7_9,0,0.8028333333333334,10.799999999999999,11.383333333333333,44.0,11.25
2023-09-25,NOROESTE3,fuera_pico_10_12,0,0.5666666666666667,12.166666666666668,21.25,52.66666666666667,22.5825
2023-09-25,NOROESTE3,pico_7_9,0,0.8583333333333334,12.633333333333333,7.833333333333334,44.33333333333333,10.377500000000001
2023-09-25,NORTE2,fuera_pico_10_12,1,0.8175,28.075,25.0,52.25,12.545
2023-09-25,NORTE2,pico_7_9,1,0.83,24.5,9.5,36.25,5.5175
2023-09-25,SUR,fuera_pico_10_12,1,0.46875,11.8625,37.5,45.875,13.7425
2023-09-25,SUR,pico_7_9,1,0.5425,9.775,9.625,37.375,9.235833333333332
2023-09-25,SUROESTE2,fuera_pico_10_12,1,1.0949999999999998,25.75,18.25,69.5,19.89
2023-09-25,SUROESTE2,pico_7_9,1,1.0275,17.725,4.5,65.0,21.275
2023-09-26,CENTRO,fuera_pico_10_12,1,0.87,19.85,42.0,64.5,16.5
2023-09-26,CENTRO,pico_7_9,1,0.8049999999999999,21.4,14.5,50.5,16.0
2023-09-26,NORESTE3,fuera_pico_10_12,0,0.863,12.700000000000001,42.166666666666664,54.33333333333333,18.25
2023-09-26,NORESTE3,pico_7_9,0,0.7253333333333333,14.733333333333334,20.316666666666666,40.83333333333333,9.5
2023-09-26,NOROESTE3,fuera_pico_10_12,0,0.6533333333333333,12.583333333333332,33.833333333333336,43.33333333333333,14.9825
2023-09-26,NOROESTE3,pico_7_9,0,0.69,16.78333333333333,13.666666666666668,34.5,9.585
2023-09-26,NORTE2,fuera_pico_10_12,1,0.9349999999999999,15.625,38.0,42.75,11.655000000000001
2023-09-26,NORTE2,pico_7_9,1,0.76,14.75,18.0,43.0,6.93
2023-09-26,SUR,fuera_pico_10_12,1,0.5687500000000001,15.524999999999999,40.25,51.125,17.960833333333333
2023-09-26,SUR,pico_7_9,1,0.51625,12.2,18.25,35.875,10.71
2023-09-26,SUROESTE2,fuera_pico_10_12,1,0.9850000000000001,24.525,27.25,75.0,25.05
2023-09-26,SUROESTE2,pico_7_9,1,0.95,24.625,5.5,49.25,19.94
2023-09-27,CENTRO,fuera_pico_10_12,1,0.895,21.7,43.5,93.0,20.0
2023-09-27,CENTRO,pico_7_9,1,0.89,18.7,15.5,53.5,16.5
2023-09-27,NORESTE3,fuera_pico_10_12,0,0.7304999999999999,12.850000000000001,38.81666666666666,72.5,21.0
2023-09-27,NORESTE3,pico_7_9,0,0.839,16.78333333333333,15.816666666666666,60.5,9.5
2023-09-27,NOROESTE3,fuera_pico_10_12,0,0.6825000000000001,16.325,34.0,83.0,40.5
2023-09-27,NOROESTE3,pico_7_9,0,0.7150000000000001,20.0,10.5,55.5,13.5
2023-09-27,NORTE2,fuera_pico_10_12,1,0.9275,20.2,34.75,76.75,18.0
2023-09-27,NORTE2,pico_7_9,1,0.8949999999999999,18.625,13.5,40.75,6.0
2023-09-27,SUR,fuera_pico_10_12,1,0.6512499999999999,17.05,40.875,68.375,17.3375
2023-09-27,SUR,pico_7_9,1,0.5862499999999999,16.1625,13.625,53.5,9.672083333333333
2023-09-27,SUROESTE2,fuera_pico_10_12,1,0.8049999999999999,17.55,38.0,88.0,21.395
2023-09-27,SUROESTE2,pico_7_9,1,1.01,23.9,8.0,95.75,38.04
2023-09-28,CENTRO,fuera_pico_10_12,1,1.1400000000000001,45.6,26.5,93.0,28.5
2023-09-28,CENTRO,pico_7_9,1,1.1150000000000002,25.9,10.5,70.0,22.5
2023-09-28,NORESTE3,fuera_pico_10_12,0,1.1721666666666666,32.5,33.583333333333336,113.0,42.0
2023-09-28,NORESTE3,pico_7_9,0,1.2446666666666668,26.05,10.05,74.33333333333334,27.0
2023-09-28,NOROESTE3,fuera_pico_10_12,0,1.025,28.416666666666668,23.166666666666664,89.75,28.75
2023-09-28,NOROESTE3,pico_7_9,0,1.075,27.583333333333332,6.75,76.25,15.25
2023-09-28,NORTE2,fuera_pico_10_12,1,1.37,39.025,32.0,93.5,28.75
2023-09-28,NORTE2,pico_7_9,1,1.2850000000000001,28.700000000000003,9.0,81.0,15.25
2023-09-28,SUR,fuera_pico_10_12,1,0.6166666666666666,16.0,43.5,60.5,17.955
2023-09-28,SUR,pico_7_9,1,0.96,17.5,9.166666666666668,56.83333333333333,14.296666666666667
2023-09-28,SUROESTE2,fuera_pico_10_12,1,1.0425,24.55,37.5,64.5,13.305
2023-09-28,SUROESTE2,pico_7_9,1,1.29,26.049999999999997,8.25,110.5,46.53
2023-09-29,CENTRO,fuera_pico_10_12,1,1.1400000000000001,34.05,33.0,79.0,29.0
2023-09-29,CENTRO,pico_7_9,1,0.79,24.25,11.5,62.5,18.0
2023-09-29,NORESTE3,fuera_pico_10_12,0,0.7629999999999999,11.833333333333332,36.0,43.16666666666667,16.7125
2023-09-29,NORESTE3,pico_7_9,0,0.9421666666666667,17.0,14.183333333333334,70.33333333333333,10.9775
2023-09-29,NOROESTE3,fuera_pico_10_12,0,0.835,24.716666666666665,26.5,70.5,26.5
2023-09-29,NOROESTE3,pico_7_9,0,0.9333333333333333,25.866666666666667,8.0,68.0,17.0
2023-09-29,NORTE2,fuera_pico_10_12,1,0.9,21.175,27.25,94.75,21.75
2023-09-29,NORTE2,pico_7_9,1,1.125,23.200000000000003,10.25,60.25,12.5
2023-09-29,SUR,fuera_pico_10_12,1,0.54,13.912500000000001,39.875,56.375,16.235
2023-09-29,SUR,pico_7_9,1,0.645,20.6,10.25,53.375,10.395
2023-09-29,SUROESTE2,fuera_pico_10_12,1,1.12,24.400000000000002,48.25,69.25,29.6725
2023-09-29,SUROESTE2,pico_7_9,1,1.095,25.975,10.75,60.0,24.195
2023-09-30,CENTRO,fuera_pico_10_12,1,0.805,25.75,24.5,67.5,23.5
2023-09-30,CENTRO,pico_7_9,1,0.76,19.9,13.0,55.0,14.5
2023-09-30,NORESTE3,fuera_pico_10_12,0,0.7861666666666667,12.716666666666669,31.75,46.5,24.0
2023-09-30,NORESTE3,pico_7_9,0,0.8328333333333333,14.416666666666666,16.43333333333333,42.0,11.0
2023-09-30,NOROESTE3,fuera_pico_10_12,0,0.6483333333333332,19.483333333333334,23.833333333333336,43.5,19.5
2023-09-30,NOROESTE3,pico_7_9,0,0.6800000000000002,21.833333333333332,9.666666666666668,42.0,8.0
2023-09-30,NORTE2,fuera_pico_10_12,1,0.755,16.549999999999997,26.0,61.25,9.25
2023-09-30,NORTE2,pico_7_9,1,0.8049999999999999,18.05,10.75,44.25,6.25
2023-09-30,SUR,fuera_pico_10_12,1,0.46375,11.6625,41.0,53.25,16.3475
2023-09-30,SUR,pico_7_9,1,0.45125000000000004,13.0875,14.0,38.25,8.954166666666667
2023-09-30,SUROESTE2,fuera_pico_10_12,1,1.1175000000000002,21.775,27.5,59.0,27.130000000000003
2023-09-30,SUROESTE2,pico_7_9,1,0.9325,20.575,10.0,50.0,13.747499999999999
2023-10-01,CENTRO,fuera_pico_10_12,1,0.555,5.9,34.5,32.5,8.5
2023-10-01,CENTRO,pico_7_9,1,0.56,5.550000000000001,24.0,29.0,9.0
2023-10-01,NORESTE3,fuera_pico_10_12,0,0.7888333333333333,6.566666666666666,31.099999999999998,32.5,12.5375
2023-10-01,NORESTE3,pico_7_9,0,0.7496666666666667,9.183333333333334,17.983333333333334,30.833333333333332,7.1
2023-10-01,NOROESTE3,fuera_pico_10_12,0,0.615,12.466666666666667,25.0,28.0,13.25
2023-10-01,NOROESTE3,pico_7_9,0,0.5825,16.516666666666666,13.333333333333334,23.166666666666668,9.5
2023-10-01,NORTE2,fuera_pico_10_12,1,0.6075,6.2250000000000005,25.0,38.75,6.25
2023-10-01,NORTE2,pico_7_9,1,0.6100000000000001,8.4,18.5,31.0,7.0
2023-10-01,SUR,fuera_pico_10_12,1,0.46374999999999994,4.775,29.375,25.375,12.25
2023-10-01,SUR,pico_7_9,1,0.43875,6.6625,18.875,22.75,6.0
2023-10-01,SUROESTE2,fuera_pico_10_12,1,0.7525,10.825,28.0,36.75,19.5
2023-10-01,SUROESTE2,pico_7_9,1,0.7125,12.975,14.0,42.25,10.0
2023-10-02,CENTRO,fuera_pico_10_12,1,0.74,14.4,27.0,45.0,10.5
2023-10-02,CENTRO,pico_7_9,1,0.7250000000000001,12.15,14.0,31.0,5.5
2023-10-02,NORESTE3,fuera_pico_10_12,0,0.8456666666666666,10.05,28.75,40.5,14.712499999999999
2023-10-02,NORESTE3,pico_7_9,0,0.9888333333333332,12.333333333333332,17.45,39.16666666666667,6.055
2023-10-02,NOROESTE3,fuera_pico_10_12,0,0.6875,14.899999999999999,21.166666666666664,21.833333333333336,8.440000000000001
2023-10-02,NOROESTE3,pico_7_9,0,0.7775,15.283333333333333,11.833333333333332,17.666666666666668,5.145
2023-10-02,NORTE2,fuera_pico_10_12,1,0.8325,12.65,22.5,56.5,10.5
2023-10-02,NORTE2,pico_7_9,1,0.88,13.725000000000001,9.5,40.5,6.25
2023-10-02,SUR,fuera_pico_10_12,1,0.47,6.175000000000001,32.25,28.125,11.311666666666666
2023-10-02,SUR,pico_7_9,1,0.635,9.9875,11.375,25.875,5.395
2023-10-02,SUROESTE2,fuera_pico_10_12,1,1.005,15.549999999999999,26.0,41.0,16.880000000000003
2023-10-02,SUROESTE2,pico_7_9,1,0.925,14.925,10.5,43.75,12.5175
2023-10-03,CENTRO,fuera_pico_10_12,1,0.875,16.5,19.0,67.0,18.0
2023-10-03,CENTRO,pico_7_9,1,0.6950000000000001,13.649999999999999,9.5,38.0,8.5
2023-10-03,NORESTE3,fuera_pico_10_12,0,1.045,9.55,21.133333333333333,47.83333333333333,12.74
2023-10-03,NORESTE3,pico_7_9,0,1.1033333333333333,11.666666666666666,12.083333333333332,49.16666666666667,7.4125
2023-10-03,NOROESTE3,fuera_pico_10_12,0,0.7025,11.899999999999999,17.666666666666668,38.66666666666666,18.9975
2023-10-03,NOROESTE3,pico_7_9,0,0.9750000000000001,14.666666666666666,7.083333333333334,37.0,11.375
2023-10-03,NORTE2,fuera_pico_10_12,1,0.8624999999999999,13.2,13.25,53.5,10.75
2023-10-03,NORTE2,pico_7_9,1,0.885,12.8,8.0,48.5,8.0
2023-10-03,SUR,fuera_pico_10_12,1,0.52625,8.2,22.5,39.75,10.480833333333333
2023-10-03,SUR,pico_7_9,1,0.52875,9.65,8.875,25.5,5.061666666666667
2023-10-03,SUROESTE2,fuera_pico_10_12,1,1.145,17.375,19.5,57.0,19.215
2023-10-03,SUROESTE2,pico_7_9,1,1.0474999999999999,15.325,8.0,49.25,9.502500000000001
2023-10-04,CENTRO,fuera_pico_10_12,1,0.875,16.45,25.0,52.0,11.5
2023-10-04,CENTRO,pico_7_9,1,0.69,10.7,12.0,33.5,6.0
2023-10-04,NORESTE3,fuera_pico_10_12,0,1.0038333333333334,8.983333333333334,24.049999999999997,43.66666666666667,14.2225
2023-10-04,NORESTE3,pico_7_9,0,1.1573333333333333,11.133333333333333,14.25,34.83333333333333,7.640000000000001
2023-10-04,NOROESTE3,fuera_pico_10_12,0,0.7825,10.766666666666666,21.33333333333333,31.999999999999996,14.940000000000001
2023-10-04,NOROESTE3,pico_7_9,0,0.765,11.733333333333334,7.833333333333334,21.333333333333336,9.29
2023-10-04,NORTE2,fuera_pico_10_12,1,0.8574999999999999,12.325,20.75,46.5,10.5
2023-10-04,NORTE2,pico_7_9,1,0.8374999999999999,12.125,9.5,39.25,6.5
2023-10-04,SUR,fuera_pico_10_12,1,0.54875,10.787500000000001,23.5,41.125,15.057500000000001
2023-10-04,SUR,pico_7_9,1,0.505,7.025,12.25,24.25,5.4520833333333325
2023-10-04,SUROESTE2,fuera_pico_10_12,1,1.0675,17.5,24.25,50.5,23.259999999999998
2023-10-04,SUROESTE2,pico_7_9,1,0.9550000000000001,14.525,7.75,51.5,11.885
2023-10-05,CENTRO,fuera_pico_10_12,1,1.0699999999999998,22.75,23.0,83.5,10.5
2023-10-05,CENTRO,pico_7_9,1,0.875,13.25,9.5,44.0,8.0
2023-10-05,NORESTE3,fuera_pico_10_12,0,1.0865,9.916666666666666,24.1,42.66666666666667,14.905000000000001
2023-10-05,NORESTE3,pico_7_9,0,1.1751666666666667,11.283333333333333,11.15,47.16666666666666,9.845
2023-10-05,NOROESTE3,fuera_pico_10_12,0,0.9675,13.600000000000001,26.5,55.5,28.3125
2023-10-05,NOROESTE3,pico_7_9,0,0.9550000000000001,13.375,6.0,32.0,11.0
2023-10-05,NORTE2,fuera_pico_10_12,1,0.8375,13.75,19.5,71.0,11.75
2023-10-05,NORTE2,pico_7_9,1,1.045,13.325,7.75,34.25,7.0
2023-10-05,SUR,fuera_pico_10_12,1,0.7375,11.6625,22.25,47.0,14.9275
2023-10-05,SUR,pico_7_9,1,0.7949999999999999,9.787500000000001,7.875,33.625,5.5441666666666665
2023-10-05,SUROESTE2,fuera_pico_10_12,1,1.185,22.75,28.5,83.25,28.075000000000003
2023-10-05,SUROESTE2,pico_7_9,1,1.14,15.175,7.5,67.0,14.0375
2023-10-06,CENTRO,fuera_pico_10_12,1,0.77,13.8,30.5,26.5,6.25
2023-10-06,CENTRO,pico_7_9,1,0.685,13.6,22.5,29.5,6.5
2023-10-06,NORESTE3,fuera_pico_10_12,0,1.039,11.483333333333334,30.95,33.5,8.4025
2023-10-06,NORESTE3,pico_7_9,0,1.0585,14.366666666666667,16.616666666666667,25.5,7.8575
2023-10-06,NOROESTE3,fuera_pico_10_12,0,0.73,12.099999999999998,30.833333333333336,17.166666666666668,6.0
2023-10-06,NOROESTE3,pico_7_9,0,0.7375,12.916666666666666,22.33333333333333,13.0,5.0
2023-10-06,NORTE2,fuera_pico_10_12,1,0.8099999999999999,21.450000000000003,22.5,60.25,7.75
2023-10-06,NORTE2,pico_7_9,1,0.7575000000000001,18.15,13.5,30.75,6.75
2023-10-06,SUR,fuera_pico_10_12,1,0.8999999999999999,19.025000000000002,19.875,23.25,8.96125
2023-10-06,SUR,pico_7_9,1,0.6725,16.862499999999997,16.5,18.875,6.47625
2023-10-06,SUROESTE2,fuera_pico_10_12,1,0.7949999999999999,9.649999999999999,36.5,20.5,9.0
2023-10-06,SUROESTE2,pico_7_9,1,0.7075,8.325,33.75,22.25,5.21
2023-10-07,CENTRO,fuera_pico_10_12,1,0.755,16.55,39.0,32.0,6.333333333333334
2023-10-07,CENTRO,pico_7_9,1,0.6,7.7,40.0,27.5,6.0
2023-10-07,NORESTE3,fuera_pico_10_12,0,1.1796666666666666,14.466666666666669,39.333333333333336,31.833333333333332,9.955
2023-10-07,NORESTE3,pico_7_9,0,1.0446666666666666,11.55,35.8,31.833333333333336,7.942500000000001
2023-10-07,NOROESTE3,fuera_pico_10_12,0,1.0475,18.28333333333333,30.833333333333336,12.5,5.4125
2023-10-07,NOROESTE3,pico_7_9,0,0.8999999999999999,15.25,26.999999999999996,23.5,8.3125
2023-10-07,NORTE2,fuera_pico_10_12,1,0.8725,20.8,32.5,68.5,13.0
2023-10-07,NORTE2,pico_7_9,1,0.71,15.125,30.5,32.25,5.5
2023-10-07,SUR,fuera_pico_10_12,1,0.9775,23.1625,25.625,42.5,10.106666666666666
2023-10-07,SUR,pico_7_9,1,0.71375,19.387500000000003,27.75,31.5,8.4125
2023-10-07,SUROESTE2,fuera_pico_10_12,1,0.975,15.249999999999998,34.25,21.0,6.6025
2023-10-07,SUROESTE2,pico_7_9,1,0.6849999999999999,6.375,40.0,21.5,6.202500000000001
2023-10-08,CENTRO,fuera_pico_10_12,1,0.665,17.549999999999997,23.5,36.5,12.54428287525235
2023-10-08,CENTRO,pico_7_9,1,0.665,17.1,22.0,33.0,15.850549684354554
2023-10-08,NORESTE3,fuera_pico_10_12,0,1.1318333333333332,11.5,27.8,27.666666666666668,8.495
2023-10-08,NORESTE3,pico_7_9,0,1.1163333333333334,14.466666666666669,21.049999999999997,25.33333333333333,9.105
2023-10-08,NOROESTE3,fuera_pico_10_12,0,0.78,12.683333333333334,27.83333333333333,14.5,8.445
2023-10-08,NOROESTE3,pico_7_9,0,0.9450000000000001,13.266666666666666,23.333333333333336,16.0,8.91
2023-10-08,NORTE2,fuera_pico_10_12,1,0.7150000000000001,16.125,26.25,28.0,9.25
2023-10-08,NORTE2,pico_7_9,1,0.6875,17.0,21.25,18.5,7.5
2023-10-08,SUR,fuera_pico_10_12,1,0.79125,16.6125,21.375,28.75,11.8925
2023-10-08,SUR,pico_7_9,1,0.7975,16.262500000000003,17.5,29.875,11.6125
2023-10-08,SUROESTE2,fuera_pico_10_12,1,1.155,19.175,22.0,37.5,12.715
2023-10-08,SUROESTE2,pico_7_9,1,0.84,20.725,19.5,27.0,8.9925
2023-10-09,CENTRO,fuera_pico_10_12,1,0.88,19.1,23.0,52.5,22.484479171962334
2023-10-09,CENTRO,pico_7_9,1,0.78,16.95,15.0,35.5,14.536846346572393
2023-10-09,NORESTE3,fuera_pico_10_12,0,1.3649999999999998,17.166666666666668,30.916666666666664,66.83333333333333,19.705
2023-10-09,NORESTE3,pico_7_9,0,1.7176666666666667,26.96666666666666,9.633333333333333,52.833333333333336,22.0075
2023-10-09,NOROESTE3,fuera_pico_10_12,0,1.0816666666666666,25.216666666666665,17.666666666666668,39.0,22.115
2023-10-09,NOROESTE3,pico_7_9,0,1.0433333333333334,24.716666666666665,7.666666666666666,27.5,18.3925
2023-10-09,NORTE2,fuera_pico_10_12,1,1.135,28.775,17.5,68.75,32.0
2023-10-09,NORTE2,pico_7_9,1,1.145,30.700000000000003,11.0,48.0,14.5
2023-10-09,SUR,fuera_pico_10_12,1,0.93625,14.4375,25.75,48.875,15.38625
2023-10-09,SUR,pico_7_9,1,1.145,16.675,9.5,51.625,17.24625
2023-10-09,SUROESTE2,fuera_pico_10_12,1,1.34,27.5,17.5,58.5,22.35
2023-10-09,SUROESTE2,pico_7_9,1,1.1425,21.575000000000003,11.5,48.5,14.875
2023-10-10,CENTRO,fuera_pico_10_12,1,1.81,34.65,10.5,120.5,53.323681375507476
2023-10-10,CENTRO,pico_7_9,1,1.525,32.1,9.75,96.0,41.73244020218661
2023-10-10,NORESTE3,fuera_pico_10_12,0,1.7096666666666667,22.200000000000003,11.333333333333332,70.66666666666666,28.75
2023-10-10,NORESTE3,pico_7_9,0,1.4468333333333334,20.15833333333333,8.391666666666666,78.0,36.5
2023-10-10,NOROESTE3,fuera_pico_10_12,0,1.5766666666666667,33.93333333333334,7.166666666666666,55.0,26.445
2023-10-10,NOROESTE3,pico_7_9,0,1.461666666666667,31.5,7.0,66.0,25.61
2023-10-10,NORTE2,fuera_pico_10_12,1,1.5925,30.45,7.75,116.0,19.5
2023-10-10,NORTE2,pico_7_9,1,1.3675,26.75,10.75,110.0,20.75
2023-10-10,SUR,fuera_pico_10_12,1,1.3025,32.724999999999994,11.0,92.875,38.178749999999994
2023-10-10,SUR,pico_7_9,1,1.36875,29.325,7.0,86.25,28.75125
2023-10-10,SUROESTE2,fuera_pico_10_12,1,2.5725,41.575,6.625,124.75,47.495000000000005
2023-10-10,SUROESTE2,pico_7_9,1,2.21,34.95,6.75,119.75,37.595
2023-10-11,CENTRO,fuera_pico_10_12,1,1.115,21.7,18.0,40.0,25.0
2023-10-11,CENTRO,pico_7_9,1,0.81,16.9,19.0,27.5,7.0
2023-10-11,NORESTE3,fuera_pico_10_12,0,1.6413333333333333,17.633333333333333,23.466666666666665,34.66666666666667,18.25
2023-10-11,NORESTE3,pico_7_9,0,1.3433333333333333,16.65,18.666666666666668,28.33333333333333,13.5
2023-10-11,NOROESTE3,fuera_pico_10_12,0,0.86,18.45,17.833333333333332,34.333333333333336,19.0675
2023-10-11,NOROESTE3,pico_7_9,0,0.825,16.1,13.5,21.0,15.285
2023-10-11,NORTE2,fuera_pico_10_12,1,1.2650000000000001,24.575,14.25,51.5,12.5
2023-10-11,NORTE2,pico_7_9,1,0.81,18.7,13.25,28.0,20.0
2023-10-11,SUR,fuera_pico_10_12,1,1.08375,19.612499999999997,18.5,21.25,9.833333333333334
2023-10-11,SUR,pico_7_9,1,0.895,13.8125,19.0,17.0,6.5
2023-10-11,SUROESTE2,fuera_pico_10_12,1,1.3825,23.775,16.75,76.5,31.0725
2023-10-11,SUROESTE2,pico_7_9,1,1.3450000000000002,19.275,10.0,47.25,23.0
2023-10-12,CENTRO,fuera_pico_10_12,1,1.14,27.4,31.5,100.5,51.0
2023-10-12,CENTRO,pico_7_9,1,1.01,17.85,10.5,40.0,23.5
2023-10-12,NORESTE3,fuera_pico_10_12,0,1.5413333333333332,21.483333333333334,32.16666666666667,76.66666666666667,27.5
2023-10-12,NORESTE3,pico_7_9,0,1.7025000000000001,15.55,9.666666666666664,74.16666666666667,20.0
2023-10-12,NOROESTE3,fuera_pico_10_12,0,0.8966666666666667,18.05,30.166666666666668,75.83333333333334,27.79
2023-10-12,NOROESTE3,pico_7_9,0,1.1291666666666667,19.616666666666667,9.166666666666668,67.66666666666666,23.46
2023-10-12,NORTE2,fuera_pico_10_12,1,1.5425,30.475,29.0,101.75,36.75
2023-10-12,NORTE2,pico_7_9,1,1.2825000000000002,19.475,8.0,83.75,11.0
2023-10-12,SUR,fuera_pico_10_12,1,1.0899999999999999,24.8,30.375,78.125,22.86625
2023-10-12,SUR,pico_7_9,1,1.42625,22.225,7.5,70.875,12.00625
2023-10-12,SUROESTE2,fuera_pico_10_12,1,1.0750000000000002,26.8,40.0,125.75,43.305
2023-10-12,SUROESTE2,pico_7_9,1,1.665,20.975,8.75,90.25,19.675
2023-10-13,CENTRO,fuera_pico_10_12,1,1.275,39.4,35.5,121.5,38.5
2023-10-13,CENTRO,pico_7_9,1,1.17,27.0,10.5,71.5,18.0
2023-10-13,NORESTE3,fuera_pico_10_12,0,1.2971666666666666,14.033333333333333,37.233333333333334,98.5,23.75
2023-10-13,NORESTE3,pico_7_9,0,1.6894999999999998,19.68333333333333,9.066666666666666,89.33333333333331,14.5
2023-10-13,NOROESTE3,fuera_pico_10_12,0,0.9075,22.016666666666666,31.833333333333336,93.33333333333334,38.0775
2023-10-13,NOROESTE3,pico_7_9,0,0.8899999999999999,23.133333333333333,7.25,90.5,16.97
2023-10-13,NORTE2,fuera_pico_10_12,1,1.29,28.1,36.25,134.5,19.75
2023-10-13,NORTE2,pico_7_9,1,1.2650000000000001,22.975,9.25,68.75,14.75
2023-10-13,SUR,fuera_pico_10_12,1,1.37125,34.724999999999994,34.375,104.625,28.36
2023-10-13,SUR,pico_7_9,1,1.3362500000000002,24.6625,7.75,77.25,16.179166666666667
2023-10-13,SUROESTE2,fuera_pico_10_12,1,1.1575,30.55,37.75,121.0,35.150000000000006
2023-10-13,SUROESTE2,pico_7_9,1,1.565,27.549999999999997,14.5,73.25,29.4975
2023-10-14,CENTRO,fuera_pico_10_12,1,0.64,21.55,20.0,43.5,17.0
2023-10-14,CENTRO,pico_7_9,1,0.725909090909091,23.668181818181818,20.181818181818183,48.18181818181819,19.727272727272727
2023-10-14,NORESTE3,fuera_pico_10_12,0,1.2151666666666665,9.98333333333333,24.18333333333333,45.66666666666666,6.5
2023-10-14,NORESTE3,pico_7_9,0,1.344666666666667,19.066666666666666,12.783333333333333,49.16666666666667,16.5
2023-10-14,NOROESTE3,fuera_pico_10_12,0,0.8150000000000001,12.15,24.0,27.83333333333333,9.185
2023-10-14,NOROESTE3,pico_7_9,0,1.1625,18.75,14.333333333333334,25.0,15.1875
2023-10-14,NORTE2,fuera_pico_10_12,1,0.9425000000000001,17.55,21.5,76.0,6.5
2023-10-14,NORTE2,pico_7_9,1,1.025,24.8,12.0,50.75,10.25
2023-10-14,SUR,fuera_pico_10_12,1,0.76875,12.7625,21.875,35.125,15.0825
2023-10-14,SUR,pico_7_9,1,0.865,15.475000000000001,12.125,27.125,10.037500000000001
2023-10-14,SUROESTE2,fuera_pico_10_12,1,1.1549999999999998,20.25,22.0,54.25,23.525
2023-10-14,SUROESTE2,pico_7_9,1,0.9450000000000001,16.525,17.0,42.25,8.0
2023-10-15,CENTRO,fuera_pico_10_12,1,0.75,11.55,31.0,28.0,12.0
2023-10-15,CENTRO,pico_7_9,1,0.85,19.9,17.0,43.5,16.5
2023-10-15,NORESTE3,fuera_pico_10_12,0,1.3371666666666666,14.5,29.133333333333333,48.0,15.5
2023-10-15,NORESTE3,pico_7_9,0,1.294,14.833333333333332,13.483333333333334,47.833333333333336,15.0
2023-10-15,NOROESTE3,fuera_pico_10_12,0,0.8883333333333333,18.133333333333333,20.666666666666664,35.0,14.2275
2023-10-15,NOROESTE3,pico_7_9,0,0.8183333333333334,18.46666666666667,13.833333333333332,44.66666666666667,16.45
2023-10-15,NORTE2,fuera_pico_10_12,1,0.8275,17.35,24.75,50.0,12.25
2023-10-15,NORTE2,pico_7_9,1,0.8500000000000001,18.625,13.5,60.0,15.0
2023-10-15,SUR,fuera_pico_10_12,1,0.9275,16.5375,24.75,52.25,13.506250000000001
2023-10-15,SUR,pico_7_9,1,0.86625,19.275,13.125,47.625,14.2775
2023-10-15,SUROESTE2,fuera_pico_10_12,1,0.99,17.925,24.0,40.25,18.494999999999997
2023-10-15,SUROESTE2,pico_7_9,1,0.8474999999999999,19.9,16.25,49.0,13.4225
2023-10-16,CENTRO,fuera_pico_10_12,1,0.76,18.9,28.5,54.0,9.5
2023-10-16,CENTRO,pico_7_9,1,0.96,21.65,28.0,44.5,10.0
2023-10-16,NORESTE3,fuera_pico_10_12,0,1.5598333333333332,8.0,33.666666666666664,28.5,5.5
2023-10-16,NORESTE3,pico_7_9,0,0.9665,15.85,27.549999999999997,56.5,12.666666666666668
2023-10-16,NOROESTE3,fuera_pico_10_12,0,0.5766666666666667,14.666666666666668,25.666666666666664,41.0,5.805
2023-10-16,NOROESTE3,pico_7_9,0,0.7733333333333334,19.883333333333333,17.666666666666668,62.666666666666664,10.5175
2023-10-16,NORTE2,fuera_pico_10_12,1,0.7925,17.575000000000003,26.0,62.0,9.5
2023-10-16,NORTE2,pico_7_9,1,0.86,24.275,21.5,60.0,9.0
2023-10-16,SUR,fuera_pico_10_12,1,0.925,20.075000000000003,26.125,46.375,9.370000000000001
2023-10-16,SUR,pico_7_9,1,0.8925000000000001,25.1375,19.5,59.875,9.5675
2023-10-16,SUROESTE2,fuera_pico_10_12,1,0.965,19.025,28.75,36.25,15.1125
2023-10-16,SUROESTE2,pico_7_9,1,1.2325,24.325,22.75,64.5,15.925
2023-10-17,CENTRO,fuera_pico_10_12,1,1.0150000000000001,26.45,39.0,57.5,19.0
2023-10-17,CENTRO,pico_7_9,1,1.035,27.8,12.5,63.0,23.0
2023-10-17,NORESTE3,fuera_pico_10_12,0,1.5198333333333331,23.03333333333333,34.583333333333336,109.83333333333334,22.25
2023-10-17,NORESTE3,pico_7_9,0,1.8628333333333336,25.066666666666663,9.275,100.5,27.0
2023-10-17,NOROESTE3,fuera_pico_10_12,0,1.26,29.833333333333332,24.5,114.5,30.75
2023-10-17,NOROESTE3,pico_7_9,0,1.4716666666666667,24.066666666666663,7.416666666666666,98.5,23.25
2023-10-17,NORTE2,fuera_pico_10_12,1,1.245,40.15,26.75,161.5,30.25
2023-10-17,NORTE2,pico_7_9,1,1.4949999999999999,31.825000000000003,8.5,133.75,24.5
2023-10-17,SUR,fuera_pico_10_12,1,0.9425,20.05,38.25,68.125,14.525
2023-10-17,SUR,pico_7_9,1,1.85625,27.15,9.0,125.625,25.524583333333332
2023-10-17,SUROESTE2,fuera_pico_10_12,1,1.1800000000000002,27.3,37.75,84.5,16.0125
2023-10-17,SUROESTE2,pico_7_9,1,1.6075,30.4,10.0,91.75,18.84
2023-10-18,CENTRO,fuera_pico_10_12,1,1.42,40.2,24.0,160.5,46.5
2023-10-18,CENTRO,pico_7_9,1,1.9449999999999998,33.5,10.5,120.5,39.5
2023-10-18,NORESTE3,fuera_pico_10_12,0,1.4395,19.566666666666663,34.150000000000006,77.66666666666666,22.25
2023-10-18,NORESTE3,pico_7_9,0,1.7106666666666668,27.366666666666664,11.233333333333334,68.66666666666666,24.5
2023-10-18,NOROESTE3,fuera_pico_10_12,0,1.0816666666666666,28.433333333333334,19.166666666666664,97.0,27.25
2023-10-18,NOROESTE3,pico_7_9,0,1.1083333333333332,24.049999999999997,7.5,99.83333333333334,21.25
2023-10-18,NORTE2,fuera_pico_10_12,1,1.1625,32.15,24.25,101.0,26.75
2023-10-18,NORTE2,pico_7_9,1,1.17,34.4,9.0,108.0,23.0
2023-10-18,SUR,fuera_pico_10_12,1,1.23625,37.4875,22.875,103.25,24.166249999999998
2023-10-18,SUR,pico_7_9,1,1.2375,38.35,8.75,68.5,14.54
2023-10-18,SUROESTE2,fuera_pico_10_12,1,1.5425,47.125,30.0,134.0,28.2725
2023-10-18,SUROESTE2,pico_7_9,1,1.5,29.700000000000003,11.25,98.25,43.4575
2023-10-19,CENTRO,fuera_pico_10_12,1,1.105,36.65,37.5,75.5,20.0
2023-10-19,CENTRO,pico_7_9,1,1.22,39.2,11.5,123.5,32.0
2023-10-19,NORESTE3,fuera_pico_10_12,0,1.856333333333333,33.05,43.95,166.5,40.25
2023-10-19,NORESTE3,pico_7_9,0,2.128166666666667,31.46666666666667,10.600000000000001,144.83333333333331,49.0
2023-10-19,NOROESTE3,fuera_pico_10_12,0,1.1375,30.9,36.0,94.0,23.0
2023-10-19,NOROESTE3,pico_7_9,0,1.3125,36.425,10.75,98.33333333333334,29.0
2023-10-19,NORTE2,fuera_pico_10_12,1,1.775,55.05,31.75,182.25,37.25
2023-10-19,NORTE2,pico_7_9,1,1.6675,42.650000000000006,11.5,149.25,37.25
2023-10-19,SUR,fuera_pico_10_12,1,1.37,40.212500000000006,36.25,133.25,41.0275
2023-10-19,SUR,pico_7_9,1,1.62875,43.05,7.125,128.875,28.6075
2023-10-19,SUROESTE2,fuera_pico_10_12,1,1.15,32.975,44.75,191.5,46.7825
2023-10-19,SUROESTE2,pico_7_9,1,1.9175,40.175,13.75,123.0,41.3025
2023-10-20,CENTRO,fuera_pico_10_12,1,1.07,31.05,46.5,84.5,25.5
2023-10-20,CENTRO,pico_7_9,1,1.0150000000000001,32.1,18.5,68.0,20.5
2023-10-20,NORESTE3,fuera_pico_10_12,0,1.8041666666666667,33.449999999999996,39.766666666666666,188.66666666666663,50.75
2023-10-20,NORESTE3,pico_7_9,0,2.571,30.78333333333333,9.5,136.5,55.75
2023-10-20,NOROESTE3,fuera_pico_10_12,0,1.095,24.3,38.25,94.0,25.25
2023-10-20,NOROESTE3,pico_7_9,0,1.5550000000000002,29.85,6.5,100.83333333333334,23.0
2023-10-20,NORTE2,fuera_pico_10_12,1,1.5525,44.55,33.25,115.75,34.75
2023-10-20,NORTE2,pico_7_9,1,1.7000000000000002,33.75,9.5,108.0,26.0
2023-10-20,SUR,fuera_pico_10_12,1,1.2037499999999999,29.8,41.75,112.375,27.177500000000002
2023-10-20,SUR,pico_7_9,1,1.8575,36.5,6.916666666666666,132.125,25.978749999999998
2023-10-20,SUROESTE2,fuera_pico_10_12,1,1.025,25.1,56.5,99.75,42.4725
2023-10-20,SUROESTE2,pico_7_9,1,1.6,33.650000000000006,15.75,86.0,43.25
2023-10-21,CENTRO,fuera_pico_10_12,1,1.13,31.75,50.0,75.0,24.0
2023-10-21,CENTRO,pico_7_9,1,0.86,26.2,25.0,44.0,17.0
2023-10-21,NORESTE3,fuera_pico_10_12,0,1.7616666666666667,33.4,43.53333333333333,173.83333333333331,42.0
2023-10-21,NORESTE3,pico_7_9,0,2.1814999999999998,36.483333333333334,9.908333333333333,170.33333333333331,47.0
2023-10-21,NOROESTE3,fuera_pico_10_12,0,1.4425,32.0,46.25,120.33333333333334,37.25
2023-10-21,NOROESTE3,pico_7_9,0,1.4949999999999999,33.65,8.0,105.66666666666666,27.25
2023-10-21,NORTE2,fuera_pico_10_12,1,1.8199999999999998,53.7,36.5,178.0,41.5
2023-10-21,NORTE2,pico_7_9,1,1.7175,44.05,8.75,146.5,29.25
2023-10-21,SUR,fuera_pico_10_12,1,1.1412499999999999,33.475,47.125,94.125,30.105
2023-10-21,SUR,pico_7_9,1,1.78875,44.787499999999994,9.375,120.25,29.78125
2023-10-21,SUROESTE2,fuera_pico_10_12,1,1.115,27.6,54.5,93.0,33.597500000000004
2023-10-21,SUROESTE2,pico_7_9,1,1.18,32.9,20.75,71.25,31.259999999999998
2023-10-22,CENTRO,fuera_pico_10_12,1,1.07,18.6,25.5,68.0,36.0
2023-10-22,CENTRO,pico_7_9,1,0.9299999999999999,12.0,19.0,45.0,27.75
2023-10-22,NORESTE3,fuera_pico_10_12,0,1.2938333333333332,10.05,30.616666666666667,44.0,18.75
2023-10-22,NORESTE3,pico_7_9,0,1.2425,10.98333333333333,21.65,43.16666666666666,17.5
2023-10-22,NOROESTE3,fuera_pico_10_12,0,0.9650000000000001,9.399999999999999,31.0,45.66666666666666,25.5
2023-10-22,NOROESTE3,pico_7_9,0,0.8674999999999999,10.3,17.25,38.66666666666667,19.75
2023-10-22,NORTE2,fuera_pico_10_12,1,0.7424999999999999,10.850000000000001,29.5,55.0,18.0
2023-10-22,NORTE2,pico_7_9,1,0.6725,11.2,20.5,38.75,15.5
2023-10-22,SUR,fuera_pico_10_12,1,0.8075,9.675,28.75,49.25,21.25
2023-10-22,SUR,pico_7_9,1,0.7925,17.075,14.5,38.375,14.865
2023-10-22,SUROESTE2,fuera_pico_10_12,1,1.0175,12.325,35.75,54.25,36.432500000000005
2023-10-22,SUROESTE2,pico_7_9,1,0.9125,12.65,16.0,58.25,19.5
2023-10-23,CENTRO,fuera_pico_10_12,1,1.01,17.950000000000003,24.5,62.5,27.5
2023-10-23,CENTRO,pico_7_9,1,0.96,19.65,15.0,47.5,22.5
2023-10-23,NORESTE3,fuera_pico_10_12,0,1.407,12.316666666666666,24.18333333333333,75.0,18.0
2023-10-23,NORESTE3,pico_7_9,0,1.4655,14.73333333333333,18.799999999999997,45.0,16.25
2023-10-23,NOROESTE3,fuera_pico_10_12,0,0.8425,9.1,26.5,46.83333333333333,14.5
2023-10-23,NOROESTE3,pico_7_9,0,0.8875,12.175,16.5,33.33333333333333,17.5
2023-10-23,NORTE2,fuera_pico_10_12,1,0.7925,13.35,25.25,52.25,18.5
2023-10-23,NORTE2,pico_7_9,1,0.8925000000000001,18.15,16.0,46.0,20.5
2023-10-23,SUR,fuera_pico_10_12,1,0.8425,11.2,24.5,55.0,19.76625
2023-10-23,SUR,pico_7_9,1,0.7475,15.225000000000001,15.125,36.66666666666667,14.375
2023-10-23,SUROESTE2,fuera_pico_10_12,1,1.1225,20.475,19.75,64.25,29.4
2023-10-23,SUROESTE2,pico_7_9,1,0.9924999999999999,22.65,10.75,57.5,23.1375
2023-10-24,CENTRO,fuera_pico_10_12,1,1.2650000000000001,22.5,22.0,82.0,38.5
2023-10-24,CENTRO,pico_7_9,1,1.0150000000000001,15.5,16.5,40.5,20.0
2023-10-24,NORESTE3,fuera_pico_10_12,0,1.4323333333333332,13.066666666666666,26.53333333333333,66.5,34.0
2023-10-24,NORESTE3,pico_7_9,0,1.4523333333333333,14.383333333333333,21.0,53.16666666666667,20.25
2023-10-24,NOROESTE3,fuera_pico_10_12,0,1.0050000000000001,11.95,24.25,57.0,23.75
2023-10-24,NOROESTE3,pico_7_9,0,0.995,13.95,11.0,33.66666666666667,17.75
2023-10-24,NORTE2,fuera_pico_10_12,1,0.6,15.700000000000001,23.0,70.0,16.25
2023-10-24,NORTE2,pico_7_9,1,0.72,15.799999999999999,14.75,43.0,13.75
2023-10-24,SUR,fuera_pico_10_12,1,0.8612500000000001,11.2125,28.625,56.375,26.646250000000002
2023-10-24,SUR,pico_7_9,1,0.8362499999999999,12.537500000000001,19.75,45.75,19.655
2023-10-24,SUROESTE2,fuera_pico_10_12,1,1.2725,21.075000000000003,22.5,70.0,34.9725
2023-10-24,SUROESTE2,pico_7_9,1,1.08,17.575,9.75,62.0,20.555
2023-10-25,CENTRO,fuera_pico_10_12,1,1.26,18.3,20.5,61.0,30.5
2023-10-25,CENTRO,pico_7_9,1,1.155,13.8,17.0,45.5,27.0
2023-10-25,NORESTE3,fuera_pico_10_12,0,1.3773333333333335,11.033333333333335,22.3,55.83333333333333,24.75
2023-10-25,NORESTE3,pico_7_9,0,1.6560000000000001,14.033333333333333,16.416666666666668,53.83333333333333,24.5
2023-10-25,NOROESTE3,fuera_pico_10_12,0,0.98,9.75,23.5,51.16666666666667,23.75
2023-10-25,NOROESTE3,pico_7_9,0,1.0625,10.675,13.5,39.833333333333336,22.0
2023-10-25,NORTE2,fuera_pico_10_12,1,0.615,13.95,21.75,61.25,15.5
2023-10-25,NORTE2,pico_7_9,1,0.63,15.7,14.5,45.0,22.0
2023-10-25,SUR,fuera_pico_10_12,1,0.8550000000000001,9.5125,22.25,54.125,21.405
2023-10-25,SUR,pico_7_9,1,0.8300000000000001,10.8875,16.875,40.125,18.604999999999997
2023-10-25,SUROESTE2,fuera_pico_10_12,1,1.2275,20.175,16.5,67.25,37.427499999999995
2023-10-25,SUROESTE2,pico_7_9,1,1.0074999999999998,17.95,10.25,62.25,27.122500000000002
2023-10-26,CENTRO,fuera_pico_10_12,1,1.36,19.049999999999997,12.5,58.5,22.5
2023-10-26,CENTRO,pico_7_9,1,1.15,15.450000000000001,10.5,28.0,12.5
2023-10-26,NORESTE3,fuera_pico_10_12,0,1.4055,10.233333333333334,19.916666666666664,46.333333333333336,12.75
2023-10-26,NORESTE3,pico_7_9,0,1.5528333333333335,13.716666666666665,11.883333333333333,38.16666666666667,12.25
2023-10-26,NOROESTE3,fuera_pico_10_12,0,1.0150000000000001,11.45,13.5,42.66666666666667,18.25
2023-10-26,NOROESTE3,pico_7_9,0,1.085,11.274999999999999,8.5,23.166666666666664,10.0
2023-10-26,NORTE2,fuera_pico_10_12,1,0.62,14.525,15.5,47.75,12.75
2023-10-26,NORTE2,pico_7_9,1,0.595,14.924999999999999,9.5,23.25,9.75
2023-10-26,SUR,fuera_pico_10_12,1,0.8500000000000001,8.275,18.75,42.5,14.1125
2023-10-26,SUR,pico_7_9,1,0.87625,14.4125,9.0,27.75,9.833333333333332
2023-10-26,SUROESTE2,fuera_pico_10_12,1,1.3575,19.675,12.0,69.75,32.8425
2023-10-26,SUROESTE2,pico_7_9,1,1.0475,16.825,7.5,44.25,23.52
2023-10-27,CENTRO,fuera_pico_10_12,1,1.2,9.85,18.0,27.0,12.5
2023-10-27,CENTRO,pico_7_9,1,1.1099999999999999,10.75,13.0,20.0,9.5
2023-10-27,NORESTE3,fuera_pico_10_12,0,1.3961666666666666,9.8,20.6,49.66666666666666,12.75
2023-10-27,NORESTE3,pico_7_9,0,1.6635,11.333333333333332,14.716666666666667,35.66666666666667,14.25
2023-10-27,NOROESTE3,fuera_pico_10_12,0,0.96,7.7749999999999995,14.75,30.999999999999996,10.75
2023-10-27,NOROESTE3,pico_7_9,0,1.0625,7.9750000000000005,10.5,23.83333333333333,12.5
2023-10-27,NORTE2,fuera_pico_10_12,1,1.6524999999999999,10.925,18.5,35.75,6.0
2023-10-27,NORTE2,pico_7_9,1,1.6425,12.775,11.75,28.25,9.0
2023-10-27,SUR,fuera_pico_10_12,1,0.8374999999999999,7.45,18.75,38.125,11.338750000000001
2023-10-27,SUR,pico_7_9,1,0.7987500000000001,8.674999999999999,12.125,24.125,8.307500000000001
2023-10-27,SUROESTE2,fuera_pico_10_12,1,0.9924999999999999,11.675,15.25,36.5,10.0
2023-10-27,SUROESTE2,pico_7_9,1,0.9400000000000001,12.425,8.25,29.25,12.1175
2023-10-28,CENTRO,fuera_pico_10_12,1,1.26,18.9,21.5,58.5,23.5
2023-10-28,CENTRO,pico_7_9,1,1.105,16.9,11.0,30.5,12.0
2023-10-28,NORESTE3,fuera_pico_10_12,0,1.3758333333333335,10.666666666666666,25.833333333333332,42.66666666666666,10.0
2023-10-28,NORESTE3,pico_7_9,0,1.5408333333333335,14.8,15.649999999999999,37.0,9.0
2023-10-28,NOROESTE3,fuera_pico_10_12,0,1.0425,10.075,26.75,42.5,12.5
2023-10-28,NOROESTE3,pico_7_9,0,1.0325,11.275,11.25,28.166666666666668,13.5
2023-10-28,NORTE2,fuera_pico_10_12,1,0.635,15.425,22.5,47.75,8.0
2023-10-28,NORTE2,pico_7_9,1,0.54,10.8,14.0,38.0,7.25
2023-10-28,SUR,fuera_pico_10_12,1,0.8162500000000001,9.3125,25.75,41.375,12.666666666666666
2023-10-28,SUR,pico_7_9,1,0.80125,11.6375,13.25,37.458333333333336,7.833333333333334
2023-10-28,SUROESTE2,fuera_pico_10_12,1,1.0250000000000001,15.45,25.0,50.5,14.219999999999999
2023-10-28,SUROESTE2,pico_7_9,1,0.9275,15.4,9.5,56.75,13.035
2023-10-29,CENTRO,fuera_pico_10_12,1,1.205,16.65,16.0,45.0,20.5
2023-10-29,CENTRO,pico_7_9,1,1.085,16.45,11.0,30.5,13.0
2023-10-29,NORESTE3,fuera_pico_10_12,0,1.394,11.066666666666666,21.71666666666667,34.16666666666667,8.25
2023-10-29,NORESTE3,pico_7_9,0,1.2968333333333333,10.65,18.53333333333333,31.166666666666664,8.0
2023-10-29,NOROESTE3,fuera_pico_10_12,0,0.915,9.725,16.75,32.0,16.5
2023-10-29,NOROESTE3,pico_7_9,0,0.8325,12.775,8.75,25.333333333333336,10.9625
2023-10-29,NORTE2,fuera_pico_10_12,1,0.56,12.649999999999999,17.25,41.25,8.75
2023-10-29,NORTE2,pico_7_9,1,0.48,13.35,13.75,32.5,6.5
2023-10-29,SUR,fuera_pico_10_12,1,0.8400000000000001,9.2625,20.875,34.5,12.166666666666668
2023-10-29,SUR,pico_7_9,1,0.7737499999999999,11.5625,17.625,27.625,5.833333333333334
2023-10-29,SUROESTE2,fuera_pico_10_12,1,1.0375,14.575,17.75,56.5,21.2025
2023-10-29,SUROESTE2,pico_7_9,1,0.9325,16.25,9.0,56.25,15.670000000000002
2023-10-30,CENTRO,fuera_pico_10_12,1,1.05,13.399999999999999,17.0,35.0,6.5
2023-10-30,CENTRO,pico_7_9,1,1.0899999999999999,14.149999999999999,11.5,17.5,9.5
2023-10-30,NORESTE3,fuera_pico_10_12,0,1.4058333333333335,6.883333333333334,25.0,20.5,5.0
2023-10-30,NORESTE3,pico_7_9,0,1.384,7.0,19.416666666666664,14.333333333333332,2.5
2023-10-30,NOROESTE3,fuera_pico_10_12,0,0.775,4.925000000000001,21.0,9.333333333333334,5.0
2023-10-30,NOROESTE3,pico_7_9,0,0.99,8.774999999999999,10.75,10.0,5.0
2023-10-30,NORTE2,fuera_pico_10_12,1,0.2,11.075,19.5,37.0,3.5
2023-10-30,NORTE2,pico_7_9,1,0.225,8.55,15.5,12.0,3.0
2023-10-30,SUR,fuera_pico_10_12,1,0.7625,9.662500000000001,20.375,19.5,8.083333333333334
2023-10-30,SUR,pico_7_9,1,0.76875,9.2,15.625,14.25,5.666666666666666
2023-10-30,SUROESTE2,fuera_pico_10_12,1,1.0375,17.125,9.75,21.75,6.0
2023-10-30,SUROESTE2,pico_7_9,1,0.8875,15.2,7.75,16.0,10.833333333333332
2023-10-31,CENTRO,fuera_pico_10_12,1,1.1549999999999998,19.0,21.0,40.0,15.5
2023-10-31,CENTRO,pico_7_9,1,1.06,15.8,21.0,37.0,12.5
2023-10-31,NORESTE3,fuera_pico_10_12,0,1.5035,9.5,28.816666666666666,22.333333333333336,15.0
2023-10-31,NORESTE3,pico_7_9,0,1.4966666666666666,10.233333333333334,25.9,29.666666666666664,10.0
2023-10-31,NOROESTE3,fuera_pico_10_12,0,0.9299999999999999,10.075,25.25,20.333333333333336,9.75
2023-10-31,NOROESTE3,pico_7_9,0,0.9075,10.475,20.75,20.5,11.0
2023-10-31,NORTE2,fuera_pico_10_12,1,0.23,14.649999999999999,23.25,29.0,7.0
2023-10-31,NORTE2,pico_7_9,1,0.245,15.475000000000001,20.25,31.25,6.5
2023-10-31,SUR,fuera_pico_10_12,1,0.8362499999999999,14.375,25.25,26.875,6.833333333333334
2023-10-31,SUR,pico_7_9,1,0.83125,16.4625,23.375,24.375,10.5
2023-10-31,SUROESTE2,fuera_pico_10_12,1,1.0575,24.55,13.5,39.75,16.83
2023-10-31,SUROESTE2,pico_7_9,1,0.9225,23.5,10.5,29.75,12.5125
2023-11-01,CENTRO,fuera_pico_10_12,1,0.94,15.450000000000001,36.0,48.5,11.5
2023-11-01,CENTRO,pico_7_9,1,0.96,18.4,29.0,27.5,9.25
2023-11-01,NORESTE3,fuera_pico_10_12,0,1.5886666666666667,12.15,36.983333333333334,32.5,6.75
2023-11-01,NORESTE3,pico_7_9,0,1.7730000000000001,26.35,12.233333333333334,46.5,13.5
2023-11-01,NOROESTE3,fuera_pico_10_12,0,0.7275,6.25,38.75,33.666666666666664,8.030000000000001
2023-11-01,NOROESTE3,pico_7_9,0,0.8275,10.425,26.5,15.666666666666668,5.25
2023-11-01,NORTE2,fuera_pico_10_12,1,0.29500000000000004,16.5,31.75,47.25,7.5
2023-11-01,NORTE2,pico_7_9,1,0.32,28.125,13.75,61.25,11.0
2023-11-01,SUR,fuera_pico_10_12,1,0.9237500000000001,12.266666666666666,31.625,38.25,10.5
2023-11-01,SUR,pico_7_9,1,1.23625,27.016666666666666,9.875,53.375,19.333333333333336
2023-11-01,SUROESTE2,fuera_pico_10_12,1,0.825,12.375,39.75,28.5,10.32
2023-11-01,SUROESTE2,pico_7_9,1,0.925,18.0,29.5,14.75,8.967500000000001
2023-11-02,CENTRO,fuera_pico_10_12,1,1.075,26.200000000000003,36.0,71.5,26.5
2023-11-02,CENTRO,pico_7_9,1,1.145,29.9,11.0,65.5,21.0
2023-11-02,NORESTE3,fuera_pico_10_12,0,1.8989999999999996,26.833333333333332,35.483333333333334,73.66666666666666,23.5
2023-11-02,NORESTE3,pico_7_9,0,2.4263333333333335,33.849999999999994,8.416666666666668,72.16666666666666,38.5
2023-11-02,NOROESTE3,fuera_pico_10_12,0,1.2575,22.825,26.75,76.66666666666666,26.9725
2023-11-02,NOROESTE3,pico_7_9,0,1.49,25.2,6.5,73.16666666666666,24.75
2023-11-02,NORTE2,fuera_pico_10_12,1,0.475,34.0,30.75,82.0,30.75
2023-11-02,NORTE2,pico_7_9,1,1.5299999999999998,39.900000000000006,9.0,84.75,26.0
2023-11-02,SUR,fuera_pico_10_12,1,0.9624999999999999,18.950000000000003,38.5,50.375,15.75
2023-11-02,SUR,pico_7_9,1,1.78375,31.016666666666666,8.625,98.125,48.75
2023-11-02,SUROESTE2,fuera_pico_10_12,1,0.8625,19.1,44.75,73.75,24.805
2023-11-02,SUROESTE2,pico_7_9,1,1.1925,30.9,11.25,59.75,31.487500000000004
2023-11-03,CENTRO,fuera_pico_10_12,1,1.275,27.25,31.0,79.5,30.75
2023-11-03,CENTRO,pico_7_9,1,1.25,27.75,10.5,119.0,36.5
2023-11-03,NORESTE3,fuera_pico_10_12,0,1.9291666666666667,24.55,30.983333333333334,108.16666666666666,27.25
2023-11-03,NORESTE3,pico_7_9,0,2.3035,33.46666666666667,7.5,102.66666666666666,33.5
2023-11-03,NOROESTE3,fuera_pico_10_12,0,1.385,17.075,24.75,72.5,23.5
2023-11-03,NOROESTE3,pico_7_9,0,1.33,17.325000000000003,5.75,62.33333333333333,20.75
2023-11-03,NORTE2,fuera_pico_10_12,1,0.6699999999999999,27.5,28.5,77.75,27.25
2023-11-03,NORTE2,pico_7_9,1,1.095,29.525000000000002,7.75,89.25,21.0
2023-11-03,SUR,fuera_pico_10_12,1,1.01875,19.133333333333336,31.625,58.625,19.33333333333333
2023-11-03,SUR,pico_7_9,1,1.5175,31.616666666666667,7.625,72.125,23.666666666666664
2023-11-03,SUROESTE2,fuera_pico_10_12,1,1.045,23.875,39.25,98.25,35.0075
2023-11-03,SUROESTE2,pico_7_9,1,1.385,22.924999999999997,13.75,79.25,42.25
2023-11-04,CENTRO,fuera_pico_10_12,1,1.5499999999999998,21.950000000000003,29.5,99.5,41.0
2023-11-04,CENTRO,pico_7_9,1,1.225,24.45,10.75,91.0,31.0
2023-11-04,NORESTE3,fuera_pico_10_12,0,1.6926666666666665,15.400000000000002,29.266666666666666,56.0,29.5
2023-11-04,NORESTE3,pico_7_9,0,1.8615,21.08333333333333,10.841666666666667,53.33333333333333,17.5
2023-11-04,NOROESTE3,fuera_pico_10_12,0,1.195,14.125,18.75,72.16666666666667,29.445
2023-11-04,NOROESTE3,pico_7_9,0,1.3250000000000002,14.4,5.75,63.08333333333333,23.025
2023-11-04,NORTE2,fuera_pico_10_12,1,0.45499999999999996,18.049999999999997,23.5,60.75,19.5
2023-11-04,NORTE2,pico_7_9,1,0.825,25.975,10.0,79.75,22.25
2023-11-04,SUR,fuera_pico_10_12,1,1.2675,20.23333333333333,27.5,86.75,34.0
2023-11-04,SUR,pico_7_9,1,1.505,22.96666666666667,6.833333333333334,62.375,19.0
2023-11-04,SUROESTE2,fuera_pico_10_12,1,1.31,26.275,28.0,93.0,35.73
2023-11-04,SUROESTE2,pico_7_9,1,1.2525,19.625,9.25,69.75,31.5575
2023-11-05,CENTRO,fuera_pico_10_12,1,1.32,21.4,31.0,66.0,30.5
2023-11-05,CENTRO,pico_7_9,1,1.555,23.55,10.5,59.5,29.0
2023-11-05,NORESTE3,fuera_pico_10_12,0,1.523,10.133333333333333,31.81666666666667,44.16666666666667,20.25
2023-11-05,NORESTE3,pico_7_9,0,1.7543333333333333,20.366666666666667,9.4,47.5,15.5
2023-11-05,NOROESTE3,fuera_pico_10_12,0,1.3399999999999999,13.225,19.25,60.83333333333333,25.1125
2023-11-05,NOROESTE3,pico_7_9,0,1.22,13.975000000000001,6.25,62.0,23.1525
2023-11-05,NORTE2,fuera_pico_10_12,1,1.2125,16.85,26.5,56.25,12.25
2023-11-05,NORTE2,pico_7_9,1,1.195,23.174999999999997,9.25,90.25,22.0
2023-11-05,SUR,fuera_pico_10_12,1,0.9916666666666667,9.8,30.166666666666664,49.33333333333333,21.833333333333336
2023-11-05,SUR,pico_7_9,1,1.0825,15.908333333333335,10.166666666666668,37.83333333333333,12.0
2023-11-05,SUROESTE2,fuera_pico_10_12,1,1.0075,14.5,38.5,52.75,31.975
2023-11-05,SUROESTE2,pico_7_9,1,1.06,17.1,20.25,44.25,26.4025
2023-11-06,CENTRO,fuera_pico_10_12,1,1.495,28.25,28.0,95.0,29.5
2023-11-06,CENTRO,pico_7_9,1,1.5350000000000001,21.200000000000003,9.5,50.5,19.0
2023-11-06,NORESTE3,fuera_pico_10_12,0,1.6315,13.716666666666667,29.75,57.16666666666667,14.25
2023-11-06,NORESTE3,pico_7_9,0,2.1734999999999998,21.68333333333333,9.6,58.5,19.5
2023-11-06,NOROESTE3,fuera_pico_10_12,0,1.72,15.149999999999999,18.25,73.0,23.5275
2023-11-06,NOROESTE3,pico_7_9,0,1.62,14.45,5.75,74.16666666666666,22.5775
2023-11-06,NORTE2,fuera_pico_10_12,1,1.3024999999999998,21.125,22.75,70.25,22.75
2023-11-06,NORTE2,pico_7_9,1,1.5325,24.0,10.5,68.5,17.25
2023-11-06,SUR,fuera_pico_10_12,1,1.26125,22.766666666666666,22.75,69.5,23.192500000000003
2023-11-06,SUR,pico_7_9,1,1.73625,22.45,7.5,76.0,18.46125
2023-11-06,SUROESTE2,fuera_pico_10_12,1,1.25,27.825,39.75,99.5,33.4
2023-11-06,SUROESTE2,pico_7_9,1,1.8925,25.85,9.75,59.75,26.0975
2023-11-07,CENTRO,fuera_pico_10_12,1,1.615,43.3,33.0,95.0,27.0
2023-11-07,CENTRO,pico_7_9,1,1.5899999999999999,31.35,10.5,87.5,26.0
2023-11-07,NORESTE3,fuera_pico_10_12,0,2.426166666666667,35.75,36.233333333333334,139.33333333333331,37.0
2023-11-07,NORESTE3,pico_7_9,0,2.234166666666667,24.116666666666667,8.766666666666666,86.66666666666666,21.25
2023-11-07,NOROESTE3,fuera_pico_10_12,0,1.4425000000000001,23.125,26.75,101.16666666666666,31.915
2023-11-07,NOROESTE3,pico_7_9,0,1.3475000000000001,21.5,8.75,65.33333333333333,18.64
2023-11-07,NORTE2,fuera_pico_10_12,1,2.1,54.775,22.25,136.5,37.75
2023-11-07,NORTE2,pico_7_9,1,1.6,29.25,9.25,87.0,21.25
2023-11-07,SUR,fuera_pico_10_12,1,1.5975000000000001,44.483333333333334,31.75,143.0,35.50375
2023-11-07,SUR,pico_7_9,1,1.7962500000000001,24.733333333333334,6.75,72.75,16.97
2023-11-07,SUROESTE2,fuera_pico_10_12,1,1.2174999999999998,26.925,45.5,116.75,29.835
2023-11-07,SUROESTE2,pico_7_9,1,2.0975,32.3,12.5,91.5,34.7175
2023-11-08,CENTRO,fuera_pico_10_12,1,1.875,50.05,29.0,144.0,44.5
2023-11-08,CENTRO,pico_7_9,1,1.6749999999999998,27.15,9.833333333333332,66.5,24.0
2023-11-08,NORESTE3,fuera_pico_10_12,0,1.7181666666666664,16.96666666666667,31.599999999999998,75.0,21.25
2023-11-08,NORESTE3,pico_7_9,0,2.091,19.7,8.733333333333334,58.33333333333333,14.5
2023-11-08,NOROESTE3,fuera_pico_10_12,0,1.445,25.825,28.0,106.0,48.5
2023-11-08,NOROESTE3,pico_7_9,0,1.6824999999999999,18.225,5.75,90.0,22.5
2023-11-08,NORTE2,fuera_pico_10_12,1,1.4975,32.675,26.0,118.25,24.0
2023-11-08,NORTE2,pico_7_9,1,1.4249999999999998,24.225,8.75,70.25,18.0
2023-11-08,SUR,fuera_pico_10_12,1,1.3824999999999998,30.116666666666667,20.75,90.5,35.1175
2023-11-08,SUR,pico_7_9,1,1.52875,19.666666666666664,6.375,77.875,26.036250000000003
2023-11-08,SUROESTE2,fuera_pico_10_12,1,1.5525,47.5,40.75,172.5,46.9825
2023-11-08,SUROESTE2,pico_7_9,1,2.175,42.625,10.0,131.5,45.885000000000005
2023-11-09,CENTRO,fuera_pico_10_12,1,1.4,21.9,30.5,91.0,32.5
2023-11-09,CENTRO,pico_7_9,1,1.1949999999999998,17.5,11.5,66.0,31.5
2023-11-09,NORESTE3,fuera_pico_10_12,0,1.5766666666666667,10.133333333333333,24.116666666666667,72.66666666666667,16.5
2023-11-09,NORESTE3,pico_7_9,0,1.6878333333333333,16.150000000000002,11.016666666666666,50.333333333333336,16.75
2023-11-09,NOROESTE3,fuera_pico_10_12,0,1.155,13.025,23.75,77.83333333333334,25.7675
2023-11-09,NOROESTE3,pico_7_9,0,1.125,12.25,6.75,57.83333333333333,22.22
2023-11-09,NORTE2,fuera_pico_10_12,1,1.12,18.924999999999997,26.5,79.5,14.5
2023-11-09,NORTE2,pico_7_9,1,0.9099999999999999,16.125,13.25,47.75,25.25
2023-11-09,SUR,fuera_pico_10_12,1,1.095,14.766666666666667,29.25,75.25,21.58625
2023-11-09,SUR,pico_7_9,1,1.0987500000000001,18.28333333333333,8.875,58.125,21.78625
2023-11-09,SUROESTE2,fuera_pico_10_12,1,1.605,35.825,28.0,147.0,53.6175
2023-11-09,SUROESTE2,pico_7_9,1,1.6275,28.175,9.75,104.75,56.975
2023-11-10,CENTRO,fuera_pico_10_12,1,1.32,15.9,10.0,29.0,9.509307089678542
2023-11-10,CENTRO,pico_7_9,1,1.07,13.8,15.0,26.5,11.027742677537656
2023-11-10,NORESTE3,fuera_pico_10_12,0,1.6356666666666668,8.7,13.033333333333335,17.833333333333336,3.0
2023-11-10,NORESTE3,pico_7_9,0,1.5786666666666669,8.583333333333332,13.333333333333334,16.5,4.5
2023-11-10,NOROESTE3,fuera_pico_10_12,0,1.2025000000000001,10.3,7.25,12.0,6.6375
2023-11-10,NOROESTE3,pico_7_9,0,0.87,5.674999999999999,16.5,8.0,2.895
2023-11-10,NORTE2,fuera_pico_10_12,1,0.9624999999999999,11.95,11.25,15.5,4.25
2023-11-10,NORTE2,pico_7_9,1,0.845,11.2,13.5,17.75,4.0
2023-11-10,SUR,fuera_pico_10_12,1,0.94,11.516666666666667,10.5,15.25,4.4475
2023-11-10,SUR,pico_7_9,1,0.9012500000000001,12.816666666666666,10.5,14.75,3.46875
2023-11-10,SUROESTE2,fuera_pico_10_12,1,1.14,14.275,9.5,29.0,5.0
2023-11-10,SUROESTE2,pico_7_9,1,1.0425,12.4,14.25,29.25,5.0
2023-11-11,CENTRO,fuera_pico_10_12,1,1.09,12.8,16.0,28.5,7.148648648648647
2023-11-11,CENTRO,pico_7_9,1,1.05,15.45,11.0,25.5,7.955928101878822
2023-11-11,NORESTE3,fuera_pico_10_12,0,1.6713333333333333,9.5,15.7,18.333333333333336,5.25
2023-11-11,NORESTE3,pico_7_9,0,1.9051666666666667,11.866666666666665,11.475,20.833333333333336,3.25
2023-11-11,NOROESTE3,fuera_pico_10_12,0,0.97,4.4,8.5,13.0,5.0600000000000005
2023-11-11,NOROESTE3,pico_7_9,0,0.865,4.65,8.0,10.25,3.6950000000000003
2023-11-11,NORTE2,fuera_pico_10_12,1,0.9450000000000001,14.3,14.0,20.75,5.25
2023-11-11,NORTE2,pico_7_9,1,0.74,14.850000000000001,10.25,15.0,4.75
2023-11-11,SUR,fuera_pico_10_12,1,0.96625,11.266666666666666,11.708333333333332,16.375,5.52125
2023-11-11,SUR,pico_7_9,1,0.9099999999999999,13.183333333333335,10.25,11.666666666666666,6.166666666666667
2023-11-11,SUROESTE2,fuera_pico_10_12,1,1.1775,15.600000000000001,10.75,20.25,9.0
2023-11-11,SUROESTE2,pico_7_9,1,0.9425,15.15,9.25,19.75,7.0
2023-11-12,CENTRO,fuera_pico_10_12,1,1.085,12.350000000000001,13.5,23.0,6.5
2023-11-12,CENTRO,pico_7_9,1,1.2000000000000002,12.7,14.5,24.5,11.0
2023-11-12,NORESTE3,fuera_pico_10_12,0,1.9031666666666667,7.908333333333333,19.025,18.0,3.25
2023-11-12,NORESTE3,pico_7_9,0,1.5915,10.466666666666667,11.716666666666667,14.5,3.5
2023-11-12,NOROESTE3,fuera_pico_10_12,0,0.845,2.7,14.5,6.75,2.4850000000000003
2023-11-12,NOROESTE3,pico_7_9,0,0.975,4.45,9.0,14.75,7.24
2023-11-12,NORTE2,fuera_pico_10_12,1,0.7725,10.8,14.0,11.5,4.5
2023-11-12,NORTE2,pico_7_9,1,0.6775,13.175,10.0,14.5,7.5
2023-11-12,SUR,fuera_pico_10_12,1,1.00125,7.966666666666667,14.0,12.625,6.0
2023-11-12,SUR,pico_7_9,1,1.01875,12.066666666666666,10.5,14.625,7.0
2023-11-12,SUROESTE2,fuera_pico_10_12,1,0.99,11.025,13.25,11.5,4.5
2023-11-12,SUROESTE2,pico_7_9,1,0.9825,13.4,10.75,9.5,8.0
2023-11-13,CENTRO,fuera_pico_10_12,1,1.5,16.299999999999997,12.0,26.0,7.5
2023-11-13,CENTRO,pico_7_9,1,1.225,15.95,9.5,24.0,9.0
2023-11-13,NORESTE3,fuera_pico_10_12,0,1.7338333333333333,10.4,17.125,17.5,4.5
2023-11-13,NORESTE3,pico_7_9,0,1.8018333333333332,13.133333333333333,13.175,15.166666666666668,3.75
2023-11-13,NOROESTE3,fuera_pico_10_12,0,1.0899999999999999,8.425,12.75,15.0,4.5
2023-11-13,NOROESTE3,pico_7_9,0,1.045,9.45,11.0,4.666666666666666,3.0
2023-11-13,NORTE2,fuera_pico_10_12,1,1.1124999999999998,15.4,13.0,13.0,7.5
2023-11-13,NORTE2,pico_7_9,1,1.0050000000000001,16.575,6.0,10.5,4.25
2023-11-13,SUR,fuera_pico_10_12,1,1.21375,12.383333333333333,11.5,15.75,8.562083333333334
2023-11-13,SUR,pico_7_9,1,1.1099999999999999,14.5,8.5,13.25,3.1666666666666665
2023-11-13,SUROESTE2,fuera_pico_10_12,1,1.44,20.275,11.5,37.0,12.0
2023-11-13,SUROESTE2,pico_7_9,1,1.3475,17.474999999999998,7.0,14.0,2.75
2023-11-14,CENTRO,fuera_pico_10_12,1,1.5150000000000001,22.75,12.0,38.0,14.0
2023-11-14,CENTRO,pico_7_9,1,1.365,19.65,9.0,34.0,15.0
2023-11-14,NORESTE3,fuera_pico_10_12,0,1.706,9.616666666666667,25.55,21.666666666666668,5.5
2023-11-14,NORESTE3,pico_7_9,0,1.7601666666666667,14.183333333333334,19.075000000000003,18.83333333333333,4.0
2023-11-14,NOROESTE3,fuera_pico_10_12,0,1.4075,12.675,7.75,12.0,9.0
2023-11-14,NOROESTE3,pico_7_9,0,1.245,11.025,8.75,10.5,7.25
2023-11-14,NORTE2,fuera_pico_10_12,1,1.1400000000000001,20.15,12.25,26.75,7.75
2023-11-14,NORTE2,pico_7_9,1,1.0125000000000002,17.475,11.0,21.5,6.25
2023-11-14,SUR,fuera_pico_10_12,1,1.175,15.012500000000001,17.125,17.25,6.666666666666667
2023-11-14,SUR,pico_7_9,1,1.04,16.737499999999997,12.25,16.25,5.94875
2023-11-14,SUROESTE2,fuera_pico_10_12,1,1.4674999999999998,21.075000000000003,9.25,29.25,11.5
2023-11-14,SUROESTE2,pico_7_9,1,1.4075,19.200000000000003,6.5,36.5,16.0
2023-11-15,CENTRO,fuera_pico_10_12,1,1.2000000000000002,24.0,11.5,47.0,22.5
2023-11-15,CENTRO,pico_7_9,1,0.7749999999999999,21.85,9.5,41.0,21.0
2023-11-15,NORESTE3,fuera_pico_10_12,0,1.958,17.21666666666667,15.75,59.66666666666666,11.75
2023-11-15,NORESTE3,pico_7_9,0,1.859833333333333,16.233333333333334,11.1,36.5,14.0
2023-11-15,NOROESTE3,fuera_pico_10_12,0,1.375,13.425,7.0,19.5,11.548
2023-11-15,NOROESTE3,pico_7_9,0,1.2375,11.75,5.75,18.33333333333333,10.516
2023-11-15,NORTE2,fuera_pico_10_12,1,1.4875,25.174999999999997,9.0,79.75,18.25
2023-11-15,NORTE2,pico_7_9,1,1.0575,20.7,7.0,57.5,9.0
2023-11-15,SUR,fuera_pico_10_12,1,1.3362500000000002,14.5625,16.333333333333336,44.04166666666667,12.208333333333332
2023-11-15,SUR,pico_7_9,1,1.25,18.2125,8.875,34.375,12.25
2023-11-15,SUROESTE2,fuera_pico_10_12,1,1.635,22.925,9.0,59.5,22.0975
2023-11-15,SUROESTE2,pico_7_9,1,1.3900000000000001,18.049999999999997,7.75,40.0,16.560000000000002
2023-11-16,CENTRO,fuera_pico_10_12,1,1.41,28.75,21.0,96.5,55.5
2023-11-16,CENTRO,pico_7_9,1,1.38,17.8,9.5,75.0,38.0
2023-11-16,NORESTE3,fuera_pico_10_12,0,2.37,26.766666666666666,15.741666666666667,115.83333333333334,38.0
2023-11-16,NORESTE3,pico_7_9,0,2.2073333333333336,17.450000000000003,8.425,86.33333333333334,31.0
2023-11-16,NOROESTE3,fuera_pico_10_12,0,1.435,16.0,16.25,79.16666666666667,33.75
2023-11-16,NOROESTE3,pico_7_9,0,1.7925,16.225,5.5,105.66666666666669,32.25
2023-11-16,NORTE2,fuera_pico_10_12,1,1.4275,31.6,16.5,119.25,38.25
2023-11-16,NORTE2,pico_7_9,1,1.6275,20.1,11.0,140.75,33.0
2023-11-16,SUR,fuera_pico_10_12,1,1.2887499999999998,17.7875,24.5,86.5,30.5225
2023-11-16,SUR,pico_7_9,1,1.7062499999999998,14.4375,8.833333333333332,83.125,24.02875
2023-11-16,SUROESTE2,fuera_pico_10_12,1,1.3875000000000002,25.3,21.25,106.25,33.41
2023-11-16,SUROESTE2,pico_7_9,1,1.37,19.049999999999997,7.5,69.25,36.71
2023-11-17,CENTRO,fuera_pico_10_12,1,1.475,31.1,22.5,84.5,26.0
2023-11-17,CENTRO,pico_7_9,1,1.65,23.35,9.944444444444445,83.5,41.0
2023-11-17,NORESTE3,fuera_pico_10_12,0,2.3506666666666667,31.25,27.066666666666666,136.33333333333331,45.25
2023-11-17,NORESTE3,pico_7_9,0,2.4946666666666664,20.016666666666666,7.775,136.5,46.5
2023-11-17,NOROESTE3,fuera_pico_10_12,0,1.385,13.875,23.25,91.0,22.25
2023-11-17,NOROESTE3,pico_7_9,0,1.8,18.25,6.5,95.5,49.0
2023-11-17,NORTE2,fuera_pico_10_12,1,1.8575,49.849999999999994,14.75,168.75,37.75
2023-11-17,NORTE2,pico_7_9,1,2.2625,24.35,12.0,159.0,42.25
2023-11-17,SUR,fuera_pico_10_12,1,1.6225,30.3,25.75,116.875,32.2
2023-11-17,SUR,pico_7_9,1,2.09125,17.8125,8.0,119.875,27.5275
2023-11-17,SUROESTE2,fuera_pico_10_12,1,1.2774999999999999,26.85,25.75,102.5,18.0325
2023-11-17,SUROESTE2,pico_7_9,1,1.9100000000000001,24.225,9.25,80.25,36.8
2023-11-18,CENTRO,fuera_pico_10_12,1,1.655,38.3,22.5,112.5,40.0
2023-11-18,CENTRO,pico_7_9,1,1.415,27.0,10.0,68.0,26.0
2023-11-18,NORESTE3,fuera_pico_10_12,0,1.6918333333333333,11.216666666666669,34.4,61.33333333333333,12.5
2023-11-18,NORESTE3,pico_7_9,0,2.1986666666666665,25.266666666666666,11.616666666666665,90.83333333333334,31.75
2023-11-18,NOROESTE3,fuera_pico_10_12,0,1.9825,26.65,20.25,111.66666666666666,34.4625
2023-11-18,NOROESTE3,pico_7_9,0,2.0125,23.375,6.25,83.83333333333331,33.36
2023-11-18,NORTE2,fuera_pico_10_12,1,1.055,20.725,24.0,126.0,16.25
2023-11-18,NORTE2,pico_7_9,1,1.7999999999999998,35.575,10.0,134.75,36.75
2023-11-18,SUR,fuera_pico_10_12,1,1.0875,19.6,32.625,82.375,18.43375
2023-11-18,SUR,pico_7_9,1,1.9737500000000001,31.862499999999997,8.75,105.0,30.237499999999997
2023-11-18,SUROESTE2,fuera_pico_10_12,1,1.575,34.075,26.75,134.25,32.3475
2023-11-18,SUROESTE2,pico_7_9,1,1.615,28.75,8.0,90.75,31.71
2023-11-19,CENTRO,fuera_pico_10_12,1,1.44,26.9,16.5,90.5,52.0
2023-11-19,CENTRO,pico_7_9,1,1.185,28.6,11.0,59.5,32.5
2023-11-19,NORESTE3,fuera_pico_10_12,0,1.7548333333333335,11.350000000000001,30.583333333333336,52.5,24.0
2023-11-19,NORESTE3,pico_7_9,0,1.718,13.066666666666666,23.78333333333333,47.5,20.0
2023-11-19,NOROESTE3,fuera_pico_10_12,0,1.4575,13.425,17.0,58.5,31.302500000000002
2023-11-19,NOROESTE3,pico_7_9,0,1.25,11.375,16.75,40.66666666666667,23.5825
2023-11-19,NORTE2,fuera_pico_10_12,1,0.9524999999999999,17.75,20.5,84.0,29.5
2023-11-19,NORTE2,pico_7_9,1,0.7725,14.075,20.5,55.25,22.75
2023-11-19,SUR,fuera_pico_10_12,1,1.0675,12.7,28.125,55.75,27.82125
2023-11-19,SUR,pico_7_9,1,0.9724999999999999,9.725,25.125,36.75,18.136666666666667
2023-11-19,SUROESTE2,fuera_pico_10_12,1,1.0975,14.725000000000001,28.75,59.5,27.68
2023-11-19,SUROESTE2,pico_7_9,1,0.9849999999999999,26.400000000000002,10.0,66.75,32.905
2023-11-20,CENTRO,fuera_pico_10_12,1,1.18,20.35,32.5,65.0,13.5
2023-11-20,CENTRO,pico_7_9,1,1.5,22.299999999999997,9.944444444444445,78.5,35.0
2023-11-20,NORESTE3,fuera_pico_10_12,0,1.9445000000000001,14.533333333333331,27.71666666666667,83.5,24.5
2023-11-20,NORESTE3,pico_7_9,0,2.4138333333333337,18.099999999999998,8.100000000000001,93.83333333333331,47.75
2023-11-20,NOROESTE3,fuera_pico_10_12,0,1.0999999999999999,8.274999999999999,26.0,49.5,5.77
2023-11-20,NOROESTE3,pico_7_9,0,1.435,15.575,7.0,66.33333333333333,29.064999999999998
2023-11-20,NORTE2,fuera_pico_10_12,1,1.2625,27.875,21.5,114.75,14.5
2023-11-20,NORTE2,pico_7_9,1,1.68,22.8,10.3125,124.0,39.5
2023-11-20,SUR,fuera_pico_10_12,1,1.2712500000000002,18.1875,29.75,80.125,26.42375
2023-11-20,SUR,pico_7_9,1,2.0549999999999997,18.4375,9.0,91.75,39.870000000000005
2023-11-20,SUROESTE2,fuera_pico_10_12,1,0.825,10.825,30.25,48.75,13.1775
2023-11-20,SUROESTE2,pico_7_9,1,1.1949999999999998,20.549999999999997,10.5,61.5,15.4
2023-11-21,CENTRO,fuera_pico_10_12,1,0.43,15.05,27.5,74.0,12.0
2023-11-21,CENTRO,pico_7_9,1,0.5035714285714286,14.745238095238093,28.904761904761905,50.35714285714286,11.166666666666666
2023-11-21,NORESTE3,fuera_pico_10_12,0,1.7208333333333334,9.583333333333334,29.816666666666666,55.5,6.25
2023-11-21,NORESTE3,pico_7_9,0,1.6643333333333334,9.566666666666666,34.0,36.833333333333336,3.25
2023-11-21,NOROESTE3,fuera_pico_10_12,0,0.9375,5.4,30.25,54.0,5.4375
2023-11-21,NOROESTE3,pico_7_9,0,1.0575,8.575,23.5,33.49999999999999,5.7700000000000005
2023-11-21,NORTE2,fuera_pico_10_12,1,0.77,15.75,25.0,81.0,8.25
2023-11-21,NORTE2,pico_7_9,1,0.735,19.5,24.0,50.25,7.5
2023-11-21,SUR,fuera_pico_10_12,1,0.8787499999999999,10.2625,28.25,57.25,11.795
2023-11-21,SUR,pico_7_9,1,0.8975,11.7125,31.875,33.375,6.55125
2023-11-21,SUROESTE2,fuera_pico_10_12,1,0.8525,13.8,28.25,60.5,11.969999999999999
2023-11-21,SUROESTE2,pico_7_9,1,0.885,16.5,32.75,31.5,7.9075
2023-11-22,CENTRO,fuera_pico_10_12,1,0.6950000000000001,16.0,29.0,49.5,9.5
2023-11-22,CENTRO,pico_7_9,1,0.62,15.850000000000001,24.0,31.0,8.5
2023-11-22,NORESTE3,fuera_pico_10_12,0,1.7826666666666666,11.116666666666667,30.35,45.75,9.5
2023-11-22,NORESTE3,pico_7_9,0,2.006833333333333,23.733333333333334,9.95,66.0,11.25
2023-11-22,NOROESTE3,fuera_pico_10_12,0,1.1325,7.05,24.0,62.83333333333333,9.7975
2023-11-22,NOROESTE3,pico_7_9,0,1.24,15.625,9.5,34.33333333333333,8.11
2023-11-22,NORTE2,fuera_pico_10_12,1,0.8125,15.950000000000001,26.5,72.0,9.0
2023-11-22,NORTE2,pico_7_9,1,1.0474999999999999,29.375,9.75,80.0,11.0
2023-11-22,SUR,fuera_pico_10_12,1,0.97375,12.1125,28.625,68.375,11.666666666666666
2023-11-22,SUR,pico_7_9,1,1.2037499999999999,23.325,9.75,46.125,12.0
2023-11-22,SUROESTE2,fuera_pico_10_12,1,0.9299999999999999,18.025,29.75,32.5,10.52
2023-11-22,SUROESTE2,pico_7_9,1,0.9025000000000001,17.5,24.5,22.25,6.4975000000000005
2023-11-23,CENTRO,fuera_pico_10_12,1,2.0230752579310867,22.47374228334566,14.741695108179345,55.961365650429855,33.77245654026009
2023-11-23,CENTRO,pico_7_9,1,1.7899297725447822,23.490138619422392,11.866038400713878,45.59192463673233,23.42745381528956
2023-11-23,NORESTE3,fuera_pico_10_12,0,1.9813333333333332,18.416666666666664,23.25,49.0,31.75
2023-11-23,NORESTE3,pico_7_9,0,2.2718333333333334,21.4,12.383333333333333,30.0,12.75
2023-11-23,NOROESTE3,fuera_pico_10_12,0,1.5975000000000001,16.225,13.75,41.16666666666667,25.770000000000003
2023-11-23,NOROESTE3,pico_7_9,0,1.2750000000000001,14.55,15.75,20.833333333333336,7.1925
2023-11-23,NORTE2,fuera_pico_10_12,1,1.36,30.725,15.75,71.25,22.0
2023-11-23,NORTE2,pico_7_9,1,0.9149999999999999,26.5,8.75,34.75,13.75
2023-11-23,SUR,fuera_pico_10_12,1,1.1075,11.575,24.25,40.5,15.673333333333334
2023-11-23,SUR,pico_7_9,1,1.23875,17.012500000000003,12.375,22.75,10.608333333333334
2023-11-23,SUROESTE2,fuera_pico_10_12,1,1.2625000000000002,21.525,20.5,53.75,32.635
2023-11-23,SUROESTE2,pico_7_9,1,1.315,25.9,9.25,38.75,23.627499999999998
2023-11-24,CENTRO,fuera_pico_10_12,1,1.45,35.0,22.5,104.0,53.5
2023-11-24,CENTRO,pico_7_9,1,1.37,20.1,10.785714285714285,73.0,38.0
2023-11-24,NORESTE3,fuera_pico_10_12,0,1.9431666666666665,19.333333333333336,27.43333333333333,79.83333333333334,34.75
2023-11-24,NORESTE3,pico_7_9,0,2.384,23.21666666666667,8.925,86.0,30.0
2023-11-24,NOROESTE3,fuera_pico_10_12,0,1.7374999999999998,17.375,15.5,107.66666666666666,25.98
2023-11-24,NOROESTE3,pico_7_9,0,1.96,14.375,6.5,89.0,30.4725
2023-11-24,NORTE2,fuera_pico_10_12,1,1.3025,29.925,18.75,108.0,23.5
2023-11-24,NORTE2,pico_7_9,1,1.5725,24.825,11.0,117.25,31.0
2023-11-24,SUR,fuera_pico_10_12,1,1.54125,33.95,21.0,97.625,30.86
2023-11-24,SUR,pico_7_9,1,1.72125,20.762500000000003,8.333333333333334,82.0,29.22833333333333
2023-11-24,SUROESTE2,fuera_pico_10_12,1,1.3725,30.725,27.25,113.0,49.2575
2023-11-24,SUROESTE2,pico_7_9,1,1.89,20.049999999999997,9.75,79.0,39.35
2023-11-25,CENTRO,fuera_pico_10_12,1,1.275,19.9,16.5,36.0,12.0
2023-11-25,CENTRO,pico_7_9,1,1.03,12.5,22.5,32.0,9.0
2023-11-25,NORESTE3,fuera_pico_10_12,0,1.8891666666666667,14.816666666666666,23.683333333333334,36.16666666666667,13.75
2023-11-25,NORESTE3,pico_7_9,0,1.8011666666666666,14.483333333333334,21.05,42.5,15.5
2023-11-25,NOROESTE3,fuera_pico_10_12,0,1.2375,8.424999999999999,18.75,16.833333333333336,6.675
2023-11-25,NOROESTE3,pico_7_9,0,1.25,8.025,19.5,22.833333333333336,11.915
2023-11-25,NORTE2,fuera_pico_10_12,1,0.935,18.825,16.75,36.75,10.5
2023-11-25,NORTE2,pico_7_9,1,0.7525,15.125,19.25,40.75,16.0
2023-11-25,SUR,fuera_pico_10_12,1,1.07125,9.9625,20.0,25.5,8.898333333333333
2023-11-25,SUR,pico_7_9,1,0.94375,7.6875,23.75,23.75,10.0
2023-11-25,SUROESTE2,fuera_pico_10_12,1,1.075,19.55,18.5,32.0,17.335
2023-11-25,SUROESTE2,pico_7_9,1,0.895,15.700000000000001,17.25,24.25,13.605
2023-11-26,CENTRO,fuera_pico_10_12,1,1.8450000000000002,24.200000000000003,12.5,94.0,50.5
2023-11-26,CENTRO,pico_7_9,1,1.615,19.15,9.0,64.0,38.5
2023-11-26,NORESTE3,fuera_pico_10_12,0,1.662,6.383333333333334,23.083333333333332,28.833333333333336,7.5
2023-11-26,NORESTE3,pico_7_9,0,1.7231666666666667,10.716666666666665,16.141666666666666,41.16666666666666,15.0
2023-11-26,NOROESTE3,fuera_pico_10_12,0,1.6675,14.425,12.75,56.83333333333333,25.64
2023-11-26,NOROESTE3,pico_7_9,0,1.4449999999999998,13.2,8.0,53.66666666666666,25.25
2023-11-26,NORTE2,fuera_pico_10_12,1,0.995,13.899999999999999,14.0,59.5,15.25
2023-11-26,NORTE2,pico_7_9,1,1.095,17.7,9.0,86.25,28.0
2023-11-26,SUR,fuera_pico_10_12,1,1.0075,9.4375,20.83333333333333,38.70833333333333,12.7225
2023-11-26,SUR,pico_7_9,1,1.1600000000000001,14.587499999999999,9.875,54.875,24.00125
2023-11-26,SUROESTE2,fuera_pico_10_12,1,1.2650000000000001,21.95,17.0,65.25,32.6175
2023-11-26,SUROESTE2,pico_7_9,1,1.1275,15.750000000000002,15.0,63.0,34.2525
2023-11-27,CENTRO,fuera_pico_10_12,1,1.615,22.4,13.0,34.5,16.5
2023-11-27,CENTRO,pico_7_9,1,1.295,17.7,18.0,29.0,13.5
2023-11-27,NORESTE3,fuera_pico_10_12,0,1.8771666666666667,15.15,17.616666666666667,25.666666666666668,7.5
2023-11-27,NORESTE3,pico_7_9,0,1.8744999999999998,14.549999999999999,19.65,24.83333333333333,7.25
2023-11-27,NOROESTE3,fuera_pico_10_12,0,1.1775,10.25,15.0,10.666666666666668,3.89
2023-11-27,NOROESTE3,pico_7_9,0,1.1150000000000002,9.65,18.0,12.333333333333334,5.10375
2023-11-27,NORTE2,fuera_pico_10_12,1,0.9625,19.3,13.75,23.0,7.75
2023-11-27,NORTE2,pico_7_9,1,0.7775000000000001,17.5,15.5,17.5,5.5
2023-11-27,SUR,fuera_pico_10_12,1,1.15875,11.8875,17.499999999999996,22.375,8.239166666666666
2023-11-27,SUR,pico_7_9,1,1.0750000000000002,11.9875,19.625,20.25,9.25
2023-11-27,SUROESTE2,fuera_pico_10_12,1,1.19,20.900000000000002,13.0,21.75,16.125
2023-11-27,SUROESTE2,pico_7_9,1,0.9925,14.8,20.25,12.0,5.6675
2023-11-28,CENTRO,fuera_pico_10_12,1,1.68,21.1,11.0,35.0,20.5
2023-11-28,CENTRO,pico_7_9,1,1.4649999999999999,22.549999999999997,10.0,51.0,28.0
2023-11-28,NORESTE3,fuera_pico_10_12,0,2.024166666666667,16.583333333333332,17.366666666666667,26.33333333333333,16.0
2023-11-28,NORESTE3,pico_7_9,0,1.9348333333333332,18.5,12.216666666666669,36.83333333333333,19.75
2023-11-28,NOROESTE3,fuera_pico_10_12,0,1.3375,12.75,8.25,27.166666666666664,12.1375
2023-11-28,NOROESTE3,pico_7_9,0,1.49,15.45,5.75,30.83333333333333,17.07
2023-11-28,NORTE2,fuera_pico_10_12,1,1.1749999999999998,21.525,10.25,35.25,15.25
2023-11-28,NORTE2,pico_7_9,1,0.825,20.85,9.25,39.0,13.5
2023-11-28,SUR,fuera_pico_10_12,1,1.1675,12.8125,11.5,17.75,6.25
2023-11-28,SUR,pico_7_9,1,1.1437499999999998,16.3875,7.875,31.875,17.875
2023-11-28,SUROESTE2,fuera_pico_10_12,1,1.4049999999999998,22.15,10.0,32.75,20.3925
2023-11-28,SUROESTE2,pico_7_9,1,1.395,24.35,8.25,35.0,22.0
2023-11-29,CENTRO,fuera_pico_10_12,1,2.2,29.35,10.0,46.0,33.5
2023-11-29,CENTRO,pico_7_9,1,1.81,24.5,11.0,34.5,24.0
2023-11-29,NORESTE3,fuera_pico_10_12,0,2.051833333333333,19.98333333333333,17.7,21.333333333333336,8.5
2023-11-29,NORESTE3,pico_7_9,0,1.9528333333333332,17.083333333333332,20.8,25.83333333333333,8.0
2023-11-29,NOROESTE3,fuera_pico_10_12,0,1.49,16.175,8.0,16.565,7.8999999999999995
2023-11-29,NOROESTE3,pico_7_9,0,1.3575,16.075,8.75,13.841666666666665,8.27
2023-11-29,NORTE2,fuera_pico_10_12,1,1.37,29.450000000000003,11.25,28.75,16.25
2023-11-29,NORTE2,pico_7_9,1,0.965,26.725,9.75,30.0,12.0
2023-11-29,SUR,fuera_pico_10_12,1,1.4575,21.700000000000003,11.75,26.75,10.3
2023-11-29,SUR,pico_7_9,1,1.16875,20.487499999999997,8.75,21.75,12.549999999999999
2023-11-29,SUROESTE2,fuera_pico_10_12,1,1.7625,25.0,10.5,32.25,19.8
2023-11-29,SUROESTE2,pico_7_9,1,1.49,24.525,9.0,36.25,20.9175
2023-11-30,CENTRO,fuera_pico_10_12,1,2.87,38.7,12.5,138.0,78.5
2023-11-30,CENTRO,pico_7_9,1,2.205,21.85,10.0,129.0,103.0
2023-11-30,NORESTE3,fuera_pico_10_12,0,2.2380000000000004,17.416666666666664,16.633333333333333,54.66666666666667,28.25
2023-11-30,NORESTE3,pico_7_9,0,2.3183333333333334,18.183333333333334,9.525,47.16666666666667,24.25
2023-11-30,NOROESTE3,fuera_pico_10_12,0,1.875,16.275,10.0,55.485,23.0475
2023-11-30,NOROESTE3,pico_7_9,0,1.6124999999999998,11.075,6.0,34.61666666666667,18.369999999999997
2023-11-30,NORTE2,fuera_pico_10_12,1,2.555,36.650000000000006,12.5,106.75,32.25
2023-11-30,NORTE2,pico_7_9,1,1.3425,18.85,10.833333333333332,64.75,21.0
2023-11-30,SUR,fuera_pico_10_12,1,1.63625,22.2,15.0,68.0,32.56
2023-11-30,SUR,pico_7_9,1,1.75625,19.525,10.5,63.25,33.08166666666667
2023-11-30,SUROESTE2,fuera_pico_10_12,1,2.315,40.55,15.5,145.75,39.0625
2023-11-30,SUROESTE2,pico_7_9,1,2.6225,22.650000000000002,10.0,90.25,55.375
2023-12-01,CENTRO,fuera_pico_10_12,1,3.08,42.25,11.0,146.5,96.5
2023-12-01,CENTRO,pico_7_9,1,2.7350000000000003,27.05,9.75,113.5,75.5
2023-12-01,NORESTE3,fuera_pico_10_12,0,1.9198333333333333,11.425,16.233333333333334,64.16666666666666,13.5
2023-12-01,NORESTE3,pico_7_9,0,2.3193333333333337,18.066666666666663,6.6,83.66666666666667,34.0
2023-12-01,NOROESTE3,fuera_pico_10_12,0,2.3525,21.4,7.25,124.33333333333334,38.1975
2023-12-01,NOROESTE3,pico_7_9,0,2.995,15.274999999999999,6.050000000000001,93.83333333333334,36.025000000000006
2023-12-01,NORTE2,fuera_pico_10_12,1,1.5,25.675,11.5,177.5,27.25
2023-12-01,NORTE2,pico_7_9,1,1.87,26.95,10.25,130.0,37.25
2023-12-01,SUR,fuera_pico_10_12,1,1.4175,20.2125,14.0,108.5,34.2575
2023-12-01,SUR,pico_7_9,1,2.15125,26.025,12.75,121.875,54.04625
2023-12-01,SUROESTE2,fuera_pico_10_12,1,3.4225000000000003,54.35,13.5,228.75,109.005
2023-12-01,SUROESTE2,pico_7_9,1,3.065,30.05,9.75,106.0,72.09
2023-12-02,CENTRO,fuera_pico_10_12,0,2.925,52.45,15.5,120.5,65.0
2023-12-02,CENTRO,pico_7_9,0,2.915,19.4,9.5,124.5,58.5
2023-12-02,NORESTE3,fuera_pico_10_12,0,2.4459999999999997,25.25,16.28333333333333,80.66666666666666,32.5
2023-12-02,NORESTE3,pico_7_9,0,2.3263333333333334,25.116666666666664,8.55,55.0,34.25
2023-12-02,NOROESTE3,fuera_pico_10_12,0,3.1125,32.45,12.0,128.16666666666669,48.05
2023-12-02,NOROESTE3,pico_7_9,0,2.4400000000000004,13.149999999999999,6.7272727272727275,82.5,27.4
2023-12-02,NORTE2,fuera_pico_10_12,1,2.5425,41.175,12.5,143.0,43.5
2023-12-02,NORTE2,pico_7_9,1,2.1550000000000002,21.85,11.5,72.75,23.75
2023-12-02,SUR,fuera_pico_10_12,1,2.185,36.9875,17.166666666666668,95.5,61.410000000000004
2023-12-02,SUR,pico_7_9,1,2.3,22.9125,13.5,84.125,59.736666666666665
2023-12-02,SUROESTE2,fuera_pico_10_12,1,1.7675,43.925,25.25,203.5,56.6875
2023-12-02,SUROESTE2,pico_7_9,1,1.94,26.775,10.25,118.25,45.067499999999995
2023-12-03,CENTRO,fuera_pico_10_12,0,2.01,28.5,20.0,105.5,43.0
2023-12-03,CENTRO,pico_7_9,0,2.0149999999999997,20.700000000000003,9.25,93.5,56.0
2023-12-03,NORESTE3,fuera_pico_10_12,0,1.9921666666666664,19.416666666666664,20.233333333333334,75.0,24.5
2023-12-03,NORESTE3,pico_7_9,0,2.0438333333333336,20.25,7.9,68.0,28.0
2023-12-03,NOROESTE3,fuera_pico_10_12,0,1.975,20.525,12.75,75.66666666666667,27.32
2023-12-03,NOROESTE3,pico_7_9,0,1.7725,15.05,6.0,73.66666666666666,29.3675
2023-12-03,NORTE2,fuera_pico_10_12,1,1.2675,31.925,16.75,79.5,13.25
2023-12-03,NORTE2,pico_7_9,1,1.285,25.700000000000003,10.0,99.0,27.25
2023-12-03,SUR,fuera_pico_10_12,1,1.54375,24.262500000000003,18.666666666666664,93.625,41.49333333333333
2023-12-03,SUR,pico_7_9,1,1.85,15.887500000000001,12.0,88.25,48.419999999999995
2023-12-03,SUROESTE2,fuera_pico_10_12,1,1.45,26.0,22.5,101.75,36.7625
2023-12-03,SUROESTE2,pico_7_9,1,1.6400000000000001,26.375,9.75,97.25,44.769999999999996
2023-12-04,CENTRO,fuera_pico_10_12,0,2.545,37.85,15.5,130.0,39.0
2023-12-04,CENTRO,pico_7_9,0,2.205,25.549999999999997,9.25,83.5,33.5
2023-12-04,NORESTE3,fuera_pico_10_12,0,2.3,25.1,21.4,166.66666666666669,24.0
2023-12-04,NORESTE3,pico_7_9,0,2.8484999999999996,27.183333333333337,9.15,108.16666666666666,29.75
2023-12-04,NOROESTE3,fuera_pico_10_12,0,1.54,16.35,17.0,63.16666666666667,20.135
2023-12-04,NOROESTE3,pico_7_9,0,1.2774999999999999,13.975000000000001,14.5,48.66666666666666,13.815000000000001
2023-12-04,NORTE2,fuera_pico_10_12,1,2.575,43.85,15.5,202.5,29.75
2023-12-04,NORTE2,pico_7_9,1,1.37,31.275,9.0,88.25,18.25
2023-12-04,SUR,fuera_pico_10_12,1,1.8562500000000002,30.9375,19.5,183.25,44.75
2023-12-04,SUR,pico_7_9,1,2.7337500000000006,21.925,8.666666666666668,116.75,56.75
2023-12-04,SUROESTE2,fuera_pico_10_12,1,1.9375,29.575,18.25,190.5,32.095
2023-12-04,SUROESTE2,pico_7_9,1,1.9425,26.625,10.5,103.75,37.1575
2023-12-05,CENTRO,fuera_pico_10_12,0,2.825,54.95,16.0,148.0,65.5
2023-12-05,CENTRO,pico_7_9,0,2.3899999999999997,26.95,9.625,96.0,31.5
2023-12-05,NORESTE3,fuera_pico_10_12,0,2.4453333333333336,33.333333333333336,19.366666666666667,158.83333333333331,40.25
2023-12-05,NORESTE3,pico_7_9,0,2.5815,25.3,6.35,144.83333333333331,37.25
2023-12-05,NOROESTE3,fuera_pico_10_12,0,2.2175000000000002,23.05,12.25,124.83333333333331,31.89
2023-12-05,NOROESTE3,pico_7_9,0,2.025,17.275,7.25,89.33333333333334,26.54
2023-12-05,NORTE2,fuera_pico_10_12,1,2.2,45.275000000000006,15.5,192.25,36.5
2023-12-05,NORTE2,pico_7_9,1,2.0300000000000002,28.575,11.0,199.25,39.5
2023-12-05,SUR,fuera_pico_10_12,1,1.7974999999999999,38.9,19.33333333333333,147.25,59.75
2023-12-05,SUR,pico_7_9,1,1.99875,24.112499999999997,9.5,112.125,65.5
2023-12-05,SUROESTE2,fuera_pico_10_12,1,2.1275,62.5,21.75,172.25,69.8275
2023-12-05,SUROESTE2,pico_7_9,1,2.235,29.075,10.5,106.0,43.75
2023-12-06,CENTRO,fuera_pico_10_12,0,1.9649999999999999,23.799999999999997,23.5,70.5,25.935
2023-12-06,CENTRO,pico_7_9,0,1.8699999999999999,26.55,11.0,51.5,19.115
2023-12-06,NORESTE3,fuera_pico_10_12,0,1.9409999999999998,19.383333333333333,27.9,54.66666666666667,14.25
2023-12-06,NORESTE3,pico_7_9,0,2.0533333333333332,24.5,10.8,55.66666666666667,18.75
2023-12-06,NOROESTE3,fuera_pico_10_12,0,1.2825000000000002,10.375,24.5,49.0,13.99
2023-12-06,NOROESTE3,pico_7_9,0,1.46,17.1,7.0,69.33333333333333,20.9775
2023-12-06,NORTE2,fuera_pico_10_12,1,1.125,26.5,20.5,74.25,16.0
2023-12-06,NORTE2,pico_7_9,1,1.055,24.65,12.0,76.5,22.5
2023-12-06,SUR,fuera_pico_10_12,1,1.49875,18.4,23.5,88.0,25.75
2023-12-06,SUR,pico_7_9,1,1.61875,22.625,9.0,75.875,31.75
2023-12-06,SUROESTE2,fuera_pico_10_12,1,1.3074999999999999,20.325000000000003,24.75,50.25,21.09
2023-12-06,SUROESTE2,pico_7_9,1,1.2925,19.424999999999997,13.5,61.75,22.28
2023-12-07,CENTRO,fuera_pico_10_12,0,1.67,24.7,13.0,35.0,12.620000000000001
2023-12-07,CENTRO,pico_7_9,0,1.425,21.1,15.5,33.5,10.235
2023-12-07,NORESTE3,fuera_pico_10_12,0,2.1493333333333333,19.683333333333334,17.983333333333334,27.0,11.25
2023-12-07,NORESTE3,pico_7_9,0,2.033,20.049999999999997,17.6,25.666666666666668,8.75
2023-12-07,NOROESTE3,fuera_pico_10_12,0,1.4849999999999999,12.425,13.5,21.833333333333336,12.385000000000002
2023-12-07,NOROESTE3,pico_7_9,0,1.3725,12.375,14.75,17.5,12.495
2023-12-07,NORTE2,fuera_pico_10_12,1,1.18,21.125,15.75,43.75,12.0
2023-12-07,NORTE2,pico_7_9,1,0.96,19.65,16.25,26.5,11.25
2023-12-07,SUR,fuera_pico_10_12,0,1.1375,11.837499999999999,16.875,22.375,7.25
2023-12-07,SUR,pico_7_9,0,1.1275,14.8125,14.625,21.0,8.25
2023-12-07,SUROESTE2,fuera_pico_10_12,0,1.3725,22.200000000000003,17.0,33.75,16.6675
2023-12-07,SUROESTE2,pico_7_9,0,1.155,19.225,17.75,35.25,15.805
2023-12-08,CENTRO,fuera_pico_10_12,0,2.7,42.15,15.5,128.5,50.5
2023-12-08,CENTRO,pico_7_9,0,2.19,17.75,10.25,88.5,40.099999999999994
2023-12-08,NORESTE3,fuera_pico_10_12,0,3.0629999999999997,35.25,17.03333333333333,136.0,46.25
2023-12-08,NORESTE3,pico_7_9,0,2.9168333333333334,18.4,6.3,84.5,43.0
2023-12-08,NOROESTE3,fuera_pico_10_12,0,1.4649999999999999,11.225,14.25,48.0,12.495000000000001
2023-12-08,NOROESTE3,pico_7_9,0,1.5925,13.325,6.875,46.66666666666667,21.2325
2023-12-08,NORTE2,fuera_pico_10_12,1,2.8025,44.8,13.0,196.0,37.25
2023-12-08,NORTE2,pico_7_9,1,2.2175000000000002,20.875,10.875,114.25,31.0
2023-12-08,SUR,fuera_pico_10_12,0,2.16375,34.05,18.333333333333332,124.0,44.75
2023-12-08,SUR,pico_7_9,0,2.17875,13.6,10.75,83.0,34.5
2023-12-08,SUROESTE2,fuera_pico_10_12,0,1.54,22.4,23.5,92.5,27.35
2023-12-08,SUROESTE2,pico_7_9,0,1.89,20.799999999999997,9.5,53.25,16.7025
2023-12-09,CENTRO,fuera_pico_10_12,0,2.105,38.3,20.5,81.5,27.98867128434415
2023-12-09,CENTRO,pico_7_9,0,1.4649999999999999,24.8,12.5,45.5,20.17097253091937
2023-12-09,NORESTE3,fuera_pico_10_12,0,2.8365,36.81666666666666,18.01666666666667,196.16666666666666,40.5
2023-12-09,NORESTE3,pico_7_9,0,3.176,23.733333333333334,7.574999999999999,147.0,50.5
2023-12-09,NOROESTE3,fuera_pico_10_12,0,1.4866666666666668,16.150000000000002,13.833333333333332,70.5,22.415
2023-12-09,NOROESTE3,pico_7_9,0,1.3449999999999998,17.616666666666667,6.0,46.83333333333333,10.495000000000001
2023-12-09,NORTE2,fuera_pico_10_12,1,2.4525,56.05,15.0,165.5,27.75
2023-12-09,NORTE2,pico_7_9,1,1.6775,23.825,10.75,113.25,20.25
2023-12-09,SUR,fuera_pico_10_12,0,1.9812500000000002,32.825,24.166666666666664,183.0,44.5
2023-12-09,SUR,pico_7_9,0,2.05875,20.025,11.333333333333332,113.25,53.75
2023-12-09,SUROESTE2,fuera_pico_10_12,0,1.23,21.475,26.25,110.5,21.71
2023-12-09,SUROESTE2,pico_7_9,0,1.5325,25.425,12.25,71.0,23.134999999999998
2023-12-10,CENTRO,fuera_pico_10_12,0,1.21,10.3,36.0,39.5,14.348631550426237
2023-12-10,CENTRO,pico_7_9,0,1.16,16.2,28.0,45.0,11.752723724372572
2023-12-10,NORESTE3,fuera_pico_10_12,0,1.758,5.083333333333334,38.41666666666666,37.16666666666667,6.0
2023-12-10,NORESTE3,pico_7_9,0,1.7333333333333334,6.116666666666667,33.266666666666666,44.41666666666667,4.0
2023-12-10,NOROESTE3,fuera_pico_10_12,0,1.0883333333333334,7.5,27.666666666666664,27.666666666666664,8.835
2023-12-10,NOROESTE3,pico_7_9,0,1.0716666666666668,7.366666666666667,28.666666666666668,30.333333333333336,4.545
2023-12-10,NORTE2,fuera_pico_10_12,1,0.6575,8.2,34.0,36.0,5.5
2023-12-10,NORTE2,pico_7_9,1,0.555,11.95,32.75,37.0,3.0
2023-12-10,SUR,fuera_pico_10_12,0,0.9775,4.85,38.5,37.125,5.75
2023-12-10,SUR,pico_7_9,0,0.96,6.5875,34.666666666666664,36.375,7.25
2023-12-10,SUROESTE2,fuera_pico_10_12,0,0.855,10.725,37.5,26.0,6.6875
2023-12-10,SUROESTE2,pico_7_9,0,0.7725,9.95,36.0,34.25,5.922499999999999
2023-12-11,CENTRO,fuera_pico_10_12,0,2.44,40.95,13.0,137.5,40.53729834144069
2023-12-11,CENTRO,pico_7_9,0,1.78,28.15,10.5,125.5,46.00386363636364
2023-12-11,NORESTE3,fuera_pico_10_12,0,2.2398333333333333,22.483333333333334,17.633333333333333,141.5,29.5
2023-12-11,NORESTE3,pico_7_9,0,2.5315,24.5,7.591666666666667,110.5,41.5
2023-12-11,NOROESTE3,fuera_pico_10_12,0,1.5466666666666669,19.833333333333336,12.666666666666668,72.83333333333334,19.84
2023-12-11,NOROESTE3,pico_7_9,0,1.375,18.5,8.0,48.0,15.9925
2023-12-11,NORTE2,fuera_pico_10_12,1,2.045,34.075,12.25,241.25,32.75
2023-12-11,NORTE2,pico_7_9,1,1.355,26.6,8.0,85.25,19.0
2023-12-11,SUR,fuera_pico_10_12,0,1.94375,35.7375,12.541666666666668,144.0,43.0
2023-12-11,SUR,pico_7_9,0,1.7262499999999998,28.45,7.541666666666667,88.5,33.0
2023-12-11,SUROESTE2,fuera_pico_10_12,0,1.9849999999999999,40.975,13.75,178.75,40.195
2023-12-11,SUROESTE2,pico_7_9,0,1.9125,28.85,7.5,71.5,43.7375
2023-12-12,CENTRO,fuera_pico_10_12,0,2.47,35.95,13.5,108.5,45.14636141174287
2023-12-12,CENTRO,pico_7_9,0,1.95,24.049999999999997,10.785714285714285,122.5,45.26908438818228
2023-12-12,NORESTE3,fuera_pico_10_12,0,2.557666666666666,31.683333333333337,9.833333333333334,160.66666666666666,42.5
2023-12-12,NORESTE3,pico_7_9,0,2.7763333333333335,25.266666666666666,7.35,126.16666666666666,42.5
2023-12-12,NOROESTE3,fuera_pico_10_12,0,2.13,19.816666666666663,10.333333333333334,124.16666666666666,38.005
2023-12-12,NOROESTE3,pico_7_9,0,2.425,14.733333333333334,6.625,80.5,26.057499999999997
2023-12-12,NORTE2,fuera_pico_10_12,1,1.7525,36.575,9.5,168.75,30.25
2023-12-12,NORTE2,pico_7_9,1,1.955,23.9,8.0,112.5,23.75
2023-12-12,SUR,fuera_pico_10_12,0,2.00875,31.325,10.625,124.875,42.105
2023-12-12,SUR,pico_7_9,0,1.92,20.9375,7.083333333333333,79.75,32.51833333333333
2023-12-12,SUROESTE2,fuera_pico_10_12,0,1.8275000000000001,30.65,19.0,150.0,42.4825
2023-12-12,SUROESTE2,pico_7_9,0,2.2275,24.125,11.833333333333334,89.5,51.962500000000006
2023-12-13,CENTRO,fuera_pico_10_12,0,1.895,24.3,12.0,54.0,27.592349369800168
2023-12-13,CENTRO,pico_7_9,0,1.48,16.7,16.0,38.0,18.59700661053822
2023-12-13,NORESTE3,fuera_pico_10_12,0,2.118666666666667,19.450000000000003,14.45,47.16666666666667,16.75
2023-12-13,NORESTE3,pico_7_9,0,1.9875,16.983333333333334,15.533333333333335,31.0,8.5
2023-12-13,NOROESTE3,fuera_pico_10_12,0,1.38,14.55,13.833333333333332,27.666666666666668,15.1025
2023-12-13,NOROESTE3,pico_7_9,0,1.16,9.666666666666668,18.0,22.5,10.254999999999999
2023-12-13,NORTE2,fuera_pico_10_12,1,1.2225000000000001,25.4,11.0,52.25,18.75
2023-12-13,NORTE2,pico_7_9,1,0.89,20.925,12.5,43.0,15.25
2023-12-13,SUR,fuera_pico_10_12,0,1.46,18.125,13.25,40.0,16.46
2023-12-13,SUR,pico_7_9,0,1.1887500000000002,14.6375,14.5,27.541666666666664,12.561666666666664
2023-12-13,SUROESTE2,fuera_pico_10_12,0,1.4775,23.05,12.25,45.75,30.4175
2023-12-13,SUROESTE2,pico_7_9,0,1.1349999999999998,18.8,12.25,35.0,24.9575
2023-12-14,CENTRO,fuera_pico_10_12,0,1.88,18.9,12.5,26.5,5.74
2023-12-14,CENTRO,pico_7_9,0,1.685,19.0,10.0,24.5,6.6899999999999995
2023-12-14,NORESTE3,fuera_pico_10_12,0,2.0631666666666666,15.516666666666667,22.299999999999997,22.5,8.75
2023-12-14,NORESTE3,pico_7_9,0,2.2751666666666663,17.766666666666666,18.183333333333334,19.666666666666664,5.5
2023-12-14,NOROESTE3,fuera_pico_10_12,0,1.3316666666666668,12.883333333333333,16.333333333333336,7.166666666666666,8.8
2023-12-14,NOROESTE3,pico_7_9,0,1.3366666666666664,10.416666666666666,14.5,5.0,5.3
2023-12-14,NORTE2,fuera_pico_10_12,1,1.1275,21.225,14.25,26.0,13.5
2023-12-14,NORTE2,pico_7_9,1,1.005,20.55,10.0,25.75,7.75
2023-12-14,SUR,fuera_pico_10_12,0,1.5283333333333333,10.775,20.0,20.166666666666664,7.75
2023-12-14,SUR,pico_7_9,0,1.4283333333333332,12.225,17.875,18.125,7.0
2023-12-14,SUROESTE2,fuera_pico_10_12,0,1.4049999999999998,16.8,16.5,28.75,8.8625
2023-12-14,SUROESTE2,pico_7_9,0,1.205,17.775,12.75,21.0,11.502500000000001
2023-12-15,CENTRO,fuera_pico_10_12,0,2.3,27.5,12.0,62.5,26.804521172165906
2023-12-15,CENTRO,pico_7_9,0,1.7599999999999998,22.95,9.0,41.0,20.969650045314612
2023-12-15,NORESTE3,fuera_pico_10_12,0,2.2714999999999996,22.78333333333333,14.166666666666668,46.0,14.75
2023-12-15,NORESTE3,pico_7_9,0,2.092,20.866666666666664,8.6,37.0,15.5
2023-12-15,NOROESTE3,fuera_pico_10_12,0,1.5266666666666668,16.9,9.333333333333332,35.83333333333333,25.5
2023-12-15,NOROESTE3,pico_7_9,0,1.4016666666666668,15.116666666666667,10.166666666666668,15.333333333333332,13.75
2023-12-15,NORTE2,fuera_pico_10_12,1,1.565,31.200000000000003,10.0,91.75,16.25
2023-12-15,NORTE2,pico_7_9,1,1.2975,23.15,10.0,99.0,15.75
2023-12-15,SUR,fuera_pico_10_12,0,1.8566666666666665,22.85,12.625,46.0,11.25
2023-12-15,SUR,pico_7_9,0,1.7249999999999999,19.4,7.375,22.0,8.25
2023-12-15,SUROESTE2,fuera_pico_10_12,0,1.74,26.075000000000003,13.25,57.25,27.384999999999998
2023-12-15,SUROESTE2,pico_7_9,0,1.27,20.375,12.5,31.5,17.72
2023-12-16,CENTRO,fuera_pico_10_12,0,1.695,21.75,23.0,58.0,13.061617352207143
2023-12-16,CENTRO,pico_7_9,0,1.56,22.9,15.5,40.0,15.172020542897005
2023-12-16,NORESTE3,fuera_pico_10_12,0,1.8691666666666666,10.349999999999998,31.966666666666665,56.0,9.5
2023-12-16,NORESTE3,pico_7_9,0,1.7904999999999998,10.166666666666666,27.75,37.33333333333333,6.0
2023-12-16,NOROESTE3,fuera_pico_10_12,0,1.3166666666666667,14.083333333333332,21.33333333333333,47.0,12.0
2023-12-16,NOROESTE3,pico_7_9,0,1.1466666666666665,13.783333333333331,13.833333333333334,25.0,4.5
2023-12-16,NORTE2,fuera_pico_10_12,0,1.045,18.75,23.5,64.5,10.0
2023-12-16,NORTE2,pico_7_9,0,0.8,16.575000000000003,21.75,40.75,7.75
2023-12-16,SUR,fuera_pico_10_12,0,1.4400000000000002,12.066666666666666,29.166666666666664,45.0,9.5
2023-12-16,SUR,pico_7_9,0,1.3416666666666668,11.0,26.75,28.375,9.25
2023-12-16,SUROESTE2,fuera_pico_10_12,0,1.1875,16.825000000000003,26.25,70.25,10.79
2023-12-16,SUROESTE2,pico_7_9,0,1.1575,23.1,12.75,29.0,12.0425
2023-12-17,CENTRO,fuera_pico_10_12,0,1.42,14.1,29.5,40.5,21.09545376471067
2023-12-17,CENTRO,pico_7_9,0,1.4,18.35,14.0,41.5,19.35422043495205
2023-12-17,NORESTE3,fuera_pico_10_12,0,2.3920000000000003,23.666666666666664,23.983333333333334,98.16666666666666,37.5
2023-12-17,NORESTE3,pico_7_9,0,2.9111666666666665,20.366666666666667,4.300000000000001,129.5,47.5
2023-12-17,NOROESTE3,fuera_pico_10_12,0,1.7999999999999998,16.916666666666664,12.0,61.833333333333336,35.0
2023-12-17,NOROESTE3,pico_7_9,0,1.87,14.1,5.5,60.16666666666666,38.5
2023-12-17,NORTE2,fuera_pico_10_12,0,1.08,25.15,21.0,92.75,19.25
2023-12-17,NORTE2,pico_7_9,0,1.9525000000000001,21.475,9.0,90.0,23.0
2023-12-17,SUR,fuera_pico_10_12,0,1.76,21.625,27.625,86.625,26.83333333333333
2023-12-17,SUR,pico_7_9,0,2.0275,17.025,9.791666666666668,93.75,46.83333333333333
2023-12-17,SUROESTE2,fuera_pico_10_12,0,1.025,12.4,28.0,45.25,14.3775
2023-12-17,SUROESTE2,pico_7_9,0,1.275,16.225,15.75,39.25,15.5225
2023-12-18,CENTRO,fuera_pico_10_12,0,1.9249999999999998,30.3,22.5,73.0,31.036720194913755
2023-12-18,CENTRO,pico_7_9,0,1.8849999999999998,26.299999999999997,10.5,56.5,31.992882958298395
2023-12-18,NORESTE3,fuera_pico_10_12,0,2.7053333333333334,33.05,20.383333333333333,174.66666666666666,40.5
2023-12-18,NORESTE3,pico_7_9,0,2.9238333333333335,25.35,4.1,128.0,48.25
2023-12-18,NOROESTE3,fuera_pico_10_12,0,1.8633333333333333,21.53333333333333,11.833333333333332,95.83333333333334,55.5
2023-12-18,NOROESTE3,pico_7_9,0,1.8933333333333335,18.566666666666663,5.0,76.16666666666666,40.0
2023-12-18,NORTE2,fuera_pico_10_12,0,1.8375000000000001,37.875,17.0,197.0,31.25
2023-12-18,NORTE2,pico_7_9,0,1.74,26.675,12.0,133.0,32.5
2023-12-18,SUR,fuera_pico_10_12,0,1.9625,34.175,19.25,126.0,39.91041666666666
2023-12-18,SUR,pico_7_9,0,2.5012499999999998,24.8875,7.916666666666666,90.375,55.41666666666667
2023-12-18,SUROESTE2,fuera_pico_10_12,0,1.4725000000000001,28.8,24.75,95.5,26.485
2023-12-18,SUROESTE2,pico_7_9,0,1.6375,23.725,11.25,62.0,25.427500000000002
2023-12-19,CENTRO,fuera_pico_10_12,0,2.265,43.150000000000006,16.0,90.5,48.0
2023-12-19,CENTRO,pico_7_9,0,1.86,30.65,10.25,73.5,37.0
2023-12-19,NORESTE3,fuera_pico_10_12,0,2.2435,23.15,23.93333333333333,116.49999999999999,23.5
2023-12-19,NORESTE3,pico_7_9,0,2.4105,25.8,3.0999999999999996,108.5,32.75
2023-12-19,NOROESTE3,fuera_pico_10_12,0,1.6049999999999998,20.766666666666666,16.666666666666668,96.16666666666669,30.5
2023-12-19,NOROESTE3,pico_7_9,0,2.0583333333333336,21.116666666666667,8.0,73.5,32.5
2023-12-19,NORTE2,fuera_pico_10_12,0,1.28,33.275,18.0,130.75,22.0
2023-12-19,NORTE2,pico_7_9,0,1.425,36.475,10.25,117.5,18.5
2023-12-19,SUR,fuera_pico_10_12,0,1.77125,29.674999999999997,20.5,125.875,35.49875
2023-12-19,SUR,pico_7_9,0,2.40875,24.9,8.125,127.625,41.765
2023-12-19,SUROESTE2,fuera_pico_10_12,0,1.8824999999999998,32.975,17.75,114.25,28.375
2023-12-19,SUROESTE2,pico_7_9,0,1.4874999999999998,28.049999999999997,6.75,92.25,28.1375
2023-12-20,CENTRO,fuera_pico_10_12,0,1.85,25.6,14.5,73.5,40.5
2023-12-20,CENTRO,pico_7_9,0,1.73,23.75,9.5,68.0,31.5
2023-12-20,NORESTE3,fuera_pico_10_12,0,2.0358333333333336,20.15,20.916666666666664,98.5,20.75
2023-12-20,NORESTE3,pico_7_9,0,2.4065000000000003,22.18333333333333,6.775,86.83333333333334,23.5
2023-12-20,NOROESTE3,fuera_pico_10_12,0,1.3333333333333333,16.15,12.583333333333334,63.833333333333336,32.0
2023-12-20,NOROESTE3,pico_7_9,0,1.4,17.46666666666667,6.416666666666666,50.16666666666666,24.5
2023-12-20,NORTE2,fuera_pico_10_12,0,1.1825,30.475,15.75,102.5,21.0
2023-12-20,NORTE2,pico_7_9,0,1.15,27.425,7.5,102.25,20.75
2023-12-20,SUR,fuera_pico_10_12,0,1.5725,23.3375,17.375,105.5,28.92125
2023-12-20,SUR,pico_7_9,0,2.08625,25.3,7.666666666666667,118.125,27.71125
2023-12-20,SUROESTE2,fuera_pico_10_12,0,1.8875,29.775,10.5,123.0,46.879999999999995
2023-12-20,SUROESTE2,pico_7_9,0,1.7325,20.950000000000003,7.25,95.5,41.53
2023-12-21,CENTRO,fuera_pico_10_12,0,1.76,21.9,17.0,76.5,52.5
2023-12-21,CENTRO,pico_7_9,0,1.74,19.9,13.5,62.0,35.5
2023-12-21,NORESTE3,fuera_pico_10_12,0,2.1271666666666667,18.1,22.983333333333334,121.0,22.75
2023-12-21,NORESTE3,pico_7_9,0,2.434833333333333,21.083333333333332,7.166666666666666,63.16666666666667,18.75
2023-12-21,NOROESTE3,fuera_pico_10_12,0,1.3233333333333333,12.95,14.833333333333332,66.83333333333333,21.0
2023-12-21,NOROESTE3,pico_7_9,0,1.2816666666666667,14.98333333333333,11.25,42.33333333333333,33.0
2023-12-21,NORTE2,fuera_pico_10_12,0,1.01,22.725,19.25,74.5,18.0
2023-12-21,NORTE2,pico_7_9,0,1.275,24.825000000000003,12.0,79.0,22.5
2023-12-21,SUR,fuera_pico_10_12,0,1.4837500000000001,17.7125,23.625,103.375,27.25125
2023-12-21,SUR,pico_7_9,0,1.8675,23.7375,7.875,72.875,26.771250000000002
2023-12-21,SUROESTE2,fuera_pico_10_12,0,1.5225,26.7,12.25,115.75,63.504999999999995
2023-12-21,SUROESTE2,pico_7_9,0,1.6349999999999998,20.625,7.0,89.75,50.84
2023-12-22,CENTRO,fuera_pico_10_12,0,3.055,32.5,9.884615384615387,148.0,68.5
2023-12-22,CENTRO,pico_7_9,0,2.49,29.85,9.05823894739678,125.0,68.5
2023-12-22,NORESTE3,fuera_pico_10_12,0,2.001333333333333,16.2,16.75,56.5,19.5
2023-12-22,NORESTE3,pico_7_9,0,2.008,20.116666666666667,7.55,57.333333333333336,24.0
2023-12-22,NOROESTE3,fuera_pico_10_12,0,2.0133333333333336,18.583333333333332,6.25,139.83333333333331,42.5
2023-12-22,NOROESTE3,pico_7_9,0,1.9183333333333334,19.416666666666668,5.722222222222222,122.33333333333334,36.5
2023-12-22,NORTE2,fuera_pico_10_12,0,1.4,24.35,11.0,119.5,28.75
2023-12-22,NORTE2,pico_7_9,0,1.6,30.325,11.5,145.0,34.75
2023-12-22,SUR,fuera_pico_10_12,0,1.64625,19.325000000000003,16.166666666666664,68.625,27.2425
2023-12-22,SUR,pico_7_9,0,1.7175,20.487499999999997,10.5,75.875,30.713750000000005
2023-12-22,SUROESTE2,fuera_pico_10_12,0,2.995,44.25,8.5,216.0,108.125
2023-12-22,SUROESTE2,pico_7_9,0,2.295,28.35,6.75,153.75,75.7625
2023-12-23,CENTRO,fuera_pico_10_12,0,1.9649999999999999,21.299999999999997,10.5,72.0,37.0
2023-12-23,CENTRO,pico_7_9,0,1.655,18.45,12.0,52.0,32.5
2023-12-23,NORESTE3,fuera_pico_10_12,0,2.0281666666666665,11.966666666666669,16.0,62.66833333333334,19.57
2023-12-23,NORESTE3,pico_7_9,0,1.9629999999999999,17.81666666666667,9.9,49.971666666666664,18.455
2023-12-23,NOROESTE3,fuera_pico_10_12,0,1.4566666666666666,11.433333333333334,12.0,37.5,22.5
2023-12-23,NOROESTE3,pico_7_9,0,1.3250000000000002,10.216666666666665,13.666666666666666,35.33333333333333,18.25
2023-12-23,NORTE2,fuera_pico_10_12,0,1.0325,17.1,14.75,71.0,20.0
2023-12-23,NORTE2,pico_7_9,0,1.01,21.450000000000003,8.25,63.25,24.25
2023-12-23,SUR,fuera_pico_10_12,0,1.49625,10.3625,14.875,51.5,16.19125
2023-12-23,SUR,pico_7_9,0,1.4675,14.5375,10.25,40.375,19.94
2023-12-23,SUROESTE2,fuera_pico_10_12,0,1.5374999999999999,20.125,10.25,74.5,39.7825
2023-12-23,SUROESTE2,pico_7_9,0,1.3025,23.15,6.25,60.75,35.9675
2023-12-24,CENTRO,fuera_pico_10_12,0,1.7,16.2,24.5,77.5,25.0
2023-12-24,CENTRO,pico_7_9,0,2.03,19.0,9.785714285714285,90.0,53.5
2023-12-24,NORESTE3,fuera_pico_10_12,0,1.8954999999999997,7.833333333333332,24.8,48.33333333333333,23.75
2023-12-24,NORESTE3,pico_7_9,0,1.9563333333333333,12.95,11.166666666666666,58.33333333333333,29.75
2023-12-24,NOROESTE3,fuera_pico_10_12,0,1.2349999999999999,7.450000000000001,26.666666666666664,29.333333333333332,9.5
2023-12-24,NOROESTE3,pico_7_9,0,1.3733333333333333,12.45,10.0,49.33333333333333,19.75
2023-12-24,NORTE2,fuera_pico_10_12,0,0.97,11.55,25.0,51.25,12.75
2023-12-24,NORTE2,pico_7_9,0,1.1800000000000002,16.15,9.25,79.5,26.25
2023-12-24,SUR,fuera_pico_10_12,0,1.4100000000000001,9.399999999999999,25.75,50.5,20.493333333333332
2023-12-24,SUR,pico_7_9,0,1.745,18.7125,9.416666666666668,76.125,38.14
2023-12-24,SUROESTE2,fuera_pico_10_12,0,1.01,6.825,37.75,58.5,8.67
2023-12-24,SUROESTE2,pico_7_9,0,1.3824999999999998,17.825000000000003,14.0,74.25,29.380000000000003
2023-12-25,CENTRO,fuera_pico_10_12,0,1.395,4.5,40.5,28.0,8.5
2023-12-25,CENTRO,pico_7_9,0,1.49,8.15,31.0,41.5,14.0
2023-12-25,NORESTE3,fuera_pico_10_12,0,1.8466666666666667,7.466666666666667,31.116666666666667,31.213333333333335,10.5775
2023-12-25,NORESTE3,pico_7_9,0,2.1290000000000004,16.95,9.583333333333334,51.45166666666667,31.5
2023-12-25,NOROESTE3,fuera_pico_10_12,0,0.9325,4.566666666666666,31.666666666666664,19.833333333333336,12.5
2023-12-25,NOROESTE3,pico_7_9,0,0.9475,5.383333333333333,25.0,28.5,11.5
2023-12-25,NORTE2,fuera_pico_10_12,0,0.705,8.5,30.75,34.75,9.0
2023-12-25,NORTE2,pico_7_9,0,0.995,20.200000000000003,12.75,46.5,21.25
2023-12-25,SUR,fuera_pico_10_12,0,1.33,5.125,33.75,40.75,11.623333333333333
2023-12-25,SUR,pico_7_9,0,1.5066666666666668,9.9375,23.125,53.375,24.80625
2023-12-25,SUROESTE2,fuera_pico_10_12,0,1.0274999999999999,5.875,37.25,26.25,9.545
2023-12-25,SUROESTE2,pico_7_9,0,1.435,19.575,11.5,55.0,34.67
2023-12-26,CENTRO,fuera_pico_10_12,0,1.5150000000000001,10.7,22.5,75.75,10.5
2023-12-26,CENTRO,pico_7_9,0,1.4049999999999998,6.8,27.5,26.5,6.75
2023-12-26,NORESTE3,fuera_pico_10_12,0,1.962833333333333,11.283333333333333,22.6,39.66666666666667,8.5
2023-12-26,NORESTE3,pico_7_9,0,1.8195000000000001,9.45,20.53333333333333,27.333333333333336,6.0
2023-12-26,NOROESTE3,fuera_pico_10_12,0,1.0675,10.48333333333333,15.833333333333334,26.333333333333336,9.5
2023-12-26,NOROESTE3,pico_7_9,0,1.06,6.866666666666667,20.33333333333333,24.0,6.5
2023-12-26,NORTE2,fuera_pico_10_12,0,0.74,13.024999999999999,22.25,28.25,16.75
2023-12-26,NORTE2,pico_7_9,0,0.6975,12.025,24.0,18.25,13.5
2023-12-26,SUR,fuera_pico_10_12,0,1.5083333333333333,8.0,22.5,34.375,7.4675
2023-12-26,SUR,pico_7_9,0,1.3816666666666668,7.475,20.875,23.5,6.046250000000001
2023-12-26,SUROESTE2,fuera_pico_10_12,0,1.23,16.3,15.0,27.5,13.6675
2023-12-26,SUROESTE2,pico_7_9,0,1.0350000000000001,8.975,22.75,8.75,6.705
2023-12-27,CENTRO,fuera_pico_10_12,0,2.54,34.95,14.5,118.0,55.0
2023-12-27,CENTRO,pico_7_9,0,2.45,25.25,10.5,159.0,87.5
2023-12-27,NORESTE3,fuera_pico_10_12,0,2.1414999999999997,13.8,22.183333333333334,119.33333333333333,41.0
2023-12-27,NORESTE3,pico_7_9,0,2.4080000000000004,18.0,4.050000000000001,102.16666666666666,34.25
2023-12-27,NOROESTE3,fuera_pico_10_12,0,1.3475000000000001,14.816666666666666,10.666666666666666,65.16666666666666,22.262500000000003
2023-12-27,NOROESTE3,pico_7_9,0,1.535,15.083333333333334,7.666666666666666,76.33333333333333,28.0275
2023-12-27,NORTE2,fuera_pico_10_12,0,2.36,36.349999999999994,12.25,176.5,42.5
2023-12-27,NORTE2,pico_7_9,0,1.6099999999999999,22.8,12.8125,132.25,32.0
2023-12-27,SUR,fuera_pico_10_12,0,2.1033333333333335,22.450000000000003,18.125,101.75,38.09625
2023-12-27,SUR,pico_7_9,0,2.086666666666667,19.3625,11.5,88.625,34.47
2023-12-27,SUROESTE2,fuera_pico_10_12,0,1.7475,29.4,15.5,120.75,31.5
2023-12-27,SUROESTE2,pico_7_9,0,2.12,23.975,6.0,118.75,48.25
2023-12-28,CENTRO,fuera_pico_10_12,0,1.62,26.45,23.0,45.0,16.5
2023-12-28,CENTRO,pico_7_9,0,1.45,22.75,21.5,35.5,7.0
2023-12-28,NORESTE3,fuera_pico_10_12,0,2.0413333333333337,14.566666666666666,30.033333333333335,72.0,23.25
2023-12-28,NORESTE3,pico_7_9,0,1.9976666666666665,20.416666666666668,20.683333333333334,43.5,11.0
2023-12-28,NOROESTE3,fuera_pico_10_12,0,1.4075000000000002,18.03333333333333,13.666666666666666,81.0,19.064999999999998
2023-12-28,NOROESTE3,pico_7_9,0,1.225,19.416666666666664,7.166666666666667,52.83333333333333,6.8725
2023-12-28,NORTE2,fuera_pico_10_12,0,1.2025000000000001,32.875,16.5,104.5,18.25
2023-12-28,NORTE2,pico_7_9,0,0.8200000000000001,22.75,19.0,43.5,10.0
2023-12-28,SUR,fuera_pico_10_12,0,1.4866666666666666,12.8125,33.125,47.0,9.73125
2023-12-28,SUR,pico_7_9,0,1.5500000000000003,21.9375,20.75,42.375,7.27
2023-12-28,SUROESTE2,fuera_pico_10_12,0,1.3575,19.575,27.0,46.0,15.0
2023-12-28,SUROESTE2,pico_7_9,0,1.4900000000000002,30.450000000000003,12.5,25.25,9.5
2023-12-29,CENTRO,fuera_pico_10_12,0,1.8,27.450000000000003,22.5,83.5,29.0
2023-12-29,CENTRO,pico_7_9,0,1.69,26.950000000000003,11.0,72.5,24.5
2023-12-29,NORESTE3,fuera_pico_10_12,0,2.2655,20.599999999999998,27.1,147.16666666666669,35.25
2023-12-29,NORESTE3,pico_7_9,0,2.7426666666666666,29.316666666666663,4.2,98.83333333333334,40.0
2023-12-29,NOROESTE3,fuera_pico_10_12,0,1.605,17.116666666666667,17.166666666666668,90.33333333333334,33.0975
2023-12-29,NOROESTE3,pico_7_9,0,1.5483333333333333,17.666666666666664,6.0,77.83333333333334,20.119999999999997
2023-12-29,NORTE2,fuera_pico_10_12,0,1.26,26.950000000000003,23.0,121.25,22.75
2023-12-29,NORTE2,pico_7_9,0,1.47,31.5,8.25,122.5,22.0
2023-12-29,SUR,fuera_pico_10_12,0,1.8525,33.287499999999994,21.75,117.625,34.47
2023-12-29,SUR,pico_7_9,0,1.9116666666666666,28.4375,8.625,87.125,40.28
2023-12-29,SUROESTE2,fuera_pico_10_12,0,1.3625,20.975,30.25,153.25,29.0
2023-12-29,SUROESTE2,pico_7_9,0,1.5299999999999998,24.6,17.5,59.0,31.75
2023-12-30,CENTRO,fuera_pico_10_12,0,1.63,25.35,26.5,65.0,21.0
2023-12-30,CENTRO,pico_7_9,0,1.6,26.0,17.0,55.5,18.5
2023-12-30,NORESTE3,fuera_pico_10_12,0,2.4225000000000003,26.599999999999994,24.4,114.5,36.75
2023-12-30,NORESTE3,pico_7_9,0,2.624833333333333,27.766666666666666,4.5,122.0,44.25
2023-12-30,NOROESTE3,fuera_pico_10_12,0,1.46,17.83333333333333,17.5,68.83333333333333,26.9675
2023-12-30,NOROESTE3,pico_7_9,0,1.37,20.083333333333332,8.083333333333334,53.5,19.064999999999998
2023-12-30,NORTE2,fuera_pico_10_12,0,1.6925,36.900000000000006,19.5,126.75,30.75
2023-12-30,NORTE2,pico_7_9,0,1.5299999999999998,30.55,8.4375,126.0,30.0
2023-12-30,SUR,fuera_pico_10_12,0,1.97875,32.125,21.875,126.125,36.38375
2023-12-30,SUR,pico_7_9,0,2.2525,26.3125,8.0,94.75,25.0325
2023-12-30,SUROESTE2,fuera_pico_10_12,0,1.3599999999999999,21.575000000000003,30.5,87.75,24.0
2023-12-30,SUROESTE2,pico_7_9,0,1.73,30.625,11.5,66.0,37.25
2023-12-31,CENTRO,fuera_pico_10_12,0,1.56,14.7,35.5,46.5,12.5
2023-12-31,CENTRO,pico_7_9,0,1.53,17.9,22.0,64.5,18.0
2023-12-31,NORESTE3,fuera_pico_10_12,0,2.1783333333333332,17.200000000000003,29.966666666666665,78.33333333333334,32.75
2023-12-31,NORESTE3,pico_7_9,0,2.3791666666666664,27.583333333333336,7.1000000000000005,91.66666666666666,29.75
2023-12-31,NOROESTE3,fuera_pico_10_12,0,1.3666666666666667,14.1,21.33333333333333,45.66666666666666,18.77
2023-12-31,NOROESTE3,pico_7_9,0,1.3666666666666667,18.71666666666667,8.666666666666668,47.5,14.254999999999999
2023-12-31,NORTE2,fuera_pico_10_12,0,1.6925,31.224999999999998,20.75,115.25,22.0
2023-12-31,NORTE2,pico_7_9,0,1.3275000000000001,30.325,12.0,104.75,25.5
2023-12-31,SUR,fuera_pico_10_12,0,1.85125,27.0125,27.0,61.0,29.17
2023-12-31,SUR,pico_7_9,0,1.67875,28.2375,9.875,53.875,29.15833333333333
2023-12-31,SUROESTE2,fuera_pico_10_12,0,1.2825000000000002,16.15,39.0,39.0,23.0
2023-12-31,SUROESTE2,pico_7_9,0,1.4175,19.1,19.0,36.75,18.5
2024-01-01,CENTRO,fuera_pico_10_12,0,1.8050000000000002,20.7,27.5,45.5,22.5
2024-01-01,CENTRO,pico_7_9,0,1.5150000000000001,13.75,25.5,35.0,13.5
2024-01-01,NORESTE3,fuera_pico_10_12,0,2.0319166666666666,10.516666666666666,27.441666666666663,58.41666666666666,26.25
2024-01-01,NORESTE3,pico_7_9,0,2.7536666666666667,22.299999999999997,13.120833333333334,142.58333333333331,106.5
2024-01-01,NOROESTE3,fuera_pico_10_12,0,1.5283333333333333,14.316666666666666,17.333333333333332,48.58333333333333,27.26625
2024-01-01,NOROESTE3,pico_7_9,0,1.4816666666666667,14.858333333333334,10.583333333333332,50.16666666666667,23.6025
2024-01-01,NORTE2,fuera_pico_10_12,0,1.1875,22.575,14.75,80.75,29.75
2024-01-01,NORTE2,pico_7_9,0,1.8450000000000002,31.075000000000003,9.0,128.0,51.0
2024-01-01,SUR,fuera_pico_10_12,0,1.46125,10.03125,36.66666666666667,58.625,22.24125
2024-01-01,SUR,pico_7_9,0,2.36,21.9,12.75,113.8125,66.86291666666666
2024-01-01,SUROESTE2,fuera_pico_10_12,0,1.3925,15.7,23.5,36.0,16.75
2024-01-01,SUROESTE2,pico_7_9,0,1.4725000000000001,18.975,15.75,50.25,31.25
2024-01-02,CENTRO,fuera_pico_10_12,0,2.025,19.5,10.0,50.0,30.0
2024-01-02,CENTRO,pico_7_9,0,1.805,17.2,13.0,40.5,24.5
2024-01-02,NORESTE3,fuera_pico_10_12,0,2.2728333333333333,14.208333333333332,11.029166666666667,25.416666666666664,10.75
2024-01-02,NORESTE3,pico_7_9,0,2.010583333333333,14.433333333333335,9.491666666666667,27.08333333333333,14.25
2024-01-02,NOROESTE3,fuera_pico_10_12,0,1.6241666666666665,10.591666666666669,9.833333333333334,24.166666666666664,12.7625
2024-01-02,NOROESTE3,pico_7_9,0,1.3491666666666666,8.675,12.583333333333334,19.5,6.0062500000000005
2024-01-02,NORTE2,fuera_pico_10_12,0,1.245,19.700000000000003,9.5,31.5,16.5
2024-01-02,NORTE2,pico_7_9,0,0.9650000000000001,19.549999999999997,9.0,35.0,14.75
2024-01-02,SUR,fuera_pico_10_12,0,1.519375,10.39375,13.25,24.9375,10.4775
2024-01-02,SUR,pico_7_9,0,1.419375,10.056249999999999,14.5625,24.125,10.11125
2024-01-02,SUROESTE2,fuera_pico_10_12,0,1.5875,19.6,13.0,41.25,26.5
2024-01-02,SUROESTE2,pico_7_9,0,1.3475,13.274999999999999,20.25,24.0,17.25
2024-01-03,CENTRO,fuera_pico_10_12,0,2.075,20.35,20.5,67.5,39.0
2024-01-03,CENTRO,pico_7_9,0,2.49,20.2,9.944444444444445,72.0,39.0
2024-01-03,NORESTE3,fuera_pico_10_12,0,2.103583333333334,11.741666666666667,24.258333333333333,51.75,21.25
2024-01-03,NORESTE3,pico_7_9,0,2.02375,12.908333333333331,15.025,29.583333333333332,11.25
2024-01-03,NOROESTE3,fuera_pico_10_12,0,1.7291666666666665,14.966666666666669,10.066666666666666,57.0,25.90375
2024-01-03,NOROESTE3,pico_7_9,0,1.6825,9.225000000000001,5.0,48.125,11.5075
2024-01-03,NORTE2,fuera_pico_10_12,0,1.605,24.275,14.5,67.0,21.75
2024-01-03,NORTE2,pico_7_9,0,0.8724999999999999,17.1,10.75,33.75,21.5
2024-01-03,SUR,fuera_pico_10_12,0,1.5081250000000002,15.25,22.625,57.125,21.233333333333334
2024-01-03,SUR,pico_7_9,0,1.451875,16.28125,10.3125,33.0625,13.258333333333333
2024-01-03,SUROESTE2,fuera_pico_10_12,0,1.85,22.0,14.25,78.0,44.5
2024-01-03,SUROESTE2,pico_7_9,0,1.7149999999999999,20.85,6.0,83.75,50.5
2024-01-04,CENTRO,fuera_pico_10_12,0,1.78,19.0,15.0,51.0,26.0
2024-01-04,CENTRO,pico_7_9,0,1.645,19.85,14.5,56.5,33.0
2024-01-04,NORESTE3,fuera_pico_10_12,0,2.2051666666666665,13.916666666666668,19.93333333333333,50.75,21.0
2024-01-04,NORESTE3,pico_7_9,0,2.1254999999999997,14.508333333333333,19.066666666666663,40.41666666666667,19.25
2024-01-04,NOROESTE3,fuera_pico_10_12,0,1.5191666666666666,13.783333333333335,11.0,57.333333333333336,19.575
2024-01-04,NOROESTE3,pico_7_9,0,1.5741666666666667,11.208333333333332,13.166666666666668,42.0,19.981250000000003
2024-01-04,NORTE2,fuera_pico_10_12,0,0.8200000000000001,17.075000000000003,16.5,55.5,20.0
2024-01-04,NORTE2,pico_7_9,0,0.77,16.55,16.75,39.5,20.25
2024-01-04,SUR,fuera_pico_10_12,0,1.5125,11.524999999999999,20.6875,32.6875,15.205
2024-01-04,SUR,pico_7_9,0,1.386875,10.6125,21.875,30.375,16.31833333333333
2024-01-04,SUROESTE2,fuera_pico_10_12,0,1.675,23.9,9.0,65.75,43.0
2024-01-04,SUROESTE2,pico_7_9,0,1.3649999999999998,23.275,8.75,40.25,21.5
2024-01-05,CENTRO,fuera_pico_10_12,0,2.155,28.349999999999998,20.0,82.5,30.5
2024-01-05,CENTRO,pico_7_9,0,2.15,21.75,9.0,62.5,28.5
2024-01-05,NORESTE3,fuera_pico_10_12,0,2.1265833333333335,12.841666666666665,26.841666666666665,63.0,23.5
2024-01-05,NORESTE3,pico_7_9,0,2.2325833333333334,19.049999999999997,10.333333333333334,35.5,12.0
2024-01-05,NOROESTE3,fuera_pico_10_12,0,1.2416666666666667,7.566666666666666,27.75,30.0,13.06
2024-01-05,NOROESTE3,pico_7_9,0,1.2508333333333335,10.075,22.416666666666668,20.416666666666664,5.84375
2024-01-05,NORTE2,fuera_pico_10_12,0,1.0525,18.700000000000003,23.0,68.25,27.75
2024-01-05,NORTE2,pico_7_9,0,0.8525,22.5,12.0,35.0,14.25
2024-01-05,SUR,fuera_pico_10_12,0,1.54625,18.0875,23.375,50.1875,18.506666666666668
2024-01-05,SUR,pico_7_9,0,1.52625,17.975,11.25,32.875,13.05
2024-01-05,SUROESTE2,fuera_pico_10_12,0,1.455,17.575000000000003,23.25,61.25,22.25
2024-01-05,SUROESTE2,pico_7_9,0,1.415,18.325,14.75,34.75,20.75
2024-01-06,CENTRO,fuera_pico_10_12,0,2.67,39.4,19.5,151.5,49.5
2024-01-06,CENTRO,pico_7_9,0,2.165,29.1,10.0,128.5,44.0
2024-01-06,NORESTE3,fuera_pico_10_12,0,2.227,20.50833333333333,25.975,131.0,30.25
2024-01-06,NORESTE3,pico_7_9,0,2.9061666666666666,27.1,3.25,109.5,39.5
2024-01-06,NOROESTE3,fuera_pico_10_12,0,1.7125,18.724999999999998,16.25,101.25,30.25
2024-01-06,NOROESTE3,pico_7_9,0,1.8941666666666666,17.425,5.5625,112.5,24.0
2024-01-06,NORTE2,fuera_pico_10_12,0,1.405,31.25,18.75,159.5,28.5
2024-01-06,NORTE2,pico_7_9,0,1.78,32.45,10.25,144.25,32.75
2024-01-06,SUR,fuera_pico_10_12,0,1.914375,34.68125,20.1875,102.1875,32.75875
2024-01-06,SUR,pico_7_9,0,2.5175,26.96875,9.666666666666668,92.5625,43.235
2024-01-06,SUROESTE2,fuera_pico_10_12,0,1.75,29.599999999999998,25.5,129.0,42.0
2024-01-06,SUROESTE2,pico_7_9,0,2.0324999999999998,27.225,8.5,93.25,46.0
2024-01-07,CENTRO,fuera_pico_10_12,0,1.83,29.2,18.5,69.5,27.5
2024-01-07,CENTRO,pico_7_9,0,1.92,33.8,9.5,57.5,25.0
2024-01-07,NORESTE3,fuera_pico_10_12,0,2.1775,17.758333333333333,20.858333333333334,67.25,15.75
2024-01-07,NORESTE3,pico_7_9,0,2.1771666666666665,24.133333333333333,7.949999999999999,60.75,16.5
2024-01-07,NOROESTE3,fuera_pico_10_12,0,1.3583333333333334,11.691666666666666,27.833333333333336,40.25,14.375
2024-01-07,NOROESTE3,pico_7_9,0,1.4533333333333336,18.541666666666664,12.083333333333332,51.0,12.25
2024-01-07,NORTE2,fuera_pico_10_12,0,0.955,23.775,19.75,50.0,15.5
2024-01-07,NORTE2,pico_7_9,0,1.0099999999999998,33.925,7.666666666666667,56.75,17.0
2024-01-07,SUR,fuera_pico_10_12,0,1.541875,14.95625,21.6875,58.3125,15.333749999999998
2024-01-07,SUR,pico_7_9,0,2.1587500000000004,27.35,9.333333333333332,84.5625,43.004999999999995
2024-01-07,SUROESTE2,fuera_pico_10_12,0,1.7199999999999998,28.3,19.0,50.75,27.0
2024-01-07,SUROESTE2,pico_7_9,0,1.8175,36.325,6.0,64.75,33.25
2024-01-08,CENTRO,fuera_pico_10_12,0,2.465,31.1,14.5,84.0,28.0
2024-01-08,CENTRO,pico_7_9,0,2.09,20.35,9.5,88.5,38.0
2024-01-08,NORESTE3,fuera_pico_10_12,0,3.0175,32.5,16.5,136.0,35.5
2024-01-08,NORESTE3,pico_7_9,0,3.0084166666666663,22.425,7.75,53.25,20.25
2024-01-08,NOROESTE3,fuera_pico_10_12,0,2.2058333333333335,24.116666666666667,15.833333333333332,102.5,30.7325
2024-01-08,NOROESTE3,pico_7_9,0,2.2133333333333334,14.941666666666666,5.8,61.666666666666664,18.458750000000002
2024-01-08,NORTE2,fuera_pico_10_12,1,2.2725,43.400000000000006,13.25,127.0,28.5
2024-01-08,NORTE2,pico_7_9,1,1.43,20.525,10.0,50.0,14.0
2024-01-08,SUR,fuera_pico_10_12,0,2.035,25.28125,19.375,101.1875,36.25
2024-01-08,SUR,pico_7_9,0,2.4743749999999998,23.21875,7.625,59.0,34.5
2024-01-08,SUROESTE2,fuera_pico_10_12,0,2.8325,42.5,16.75,170.5,49.75
2024-01-08,SUROESTE2,pico_7_9,0,2.345,22.799999999999997,7.5,85.0,43.0
2024-01-09,CENTRO,fuera_pico_10_12,0,1.565,12.55,32.0,133.5,15.5
2024-01-09,CENTRO,pico_7_9,0,1.58,17.4,24.0,89.0,10.5
2024-01-09,NORESTE3,fuera_pico_10_12,0,2.39325,18.225,26.366666666666664,171.2,25.25
2024-01-09,NORESTE3,pico_7_9,0,2.3891666666666667,20.46666666666667,22.4,120.25,17.0
2024-01-09,NOROESTE3,fuera_pico_10_12,0,1.4175,13.158333333333335,29.416666666666664,112.0,32.5
2024-01-09,NOROESTE3,pico_7_9,0,1.3791666666666667,17.03333333333333,22.0,98.08333333333334,7.689166666666666
2024-01-09,NORTE2,fuera_pico_10_12,1,1.0175,26.1,21.75,175.25,18.5
2024-01-09,NORTE2,pico_7_9,1,1.0,31.625,12.75,123.5,16.0
2024-01-09,SUR,fuera_pico_10_12,0,1.604375,14.60625,27.5625,151.25,28.75
2024-01-09,SUR,pico_7_9,0,1.818125,25.75,10.875,112.4375,20.75
2024-01-09,SUROESTE2,fuera_pico_10_12,0,1.24,16.45,29.5,106.0,13.5
2024-01-09,SUROESTE2,pico_7_9,0,1.5150000000000001,26.075000000000003,15.25,166.0,36.125
2024-01-10,CENTRO,fuera_pico_10_12,0,2.5,40.45,15.5,180.0,70.5
2024-01-10,CENTRO,pico_7_9,0,2.22,29.5,10.625,144.5,47.5
2024-01-10,NORESTE3,fuera_pico_10_12,0,2.743,29.541666666666664,16.008333333333333,213.99999999999997,46.75
2024-01-10,NORESTE3,pico_7_9,0,2.8481666666666667,30.15,7.375,159.66666666666666,44.25
2024-01-10,NOROESTE3,fuera_pico_10_12,0,1.48,15.058333333333334,18.833333333333332,123.33333333333334,23.8125
2024-01-10,NOROESTE3,pico_7_9,0,1.6437499999999998,15.075,6.75,118.125,9.1675
2024-01-10,NORTE2,fuera_pico_10_12,1,1.8325,40.85,13.5,267.25,35.75
2024-01-10,NORTE2,pico_7_9,1,1.83,33.25,9.25,226.5,35.5
2024-01-10,SUR,fuera_pico_10_12,0,2.0075000000000003,32.8125,17.5625,206.4375,52.0
2024-01-10,SUR,pico_7_9,0,2.0406250000000004,30.88125,7.4375,148.625,34.25
2024-01-10,SUROESTE2,fuera_pico_10_12,1,1.82,31.9,17.5,152.5,20.5
2024-01-10,SUROESTE2,pico_7_9,1,1.6400000000000001,26.299999999999997,14.0,79.0,19.0
2024-01-11,CENTRO,fuera_pico_10_12,0,2.25,34.7,15.0,109.0,19.5
2024-01-11,CENTRO,pico_7_9,0,2.015,32.2,10.833333333333332,129.0,28.5
2024-01-11,NORESTE3,fuera_pico_10_12,0,3.3267500000000005,34.79166666666667,14.308333333333334,195.58333333333331,41.75
2024-01-11,NORESTE3,pico_7_9,0,3.6915,39.1,3.525,196.91666666666663,63.5
2024-01-11,NOROESTE3,fuera_pico_10_12,0,1.9833333333333334,23.241666666666664,15.25,100.25,24.24375
2024-01-11,NOROESTE3,pico_7_9,0,1.7491666666666665,25.891666666666666,5.9,85.75,24.725
2024-01-11,NORTE2,fuera_pico_10_12,1,2.6875,54.449999999999996,11.5,163.0,30.25
2024-01-11,NORTE2,pico_7_9,1,2.0425,40.475,9.0,167.0,33.0
2024-01-11,SUR,fuera_pico_10_12,0,2.40375,35.756249999999994,17.125,260.875,51.333333333333336
2024-01-11,SUR,pico_7_9,0,3.1725,37.85,9.5,155.125,63.83333333333333
2024-01-11,SUROESTE2,fuera_pico_10_12,1,1.375,19.65,22.5,73.5,10.0
2024-01-11,SUROESTE2,pico_7_9,1,1.62,28.15,11.0,116.5,20.0
2024-01-12,CENTRO,fuera_pico_10_12,0,1.585,24.05,20.0,583.5,142.0
2024-01-12,CENTRO,pico_7_9,0,1.3250000000000002,27.03,17.6,454.2,124.1
2024-01-12,NORESTE3,fuera_pico_10_12,0,2.182083333333333,10.766666666666666,33.108333333333334,573.4166666666667,92.5
2024-01-12,NORESTE3,pico_7_9,0,2.2359166666666663,16.033333333333335,25.925,567.3333333333333,98.25
2024-01-12,NOROESTE3,fuera_pico_10_12,0,1.44,12.425,27.583333333333336,377.75,43.292500000000004
2024-01-12,NOROESTE3,pico_7_9,0,1.33,10.475,30.666666666666664,95.58333333333334,6.8566666666666665
2024-01-12,NORTE2,fuera_pico_10_12,1,0.9,16.925,28.5,483.5,67.5
2024-01-12,NORTE2,pico_7_9,1,0.8200000000000001,20.775,22.25,416.0,60.25
2024-01-12,SUR,fuera_pico_10_12,0,1.619375,19.2875,26.375,573.6875,103.0
2024-01-12,SUR,pico_7_9,0,1.895625,27.44375,14.875,367.9375,84.86
2024-01-12,SUROESTE2,fuera_pico_10_12,1,1.6600000000000001,29.950000000000003,18.5,599.5,81.0
2024-01-12,SUROESTE2,pico_7_9,1,1.3050000000000002,25.8,22.0,144.0,15.5
2024-01-13,CENTRO,fuera_pico_10_12,0,2.73,45.7,15.0,136.5,57.675
2024-01-13,CENTRO,pico_7_9,0,2.1,33.95,10.0,108.0,39.894999999999996
2024-01-13,NORESTE3,fuera_pico_10_12,0,2.6836666666666664,30.133333333333333,19.775,158.83333333333334,46.0
2024-01-13,NORESTE3,pico_7_9,0,2.7031666666666667,28.991666666666664,7.341666666666667,99.16666666666666,43.0
2024-01-13,NOROESTE3,fuera_pico_10_12,0,2.1925,22.966666666666665,13.583333333333334,162.0,42.5
2024-01-13,NOROESTE3,pico_7_9,0,1.9749999999999996,20.40833333333333,5.8,120.88333333333333,30.5
2024-01-13,NORTE2,fuera_pico_10_12,1,1.8325,46.525000000000006,13.5,159.0,33.0
2024-01-13,NORTE2,pico_7_9,1,1.1625,36.724999999999994,9.25,115.75,19.25
2024-01-13,SUR,fuera_pico_10_12,0,1.819375,24.25,22.8125,142.1875,33.0
2024-01-13,SUR,pico_7_9,0,2.058125,27.61875,8.4375,97.5625,35.5
2024-01-13,SUROESTE2,fuera_pico_10_12,1,2.215,41.099999999999994,15.5,181.5,40.5
2024-01-13,SUROESTE2,pico_7_9,1,1.5,27.7,10.0,98.0,19.0
2024-01-14,CENTRO,fuera_pico_10_12,0,2.035,23.5,30.0,105.5,28.69994321103576
2024-01-14,CENTRO,pico_7_9,0,1.9699999999999998,26.5,15.0,101.0,45.94448405632458
2024-01-14,NORESTE3,fuera_pico_10_12,0,2.5041666666666664,20.133333333333333,24.758333333333333,140.58333333333331,46.25
2024-01-14,NORESTE3,pico_7_9,0,2.7589999999999995,24.25,8.0875,111.58333333333334,42.0
2024-01-14,NOROESTE3,fuera_pico_10_12,0,1.8483333333333332,19.616666666666667,16.666666666666668,106.75,52.0
2024-01-14,NOROESTE3,pico_7_9,0,1.7158333333333333,20.516666666666666,5.75,107.5,43.0
2024-01-14,NORTE2,fuera_pico_10_12,1,2.05,44.225,16.75,174.25,41.0
2024-01-14,NORTE2,pico_7_9,1,1.7675,27.775,8.5,154.25,48.0
2024-01-14,SUR,fuera_pico_10_12,0,2.025625,25.337500000000002,25.5,126.3125,49.25
2024-01-14,SUR,pico_7_9,0,2.1225,21.08125,8.0,76.875,45.9
2024-01-14,SUROESTE2,fuera_pico_10_12,1,1.47,18.4,34.0,74.5,27.5
2024-01-14,SUROESTE2,pico_7_9,1,1.48,23.0,16.5,97.0,20.0
2024-01-15,CENTRO,fuera_pico_10_12,1,2.185,18.25,12.0,98.5,32.36160298013396
2024-01-15,CENTRO,pico_7_9,1,2.2350000000000003,22.799999999999997,9.5,85.0,23.54413217325365
2024-01-15,NORESTE3,fuera_pico_10_12,0,2.253916666666667,9.508333333333333,13.516666666666666,42.583333333333336,20.25
2024-01-15,NORESTE3,pico_7_9,0,2.1797500000000003,11.6,12.575,46.41666666666667,11.25
2024-01-15,NOROESTE3,fuera_pico_10_12,0,1.7441666666666666,11.541666666666666,8.666666666666668,74.91666666666666,14.251249999999999
2024-01-15,NOROESTE3,pico_7_9,0,1.4633333333333334,12.174999999999999,8.166666666666666,66.58333333333334,13.5
2024-01-15,NORTE2,fuera_pico_10_12,1,1.0775000000000001,15.7,12.0,73.0,17.25
2024-01-15,NORTE2,pico_7_9,1,0.9199999999999999,15.625,12.25,70.0,15.75
2024-01-15,SUR,fuera_pico_10_12,0,1.608125,12.962499999999999,10.9375,54.875,16.75
2024-01-15,SUR,pico_7_9,0,1.5618750000000001,14.425,10.1875,50.8125,14.5
2024-01-15,SUROESTE2,fuera_pico_10_12,1,2.17,21.85,8.0,91.0,19.0
2024-01-15,SUROESTE2,pico_7_9,1,2.1550000000000002,27.8,5.5,69.5,15.0
2024-01-16,CENTRO,fuera_pico_10_12,1,0.79,14.799999999999999,13.5,298.5,29.0
2024-01-16,CENTRO,pico_7_9,1,1.8,12.35,18.0,23.5,26.84655172413793
2024-01-16,NORESTE3,fuera_pico_10_12,0,2.183416666666667,8.058333333333334,25.158333333333335,29.666666666666668,13.0
2024-01-16,NORESTE3,pico_7_9,0,2.1525,7.075000000000001,22.950000000000003,23.08333333333333,8.0
2024-01-16,NOROESTE3,fuera_pico_10_12,0,1.2974999999999999,8.925,15.75,11.45,7.369999999999999
2024-01-16,NOROESTE3,pico_7_9,0,1.1825,4.475,17.083333333333336,13.499999999999998,3.645
2024-01-16,NORTE2,fuera_pico_10_12,1,0.8899999999999999,15.225,19.25,61.0,17.5
2024-01-16,NORTE2,pico_7_9,1,0.7775,10.15,19.75,13.0,9.75
2024-01-16,SUR,fuera_pico_10_12,0,1.5125,11.29375,21.375,29.75,11.0
2024-01-16,SUR,pico_7_9,0,1.4649999999999999,8.58125,18.25,16.8125,8.0
2024-01-16,SUROESTE2,fuera_pico_10_12,1,1.62,20.2,13.0,15.0,16.142857142857142
2024-01-16,SUROESTE2,pico_7_9,1,1.345,10.600000000000001,15.5,3.0,11.0
2024-01-17,CENTRO,fuera_pico_10_12,1,1.635,14.55,27.5,45.0,25.5
2024-01-17,CENTRO,pico_7_9,1,1.57,20.0,14.0,37.0,25.5
2024-01-17,NORESTE3,fuera_pico_10_12,0,2.443666666666666,14.691666666666666,31.21666666666667,45.5,15.0
2024-01-17,NORESTE3,pico_7_9,0,2.5733333333333333,24.8,12.683333333333332,39.16666666666666,13.25
2024-01-17,NOROESTE3,fuera_pico_10_12,0,1.6266666666666665,15.350000000000001,17.499999999999996,94.58333333333331,24.6925
2024-01-17,NOROESTE3,pico_7_9,0,1.4283333333333332,13.708333333333332,6.866666666666667,93.6,14.9575
2024-01-17,NORTE2,fuera_pico_10_12,1,0.985,19.700000000000003,25.75,41.75,14.25
2024-01-17,NORTE2,pico_7_9,1,0.9024999999999999,26.975,15.5,37.75,10.25
2024-01-17,SUR,fuera_pico_10_12,0,1.6168749999999998,11.325,30.6875,48.5,18.89333333333333
2024-01-17,SUR,pico_7_9,0,1.89625,21.675,10.5625,51.0,24.606666666666666
2024-01-17,SUROESTE2,fuera_pico_10_12,1,1.835,23.2,18.0,42.0,23.5
2024-01-17,SUROESTE2,pico_7_9,1,1.645,27.25,7.0,23.0,10.5
2024-01-18,CENTRO,fuera_pico_10_12,1,5.1850000000000005,64.45,11.5,255.0,126.77
2024-01-18,CENTRO,pico_7_9,1,2.9850000000000003,37.55,10.944444444444445,146.5,113.08500000000001
2024-01-18,NORESTE3,fuera_pico_10_12,0,4.38125,48.09166666666667,11.383333333333333,207.24999999999997,97.75
2024-01-18,NORESTE3,pico_7_9,0,3.6373333333333333,35.50833333333333,3.45,139.08333333333331,63.5
2024-01-18,NOROESTE3,fuera_pico_10_12,0,1.7449999999999999,21.591666666666665,12.083333333333332,101.75,35.817499999999995
2024-01-18,NOROESTE3,pico_7_9,0,2.0525,27.416666666666668,5.875,114.83333333333334,46.75125
2024-01-18,NORTE2,fuera_pico_10_12,1,5.02,70.75,12.5,303.0,78.0
2024-01-18,NORTE2,pico_7_9,1,2.6550000000000002,40.775000000000006,10.0,200.75,57.0
2024-01-18,SUR,fuera_pico_10_12,0,3.58625,43.3125,11.25,170.1875,71.22666666666666
2024-01-18,SUR,pico_7_9,0,2.65125,32.025,9.083333333333332,110.0,58.773333333333326
2024-01-18,SUROESTE2,fuera_pico_10_12,1,3.55,43.025000000000006,10.0,215.5,26.5
2024-01-18,SUROESTE2,pico_7_9,1,3.785,39.275000000000006,8.25,153.0,91.0
2024-01-19,CENTRO,fuera_pico_10_12,1,2.8499999999999996,42.3,23.5,159.0,60.845
2024-01-19,CENTRO,pico_7_9,1,2.44,35.65,10.875,93.5,42.655
2024-01-19,NORESTE3,fuera_pico_10_12,0,2.713916666666667,25.766666666666666,25.808333333333334,224.25,47.5
2024-01-19,NORESTE3,pico_7_9,0,4.192,44.858333333333334,5.908333333333333,210.08333333333331,74.5
2024-01-19,NOROESTE3,fuera_pico_10_12,0,2.5391666666666666,24.40833333333333,17.166666666666668,187.0,48.519999999999996
2024-01-19,NOROESTE3,pico_7_9,0,2.848333333333333,25.84166666666667,5.75,143.83333333333331,40.9525
2024-01-19,NORTE2,fuera_pico_10_12,1,1.8025,31.3,24.0,232.25,31.5
2024-01-19,NORTE2,pico_7_9,1,2.9,45.925000000000004,9.0,184.75,46.5
2024-01-19,SUR,fuera_pico_10_12,0,2.54125,45.8125,21.5625,163.1875,61.0
2024-01-19,SUR,pico_7_9,0,3.364375,38.90625,7.6875,141.4375,59.0
2024-01-19,SUROESTE2,fuera_pico_10_12,1,2.8925,43.225,20.0,290.0,40.9825
2024-01-19,SUROESTE2,pico_7_9,1,3.375,34.525,7.0,111.5,24.0
2024-01-20,CENTRO,fuera_pico_10_12,1,1.865,21.25,26.5,64.0,30.015
2024-01-20,CENTRO,pico_7_9,1,1.76,23.4,25.5,45.5,21.72
2024-01-20,NORESTE3,fuera_pico_10_12,0,2.3972499999999997,17.46666666666666,27.133333333333333,57.83333333333333,19.5
2024-01-20,NORESTE3,pico_7_9,0,2.34275,17.85,27.241666666666664,41.91666666666667,14.0
2024-01-20,NOROESTE3,fuera_pico_10_12,0,1.3641666666666667,11.258333333333333,27.25,44.0,11.38875
2024-01-20,NOROESTE3,pico_7_9,0,1.3191666666666668,9.508333333333333,29.916666666666668,33.0,8.265
2024-01-20,NORTE2,fuera_pico_10_12,1,1.0125,25.775,19.5,89.0,12.0
2024-01-20,NORTE2,pico_7_9,1,0.8025,25.299999999999997,19.5,45.75,10.5
2024-01-20,SUR,fuera_pico_10_12,0,1.66,14.00625,30.4375,48.75,14.833333333333332
2024-01-20,SUR,pico_7_9,0,1.544375,14.225000000000001,32.6875,37.1875,14.916666666666666
2024-01-20,SUROESTE2,fuera_pico_10_12,1,1.8325,21.5,26.75,52.5,21.582500000000003
2024-01-20,SUROESTE2,pico_7_9,1,1.65,17.025,30.5,34.25,16.9625
2024-01-21,CENTRO,fuera_pico_10_12,1,2.215,22.25,13.0,50.5,22.87134596328145
2024-01-21,CENTRO,pico_7_9,1,1.93,23.0,10.0,32.0,18.11554208984839
2024-01-21,NORESTE3,fuera_pico_10_12,0,3.3975,18.225,15.75,32.0,21.0
2024-01-21,NORESTE3,pico_7_9,0,3.1875,14.675,14.5,22.25,13.75
2024-01-21,NOROESTE3,fuera_pico_10_12,0,1.5766666666666667,11.358333333333334,12.333333333333332,19.25,6.8925
2024-01-21,NOROESTE3,pico_7_9,0,1.4558333333333335,10.183333333333334,12.583333333333332,14.666666666666668,5.17
2024-01-21,NORTE2,fuera_pico_10_12,1,1.0325,18.1,15.0,35.25,21.0
2024-01-21,NORTE2,pico_7_9,1,0.9275,18.525,11.0,31.5,18.5
2024-01-21,SUR,fuera_pico_10_12,0,1.71125,14.475000000000001,12.4375,26.875,16.25
2024-01-21,SUR,pico_7_9,0,1.526875,12.5,12.0625,22.3125,23.25
2024-01-21,SUROESTE2,fuera_pico_10_12,1,1.995,19.25,11.0,33.5,10.3
2024-01-21,SUROESTE2,pico_7_9,1,1.8975,22.1,7.0,22.25,12.100000000000001
2024-01-22,CENTRO,fuera_pico_10_12,1,3.505,36.55,12.0,76.5,31.644630962785666
2024-01-22,CENTRO,pico_7_9,1,2.395,22.6,9.954545454545455,74.0,23.397955254518784
2024-01-22,NORESTE3,fuera_pico_10_12,0,2.8743333333333334,20.766666666666666,11.825,49.25,34.5
2024-01-22,NORESTE3,pico_7_9,0,4.5600000000000005,21.700000000000003,10.5,48.0,29.75
2024-01-22,NOROESTE3,fuera_pico_10_12,0,2.04,15.725000000000001,10.833333333333332,27.416666666666664,5.1825
2024-01-22,NOROESTE3,pico_7_9,0,1.5733333333333333,10.458333333333334,16.916666666666664,14.5,2.8575
2024-01-22,NORTE2,fuera_pico_10_12,1,2.1125,30.1,11.25,70.0,27.75
2024-01-22,NORTE2,pico_7_9,1,1.2475,23.325000000000003,8.75,39.0,22.0
2024-01-22,SUR,fuera_pico_10_12,1,2.3049999999999997,20.56875,12.125,45.75,29.83333333333333
2024-01-22,SUR,pico_7_9,1,2.1643749999999997,15.90625,6.833333333333334,47.0625,24.916666666666664
2024-01-22,SUROESTE2,fuera_pico_10_12,1,3.14,32.025000000000006,11.75,48.75,24.5
2024-01-22,SUROESTE2,pico_7_9,1,2.085,16.2,13.75,34.5,14.0
2024-01-23,CENTRO,fuera_pico_10_12,1,3.815,44.3,11.0,177.0,82.12
2024-01-23,CENTRO,pico_7_9,1,3.145,24.200000000000003,9.95,104.5,90.595
2024-01-23,NORESTE3,fuera_pico_10_12,0,3.4028333333333327,27.491666666666667,9.475,144.33333333333334,44.5
2024-01-23,NORESTE3,pico_7_9,0,4.21675,19.775,2.825,118.25,57.25
2024-01-23,NOROESTE3,fuera_pico_10_12,0,3.569166666666666,22.941666666666666,6.9,151.25,39.636250000000004
2024-01-23,NOROESTE3,pico_7_9,0,3.5424999999999995,14.25,5.875,107.33333333333334,36.855000000000004
2024-01-23,NORTE2,fuera_pico_10_12,1,2.9825,41.725,12.0,159.5,41.75
2024-01-23,NORTE2,pico_7_9,1,2.715,21.0,10.5,122.5,38.5
2024-01-23,SUR,fuera_pico_10_12,1,2.939375,33.50625,10.541666666666668,140.875,66.97916666666666
2024-01-23,SUR,pico_7_9,1,3.296875,18.39375,12.875,118.875,50.375
2024-01-23,SUROESTE2,fuera_pico_10_12,1,3.8225000000000007,42.475,10.25,217.75,61.5
2024-01-23,SUROESTE2,pico_7_9,1,3.7824999999999998,25.25,6.0,125.25,48.5
2024-01-24,CENTRO,fuera_pico_10_12,1,2.5300000000000002,27.549999999999997,12.5,100.5,25.435
2024-01-24,CENTRO,pico_7_9,1,2.6399999999999997,22.05,9.625,79.5,32.790000000000006
2024-01-24,NORESTE3,fuera_pico_10_12,0,1.7651666666666668,14.3,14.083333333333334,64.91666666666666,12.0
2024-01-24,NORESTE3,pico_7_9,0,2.6675833333333334,17.56666666666667,7.0375,83.83333333333331,21.0
2024-01-24,NOROESTE3,fuera_pico_10_12,0,2.319166666666667,19.25,7.125,132.41666666666669,28.6475
2024-01-24,NOROESTE3,pico_7_9,0,2.3741666666666665,14.916666666666666,5.0,86.83333333333334,24.79
2024-01-24,NORTE2,fuera_pico_10_12,1,1.5950000000000002,24.674999999999997,11.75,122.0,22.75
2024-01-24,NORTE2,pico_7_9,1,1.555,22.35,11.5,119.75,29.0
2024-01-24,SUR,fuera_pico_10_12,1,1.960625,19.55625,11.1875,84.875,21.29875
2024-01-24,SUR,pico_7_9,1,2.203125,14.9875,6.833333333333334,83.4375,26.44125
2024-01-24,SUROESTE2,fuera_pico_10_12,1,2.85,29.425,9.25,103.75,26.5
2024-01-24,SUROESTE2,pico_7_9,1,2.735,20.475,5.0,93.75,23.5
2024-01-25,CENTRO,fuera_pico_10_12,1,2.3600000000000003,25.3,18.0,65.5,22.47
2024-01-25,CENTRO,pico_7_9,1,2.4050000000000002,17.6,9.0,27.0,6.949999999999999
2024-01-25,NORESTE3,fuera_pico_10_12,0,1.9453333333333331,18.25,22.316666666666666,69.5,14.75
2024-01-25,NORESTE3,pico_7_9,0,3.000333333333333,22.308333333333334,7.333333333333334,90.41666666666667,25.75
2024-01-25,NOROESTE3,fuera_pico_10_12,0,2.3975,17.916666666666664,12.933333333333334,72.16666666666666,24.73875
2024-01-25,NOROESTE3,pico_7_9,0,2.6799999999999997,12.733333333333334,5.916666666666667,18.5,9.37625
2024-01-25,NORTE2,fuera_pico_10_12,1,1.5474999999999999,27.375,17.0,153.5,24.5
2024-01-25,NORTE2,pico_7_9,1,1.85,21.775,7.75,59.75,19.25
2024-01-25,SUR,fuera_pico_10_12,1,1.746875,15.412500000000001,23.25,56.875,11.254999999999999
2024-01-25,SUR,pico_7_9,1,2.1106249999999998,17.9125,7.75,56.5,10.715
2024-01-25,SUROESTE2,fuera_pico_10_12,1,2.6525,27.35,14.25,59.5,16.365000000000002
2024-01-25,SUROESTE2,pico_7_9,1,2.8825000000000003,19.075000000000003,7.75,19.5,3.25
2024-01-26,CENTRO,fuera_pico_10_12,1,1.9949999999999999,16.0,29.0,55.5,20.740000000000002
2024-01-26,CENTRO,pico_7_9,1,2.165,25.95,12.0,40.5,16.545
2024-01-26,NORESTE3,fuera_pico_10_12,0,1.9339166666666665,17.008333333333333,27.016666666666666,72.16666666666666,16.25
2024-01-26,NORESTE3,pico_7_9,0,1.8511666666666664,20.475,14.466666666666669,44.16666666666667,12.75
2024-01-26,NOROESTE3,fuera_pico_10_12,0,1.7225,13.833333333333332,19.083333333333332,60.58333333333333,14.524999999999999
2024-01-26,NOROESTE3,pico_7_9,0,1.7766666666666666,15.475000000000001,9.666666666666668,45.41666666666667,12.7425
2024-01-26,NORTE2,fuera_pico_10_12,1,1.6625,31.375,19.5,98.25,27.75
2024-01-26,NORTE2,pico_7_9,1,1.22,24.3,13.25,41.25,22.25
2024-01-26,SUR,fuera_pico_10_12,1,1.66,11.525,29.8125,46.625,13.003035714285716
2024-01-26,SUR,pico_7_9,1,1.6875,15.70625,16.625,33.625,9.05
2024-01-26,SUROESTE2,fuera_pico_10_12,1,2.1525,16.4,25.5,66.5,21.259999999999998
2024-01-26,SUROESTE2,pico_7_9,1,2.45,21.1,7.25,41.5,17.86
2024-01-27,CENTRO,fuera_pico_10_12,1,1.79,13.3,34.5,54.5,8.375
2024-01-27,CENTRO,pico_7_9,1,1.87,11.4,38.5,45.5,5.824999999999999
2024-01-27,NORESTE3,fuera_pico_10_12,0,1.6544166666666662,8.45,32.8,83.66666666666666,7.85
2024-01-27,NORESTE3,pico_7_9,0,1.6425,12.041666666666668,31.3,41.91666666666667,6.949999999999999
2024-01-27,NOROESTE3,fuera_pico_10_12,0,1.4058333333333333,8.508333333333333,30.166666666666664,40.5,3.7350000000000003
2024-01-27,NOROESTE3,pico_7_9,0,1.3675000000000002,8.466666666666667,31.5,26.583333333333336,3.62
2024-01-27,NORTE2,fuera_pico_10_12,1,0.9824999999999999,15.475,28.5,78.5,16.0
2024-01-27,NORTE2,pico_7_9,1,0.8625,17.6,30.25,46.0,14.5
2024-01-27,SUR,fuera_pico_10_12,1,1.446875,9.55,35.6875,47.25,8.765
2024-01-27,SUR,pico_7_9,1,1.421875,11.56875,32.125,35.833333333333336,7.102619047619047
2024-01-27,SUROESTE2,fuera_pico_10_12,1,2.045,14.875,32.75,41.75,7.145
2024-01-27,SUROESTE2,pico_7_9,1,1.9024999999999999,11.274999999999999,37.75,28.0,4.8875
2024-01-28,CENTRO,fuera_pico_10_12,1,2.115,15.85,39.0,40.0,12.54
2024-01-28,CENTRO,pico_7_9,1,1.92,21.25,17.5,30.5,14.235
2024-01-28,NORESTE3,fuera_pico_10_12,0,1.6723333333333334,12.208333333333332,34.233333333333334,52.5,15.0
2024-01-28,NORESTE3,pico_7_9,0,1.7618333333333331,22.59166666666667,12.95,41.0,12.0
2024-01-28,NOROESTE3,fuera_pico_10_12,0,1.49625,12.3,29.625,45.0,19.081666666666667
2024-01-28,NOROESTE3,pico_7_9,0,1.8041666666666667,15.533333333333333,6.75,38.16666666666667,11.96625
2024-01-28,NORTE2,fuera_pico_10_12,1,0.9724999999999999,15.375,34.75,58.0,18.75
2024-01-28,NORTE2,pico_7_9,1,1.3925,31.674999999999997,9.0,49.5,18.25
2024-01-28,SUR,fuera_pico_10_12,1,1.5895833333333331,14.056249999999999,36.85416666666667,46.125,12.212857142857144
2024-01-28,SUR,pico_7_9,1,1.810625,22.424999999999997,8.5,54.9375,15.555
2024-01-28,SUROESTE2,fuera_pico_10_12,1,2.1050000000000004,14.125,37.0,41.25,9.587499999999999
2024-01-28,SUROESTE2,pico_7_9,1,2.1725000000000003,18.075,20.25,37.5,13.5925
2024-01-29,CENTRO,fuera_pico_10_12,1,2.75,37.55,23.0,75.5,25.825
2024-01-29,CENTRO,pico_7_9,1,2.1149999999999998,32.3,11.5,51.0,15.925
2024-01-29,NORESTE3,fuera_pico_10_12,0,1.8377499999999996,18.391666666666666,31.508333333333333,69.375,17.25
2024-01-29,NORESTE3,pico_7_9,0,2.0940000000000003,27.708333333333336,9.041666666666666,49.16666666666667,10.25
2024-01-29,NOROESTE3,fuera_pico_10_12,0,1.8808333333333334,15.350000000000001,23.5,88.5,42.5
2024-01-29,NOROESTE3,pico_7_9,0,2.3433333333333337,22.141666666666666,6.666666666666667,64.66666666666666,17.5
2024-01-29,NORTE2,fuera_pico_10_12,1,1.315,29.35,24.0,102.5,24.5
2024-01-29,NORTE2,pico_7_9,1,1.4275,37.35,9.25,59.0,17.75
2024-01-29,SUR,fuera_pico_10_12,1,1.845625,27.19375,25.854166666666664,75.6875,20.42875
2024-01-29,SUR,pico_7_9,1,1.98625,29.0625,7.5625,82.25,15.73
2024-01-29,SUROESTE2,fuera_pico_10_12,1,2.6125000000000003,32.525000000000006,23.75,105.75,26.6875
2024-01-29,SUROESTE2,pico_7_9,1,2.7975000000000003,27.9,9.0,84.5,30.7275
2024-01-30,CENTRO,fuera_pico_10_12,1,2.745,42.65,18.0,81.0,33.515
2024-01-30,CENTRO,pico_7_9,1,2.075,30.85,10.5,51.0,13.8
2024-01-30,NORESTE3,fuera_pico_10_12,0,1.9485000000000001,21.541666666666664,24.741666666666667,93.33333333333334,21.5
2024-01-30,NORESTE3,pico_7_9,0,1.91575,23.941666666666663,11.366666666666667,46.66666666666667,10.0
2024-01-30,NOROESTE3,fuera_pico_10_12,0,2.0075000000000003,18.75,15.666666666666668,86.5,29.0
2024-01-30,NOROESTE3,pico_7_9,0,1.8791666666666664,19.4,9.0,46.175,8.0
2024-01-30,NORTE2,fuera_pico_10_12,1,1.7075,35.900000000000006,17.25,128.25,25.5
2024-01-30,NORTE2,pico_7_9,1,1.2799999999999998,33.75,8.5,71.75,19.25
2024-01-30,SUR,fuera_pico_10_12,1,1.8587500000000001,25.55625,25.0625,84.375,20.552500000000002
2024-01-30,SUR,pico_7_9,1,1.9831250000000002,27.71875,7.5,77.8125,22.264464285714283
2024-01-30,SUROESTE2,fuera_pico_10_12,1,2.6125,31.724999999999998,19.75,132.0,28.8375
2024-01-30,SUROESTE2,pico_7_9,1,2.6375,33.775,7.5,64.75,27.8625
2024-01-31,CENTRO,fuera_pico_10_12,1,2.66,45.3,17.0,111.0,47.67
2024-01-31,CENTRO,pico_7_9,1,2.4749999999999996,29.55,10.75,77.5,30.259999999999998
2024-01-31,NORESTE3,fuera_pico_10_12,0,1.8691666666666669,19.333333333333336,25.48333333333333,103.66666666666666,26.25
2024-01-31,NORESTE3,pico_7_9,0,2.4009166666666664,28.658333333333335,6.095833333333333,92.0,33.0
2024-01-31,NOROESTE3,fuera_pico_10_12,0,2.295,22.741666666666667,13.583333333333332,127.83333333333333,55.0
2024-01-31,NOROESTE3,pico_7_9,0,2.3899999999999997,17.96666666666667,5.25,93.16666666666666,32.0
2024-01-31,NORTE2,fuera_pico_10_12,1,1.4625,31.999999999999996,19.0,128.75,27.25
2024-01-31,NORTE2,pico_7_9,1,1.8649999999999998,34.875,11.5,104.75,27.75
2024-01-31,SUR,fuera_pico_10_12,1,2.086875,32.60625,17.833333333333332,166.5,37.6225
2024-01-31,SUR,pico_7_9,1,2.624375,26.793750000000003,7.1875,122.0625,29.6975
2024-01-31,SUROESTE2,fuera_pico_10_12,1,3.145,37.575,19.5,188.25,39.105000000000004
2024-01-31,SUROESTE2,pico_7_9,1,3.1625,31.075,6.5,103.0,36.807500000000005
2024-02-01,CENTRO,fuera_pico_10_12,1,2.54,28.9,19.5,87.0,52.019999999999996
2024-02-01,CENTRO,pico_7_9,1,2.2,27.25,10.0,55.0,25.725625
2024-02-01,NORESTE3,fuera_pico_10_12,0,2.0858333333333334,18.483333333333334,24.03333333333333,63.75,28.0
2024-02-01,NORESTE3,pico_7_9,0,1.9126666666666665,17.025,15.166666666666668,34.83333333333333,11.5
2024-02-01,NOROESTE3,fuera_pico_10_12,0,1.9524999999999997,15.866666666666667,13.0,84.08333333333333,44.0
2024-02-01,NOROESTE3,pico_7_9,0,2.229166666666667,15.775000000000002,5.916666666666667,51.66666666666666,15.5
2024-02-01,NORTE2,fuera_pico_10_12,1,1.6775,27.875,15.0,82.75,30.5
2024-02-01,NORTE2,pico_7_9,1,1.2425000000000002,21.5,16.0,40.0,19.0
2024-02-01,SUR,fuera_pico_10_12,1,1.81125,21.9375,22.875,66.5625,28.792499999999997
2024-02-01,SUR,pico_7_9,1,1.775,19.9375,10.625,35.1875,10.68625
2024-02-01,SUROESTE2,fuera_pico_10_12,1,3.0775,38.875,17.5,117.0,54.144999999999996
2024-02-01,SUROESTE2,pico_7_9,1,2.8375000000000004,20.925,7.0,43.5,26.4
2024-02-02,CENTRO,fuera_pico_10_12,1,2.575,35.8,22.5,92.0,33.675
2024-02-02,CENTRO,pico_7_9,1,2.475,28.05,11.0,87.5,40.010000000000005
2024-02-02,NORESTE3,fuera_pico_10_12,0,2.5353333333333334,34.6,19.875,158.66666666666669,43.25
2024-02-02,NORESTE3,pico_7_9,0,2.2645833333333334,24.958333333333336,7.066666666666666,86.0,32.0
2024-02-02,NOROESTE3,fuera_pico_10_12,0,2.3166666666666664,25.791666666666668,15.75,95.16666666666666,66.5
2024-02-02,NOROESTE3,pico_7_9,0,2.3225,16.025,7.25,81.66666666666667,31.5
2024-02-02,NORTE2,fuera_pico_10_12,1,2.5425,57.550000000000004,14.5,149.5,38.75
2024-02-02,NORTE2,pico_7_9,1,1.8074999999999999,27.425,6.125,119.25,24.5
2024-02-02,SUR,fuera_pico_10_12,1,2.295625,33.83125,23.645833333333336,141.9375,38.14875
2024-02-02,SUR,pico_7_9,1,2.725625,26.6125,7.833333333333334,104.5625,30.7225
2024-02-02,SUROESTE2,fuera_pico_10_12,1,3.075,37.25,19.75,159.75,34.2425
2024-02-02,SUROESTE2,pico_7_9,1,3.5,26.45,7.75,121.0,42.675
2024-02-03,CENTRO,fuera_pico_10_12,1,1.63,4.949999999999999,42.5,50.0,5.01
2024-02-03,CENTRO,pico_7_9,1,1.72,18.85,23.5,36.5,6.785
2024-02-03,NORESTE3,fuera_pico_10_12,0,1.7063333333333333,8.691666666666666,31.258333333333333,66.91666666666666,17.0
2024-02-03,NORESTE3,pico_7_9,0,1.7744999999999997,16.008333333333333,20.091666666666665,65.25,5.5
2024-02-03,NOROESTE3,fuera_pico_10_12,0,1.438,4.4366666666666665,33.66666666666667,55.95,20.0
2024-02-03,NOROESTE3,pico_7_9,0,1.418333333333333,8.091666666666665,28.833333333333336,27.75,15.214285714285715
2024-02-03,NORTE2,fuera_pico_10_12,1,0.865,10.274999999999999,33.0,73.75,29.5
2024-02-03,NORTE2,pico_7_9,1,0.825,15.125,27.0,37.5,15.25
2024-02-03,SUR,fuera_pico_10_12,1,1.516875,9.45625,32.5625,67.5625,12.251666666666669
2024-02-03,SUR,pico_7_9,1,1.70875,22.168750000000003,14.875,60.0,18.33
2024-02-03,SUROESTE2,fuera_pico_10_12,1,2.0,10.3,34.0,69.75,13.8825
2024-02-03,SUROESTE2,pico_7_9,1,2.0125,17.75,22.5,36.5,5.289999999999999
2024-02-04,CENTRO,fuera_pico_10_12,1,1.795,13.6,38.0,45.5,7.765000000000001
2024-02-04,CENTRO,pico_7_9,1,2.335,30.3,10.5,61.5,20.33
2024-02-04,NORESTE3,fuera_pico_10_12,0,1.5994166666666665,8.8125,38.46666666666667,48.375,17.0
2024-02-04,NORESTE3,pico_7_9,0,1.638,26.0625,11.175,52.125,15.5
2024-02-04,NOROESTE3,fuera_pico_10_12,0,1.4891666666666667,5.641666666666666,41.0,42.25,35.5
2024-02-04,NOROESTE3,pico_7_9,0,1.5474999999999999,10.741666666666667,26.83333333333333,23.58333333333333,5.5
2024-02-04,NORTE2,fuera_pico_10_12,1,0.8875,11.15,38.0,49.5,20.0
2024-02-04,NORTE2,pico_7_9,1,1.1075,30.15,10.5,62.0,16.75
2024-02-04,SUR,fuera_pico_10_12,1,1.6064583333333333,11.158333333333333,38.625,51.0,9.583333333333334
2024-02-04,SUR,pico_7_9,1,1.948125,28.1,10.625,73.5,20.33333333333333
2024-02-04,SUROESTE2,fuera_pico_10_12,1,2.0275,8.35,43.0,79.5,10.4175
2024-02-04,SUROESTE2,pico_7_9,1,2.4375,24.950000000000003,13.0,44.75,15.7075
2024-02-05,CENTRO,fuera_pico_10_12,1,1.8849999999999998,17.950000000000003,33.5,71.0,11.635
2024-02-05,CENTRO,pico_7_9,1,1.915,26.950000000000003,16.0,66.5,12.48
2024-02-05,NORESTE3,fuera_pico_10_12,0,1.7864999999999998,5.875,40.416666666666664,60.0,11.75
2024-02-05,NORESTE3,pico_7_9,0,1.8240833333333333,9.55,37.166666666666664,56.33333333333333,8.75
2024-02-05,NOROESTE3,fuera_pico_10_12,0,1.4833333333333334,6.508333333333333,38.25,45.79166666666667,32.227272727272734
2024-02-05,NOROESTE3,pico_7_9,0,1.67625,14.587499999999999,14.625,50.375,12.909781947269341
2024-02-05,NORTE2,fuera_pico_10_12,1,0.8425,10.75,38.0,65.0,20.5
2024-02-05,NORTE2,pico_7_9,1,0.9575,22.299999999999997,23.75,72.0,15.25
2024-02-05,SUR,fuera_pico_10_12,1,1.5006249999999999,6.99375,41.0625,55.25,13.298333333333336
2024-02-05,SUR,pico_7_9,1,1.658125,21.18125,23.3125,68.125,15.231666666666666
2024-02-05,SUROESTE2,fuera_pico_10_12,1,2.3375,18.775,31.5,60.75,12.719999999999999
2024-02-05,SUROESTE2,pico_7_9,1,2.2725,26.924999999999997,12.25,56.0,9.7425
2024-02-06,CENTRO,fuera_pico_10_12,1,2.1100000000000003,22.65,35.0,51.5,14.45
2024-02-06,CENTRO,pico_7_9,1,2.1149999999999998,28.7,15.5,32.0,7.455
2024-02-06,NORESTE3,fuera_pico_10_12,0,2.7313,22.425,28.150000000000002,70.41666666666666,23.75
2024-02-06,NORESTE3,pico_7_9,0,2.4200833333333334,29.616666666666667,9.283333333333333,60.0,15.25
2024-02-06,NOROESTE3,fuera_pico_10_12,0,2.2191666666666663,18.075,23.916666666666664,102.58333333333331,50.0
2024-02-06,NOROESTE3,pico_7_9,0,2.576666666666667,19.916666666666664,5.833333333333333,64.75,22.5
2024-02-06,NORTE2,fuera_pico_10_12,1,1.5525,36.900000000000006,21.75,140.75,21.5
2024-02-06,NORTE2,pico_7_9,1,1.7875,38.325,9.0,74.5,14.0
2024-02-06,SUR,fuera_pico_10_12,1,1.6974999999999998,16.875,35.0,71.6875,15.737857142857143
2024-02-06,SUR,pico_7_9,1,2.230625,33.075,9.1875,71.1875,19.23785714285714
2024-02-06,SUROESTE2,fuera_pico_10_12,1,2.5725000000000002,25.674999999999997,28.0,93.25,14.1625
2024-02-06,SUROESTE2,pico_7_9,1,2.925,30.299999999999997,11.25,58.0,19.5325
2024-02-07,CENTRO,fuera_pico_10_12,1,2.575,35.85,26.0,106.5,44.025
2024-02-07,CENTRO,pico_7_9,1,2.2,33.400000000000006,12.0,57.5,26.08
2024-02-07,NORESTE3,fuera_pico_10_12,0,2.86,15.116666666666667,34.08333333333333,40.25,18.5
2024-02-07,NORESTE3,pico_7_9,0,2.3394833333333334,28.008333333333336,11.066666666666666,39.66666666666666,24.0
2024-02-07,NOROESTE3,fuera_pico_10_12,0,2.0666666666666664,21.775,19.416666666666668,77.58333333333333,43.5
2024-02-07,NOROESTE3,pico_7_9,0,2.0341666666666667,22.041666666666664,7.5,58.5,26.5
2024-02-07,NORTE2,fuera_pico_10_12,1,1.3225,25.174999999999997,27.75,81.75,19.25
2024-02-07,NORTE2,pico_7_9,1,1.4775,36.525000000000006,9.25,65.75,18.0
2024-02-07,SUR,fuera_pico_10_12,1,1.7925,18.94375,29.520833333333336,67.9375,23.5
2024-02-07,SUR,pico_7_9,1,2.04375,30.56875,8.1875,72.125,22.75
2024-02-07,SUROESTE2,fuera_pico_10_12,1,3.1825,34.7,20.25,69.0,32.7025
2024-02-07,SUROESTE2,pico_7_9,1,2.9450000000000003,29.200000000000003,8.75,69.5,23.8675
2024-02-08,CENTRO,fuera_pico_10_12,1,2.79,44.7,28.0,127.0,44.75
2024-02-08,CENTRO,pico_7_9,1,2.915,38.2,14.0,92.0,49.8
2024-02-08,NORESTE3,fuera_pico_10_12,0,3.3232,30.441666666666663,27.025,86.33333333333331,38.5
2024-02-08,NORESTE3,pico_7_9,0,2.6213333333333333,30.508333333333333,7.979166666666667,80.5,42.25
2024-02-08,NOROESTE3,fuera_pico_10_12,0,2.8258333333333336,25.34166666666667,14.791666666666668,160.41666666666669,53.875
2024-02-08,NOROESTE3,pico_7_9,0,3.1625000000000005,23.7,6.25,110.08333333333331,43.5
2024-02-08,NORTE2,fuera_pico_10_12,1,2.5875000000000004,57.325,17.0,187.75,39.5
2024-02-08,NORTE2,pico_7_9,1,2.18,38.575,8.5,123.75,33.25
2024-02-08,SUR,fuera_pico_10_12,1,1.90625,25.00625,32.541666666666664,127.1875,29.666666666666664
2024-02-08,SUR,pico_7_9,1,2.72125,31.706249999999997,11.0,129.0625,44.08333333333333
2024-02-08,SUROESTE2,fuera_pico_10_12,1,3.1475,35.525000000000006,31.25,175.25,34.894999999999996
2024-02-08,SUROESTE2,pico_7_9,1,3.9675000000000002,36.275,7.0,116.5,47.465
2024-02-09,CENTRO,fuera_pico_10_12,1,2.45,30.4,29.5,82.0,39.56
2024-02-09,CENTRO,pico_7_9,1,2.2800000000000002,29.4,12.5,73.5,29.015
2024-02-09,NORESTE3,fuera_pico_10_12,0,2.8043833333333335,34.475,22.85,163.58333333333331,39.75
2024-02-09,NORESTE3,pico_7_9,0,2.4735,27.975,7.0625,109.375,43.5
2024-02-09,NOROESTE3,fuera_pico_10_12,0,2.180833333333333,18.45,17.916666666666668,98.8,56.5
2024-02-09,NOROESTE3,pico_7_9,0,2.19,14.8,6.0,60.33333333333333,26.833333333333332
2024-02-09,NORTE2,fuera_pico_10_12,1,2.1025,49.275000000000006,19.0,144.5,33.25
2024-02-09,NORTE2,pico_7_9,1,2.0625,30.925,11.75,86.0,20.5
2024-02-09,SUR,fuera_pico_10_12,1,1.8900000000000001,21.293750000000003,31.375,94.0625,26.916666666666664
2024-02-09,SUR,pico_7_9,1,2.6137499999999996,23.81875,7.0,95.0,28.666666666666664
2024-02-09,SUROESTE2,fuera_pico_10_12,1,2.745,24.9,29.25,142.0,26.955000000000002
2024-02-09,SUROESTE2,pico_7_9,1,3.2800000000000002,24.15,16.0,87.75,31.97
2024-02-10,CENTRO,fuera_pico_10_12,1,2.6,32.25,23.0,98.0,41.995
2024-02-10,CENTRO,pico_7_9,1,2.305,25.4,12.0,67.0,36.05
2024-02-10,NORESTE3,fuera_pico_10_12,0,3.3106,30.4,18.85,125.33333333333334,41.0
2024-02-10,NORESTE3,pico_7_9,0,2.199,24.316666666666663,6.991666666666667,80.33333333333334,33.75
2024-02-10,NOROESTE3,fuera_pico_10_12,0,2.46625,28.8625,12.625,118.5,56.0
2024-02-10,NOROESTE3,pico_7_9,0,2.2321666666666666,19.965,5.708333333333334,79.93333333333334,30.0
2024-02-10,NORTE2,fuera_pico_10_12,1,2.1825,44.1,12.75,137.5,33.75
2024-02-10,NORTE2,pico_7_9,1,1.7275,31.225,8.0,98.5,27.25
2024-02-10,SUR,fuera_pico_10_12,1,2.0006250000000003,19.31875,24.0625,112.4375,31.25
2024-02-10,SUR,pico_7_9,1,2.14,22.10625,7.8125,86.75,31.583333333333332
2024-02-10,SUROESTE2,fuera_pico_10_12,1,3.0675,28.4,20.0,117.0,37.2725
2024-02-10,SUROESTE2,pico_7_9,1,2.9375,25.375,8.0,84.5,36.397499999999994
2024-02-11,CENTRO,fuera_pico_10_12,1,1.92,17.55,33.5,90.0,15.47
2024-02-11,CENTRO,pico_7_9,1,2.2,29.85,15.5,77.5,42.0
2024-02-11,NORESTE3,fuera_pico_10_12,0,2.6,6.550000000000001,37.15833333333333,106.16666666666666,13.0
2024-02-11,NORESTE3,pico_7_9,0,2.38025,25.35,11.9875,82.91666666666666,36.5
2024-02-11,NOROESTE3,fuera_pico_10_12,0,1.75,8.216666666666667,36.5,49.08333333333333,28.5
2024-02-11,NOROESTE3,pico_7_9,0,1.8266666666666667,15.058333333333334,25.5,51.416666666666664,28.0
2024-02-11,NORTE2,fuera_pico_10_12,1,1.0899999999999999,12.05,32.25,140.75,19.75
2024-02-11,NORTE2,pico_7_9,1,1.7875,32.625,13.0,97.75,28.0
2024-02-11,SUR,fuera_pico_10_12,1,1.77,14.149999999999999,33.125,88.5625,19.445
2024-02-11,SUR,pico_7_9,1,2.3112500000000002,26.46875,7.875,89.5625,32.78
2024-02-11,SUROESTE2,fuera_pico_10_12,1,2.5225,19.5,31.75,53.75,12.5325
2024-02-11,SUROESTE2,pico_7_9,1,3.0549999999999997,27.450000000000003,10.75,69.5,20.275
2024-02-12,CENTRO,fuera_pico_10_12,1,2.25,24.15,19.5,92.5,19.61
2024-02-12,CENTRO,pico_7_9,1,1.96,20.45,12.5,66.0,10.75
2024-02-12,NORESTE3,fuera_pico_10_12,0,1.8012499999999996,7.491666666666667,26.425,64.25,6.75
2024-02-12,NORESTE3,pico_7_9,0,1.815833333333333,10.225000000000001,17.9,47.0,7.5
2024-02-12,NOROESTE3,fuera_pico_10_12,0,2.0091666666666668,12.483333333333333,21.25,67.5,37.5
2024-02-12,NOROESTE3,pico_7_9,0,1.8666666666666667,13.191666666666666,10.75,42.66666666666666,8.28125
2024-02-12,NORTE2,fuera_pico_10_12,1,1.0725,13.5,22.75,60.75,8.5
2024-02-12,NORTE2,pico_7_9,1,1.0699999999999998,14.8,15.5,38.25,4.0
2024-02-12,SUR,fuera_pico_10_12,1,1.6300000000000001,10.4625,23.083333333333336,54.25,9.796666666666667
2024-02-12,SUR,pico_7_9,1,1.664375,14.743749999999999,14.0625,58.9375,14.648333333333333
2024-02-12,SUROESTE2,fuera_pico_10_12,1,2.8899999999999997,22.875,16.0,73.75,14.0075
2024-02-12,SUROESTE2,pico_7_9,1,2.64,21.950000000000003,7.75,60.5,9.74
2024-02-13,CENTRO,fuera_pico_10_12,1,2.36,35.25,17.0,112.0,33.815
2024-02-13,CENTRO,pico_7_9,1,2.0549999999999997,35.4,13.5,54.5,30.79
2024-02-13,NORESTE3,fuera_pico_10_12,0,2.2030833333333333,24.933333333333334,17.833333333333336,91.91666666666666,16.0
2024-02-13,NORESTE3,pico_7_9,0,2.2746666666666666,29.558333333333334,8.008333333333333,66.0,15.0
2024-02-13,NOROESTE3,fuera_pico_10_12,0,1.9075,16.325,21.916666666666668,65.25,24.0
2024-02-13,NOROESTE3,pico_7_9,0,1.925833333333333,16.875,18.5,34.25,16.0
2024-02-13,NORTE2,fuera_pico_10_12,1,1.5975000000000001,36.35,13.25,114.0,22.25
2024-02-13,NORTE2,pico_7_9,1,1.4375,38.75,9.25,64.0,14.75
2024-02-13,SUR,fuera_pico_10_12,1,1.72,16.418750000000003,26.5,90.125,15.879999999999999
2024-02-13,SUR,pico_7_9,1,1.84625,22.0875,19.625,50.6875,12.943333333333335
2024-02-13,SUROESTE2,fuera_pico_10_12,1,3.05,32.1,14.5,81.0,20.5
2024-02-13,SUROESTE2,pico_7_9,1,2.7024999999999997,29.775,13.5,27.0,12.0
2024-02-14,CENTRO,fuera_pico_10_12,1,2.415,27.7,22.5,73.0,35.94
2024-02-14,CENTRO,pico_7_9,1,2.295,26.299999999999997,13.5,56.5,24.58
2024-02-14,NORESTE3,fuera_pico_10_12,0,2.1198333333333332,23.666666666666664,20.949999999999996,91.75,16.0
2024-02-14,NORESTE3,pico_7_9,0,1.9845833333333331,22.383333333333333,16.691666666666666,36.58333333333333,12.5
2024-02-14,NOROESTE3,fuera_pico_10_12,0,2.285,16.958333333333332,16.833333333333332,87.91666666666666,35.0
2024-02-14,NOROESTE3,pico_7_9,0,2.2133333333333334,18.849999999999998,7.333333333333334,47.91666666666667,18.0
2024-02-14,NORTE2,fuera_pico_10_12,1,1.4474999999999998,28.85,17.75,62.5,21.0
2024-02-14,NORTE2,pico_7_9,1,1.3924999999999998,32.150000000000006,8.5,53.25,15.25
2024-02-14,SUR,fuera_pico_10_12,1,1.908125,21.2875,23.25,74.0625,17.51
2024-02-14,SUR,pico_7_9,1,1.991875,24.450000000000003,10.75,49.4375,12.7425
2024-02-14,SUROESTE2,fuera_pico_10_12,1,3.1475,32.5,21.25,149.25,41.18
2024-02-14,SUROESTE2,pico_7_9,1,3.2074999999999996,24.575,8.0,89.75,31.7175
2024-02-15,CENTRO,fuera_pico_10_12,1,3.39,38.55,16.0,126.5,59.01973913043478
2024-02-15,CENTRO,pico_7_9,1,2.96,34.7,13.5,119.5,54.695
2024-02-15,NORESTE3,fuera_pico_10_12,0,2.400666666666667,26.641666666666666,10.233333333333334,126.75000000000001,31.75
2024-02-15,NORESTE3,pico_7_9,0,2.502416666666667,26.800000000000004,7.016666666666667,97.0,33.0
2024-02-15,NOROESTE3,fuera_pico_10_12,0,3.17,27.583333333333332,7.25,153.83333333333331,41.625
2024-02-15,NOROESTE3,pico_7_9,0,2.8521666666666667,23.888333333333335,5.0,143.1,38.08333333333333
2024-02-15,NORTE2,fuera_pico_10_12,1,2.04,38.150000000000006,11.25,159.0,32.75
2024-02-15,NORTE2,pico_7_9,1,1.9425000000000001,33.7,8.5,126.75,34.25
2024-02-15,SUR,fuera_pico_10_12,1,2.569375,36.19375,8.4375,140.625,50.41666666666667
2024-02-15,SUR,pico_7_9,1,2.54625,31.40625,4.625,158.5,49.0
2024-02-15,SUROESTE2,fuera_pico_10_12,1,4.5,42.8,7.666666666666666,171.0,55.307500000000005
2024-02-15,SUROESTE2,pico_7_9,1,3.9325,34.5,6.0,145.5,61.3125
2024-02-16,CENTRO,fuera_pico_10_12,1,2.7199999999999998,30.1,16.0,67.0,34.23736290975292
2024-02-16,CENTRO,pico_7_9,1,2.7,23.55,12.0,56.5,28.69772824583243
2024-02-16,NORESTE3,fuera_pico_10_12,0,2.39975,24.383333333333333,14.216666666666667,45.58333333333333,17.75
2024-02-16,NORESTE3,pico_7_9,0,2.143,23.59166666666667,7.733333333333333,33.33333333333333,14.25
2024-02-16,NOROESTE3,fuera_pico_10_12,0,2.0716666666666663,13.741666666666667,15.15,21.25,9.5
2024-02-16,NOROESTE3,pico_7_9,0,1.9741666666666666,14.333333333333332,12.5,22.25,7.333333333333333
2024-02-16,NORTE2,fuera_pico_10_12,1,2.0975,33.199999999999996,13.25,71.0,19.5
2024-02-16,NORTE2,pico_7_9,1,1.7349999999999999,26.3,11.0,53.0,24.75
2024-02-16,SUR,fuera_pico_10_12,1,2.349375,30.06875,9.5625,62.3125,29.105
2024-02-16,SUR,pico_7_9,1,2.390625,19.3875,5.833333333333333,39.25,20.61875
2024-02-16,SUROESTE2,fuera_pico_10_12,1,3.5824999999999996,31.65,10.25,64.25,42.682500000000005
2024-02-16,SUROESTE2,pico_7_9,1,3.5225,20.55,6.0,53.0,29.5
2024-02-17,CENTRO,fuera_pico_10_12,1,1.004,12.745,13.85,23.25,10.644263536357162
2024-02-17,CENTRO,pico_7_9,1,1.5352258811240498,15.15377723729959,14.741532206739159,27.060150596632262,9.9706557594643
2024-02-17,NORESTE3,fuera_pico_10_12,0,1.8508333333333336,9.041666666666668,23.125,21.58333333333333,8.75
2024-02-17,NORESTE3,pico_7_9,0,2.08225,27.0,13.233333333333333,27.416666666666664,7.25
2024-02-17,NOROESTE3,fuera_pico_10_12,0,1.7716666666666665,8.983333333333334,18.5,18.333333333333336,3.75
2024-02-17,NOROESTE3,pico_7_9,0,1.9658333333333333,15.983333333333334,15.75,16.333333333333336,3.875
2024-02-17,NORTE2,fuera_pico_10_12,1,1.1475,16.5,17.5,14.25,6.25
2024-02-17,NORTE2,pico_7_9,1,1.1724999999999999,31.975,10.25,15.0,4.25
2024-02-17,SUR,fuera_pico_10_12,1,1.4975,11.10625,16.708333333333336,14.708333333333332,8.80375
2024-02-17,SUR,pico_7_9,1,1.6731250000000002,21.708333333333332,21.541666666666664,14.458333333333332,4.5600000000000005
2024-02-17,SUROESTE2,fuera_pico_10_12,1,2.875,13.15,21.5,10.5,4.705
2024-02-17,SUROESTE2,pico_7_9,1,2.7675,20.85,20.5,14.5,6.6475
2024-02-18,CENTRO,fuera_pico_10_12,1,1.3365,10.905000000000001,33.875,30.0,16.120467529555953
2024-02-18,CENTRO,pico_7_9,1,1.469146158732557,7.577947625166145,29.69475219380774,29.377257961692475,10.554455413233937
2024-02-18,NORESTE3,fuera_pico_10_12,0,1.9112499999999994,9.55,26.933333333333334,28.333333333333336,19.75
2024-02-18,NORESTE3,pico_7_9,0,1.7860833333333335,6.416666666666667,27.108333333333334,27.416666666666664,16.0
2024-02-18,NOROESTE3,fuera_pico_10_12,0,1.7108333333333334,4.833333333333334,27.666666666666664,20.0,5.75
2024-02-18,NOROESTE3,pico_7_9,0,1.6133333333333333,4.175,23.916666666666668,22.333333333333336,5.0
2024-02-18,NORTE2,fuera_pico_10_12,1,0.94,12.575,28.0,19.0,4.0
2024-02-18,NORTE2,pico_7_9,1,0.875,11.65,26.0,19.75,5.25
2024-02-18,SUR,fuera_pico_10_12,1,1.626875,9.26875,24.916666666666668,30.3125,11.086904761904762
2024-02-18,SUR,pico_7_9,1,1.5425,7.78125,24.583333333333336,23.375,7.712916666666666
2024-02-18,SUROESTE2,fuera_pico_10_12,1,2.575,8.225,29.25,17.75,8.76
2024-02-18,SUROESTE2,pico_7_9,1,2.4699999999999998,10.25,23.75,24.0,10.355
2024-02-19,CENTRO,fuera_pico_10_12,1,2.59,39.3,21.0,106.5,55.76549946997646
2024-02-19,CENTRO,pico_7_9,1,2.23,17.65,13.5,77.0,53.29492122243761
2024-02-19,NORESTE3,fuera_pico_10_12,0,2.708,30.425,17.141666666666666,134.91666666666669,58.75
2024-02-19,NORESTE3,pico_7_9,0,3.149833333333333,20.608333333333334,5.1625,99.41666666666669,38.25
2024-02-19,NOROESTE3,fuera_pico_10_12,0,2.2466666666666666,16.241666666666667,14.416666666666666,97.91666666666666,34.75
2024-02-19,NOROESTE3,pico_7_9,0,2.694166666666667,14.2,6.0,83.66666666666669,31.75
2024-02-19,NORTE2,fuera_pico_10_12,1,2.3325000000000005,36.475,18.0,103.75,43.5
2024-02-19,NORTE2,pico_7_9,1,2.085,25.175,12.875,106.5,31.0
2024-02-19,SUR,fuera_pico_10_12,1,2.318125,25.11875,20.75,125.125,38.18
2024-02-19,SUR,pico_7_9,1,2.9749999999999996,15.925,5.875,131.3125,40.07541666666667
2024-02-19,SUROESTE2,fuera_pico_10_12,1,3.625,34.65,16.5,140.5,61.754999999999995
2024-02-19,SUROESTE2,pico_7_9,1,4.245,21.725,6.75,99.75,80.2
2024-02-20,CENTRO,fuera_pico_10_12,1,2.545,45.150000000000006,24.5,130.0,45.402933243322025
2024-02-20,CENTRO,pico_7_9,1,2.4850000000000003,31.05,12.5,60.0,24.254707866612144
2024-02-20,NORESTE3,fuera_pico_10_12,0,2.7106666666666666,33.925,25.941666666666666,182.5,48.0
2024-02-20,NORESTE3,pico_7_9,0,3.1221666666666668,25.233333333333334,7.6375,137.83333333333331,44.75
2024-02-20,NOROESTE3,fuera_pico_10_12,0,2.0999999999999996,20.558333333333337,19.25,87.66666666666666,35.625
2024-02-20,NOROESTE3,pico_7_9,0,2.1758333333333333,22.675000000000004,5.8,76.16666666666666,20.25
2024-02-20,NORTE2,fuera_pico_10_12,1,2.9575,67.275,17.0,242.0,49.75
2024-02-20,NORTE2,pico_7_9,1,2.5575,32.45,12.5,123.75,38.25
2024-02-20,SUR,fuera_pico_10_12,1,2.466875,38.2375,22.0,169.4375,34.67875
2024-02-20,SUR,pico_7_9,1,3.074375,27.8625,6.5,155.4375,36.34375
2024-02-20,SUROESTE2,fuera_pico_10_12,1,2.9625000000000004,23.125,31.25,148.25,17.4525
2024-02-20,SUROESTE2,pico_7_9,1,4.105,30.200000000000003,10.25,74.75,25.9775
2024-02-21,CENTRO,fuera_pico_10_12,1,2.5700000000000003,43.15,27.5,104.0,33.79313600614014
2024-02-21,CENTRO,pico_7_9,1,2.42,29.05,11.875,84.5,37.37687615309518
2024-02-21,NORESTE3,fuera_pico_10_12,0,2.3274166666666667,25.508333333333333,25.125,142.0,36.75
2024-02-21,NORESTE3,pico_7_9,0,2.03725,22.950000000000003,5.475,110.75,37.5
2024-02-21,NOROESTE3,fuera_pico_10_12,0,2.3158333333333334,23.65,18.916666666666664,112.16666666666666,40.5
2024-02-21,NOROESTE3,pico_7_9,0,2.3916666666666666,16.891666666666666,5.25,84.83333333333334,17.625
2024-02-21,NORTE2,fuera_pico_10_12,1,2.3725,52.125,19.75,167.25,35.25
2024-02-21,NORTE2,pico_7_9,1,2.1025,26.299999999999997,11.75,136.75,37.25
2024-02-21,SUR,fuera_pico_10_12,1,2.27375,34.5875,21.666666666666664,109.25,39.555
2024-02-21,SUR,pico_7_9,1,2.52125,20.83125,11.583333333333332,102.6875,28.88125
2024-02-21,SUROESTE2,fuera_pico_10_12,1,3.1275,30.275000000000002,30.0,159.5,24.005000000000003
2024-02-21,SUROESTE2,pico_7_9,1,4.1625,31.75,10.75,87.25,29.620000000000005
2024-02-22,CENTRO,fuera_pico_10_12,1,3.025,57.25,22.5,88.0,32.431058148506146
2024-02-22,CENTRO,pico_7_9,1,2.625,31.0,12.5,78.0,34.25748935906084
2024-02-22,NORESTE3,fuera_pico_10_12,0,2.119416666666667,17.80833333333333,35.75,120.66666666666666,24.25
2024-02-22,NORESTE3,pico_7_9,0,2.378166666666667,23.116666666666667,7.154166666666667,79.33333333333334,28.5
2024-02-22,NOROESTE3,fuera_pico_10_12,0,1.7758333333333334,10.683333333333334,45.5,90.75,26.625
2024-02-22,NOROESTE3,pico_7_9,0,2.5233333333333334,18.083333333333332,19.625,84.91666666666666,23.125
2024-02-22,NORTE2,fuera_pico_10_12,1,1.625,32.775000000000006,31.25,139.25,19.75
2024-02-22,NORTE2,pico_7_9,1,2.13,28.65,9.5,113.0,32.75
2024-02-22,SUR,fuera_pico_10_12,1,2.256875,34.28125,28.895833333333336,125.0,32.166666666666664
2024-02-22,SUR,pico_7_9,1,2.4875,20.3,7.0,82.5625,30.75
2024-02-22,SUROESTE2,fuera_pico_10_12,1,3.1425,26.450000000000003,38.0,179.75,25.35
2024-02-22,SUROESTE2,pico_7_9,1,3.6849999999999996,35.675,13.0,99.75,27.0
2024-02-23,CENTRO,fuera_pico_10_12,1,2.12,20.0,35.0,100.5,21.303148613921884
2024-02-23,CENTRO,pico_7_9,1,3.245,33.9,11.5,105.0,34.58117104654715
2024-02-23,NORESTE3,fuera_pico_10_12,0,1.9011666666666667,10.55,36.650000000000006,87.1,11.0
2024-02-23,NORESTE3,pico_7_9,0,2.08575,26.241666666666664,10.883333333333333,116.83333333333334,28.0
2024-02-23,NOROESTE3,fuera_pico_10_12,0,1.81,8.525,32.416666666666664,113.33333333333334,13.625
2024-02-23,NOROESTE3,pico_7_9,0,2.3808333333333334,21.325,6.033333333333333,118.0,26.0
2024-02-23,NORTE2,fuera_pico_10_12,1,1.1875,19.075,32.5,97.5,12.75
2024-02-23,NORTE2,pico_7_9,1,1.565,33.425,10.75,141.75,26.5
2024-02-23,SUR,fuera_pico_10_12,1,1.656875,14.35625,37.0,87.53625,14.618749999999999
2024-02-23,SUR,pico_7_9,1,2.08625,29.025,8.75,107.13875,31.275
2024-02-23,SUROESTE2,fuera_pico_10_12,1,2.9825,20.825000000000003,32.75,98.25,15.53
2024-02-23,SUROESTE2,pico_7_9,1,3.3049999999999997,29.35,11.0,86.5,25.305
2024-02-24,CENTRO,fuera_pico_10_12,1,2.3200000000000003,29.35,34.5,115.0,26.82136647303618
2024-02-24,CENTRO,pico_7_9,1,2.185,31.25,21.0,64.5,21.27675049116766
2024-02-24,NORESTE3,fuera_pico_10_12,0,2.2006666666666668,20.68333333333333,34.775,88.91666666666666,18.5
2024-02-24,NORESTE3,pico_7_9,0,2.145583333333333,30.53333333333333,12.100000000000001,78.0,25.25
2024-02-24,NOROESTE3,fuera_pico_10_12,0,1.8658333333333332,10.741666666666667,41.0,66.83333333333333,24.125
2024-02-24,NOROESTE3,pico_7_9,0,2.0016666666666665,21.625,16.833333333333332,65.0,13.875
2024-02-24,NORTE2,fuera_pico_10_12,1,1.435,30.75,30.0,121.25,18.75
2024-02-24,NORTE2,pico_7_9,1,1.4224999999999999,44.375,9.5,74.75,17.75
2024-02-24,SUR,fuera_pico_10_12,1,1.98125,21.418750000000003,35.5625,120.75,22.625
2024-02-24,SUR,pico_7_9,1,2.021875,30.075,12.6875,79.625,23.0625
2024-02-24,SUROESTE2,fuera_pico_10_12,1,3.075,23.174999999999997,36.75,61.25,20.735
2024-02-24,SUROESTE2,pico_7_9,1,3.0374999999999996,31.05,17.0,58.75,21.822499999999998
2024-02-25,CENTRO,fuera_pico_10_12,1,2.29,25.15,31.5,74.0,31.5
2024-02-25,CENTRO,pico_7_9,1,2.2699999999999996,23.35,13.5,61.0,26.5
2024-02-25,NORESTE3,fuera_pico_10_12,0,2.0157499999999997,12.841666666666667,38.06666666666666,65.33333333333333,24.0
2024-02-25,NORESTE3,pico_7_9,0,2.059416666666667,23.55833333333333,12.141666666666666,61.74999999999999,23.75
2024-02-25,NOROESTE3,fuera_pico_10_12,0,1.9074999999999998,10.399999999999999,33.166666666666664,50.5,10.25
2024-02-25,NOROESTE3,pico_7_9,0,1.9433333333333334,14.191666666666666,12.416666666666668,59.33333333333333,17.666666666666664
2024-02-25,NORTE2,fuera_pico_10_12,1,1.62,28.275,30.5,90.75,25.75
2024-02-25,NORTE2,pico_7_9,1,1.4000000000000001,30.474999999999998,9.5,66.0,20.5
2024-02-25,SUR,fuera_pico_10_12,1,1.97375,21.356250000000003,33.6875,78.4375,35.1875
2024-02-25,SUR,pico_7_9,1,2.13625,23.7375,8.6875,84.1875,30.3125
2024-02-25,SUROESTE2,fuera_pico_10_12,1,2.9275,15.325,41.0,60.0,18.2675
2024-02-25,SUROESTE2,pico_7_9,1,3.0700000000000003,20.2,15.25,56.25,23.3425
2024-02-26,CENTRO,fuera_pico_10_12,1,3.0949999999999998,49.95,26.5,160.0,42.0
2024-02-26,CENTRO,pico_7_9,1,2.715,35.15,10.0,118.0,27.5
2024-02-26,NORESTE3,fuera_pico_10_12,0,2.583166666666667,30.816666666666663,32.74166666666666,175.66666666666669,49.5
2024-02-26,NORESTE3,pico_7_9,0,2.6682499999999996,27.71666666666667,8.458333333333332,141.66666666666669,42.75
2024-02-26,NOROESTE3,fuera_pico_10_12,0,2.05,17.283333333333335,33.91666666666667,84.0,27.25
2024-02-26,NOROESTE3,pico_7_9,0,2.29,29.375,8.75,81.15,32.166666666666664
2024-02-26,NORTE2,fuera_pico_10_12,1,2.6950000000000003,60.150000000000006,23.75,201.25,43.75
2024-02-26,NORTE2,pico_7_9,1,2.3,38.875,12.0,129.5,35.0
2024-02-26,SUR,fuera_pico_10_12,1,2.429375,42.01875,31.4375,159.625,39.9375
2024-02-26,SUR,pico_7_9,1,2.776875,27.44375,6.0625,120.3125,34.5625
2024-02-26,SUROESTE2,fuera_pico_10_12,1,3.1225,24.075000000000003,37.75,152.5,23.175
2024-02-26,SUROESTE2,pico_7_9,1,4.300000000000001,35.75,12.0,76.0,49.6725
2024-02-27,CENTRO,fuera_pico_10_12,1,2.1550000000000002,34.599999999999994,39.5,117.5,19.0
2024-02-27,CENTRO,pico_7_9,1,2.495,40.3,13.5,106.5,26.5
2024-02-27,NORESTE3,fuera_pico_10_12,0,2.5254999999999996,31.225,33.425,207.16666666666666,58.0
2024-02-27,NORESTE3,pico_7_9,0,2.8107499999999996,32.56666666666667,8.554166666666667,169.5,41.75
2024-02-27,NOROESTE3,fuera_pico_10_12,0,1.9024999999999999,14.016666666666666,46.91666666666666,109.21666666666665,52.125
2024-02-27,NOROESTE3,pico_7_9,0,2.2075,28.06666666666667,19.083333333333336,94.16666666666666,18.583333333333336
2024-02-27,NORTE2,fuera_pico_10_12,1,1.135,25.325000000000003,48.75,76.5,14.75
2024-02-27,NORTE2,pico_7_9,1,2.385,49.175000000000004,10.75,168.5,35.0
2024-02-27,SUR,fuera_pico_10_12,1,2.3025,33.15,42.875,143.125,35.75
2024-02-27,SUR,pico_7_9,1,2.560625,31.6875,8.75,119.75,31.8125
2024-02-27,SUROESTE2,fuera_pico_10_12,1,3.0175,23.15,48.5,104.0,23.6875
2024-02-27,SUROESTE2,pico_7_9,1,3.6025,35.425,24.0,84.75,21.8775
2024-02-28,CENTRO,fuera_pico_10_12,1,2.58,42.05,31.0,154.5,29.0
2024-02-28,CENTRO,pico_7_9,1,2.775,42.8,9.5,199.0,39.0
2024-02-28,NORESTE3,fuera_pico_10_12,0,2.094333333333333,16.433333333333334,38.641666666666666,152.66666666666666,34.5
2024-02-28,NORESTE3,pico_7_9,0,2.4416666666666664,29.65833333333333,19.475,132.41666666666669,25.25
2024-02-28,NOROESTE3,fuera_pico_10_12,0,1.835,13.491666666666667,37.5,88.41666666666669,19.625
2024-02-28,NOROESTE3,pico_7_9,0,2.029166666666667,23.941666666666663,13.5,75.58333333333333,10.875
2024-02-28,NORTE2,fuera_pico_10_12,1,1.4575,39.0,28.75,159.5,20.75
2024-02-28,NORTE2,pico_7_9,1,1.5625,47.275000000000006,9.75,99.25,18.75
2024-02-28,SUR,fuera_pico_10_12,1,2.130625,36.7375,32.3125,167.57142857142858,27.5
2024-02-28,SUR,pico_7_9,1,2.284375,42.6625,11.5,134.0,34.125
2024-02-28,SUROESTE2,fuera_pico_10_12,1,3.1075,25.65,45.75,148.25,32.9025
2024-02-28,SUROESTE2,pico_7_9,1,3.6725000000000003,36.475,36.75,86.5,26.865
2024-02-29,CENTRO,fuera_pico_10_12,1,2.0149999999999997,9.1,43.0,109.5,46.0
2024-02-29,CENTRO,pico_7_9,1,2.04,19.700000000000003,26.5,89.5,31.0
2024-02-29,NORESTE3,fuera_pico_10_12,0,2.156833333333333,15.233333333333334,28.316666666666663,68.41666666666667,18.0
2024-02-29,NORESTE3,pico_7_9,0,2.04875,14.530000000000001,26.416666666666664,55.16666666666666,14.0
2024-02-29,NOROESTE3,fuera_pico_10_12,0,1.9241666666666666,11.850000000000001,28.083333333333336,72.83333333333334,30.0
2024-02-29,NOROESTE3,pico_7_9,0,1.8758333333333335,14.466666666666667,18.416666666666668,56.16666666666667,11.375
2024-02-29,NORTE2,fuera_pico_10_12,1,1.0025,16.675,31.25,80.0,21.0
2024-02-29,NORTE2,pico_7_9,1,1.075,24.5,20.5,54.0,10.25
2024-02-29,SUR,fuera_pico_10_12,1,1.79375,12.1375,33.6875,68.8125,17.666666666666668
2024-02-29,SUR,pico_7_9,1,1.8206250000000002,15.381250000000001,29.375,75.5,23.5
2024-02-29,SUROESTE2,fuera_pico_10_12,1,3.0475000000000003,13.45,38.25,84.0,32.042500000000004
2024-02-29,SUROESTE2,pico_7_9,1,3.1,19.1,25.75,61.75,26.58
2024-03-01,CENTRO,fuera_pico_10_12,1,2.8899999999999997,47.349999999999994,18.0,214.0,69.0
2024-03-01,CENTRO,pico_7_9,1,2.395,31.35,9.5,130.0,35.0
2024-03-01,NORESTE3,fuera_pico_10_12,0,2.28225,22.416666666666664,25.916666666666668,132.16666666666666,38.0
2024-03-01,NORESTE3,pico_7_9,0,2.41425,23.675000000000004,7.004166666666666,101.08333333333334,31.5
2024-03-01,NOROESTE3,fuera_pico_10_12,0,2.4733333333333336,24.025000000000002,20.583333333333332,142.33333333333331,85.0
2024-03-01,NOROESTE3,pico_7_9,0,2.6216666666666666,21.416666666666664,5.8,96.75,29.0
2024-03-01,NORTE2,fuera_pico_10_12,1,1.4975,35.5,20.25,173.75,40.25
2024-03-01,NORTE2,pico_7_9,1,1.57,37.1,9.25,131.25,32.75
2024-03-01,SUR,fuera_pico_10_12,1,2.1381249999999996,25.05,28.125,119.0,34.5
2024-03-01,SUR,pico_7_9,1,2.296875,23.78125,7.8125,89.9375,28.0
2024-03-01,SUROESTE2,fuera_pico_10_12,1,3.94,43.55,21.0,123.5,46.5
2024-03-01,SUROESTE2,pico_7_9,1,3.8850000000000002,31.849999999999998,7.0,143.5,31.0
2024-03-02,CENTRO,fuera_pico_10_12,1,3.035,51.7,27.5,203.5,61.5
2024-03-02,CENTRO,pico_7_9,1,2.6550000000000002,34.3,9.5,123.5,41.5
2024-03-02,NORESTE3,fuera_pico_10_12,0,2.607666666666667,31.449999999999996,34.81666666666666,153.41666666666666,45.25
2024-03-02,NORESTE3,pico_7_9,0,2.4372499999999997,26.30833333333333,8.149999999999999,89.0,35.75
2024-03-02,NOROESTE3,fuera_pico_10_12,0,2.19,22.133333333333333,30.916666666666668,102.0,49.125
2024-03-02,NOROESTE3,pico_7_9,0,2.2233333333333336,23.349999999999994,9.5,88.33333333333334,23.666666666666664
2024-03-02,NORTE2,fuera_pico_10_12,1,2.7,61.175,26.25,171.0,49.0
2024-03-02,NORTE2,pico_7_9,1,1.7325,35.75,8.75,109.5,28.5
2024-03-02,SUR,fuera_pico_10_12,1,2.468125,41.2125,34.25,156.125,43.5625
2024-03-02,SUR,pico_7_9,1,2.198125,30.450000000000003,7.1875,83.6875,29.125
2024-03-02,SUROESTE2,fuera_pico_10_12,1,3.215,21.85,48.0,159.5,38.5275
2024-03-02,SUROESTE2,pico_7_9,1,4.0475,40.55,11.0,139.5,44.4475
2024-03-03,CENTRO,fuera_pico_10_12,1,2.4850000000000003,24.05,37.5,110.0,51.0
2024-03-03,CENTRO,pico_7_9,1,2.45,21.15,9.5,79.5,41.0
2024-03-03,NORESTE3,fuera_pico_10_12,0,2.1029999999999998,14.108333333333334,32.49166666666667,69.58333333333334,36.75
2024-03-03,NORESTE3,pico_7_9,0,1.927083333333333,11.083333333333332,20.625,50.16666666666667,28.5
2024-03-03,NOROESTE3,fuera_pico_10_12,0,2.1533333333333333,14.375000000000002,30.75,67.83333333333333,20.125
2024-03-03,NOROESTE3,pico_7_9,0,2.158333333333333,14.241666666666667,8.833333333333334,80.25,24.25
2024-03-03,NORTE2,fuera_pico_10_12,1,2.0149999999999997,28.65,31.25,108.5,37.75
2024-03-03,NORTE2,pico_7_9,1,1.5425,24.0,8.75,76.0,31.25
2024-03-03,SUR,fuera_pico_10_12,1,2.1875,20.55625,28.375,83.1875,43.29166666666667
2024-03-03,SUR,pico_7_9,1,1.896875,15.96875,11.8125,68.6875,31.4375
2024-03-03,SUROESTE2,fuera_pico_10_12,1,3.4525,26.65,44.75,79.25,35.5
2024-03-03,SUROESTE2,pico_7_9,1,3.3875,25.05,17.25,66.5,16.5
2024-03-04,CENTRO,fuera_pico_10_12,1,3.0949999999999998,39.5,24.0,154.0,56.0
2024-03-04,CENTRO,pico_7_9,1,2.5300000000000002,30.8,10.0,113.0,42.0
2024-03-04,NORESTE3,fuera_pico_10_12,0,2.264333333333333,17.60833333333333,23.141666666666666,107.66666666666669,36.0
2024-03-04,NORESTE3,pico_7_9,0,2.1835833333333334,16.2,11.191666666666666,59.666666666666664,29.75
2024-03-04,NOROESTE3,fuera_pico_10_12,0,2.2350000000000003,16.849999999999998,17.333333333333332,83.41666666666666,30.0
2024-03-04,NOROESTE3,pico_7_9,0,2.339166666666667,13.558333333333334,6.583333333333334,108.41666666666669,32.625
2024-03-04,NORTE2,fuera_pico_10_12,1,2.135,35.95,19.0,149.25,42.5
2024-03-04,NORTE2,pico_7_9,1,1.5675,21.85,8.0,89.75,33.0
2024-03-04,SUR,fuera_pico_10_12,1,2.135625,24.76875,26.0,92.25,36.6875
2024-03-04,SUR,pico_7_9,1,2.1012500000000003,15.21875,11.0,67.4375,28.5
2024-03-04,SUROESTE2,fuera_pico_10_12,1,3.7275,30.375,36.5,121.0,38.5
2024-03-04,SUROESTE2,pico_7_9,1,3.9400000000000004,32.425,9.75,87.25,33.0
2024-03-05,CENTRO,fuera_pico_10_12,1,3.01,43.349999999999994,22.5,185.0,53.5
2024-03-05,CENTRO,pico_7_9,1,2.5999999999999996,29.1,9.5,172.0,48.5
2024-03-05,NORESTE3,fuera_pico_10_12,0,2.21725,17.116666666666667,28.241666666666667,145.75,31.0
2024-03-05,NORESTE3,pico_7_9,0,2.458666666666667,19.98333333333333,7.416666666666666,100.66666666666666,39.75
2024-03-05,NOROESTE3,fuera_pico_10_12,0,2.075833333333333,12.241666666666667,24.416666666666664,91.75,36.7475
2024-03-05,NOROESTE3,pico_7_9,0,2.3208333333333333,15.133333333333333,6.291666666666666,83.83333333333334,28.94125
2024-03-05,NORTE2,fuera_pico_10_12,1,2.13,37.8,24.75,148.5,37.0
2024-03-05,NORTE2,pico_7_9,1,1.5525000000000002,24.925,9.75,118.5,32.5
2024-03-05,SUR,fuera_pico_10_12,1,2.135625,29.31875,26.375,118.75,37.8125
2024-03-05,SUR,pico_7_9,1,2.1275000000000004,20.799999999999997,6.6875,96.5,41.9375
2024-03-05,SUROESTE2,fuera_pico_10_12,1,3.385,24.525,33.0,114.25,18.0
2024-03-05,SUROESTE2,pico_7_9,1,4.0225,32.95,7.75,121.5,23.5
2024-03-06,CENTRO,fuera_pico_10_12,1,1.7175,23.6625,24.375,105.625,48.875
2024-03-06,CENTRO,pico_7_9,1,2.5549999999999997,23.85,9.5,114.5,59.5
2024-03-06,NORESTE3,fuera_pico_10_12,0,2.0039166666666666,14.524999999999999,23.4,91.25,40.75
2024-03-06,NORESTE3,pico_7_9,0,2.0423333333333336,15.191666666666666,13.041666666666666,70.83333333333334,41.0
2024-03-06,NOROESTE3,fuera_pico_10_12,0,2.15,13.908333333333335,18.833333333333332,115.25,54.75
2024-03-06,NOROESTE3,pico_7_9,0,2.105833333333333,12.724999999999998,10.416666666666668,82.41666666666666,39.875
2024-03-06,NORTE2,fuera_pico_10_12,1,1.52,24.1,19.0,126.5,36.25
2024-03-06,NORTE2,pico_7_9,1,1.38,22.3,11.5,89.5,34.5
2024-03-06,SUR,fuera_pico_10_12,1,1.96625,16.331249999999997,26.0,107.0,48.25
2024-03-06,SUR,pico_7_9,1,1.795,12.962499999999999,12.0,77.6875,40.25
2024-03-06,SUROESTE2,fuera_pico_10_12,1,3.8875,29.975,28.75,132.25,56.0
2024-03-06,SUROESTE2,pico_7_9,1,3.9349999999999996,26.8,9.5,96.0,34.5
2024-03-07,CENTRO,fuera_pico_10_12,1,2.325,20.95,20.0,95.5,43.5
2024-03-07,CENTRO,pico_7_9,1,2.05,15.75,12.0,68.0,33.5
2024-03-07,NORESTE3,fuera_pico_10_12,0,2.0828333333333333,11.89166666666667,23.316666666666666,72.16666666666666,31.75
2024-03-07,NORESTE3,pico_7_9,0,2.135416666666667,13.008333333333333,14.383333333333333,65.08333333333333,35.25
2024-03-07,NOROESTE3,fuera_pico_10_12,0,2.110833333333333,10.625,19.833333333333332,84.16666666666666,38.25
2024-03-07,NOROESTE3,pico_7_9,0,2.098333333333333,11.383333333333333,8.666666666666668,63.5,28.333333333333336
2024-03-07,NORTE2,fuera_pico_10_12,1,1.3925,19.1,21.75,78.5,25.5
2024-03-07,NORTE2,pico_7_9,1,1.2374999999999998,16.75,12.25,64.5,27.5
2024-03-07,SUR,fuera_pico_10_12,1,1.77,10.318750000000001,27.125,74.6875,35.97916666666667
2024-03-07,SUR,pico_7_9,1,1.7374999999999998,9.64375,16.125,63.4375,29.75
2024-03-07,SUROESTE2,fuera_pico_10_12,1,3.625,21.275,33.75,111.0,40.5
2024-03-07,SUROESTE2,pico_7_9,1,3.9625000000000004,22.275,10.25,71.25,21.0
2024-03-08,CENTRO,fuera_pico_10_12,1,3.08,37.35,20.0,186.5,32.5
2024-03-08,CENTRO,pico_7_9,1,3.0300000000000002,32.85,9.5,128.5,52.0
2024-03-08,NORESTE3,fuera_pico_10_12,0,2.1565000000000003,12.75,31.224999999999998,196.0,29.0
2024-03-08,NORESTE3,pico_7_9,0,2.076208333333333,20.78333333333333,8.0875,108.54166666666666,46.25
2024-03-08,NOROESTE3,fuera_pico_10_12,0,1.8025,8.025,33.91666666666667,85.75,20.25
2024-03-08,NOROESTE3,pico_7_9,0,2.390833333333333,19.375,24.875,153.83333333333331,30.875
2024-03-08,NORTE2,fuera_pico_10_12,1,1.375,20.9,30.75,140.75,17.5
2024-03-08,NORTE2,pico_7_9,1,1.8975000000000002,35.325,13.0,156.0,45.75
2024-03-08,SUR,fuera_pico_10_12,1,1.8804166666666666,19.104166666666664,28.5625,187.66666666666666,29.395833333333336
2024-03-08,SUR,pico_7_9,1,2.520625,26.19375,6.3125,104.1875,41.375
2024-03-08,SUROESTE2,fuera_pico_10_12,1,3.29,15.174999999999999,31.0,133.0,22.964285714285715
2024-03-08,SUROESTE2,pico_7_9,1,4.0575,31.275,12.75,118.5,46.68028312611737
2024-03-09,CENTRO,fuera_pico_10_12,1,2.335,11.8,29.0,73.5,14.0
2024-03-09,CENTRO,pico_7_9,1,2.29,12.35,30.0,51.0,10.5
2024-03-09,NORESTE3,fuera_pico_10_12,0,1.9128333333333332,7.6000000000000005,25.65,61.41666666666667,11.0
2024-03-09,NORESTE3,pico_7_9,0,1.853333333333333,9.091666666666665,24.725,67.58333333333333,9.25
2024-03-09,NOROESTE3,fuera_pico_10_12,0,1.7925,5.016666666666667,30.25,58.58333333333333,11.75
2024-03-09,NOROESTE3,pico_7_9,0,1.7466666666666666,6.541666666666666,30.583333333333336,59.41666666666667,4.75
2024-03-09,NORTE2,fuera_pico_10_12,1,1.1075,12.375,26.25,58.0,9.75
2024-03-09,NORTE2,pico_7_9,1,0.97,15.925,23.75,52.0,5.75
2024-03-09,SUR,fuera_pico_10_12,1,1.636875,8.975000000000001,28.875,56.5625,10.166666666666668
2024-03-09,SUR,pico_7_9,1,1.6275,12.33125,24.625,69.5625,10.666666666666666
2024-03-09,SUROESTE2,fuera_pico_10_12,1,3.4875,13.15,30.25,59.0,14.5
2024-03-09,SUROESTE2,pico_7_9,1,3.2525000000000004,13.05,28.75,69.5,5.0
2024-03-10,CENTRO,fuera_pico_10_12,1,2.2199999999999998,5.4,43.5,20.0,5.0
2024-03-10,CENTRO,pico_7_9,1,2.1900000000000004,5.300000000000001,43.0,15.5,4.0
2024-03-10,NORESTE3,fuera_pico_10_12,0,1.9589999999999996,8.908333333333331,38.858333333333334,27.5,11.0
2024-03-10,NORESTE3,pico_7_9,0,1.8911666666666664,9.875,32.25833333333333,23.25,4.75
2024-03-10,NOROESTE3,fuera_pico_10_12,0,1.8766666666666665,4.716666666666666,40.58333333333333,34.166666666666664,6.5
2024-03-10,NOROESTE3,pico_7_9,0,1.8166666666666664,5.0,35.25,30.5,2.875
2024-03-10,NORTE2,fuera_pico_10_12,1,0.895,9.0,42.5,30.25,6.25
2024-03-10,NORTE2,pico_7_9,1,0.825,11.65,35.0,13.75,3.75
2024-03-10,SUR,fuera_pico_10_12,1,1.6487499999999997,8.731250000000001,42.0,31.0,6.666666666666667
2024-03-10,SUR,pico_7_9,1,1.6325,10.03125,34.6875,25.375,7.5
2024-03-10,SUROESTE2,fuera_pico_10_12,1,3.175,5.074999999999999,44.0,22.25,6.5
2024-03-10,SUROESTE2,pico_7_9,1,3.135,5.2,42.75,19.0,3.5
2024-03-11,CENTRO,fuera_pico_10_12,1,2.61,25.799999999999997,24.5,90.5,40.0
2024-03-11,CENTRO,pico_7_9,1,2.505,25.9,13.0,66.0,19.0
2024-03-11,NORESTE3,fuera_pico_10_12,0,2.01375,14.75,27.875,51.08333333333333,15.75
2024-03-11,NORESTE3,pico_7_9,0,2.178916666666667,24.108333333333334,12.099999999999998,49.75,14.0
2024-03-11,NOROESTE3,fuera_pico_10_12,0,2.135,13.125,28.916666666666664,74.33333333333333,18.625
2024-03-11,NOROESTE3,pico_7_9,0,2.2541666666666664,17.4,10.166666666666666,69.83333333333333,19.375
2024-03-11,NORTE2,fuera_pico_10_12,1,1.2125,21.1,27.0,63.0,18.25
2024-03-11,NORTE2,pico_7_9,1,1.325,29.825,10.75,44.0,14.0
2024-03-11,SUR,fuera_pico_10_12,1,1.7625,13.3,37.1875,66.9375,19.5
2024-03-11,SUR,pico_7_9,1,1.995625,21.06875,15.125,42.5,11.875
2024-03-11,SUROESTE2,fuera_pico_10_12,1,3.895,26.75,28.0,86.25,32.5
2024-03-11,SUROESTE2,pico_7_9,1,3.9325,29.1,10.5,50.0,12.0
2024-03-12,CENTRO,fuera_pico_10_12,1,2.785,25.9,25.5,98.0,37.5
2024-03-12,CENTRO,pico_7_9,1,2.525,21.4,14.0,46.5,18.0
2024-03-12,NORESTE3,fuera_pico_10_12,0,2.1327499999999997,15.175,28.166666666666664,55.91666666666666,23.5
2024-03-12,NORESTE3,pico_7_9,0,2.0214999999999996,15.975000000000001,18.233333333333334,38.91666666666667,13.25
2024-03-12,NOROESTE3,fuera_pico_10_12,0,2.0541666666666663,12.55,25.5,87.83333333333334,21.625
2024-03-12,NOROESTE3,pico_7_9,0,2.1133333333333333,13.716666666666667,10.583333333333334,50.583333333333336,17.25
2024-03-12,NORTE2,fuera_pico_10_12,1,1.4225,23.65,26.0,70.0,23.0
2024-03-12,NORTE2,pico_7_9,1,1.2075,23.3,13.5,44.0,11.0
2024-03-12,SUR,fuera_pico_10_12,1,1.88375,17.5,31.0,66.4375,22.6875
2024-03-12,SUR,pico_7_9,1,1.790625,12.78125,19.333333333333336,35.3125,9.0625
2024-03-12,SUROESTE2,fuera_pico_10_12,1,3.7975,19.799999999999997,31.5,74.75,27.5
2024-03-12,SUROESTE2,pico_7_9,1,4.115,20.8,7.75,66.0,16.0
2024-03-13,CENTRO,fuera_pico_10_12,1,3.04,47.65,25.5,121.0,35.5
2024-03-13,CENTRO,pico_7_9,1,2.92,33.7,9.75,155.0,40.5
2024-03-13,NORESTE3,fuera_pico_10_12,0,2.50725,24.900000000000002,29.633333333333333,145.41666666666669,40.75
2024-03-13,NORESTE3,pico_7_9,0,2.626666666666667,20.58333333333333,8.1,78.5,28.75
2024-03-13,NOROESTE3,fuera_pico_10_12,0,2.56,24.333333333333332,25.416666666666668,104.31666666666666,49.25
2024-03-13,NOROESTE3,pico_7_9,0,2.6708333333333334,19.466666666666665,6.4,96.66666666666666,21.5
2024-03-13,NORTE2,fuera_pico_10_12,1,2.06,47.225,29.25,158.25,35.25
2024-03-13,NORTE2,pico_7_9,1,1.8425,27.375,6.75,92.5,27.75
2024-03-13,SUR,fuera_pico_10_12,1,2.26375,34.15625,31.333333333333336,102.4375,32.875
2024-03-13,SUR,pico_7_9,1,2.209375,19.125,7.8125,66.1875,22.625
2024-03-13,SUROESTE2,fuera_pico_10_12,1,3.8625,26.375,29.75,99.75,31.4525
2024-03-13,SUROESTE2,pico_7_9,1,4.975,35.6,9.75,128.0,43.25
2024-03-14,CENTRO,fuera_pico_10_12,1,3.475,52.849999999999994,20.5,128.5,16.875
2024-03-14,CENTRO,pico_7_9,1,3.165,26.700000000000003,10.0,73.0,4.125
2024-03-14,NORESTE3,fuera_pico_10_12,0,1.92825,19.775,22.137500000000003,76.625,28.0
2024-03-14,NORESTE3,pico_7_9,0,2.3804999999999996,18.90833333333333,8.600000000000001,66.25,23.25
2024-03-14,NOROESTE3,fuera_pico_10_12,0,2.783333333333333,24.725,15.666666666666668,132.5,39.125
2024-03-14,NOROESTE3,pico_7_9,0,2.5908333333333333,17.30833333333333,6.0,100.5,16.5
2024-03-14,NORTE2,fuera_pico_10_12,1,1.8725,42.45,16.5,127.0,30.75
2024-03-14,NORTE2,pico_7_9,1,1.4875,24.425,8.25,91.0,25.0
2024-03-14,SUR,fuera_pico_10_12,1,2.341875,34.0,21.5,114.5,29.0
2024-03-14,SUR,pico_7_9,1,2.333125,19.9,6.875,104.125,26.25
2024-03-14,SUROESTE2,fuera_pico_10_12,1,4.3625,48.325,19.75,186.25,31.58
2024-03-14,SUROESTE2,pico_7_9,1,4.6975,32.1,13.25,105.0,32.3875
2024-03-15,CENTRO,fuera_pico_10_12,1,2.915,29.6,24.0,101.5,52.0
2024-03-15,CENTRO,pico_7_9,1,3.3449999999999998,25.1,9.5,79.5,38.5
2024-03-15,NORESTE3,fuera_pico_10_12,0,2.2257499999999997,12.291666666666668,26.666666666666668,85.33333333333331,42.0
2024-03-15,NORESTE3,pico_7_9,0,2.5545833333333334,19.674999999999997,7.924999999999999,83.0,37.75
2024-03-15,NOROESTE3,fuera_pico_10_12,0,2.456666666666666,16.641666666666666,27.333333333333332,118.91666666666666,13.5
2024-03-15,NOROESTE3,pico_7_9,0,2.6258333333333335,15.75,6.25,91.0,20.625
2024-03-15,NORTE2,fuera_pico_10_12,1,1.48,21.975,27.0,98.75,26.25
2024-03-15,NORTE2,pico_7_9,1,2.015,28.075000000000003,7.5,116.5,33.5
2024-03-15,SUR,fuera_pico_10_12,1,1.8375,11.9,35.6875,83.5,37.416666666666664
2024-03-15,SUR,pico_7_9,1,2.2718749999999996,18.44375,7.375,98.5625,38.583333333333336
2024-03-15,SUROESTE2,fuera_pico_10_12,1,3.1575,35.75,22.75,147.0,44.769999999999996
2024-03-15,SUROESTE2,pico_7_9,1,3.0425,27.3,7.75,99.0,29.159999999999997
2024-03-16,CENTRO,fuera_pico_10_12,1,2.645,15.5,16.5,30.5,10.5
2024-03-16,CENTRO,pico_7_9,1,2.66,23.35,13.5,44.5,19.0
2024-03-16,NORESTE3,fuera_pico_10_12,0,2.186916666666667,13.391666666666666,16.475,18.083333333333332,7.5
2024-03-16,NORESTE3,pico_7_9,0,2.0598333333333336,14.108333333333334,15.5,21.416666666666664,12.75
2024-03-16,NOROESTE3,fuera_pico_10_12,0,1.9766666666666668,7.333333333333334,18.833333333333336,20.833333333333336,5.0
2024-03-16,NOROESTE3,pico_7_9,0,1.9408333333333327,9.308333333333334,18.666666666666668,37.5,6.25
2024-03-16,NORTE2,fuera_pico_10_12,1,1.2675,18.35,14.5,23.25,6.5
2024-03-16,NORTE2,pico_7_9,1,1.1724999999999999,19.125,16.0,24.5,9.5
2024-03-16,SUR,fuera_pico_10_12,1,1.803125,11.024999999999999,18.625,24.125,8.25
2024-03-16,SUR,pico_7_9,1,1.6843750000000002,9.7625,17.5625,31.3125,14.333333333333332
2024-03-16,SUROESTE2,fuera_pico_10_12,1,2.575,16.95,12.5,37.5,18.71
2024-03-16,SUROESTE2,pico_7_9,1,2.6624999999999996,19.5,14.5,43.25,19.3825
2024-03-17,CENTRO,fuera_pico_10_12,1,2.68,14.600000000000001,15.5,59.0,22.0
2024-03-17,CENTRO,pico_7_9,1,2.8200000000000003,11.7,19.5,47.0,18.0
2024-03-17,NORESTE3,fuera_pico_10_12,0,1.99725,7.475,18.96666666666667,24.666666666666668,12.25
2024-03-17,NORESTE3,pico_7_9,0,1.9597499999999997,8.05,16.866666666666667,28.33333333333333,14.0
2024-03-17,NOROESTE3,fuera_pico_10_12,0,2.036666666666666,7.016666666666667,18.083333333333332,34.24999999999999,9.0
2024-03-17,NOROESTE3,pico_7_9,0,2.03,8.308333333333334,12.416666666666668,27.583333333333336,7.75
2024-03-17,NORTE2,fuera_pico_10_12,1,1.175,11.125,17.5,37.5,9.75
2024-03-17,NORTE2,pico_7_9,1,1.0825,11.399999999999999,16.75,29.25,9.0
2024-03-17,SUR,fuera_pico_10_12,1,1.7762499999999997,9.2,17.125,40.5625,16.25
2024-03-17,SUR,pico_7_9,1,1.72625,10.65,12.875,49.25,16.583333333333332
2024-03-17,SUROESTE2,fuera_pico_10_12,1,2.5949999999999998,12.55,15.5,58.5,26.91
2024-03-17,SUROESTE2,pico_7_9,1,2.665,18.725,8.5,46.0,14.447500000000002
2024-03-18,CENTRO,fuera_pico_10_12,1,2.425,9.75,22.75,21.5,3.5
2024-03-18,CENTRO,pico_7_9,1,2.67,7.145,22.0,22.5,5.5
2024-03-18,NORESTE3,fuera_pico_10_12,0,2.045166666666667,6.475,24.141666666666666,6.25,2.0
2024-03-18,NORESTE3,pico_7_9,0,2.007416666666667,7.716666666666667,16.558333333333334,5.25,2.75
2024-03-18,NOROESTE3,fuera_pico_10_12,0,1.956666666666667,5.816666666666666,19.666666666666664,10.5,2.0
2024-03-18,NOROESTE3,pico_7_9,0,1.8599999999999999,3.3208333333333333,24.166666666666668,12.25,2.0
2024-03-18,NORTE2,fuera_pico_10_12,1,1.085,10.95,21.25,6.5,3.0
2024-03-18,NORTE2,pico_7_9,1,1.01,8.174999999999999,21.0,5.75,2.0
2024-03-18,SUR,fuera_pico_10_12,1,1.734375,6.875,21.625,32.75,6.0
2024-03-18,SUR,pico_7_9,1,1.7037499999999999,8.1125,19.125,15.625,6.0
2024-03-18,SUROESTE2,fuera_pico_10_12,1,2.465,6.975,21.0,10.75,3.8949999999999996
2024-03-18,SUROESTE2,pico_7_9,1,2.3375,4.824999999999999,23.0,16.0,3.7533333333333334
2024-03-19,CENTRO,fuera_pico_10_12,1,2.3449999999999998,12.45,39.0,47.0,12.0
2024-03-19,CENTRO,pico_7_9,1,2.4349999999999996,22.75,25.0,33.5,11.0
2024-03-19,NORESTE3,fuera_pico_10_12,0,2.2218333333333335,15.600000000000001,27.90833333333333,42.33333333333333,12.0
2024-03-19,NORESTE3,pico_7_9,0,2.229333333333333,19.458333333333332,12.016666666666666,32.166666666666664,12.25
2024-03-19,NOROESTE3,fuera_pico_10_12,0,1.9591666666666665,9.841666666666665,32.5,36.75,5.5
2024-03-19,NOROESTE3,pico_7_9,0,1.9391666666666665,8.216666666666667,34.58333333333333,30.083333333333336,4.75
2024-03-19,NORTE2,fuera_pico_10_12,1,1.145,22.375,26.5,60.5,10.5
2024-03-19,NORTE2,pico_7_9,1,1.3725,31.200000000000003,9.75,59.75,13.5
2024-03-19,SUR,fuera_pico_10_12,1,2.1133333333333333,11.05,33.9375,40.5625,13.8
2024-03-19,SUR,pico_7_9,1,2.2166666666666663,16.26875,18.125,32.625,15.416666666666666
2024-03-19,SUROESTE2,fuera_pico_10_12,1,2.4725,15.524999999999999,33.5,39.25,10.84
2024-03-19,SUROESTE2,pico_7_9,1,2.475,18.175,30.75,21.25,7.984999999999999
2024-03-20,CENTRO,fuera_pico_10_12,1,2.67,18.45,19.0,68.0,30.5
2024-03-20,CENTRO,pico_7_9,1,2.5650000000000004,21.25,10.5,42.0,20.0
2024-03-20,NORESTE3,fuera_pico_10_12,0,2.244083333333333,14.308333333333334,17.375,29.999999999999996,17.25
2024-03-20,NORESTE3,pico_7_9,0,2.2078333333333333,15.383333333333333,14.925,16.083333333333336,10.5
2024-03-20,NOROESTE3,fuera_pico_10_12,0,2.0683333333333334,8.625,19.75,49.41666666666667,12.0
2024-03-20,NOROESTE3,pico_7_9,0,2.125,12.73333333333333,8.583333333333332,46.66666666666666,15.0
2024-03-20,NORTE2,fuera_pico_10_12,1,1.3399999999999999,17.725,18.0,62.5,16.25
2024-03-20,NORTE2,pico_7_9,1,1.22,19.650000000000002,11.75,31.25,11.5
2024-03-20,SUR,fuera_pico_10_12,1,2.27,13.725,19.5,49.5,19.583333333333336
2024-03-20,SUR,pico_7_9,1,2.1533333333333333,10.99375,15.9375,20.625,5.5
2024-03-20,SUROESTE2,fuera_pico_10_12,1,2.755,19.15,17.0,103.75,58.825
2024-03-20,SUROESTE2,pico_7_9,1,2.6075,19.775,8.25,53.25,26.3325
2024-03-21,CENTRO,fuera_pico_10_12,1,3.1799999999999997,43.85,20.5,92.5,52.5
2024-03-21,CENTRO,pico_7_9,1,2.96,17.299999999999997,10.0,51.5,29.0
2024-03-21,NORESTE3,fuera_pico_10_12,0,2.1638333333333333,10.158333333333335,26.5,58.75,25.5
2024-03-21,NORESTE3,pico_7_9,0,2.8014166666666664,15.233333333333334,8.304166666666667,80.41666666666667,29.0
2024-03-21,NOROESTE3,fuera_pico_10_12,0,2.4633333333333334,14.375,18.666666666666668,105.16666666666666,29.25
2024-03-21,NOROESTE3,pico_7_9,0,2.899166666666667,12.291666666666668,5.975,101.5,23.0
2024-03-21,NORTE2,fuera_pico_10_12,1,1.6150000000000002,26.875,21.25,116.25,35.75
2024-03-21,NORTE2,pico_7_9,1,1.855,21.075000000000003,11.5,84.0,22.25
2024-03-21,SUR,fuera_pico_10_12,1,2.293333333333333,16.31875,26.9375,75.1875,25.4375
2024-03-21,SUR,pico_7_9,1,3.085,12.774999999999999,6.5625,48.5625,20.6875
2024-03-21,SUROESTE2,fuera_pico_10_12,1,3.0825,32.95,19.75,105.0,40.49250000000001
2024-03-21,SUROESTE2,pico_7_9,1,3.355,17.4,7.25,76.0,36.0325
2024-03-22,CENTRO,fuera_pico_10_12,1,2.77,29.65,35.0,93.0,26.33
2024-03-22,CENTRO,pico_7_9,1,2.915,28.35,12.0,87.5,30.015
2024-03-22,NORESTE3,fuera_pico_10_12,0,2.2941666666666665,15.024999999999999,32.99166666666666,112.83333333333333,35.0
2024-03-22,NORESTE3,pico_7_9,0,2.5568333333333335,19.1,8.033333333333333,109.83333333333334,27.5
2024-03-22,NOROESTE3,fuera_pico_10_12,0,2.0091666666666663,9.633333333333335,36.66666666666667,73.25,16.75
2024-03-22,NOROESTE3,pico_7_9,0,2.395,15.783333333333335,7.833333333333333,72.33333333333334,23.75
2024-03-22,NORTE2,fuera_pico_10_12,1,1.6075,31.425,29.25,115.0,23.75
2024-03-22,NORTE2,pico_7_9,1,1.775,27.95,11.875,126.5,33.0
2024-03-22,SUR,fuera_pico_10_12,1,2.5949999999999998,26.893749999999997,30.9375,120.6875,30.7275
2024-03-22,SUR,pico_7_9,1,2.8,20.80625,6.4375,135.75,30.512500000000003
2024-03-22,SUROESTE2,fuera_pico_10_12,1,2.4825,15.524999999999999,44.0,95.75,18.0625
2024-03-22,SUROESTE2,pico_7_9,1,3.09,28.375,12.75,91.25,27.4
2024-03-23,CENTRO,fuera_pico_10_12,1,2.395,9.55,56.0,45.0,10.835
2024-03-23,CENTRO,pico_7_9,1,2.32,10.7,47.5,36.5,8.84
2024-03-23,NORESTE3,fuera_pico_10_12,0,2.2044999999999995,13.433333333333334,42.325,47.583333333333336,9.0
2024-03-23,NORESTE3,pico_7_9,0,2.18425,20.166666666666664,26.366666666666667,49.91666666666667,16.5
2024-03-23,NOROESTE3,fuera_pico_10_12,0,2.0566666666666666,7.333333333333333,51.75,46.16666666666667,19.625
2024-03-23,NOROESTE3,pico_7_9,0,2.005,7.216666666666667,43.08333333333333,29.25,5.0
2024-03-23,NORTE2,fuera_pico_10_12,1,1.1775,15.0,51.25,44.25,14.25
2024-03-23,NORTE2,pico_7_9,1,1.1325,21.875,34.75,41.75,8.0
2024-03-23,SUR,fuera_pico_10_12,1,2.126666666666667,11.05,51.5,46.3125,10.715
2024-03-23,SUR,pico_7_9,1,2.206666666666667,19.2875,33.0625,50.5625,10.857142857142858
2024-03-23,SUROESTE2,fuera_pico_10_12,1,2.5425,13.05,52.0,40.25,11.315000000000001
2024-03-23,SUROESTE2,pico_7_9,1,2.415,11.575,46.75,24.75,7.4375
2024-03-24,CENTRO,fuera_pico_10_12,1,2.535,19.85,28.0,55.5,32.79
2024-03-24,CENTRO,pico_7_9,1,2.425,21.85,17.0,54.5,32.0125
2024-03-24,NORESTE3,fuera_pico_10_12,0,2.1085833333333337,8.966666666666667,33.00833333333333,33.416666666666664,17.25
2024-03-24,NORESTE3,pico_7_9,0,2.0428333333333333,9.583333333333332,26.766666666666666,23.833333333333336,12.75
2024-03-24,NOROESTE3,fuera_pico_10_12,0,2.135,7.166666666666667,31.25,47.583333333333336,26.125
2024-03-24,NOROESTE3,pico_7_9,0,2.06,6.233333333333334,24.916666666666664,32.41666666666667,17.875
2024-03-24,NORTE2,fuera_pico_10_12,1,1.33,15.45,31.5,52.0,23.5
2024-03-24,NORTE2,pico_7_9,1,1.0274999999999999,10.875,27.0,33.75,17.25
2024-03-24,SUR,fuera_pico_10_12,1,2.09,7.44375,39.9375,41.125,17.5475
2024-03-24,SUR,pico_7_9,1,2.036666666666667,6.8125,30.4375,33.875,14.401250000000001
2024-03-24,SUROESTE2,fuera_pico_10_12,1,2.5975,12.075,33.25,50.75,26.814999999999998
2024-03-24,SUROESTE2,pico_7_9,1,2.5075000000000003,16.025,19.5,47.0,23.877499999999998
2024-03-25,CENTRO,fuera_pico_10_12,1,2.135,24.133333333333333,54.0,71.0,6.815
2024-03-25,CENTRO,pico_7_9,1,2.87,22.9,11.0,64.5,24.93
2024-03-25,NORESTE3,fuera_pico_10_12,0,2.27975,9.516666666666666,44.016666666666666,91.91666666666669,16.5
2024-03-25,NORESTE3,pico_7_9,0,2.6075,20.5,8.899999999999999,59.916666666666664,31.0
2024-03-25,NOROESTE3,fuera_pico_10_12,0,1.856666666666667,3.708333333333333,53.91666666666667,78.66666666666666,33.25
2024-03-25,NOROESTE3,pico_7_9,0,2.1933333333333334,11.416666666666666,32.75,82.91666666666667,14.125
2024-03-25,NORTE2,fuera_pico_10_12,1,1.0125,12.125,49.25,111.0,11.0
2024-03-25,NORTE2,pico_7_9,1,1.585,25.325,8.0,94.25,26.5
2024-03-25,SUR,fuera_pico_10_12,1,2.368333333333333,18.30625,36.75,71.8125,16.65
2024-03-25,SUR,pico_7_9,1,2.5883333333333334,15.975000000000001,9.75,66.25,22.078809523809525
2024-03-25,SUROESTE2,fuera_pico_10_12,1,2.37,9.225,53.0,383.75,30.4125
2024-03-25,SUROESTE2,pico_7_9,1,2.965,25.75,11.5,62.0,17.4325
2024-03-26,CENTRO,fuera_pico_10_12,1,2.17,11.350000000000001,48.0,56.0,6.5
2024-03-26,CENTRO,pico_7_9,1,2.51,32.1,16.0,62.5,12.0
2024-03-26,NORESTE3,fuera_pico_10_12,0,2.178583333333333,7.966666666666666,43.758333333333326,63.5,10.0
2024-03-26,NORESTE3,pico_7_9,0,2.4165833333333335,28.150000000000002,15.583333333333332,80.83333333333334,16.0
2024-03-26,NOROESTE3,fuera_pico_10_12,0,1.9383333333333332,8.133333333333333,41.25,83.75,22.156
2024-03-26,NOROESTE3,pico_7_9,0,2.484166666666667,22.566666666666663,8.083333333333334,98.08333333333331,9.294
2024-03-26,NORTE2,fuera_pico_10_12,1,1.0825,16.225,42.25,75.75,14.25
2024-03-26,NORTE2,pico_7_9,1,1.2799999999999998,40.55,13.0,90.75,12.75
2024-03-26,SUR,fuera_pico_10_12,1,2.0883333333333334,11.91875,47.375,61.5625,10.341666666666669
2024-03-26,SUR,pico_7_9,1,2.338333333333333,28.73125,17.4375,82.3125,13.601666666666667
2024-03-26,SUROESTE2,fuera_pico_10_12,1,2.5125,13.6,44.75,68.0,11.094999999999999
2024-03-26,SUROESTE2,pico_7_9,1,2.8925,37.425,14.25,124.5,17.685000000000002
2024-03-27,CENTRO,fuera_pico_10_12,1,2.41,11.55,54.5,81.5,25.5
2024-03-27,CENTRO,pico_7_9,1,2.4699999999999998,14.5,37.0,76.0,22.0
2024-03-27,NORESTE3,fuera_pico_10_12,0,2.15225,11.783333333333335,45.625,79.33333333333333,22.5
2024-03-27,NORESTE3,pico_7_9,0,2.1819166666666665,17.433333333333334,32.708333333333336,66.33333333333333,19.25
2024-03-27,NOROESTE3,fuera_pico_10_12,0,2.0366666666666666,7.85,44.08333333333333,94.08333333333334,23.639000000000003
2024-03-27,NOROESTE3,pico_7_9,0,2.2891666666666666,16.208333333333332,18.583333333333332,78.58333333333334,14.050999999999998
2024-03-27,NORTE2,fuera_pico_10_12,1,1.24,18.9,46.75,92.75,24.25
2024-03-27,NORTE2,pico_7_9,1,1.1199999999999999,27.525,26.75,78.75,17.25
2024-03-27,SUR,fuera_pico_10_12,1,2.1799999999999997,14.7375,48.5625,94.625,25.15
2024-03-27,SUR,pico_7_9,1,2.248333333333333,18.88125,26.375,78.375,19.92
2024-03-27,SUROESTE2,fuera_pico_10_12,1,2.6275,14.425,46.25,116.0,28.98
2024-03-27,SUROESTE2,pico_7_9,1,2.87,32.9,11.75,108.0,31.297500000000003
2024-03-28,CENTRO,fuera_pico_10_12,1,2.575,23.65,41.5,84.5,34.92
2024-03-28,CENTRO,pico_7_9,1,2.3600000000000003,16.9,31.0,49.0,21.75
2024-03-28,NORESTE3,fuera_pico_10_12,0,2.2253333333333334,12.108333333333334,42.400000000000006,51.91666666666666,22.0
2024-03-28,NORESTE3,pico_7_9,0,2.164083333333333,18.049999999999997,24.475,47.91666666666666,14.0
2024-03-28,NOROESTE3,fuera_pico_10_12,0,2.2408333333333332,11.383333333333333,38.75,71.25,30.177
2024-03-28,NOROESTE3,pico_7_9,0,2.1641666666666666,12.641666666666666,21.58333333333333,48.66666666666666,14.38
2024-03-28,NORTE2,fuera_pico_10_12,1,1.4375,21.95,41.0,81.25,24.25
2024-03-28,NORTE2,pico_7_9,1,1.1775,25.625,24.5,54.5,12.0
2024-03-28,SUR,fuera_pico_10_12,1,1.8674107142857144,12.51875,47.875,63.75,19.49875
2024-03-28,SUR,pico_7_9,1,2.1266666666666665,14.0375,27.875,50.0,14.01375
2024-03-28,SUROESTE2,fuera_pico_10_12,1,2.77,17.625,42.75,56.0,26.55
2024-03-28,SUROESTE2,pico_7_9,1,2.5525,14.125,26.75,52.0,20.8125
2024-03-29,CENTRO,fuera_pico_10_12,1,2.7199999999999998,19.3,48.5,50.0,24.48
2024-03-29,CENTRO,pico_7_9,1,2.335,18.450000000000003,31.5,42.5,10.225000000000001
2024-03-29,NORESTE3,fuera_pico_10_12,0,2.115166666666667,9.075,43.233333333333334,34.0,8.5
2024-03-29,NORESTE3,pico_7_9,0,2.18325,19.53333333333333,24.358333333333334,39.583333333333336,11.25
2024-03-29,NOROESTE3,fuera_pico_10_12,0,2.2375,11.499999999999998,35.49999999999999,56.83333333333333,20.801000000000002
2024-03-29,NOROESTE3,pico_7_9,0,2.1991666666666667,19.15833333333333,14.166666666666668,43.08333333333333,7.543
2024-03-29,NORTE2,fuera_pico_10_12,1,1.3050000000000002,15.100000000000001,47.25,40.5,17.0
2024-03-29,NORTE2,pico_7_9,1,1.0274999999999999,22.35,29.25,34.5,7.25
2024-03-29,SUR,fuera_pico_10_12,1,1.9718749999999998,13.79375,50.4375,50.4375,15.889999999999999
2024-03-29,SUR,pico_7_9,1,2.08125,22.56875,17.3125,67.4375,13.17125
2024-03-29,SUROESTE2,fuera_pico_10_12,1,2.7975000000000003,18.875,43.0,69.0,20.384999999999998
2024-03-29,SUROESTE2,pico_7_9,1,2.7925,23.725,18.25,65.5,16.262500000000003
2024-03-30,CENTRO,fuera_pico_10_12,1,3.055,20.9,44.5,77.0,37.715
2024-03-30,CENTRO,pico_7_9,1,2.4850000000000003,14.75,20.5,44.0,14.155000000000001
2024-03-30,NORESTE3,fuera_pico_10_12,0,2.1135833333333336,9.166666666666666,37.78333333333333,44.5,20.25
2024-03-30,NORESTE3,pico_7_9,0,2.2111666666666663,17.741666666666664,15.475,40.41666666666667,10.75
2024-03-30,NOROESTE3,fuera_pico_10_12,0,2.2716666666666665,10.841666666666665,34.083333333333336,62.5,9.75
2024-03-30,NOROESTE3,pico_7_9,0,2.2750000000000004,13.191666666666666,11.0,48.83333333333333,12.875
2024-03-30,NORTE2,fuera_pico_10_12,1,1.48,14.625,44.5,57.25,20.0
2024-03-30,NORTE2,pico_7_9,1,1.2625000000000002,28.175,12.0,63.0,13.25
2024-03-30,SUR,fuera_pico_10_12,1,2.0625,14.83125,44.0625,70.5,22.958333333333336
2024-03-30,SUR,pico_7_9,1,2.1106249999999998,17.612499999999997,13.75,58.125,13.333333333333334
2024-03-30,SUROESTE2,fuera_pico_10_12,1,2.9425,18.5,44.75,74.5,26.8325
2024-03-30,SUROESTE2,pico_7_9,1,2.875,22.025,11.75,82.5,22.994999999999997
2024-03-31,CENTRO,fuera_pico_10_12,1,2.715,21.2,45.5,77.5,39.91833333333334
2024-03-31,CENTRO,pico_7_9,1,2.52,17.1,18.0,65.5,35.72
2024-03-31,NORESTE3,fuera_pico_10_12,0,2.2233333333333336,9.674999999999999,39.85,60.33333333333333,34.0
2024-03-31,NORESTE3,pico_7_9,0,2.105833333333333,11.100000000000001,17.958333333333332,53.41666666666666,25.75
2024-03-31,NOROESTE3,fuera_pico_10_12,0,2.3791666666666664,11.1,39.33333333333333,69.16666666666667,10.75
2024-03-31,NOROESTE3,pico_7_9,0,2.296666666666667,9.425,13.583333333333332,54.41666666666667,13.125
2024-03-31,NORTE2,fuera_pico_10_12,1,1.585,18.425,45.0,75.5,29.0
2024-03-31,NORTE2,pico_7_9,1,1.235,20.924999999999997,13.25,77.75,25.25
2024-03-31,SUR,fuera_pico_10_12,1,2.095833333333333,11.0125,48.4375,73.5625,29.875
2024-03-31,SUR,pico_7_9,1,2.0524999999999998,9.14375,20.625,54.25,22.5
2024-03-31,SUROESTE2,fuera_pico_10_12,1,2.9175,16.875,51.5,75.5,31.865000000000002
2024-03-31,SUROESTE2,pico_7_9,1,2.8625,15.775000000000002,15.25,71.5,24.8875
2024-04-01,CENTRO,fuera_pico_10_12,1,3.145,48.15,28.0,88.5,28.18
2024-04-01,CENTRO,pico_7_9,1,3.105,25.6,10.0,90.5,45.695
2024-04-01,NORESTE3,fuera_pico_10_12,0,2.7329166666666667,27.28333333333333,22.083333333333332,91.41666666666666,46.0
2024-04-01,NORESTE3,pico_7_9,0,2.38375,16.983333333333334,10.841666666666669,70.83333333333333,33.5
2024-04-01,NOROESTE3,fuera_pico_10_12,0,2.774166666666667,22.5,24.83333333333333,106.25,12.043333333333333
2024-04-01,NOROESTE3,pico_7_9,0,2.513333333333333,15.858333333333334,7.0,96.58333333333334,10.635000000000002
2024-04-01,NORTE2,fuera_pico_10_12,1,2.1675,47.425,26.0,140.75,39.75
2024-04-01,NORTE2,pico_7_9,1,1.72,31.15,10.0,103.0,29.5
2024-04-01,SUR,fuera_pico_10_12,1,2.5991666666666666,22.33125,29.0625,103.75,40.4375
2024-04-01,SUR,pico_7_9,1,2.263333333333333,16.0,9.5,76.9375,35.54166666666667
2024-04-01,SUROESTE2,fuera_pico_10_12,1,2.9275,22.425,33.75,122.5,31.7925
2024-04-01,SUROESTE2,pico_7_9,1,3.2275,22.825000000000003,12.0,92.5,20.325
2024-04-02,CENTRO,fuera_pico_10_12,1,2.1100000000000003,7.55,55.0,89.5,9.780000000000001
2024-04-02,CENTRO,pico_7_9,1,2.2,17.6,34.5,142.5,18.405
2024-04-02,NORESTE3,fuera_pico_10_12,0,2.13075,6.866666666666667,47.55,87.41666666666666,10.5
2024-04-02,NORESTE3,pico_7_9,0,2.1303333333333336,10.55,38.141666666666666,108.16666666666669,12.25
2024-04-02,NOROESTE3,fuera_pico_10_12,0,1.918333333333333,4.383333333333333,48.66666666666667,104.66666666666666,8.785
2024-04-02,NOROESTE3,pico_7_9,0,1.9999999999999996,8.091666666666667,32.33333333333333,185.91666666666669,19.99833333333333
2024-04-02,NORTE2,fuera_pico_10_12,1,1.0625,13.8,46.25,104.5,13.75
2024-04-02,NORTE2,pico_7_9,1,1.0675,19.275,32.5,153.5,13.5
2024-04-02,SUR,fuera_pico_10_12,1,1.9699999999999995,9.21875,51.5,92.0625,13.5
2024-04-02,SUR,pico_7_9,1,1.9599999999999997,10.975000000000001,42.1875,122.9375,14.044642857142858
2024-04-02,SUROESTE2,fuera_pico_10_12,1,1.7075,8.975,51.25,104.0,14.29
2024-04-02,SUROESTE2,pico_7_9,1,1.6575,11.2,38.0,213.0,21.137500000000003
2024-04-03,CENTRO,fuera_pico_10_12,1,2.245,19.05,42.5,58.5,11.370000000000001
2024-04-03,CENTRO,pico_7_9,1,2.275,23.85,27.5,54.5,9.475
2024-04-03,NORESTE3,fuera_pico_10_12,0,2.2259166666666665,13.266666666666666,39.608333333333334,84.16666666666667,22.5
2024-04-03,NORESTE3,pico_7_9,0,2.313833333333333,22.458333333333332,21.708333333333336,55.75,10.75
2024-04-03,NOROESTE3,fuera_pico_10_12,0,2.060833333333333,11.3,40.58333333333333,70.33333333333333,6.566666666666666
2024-04-03,NOROESTE3,pico_7_9,0,2.3433333333333333,16.133333333333333,18.666666666666664,63.25,9.966666666666667
2024-04-03,NORTE2,fuera_pico_10_12,1,1.09,17.075,41.5,65.0,15.5
2024-04-03,NORTE2,pico_7_9,1,1.0875,31.575,20.25,56.0,9.0
2024-04-03,SUR,fuera_pico_10_12,1,2.0008333333333335,10.600000000000001,46.625,55.5625,7.0
2024-04-03,SUR,pico_7_9,1,2.1958333333333337,19.35625,23.875,52.125,8.666666666666666
2024-04-03,SUROESTE2,fuera_pico_10_12,1,1.71,12.425,47.0,54.0,14.52
2024-04-03,SUROESTE2,pico_7_9,1,1.7774999999999999,13.975,37.0,40.5,7.005
2024-04-04,CENTRO,fuera_pico_10_12,1,2.915,35.8,37.0,80.5,19.805
2024-04-04,CENTRO,pico_7_9,1,2.84,36.7,13.5,83.0,20.77
2024-04-04,NORESTE3,fuera_pico_10_12,0,2.2621666666666664,17.891666666666666,40.71666666666667,60.833333333333336,14.25
2024-04-04,NORESTE3,pico_7_9,0,2.5212499999999998,31.79166666666667,13.375,84.5,23.5
2024-04-04,NOROESTE3,fuera_pico_10_12,0,2.1441666666666666,14.050000000000002,40.33333333333333,88.33333333333334,7.5216666666666665
2024-04-04,NOROESTE3,pico_7_9,0,2.4974999999999996,25.43333333333333,7.583333333333334,76.33333333333334,9.746666666666666
2024-04-04,NORTE2,fuera_pico_10_12,1,1.31,31.65,36.0,96.75,22.25
2024-04-04,NORTE2,pico_7_9,1,1.455,43.6,11.0,63.0,12.0
2024-04-04,SUR,fuera_pico_10_12,1,2.2106250000000003,24.0875,42.9375,80.25,20.5625
2024-04-04,SUR,pico_7_9,1,2.4293750000000003,30.38125,12.875,91.1875,18.875
2024-04-04,SUROESTE2,fuera_pico_10_12,1,2.1574999999999998,24.775,47.0,74.75,21.425
2024-04-04,SUROESTE2,pico_7_9,1,2.16,36.65,19.25,97.25,25.8375
2024-04-05,CENTRO,fuera_pico_10_12,1,3.105,36.599999999999994,35.5,74.0,21.525
2024-04-05,CENTRO,pico_7_9,1,2.4000000000000004,33.1,16.5,60.5,15.585
2024-04-05,NORESTE3,fuera_pico_10_12,0,2.2826666666666666,20.016666666666666,38.75,46.91666666666667,15.0
2024-04-05,NORESTE3,pico_7_9,0,2.394333333333333,30.1,16.025,60.166666666666664,17.25
2024-04-05,NOROESTE3,fuera_pico_10_12,0,2.1791666666666667,16.633333333333333,37.5,61.75,6.449999999999999
2024-04-05,NOROESTE3,pico_7_9,0,2.360833333333333,23.708333333333332,10.833333333333334,68.41666666666666,9.705000000000002
2024-04-05,NORTE2,fuera_pico_10_12,1,1.285,30.075000000000003,36.0,81.0,20.75
2024-04-05,NORTE2,pico_7_9,1,1.3475000000000001,45.050000000000004,11.5,72.25,13.75
2024-04-05,SUR,fuera_pico_10_12,1,2.0612500000000002,20.4,45.1875,77.375,14.5
2024-04-05,SUR,pico_7_9,1,2.221875,24.5875,17.8125,65.875,12.333333333333332
2024-04-05,SUROESTE2,fuera_pico_10_12,1,2.3724999999999996,35.575,36.0,91.75,28.25
2024-04-05,SUROESTE2,pico_7_9,1,2.2575000000000003,32.95,11.5,93.25,24.0
2024-04-06,CENTRO,fuera_pico_10_12,1,3.075,38.2,32.5,122.0,51.83
2024-04-06,CENTRO,pico_7_9,1,2.565,23.0,14.0,62.0,19.975
2024-04-06,NORESTE3,fuera_pico_10_12,0,2.3261666666666665,17.083333333333332,33.725,80.75,26.25
2024-04-06,NORESTE3,pico_7_9,0,2.378166666666667,21.875,11.766666666666667,53.58333333333333,15.25
2024-04-06,NOROESTE3,fuera_pico_10_12,0,2.4208333333333334,16.616666666666667,27.5,87.75,7.088333333333333
2024-04-06,NOROESTE3,pico_7_9,0,2.3516666666666666,15.841666666666665,7.916666666666666,67.91666666666667,8.74
2024-04-06,NORTE2,fuera_pico_10_12,1,1.9075,29.8,33.0,110.0,30.5
2024-04-06,NORTE2,pico_7_9,1,1.4275000000000002,33.65,9.0,77.5,17.5
2024-04-06,SUR,fuera_pico_10_12,1,2.37875,27.76875,33.875,102.4375,26.833333333333336
2024-04-06,SUR,pico_7_9,1,2.2318749999999996,21.84375,9.3125,68.1875,15.166666666666668
2024-04-06,SUROESTE2,fuera_pico_10_12,1,2.365,36.1,35.5,133.25,30.75
2024-04-06,SUROESTE2,pico_7_9,1,2.3725,29.625,8.25,105.25,28.5
2024-04-07,CENTRO,fuera_pico_10_12,1,2.5425000000000004,11.425,46.25,101.5,21.5
2024-04-07,CENTRO,pico_7_9,1,2.5949999999999998,25.225,14.0,63.75,22.0125
2024-04-07,NORESTE3,fuera_pico_10_12,0,2.9975,6.0249999999999995,37.5,171.75,24.25
2024-04-07,NORESTE3,pico_7_9,0,2.403433333333333,16.363333333333333,11.873333333333335,55.65,21.75
2024-04-07,NOROESTE3,fuera_pico_10_12,0,2.165,9.0,41.83333333333333,81.25,6.411666666666667
2024-04-07,NOROESTE3,pico_7_9,0,2.326666666666666,16.491666666666667,11.166666666666666,71.5,8.095
2024-04-07,NORTE2,fuera_pico_10_12,1,0.7774999999999999,6.5249999999999995,42.75,139.0,13.75
2024-04-07,NORTE2,pico_7_9,1,1.475,26.075000000000003,9.25,110.25,21.0
2024-04-07,SUR,fuera_pico_10_12,1,1.884375,6.86875,41.6875,110.25,23.75
2024-04-07,SUR,pico_7_9,1,2.054375,17.05,15.875,64.5625,16.833333333333336
2024-04-07,SUROESTE2,fuera_pico_10_12,1,2.3375,22.925,38.25,141.5,30.75
2024-04-07,SUROESTE2,pico_7_9,1,2.0275,25.825000000000003,19.5,72.5,22.0
2024-04-08,CENTRO,fuera_pico_10_12,1,2.915,29.175,22.25,104.5,45.067499999999995
2024-04-08,CENTRO,pico_7_9,1,2.69,26.950000000000003,11.75,71.5,29.11
2024-04-08,NORESTE3,fuera_pico_10_12,0,3.2800000000000002,14.7,23.75,64.3,28.5
2024-04-08,NORESTE3,pico_7_9,0,2.43915,19.063333333333333,12.721666666666666,60.1,29.0
2024-04-08,NOROESTE3,fuera_pico_10_12,0,2.475833333333333,15.475000000000001,24.833333333333336,94.16666666666666,11.598333333333333
2024-04-08,NOROESTE3,pico_7_9,0,2.8933333333333335,19.333333333333336,7.583333333333334,67.41666666666667,11.336666666666666
2024-04-08,NORTE2,fuera_pico_10_12,1,1.4475,18.875,27.25,87.0,30.25
2024-04-08,NORTE2,pico_7_9,1,1.4099999999999997,23.7,11.75,66.75,23.5
2024-04-08,SUR,fuera_pico_10_12,1,2.0925000000000002,12.575,30.0,86.25,34.5
2024-04-08,SUR,pico_7_9,1,2.02625,14.181249999999999,14.9375,61.3125,23.08333333333333
2024-04-08,SUROESTE2,fuera_pico_10_12,1,2.6425,27.35,32.0,78.5,35.5
2024-04-08,SUROESTE2,pico_7_9,1,2.3425000000000002,24.549999999999997,14.25,67.0,21.5
2024-04-09,CENTRO,fuera_pico_10_12,1,3.1475,31.674999999999997,33.25,120.5,58.31
2024-04-09,CENTRO,pico_7_9,1,2.8550000000000004,20.725,10.25,89.5,51.775
2024-04-09,NORESTE3,fuera_pico_10_12,0,2.4664166666666665,18.016666666666666,28.566666666666666,98.08333333333331,53.0
2024-04-09,NORESTE3,pico_7_9,0,2.3808333333333334,17.4,11.05,83.33333333333334,43.0
2024-04-09,NOROESTE3,fuera_pico_10_12,0,2.855833333333333,19.583333333333332,28.583333333333336,142.16666666666669,19.156666666666666
2024-04-09,NOROESTE3,pico_7_9,0,2.6574999999999998,14.541666666666668,6.75,85.58333333333333,22.188333333333333
2024-04-09,NORTE2,fuera_pico_10_12,1,1.77,32.45,32.75,131.75,30.75
2024-04-09,NORTE2,pico_7_9,1,1.6475,24.425,8.5,109.5,44.25
2024-04-09,SUR,fuera_pico_10_12,1,2.17625,16.13125,40.25,117.0,44.5
2024-04-09,SUR,pico_7_9,1,2.106875,13.45,12.1875,89.5,43.0
2024-04-09,SUROESTE2,fuera_pico_10_12,1,2.8425000000000002,29.025,30.75,118.75,52.5
2024-04-09,SUROESTE2,pico_7_9,1,2.51,18.825000000000003,9.0,106.75,41.75
2024-04-10,CENTRO,fuera_pico_10_12,1,2.0275,4.574999999999999,64.75,150.5,10.8875
2024-04-10,CENTRO,pico_7_9,1,2.2075,13.925,44.5,94.75,20.16
2024-04-10,NORESTE3,fuera_pico_10_12,0,2.3471333333333333,6.866666666666667,51.5,98.43333333333334,12.5
2024-04-10,NORESTE3,pico_7_9,0,2.2111666666666667,11.675,38.291666666666664,55.875,13.0
2024-04-10,NOROESTE3,fuera_pico_10_12,0,1.9075000000000002,3.375,56.0,187.83333333333331,11.418333333333333
2024-04-10,NOROESTE3,pico_7_9,0,1.995,6.45,44.25,91.0,8.513333333333334
2024-04-10,NORTE2,fuera_pico_10_12,1,1.2625,13.15,51.75,139.0,14.5
2024-04-10,NORTE2,pico_7_9,1,1.31,26.55,31.0,79.25,14.5
2024-04-10,SUR,fuera_pico_10_12,1,1.881875,8.55625,57.8125,152.75,18.633333333333333
2024-04-10,SUR,pico_7_9,1,1.9825,14.8125,39.4375,80.75,17.75
2024-04-10,SUROESTE2,fuera_pico_10_12,1,1.7999999999999998,8.15,60.5,568.0,43.0
2024-04-10,SUROESTE2,pico_7_9,1,1.95,16.0,42.75,131.75,17.5
2024-04-11,CENTRO,fuera_pico_10_12,1,2.3125,10.25,62.25,69.5,13.1425
2024-04-11,CENTRO,pico_7_9,1,2.255,12.65,46.75,37.0,7.6425
2024-04-11,NORESTE3,fuera_pico_10_12,0,2.35075,15.625,49.55833333333334,54.833333333333336,18.25
2024-04-11,NORESTE3,pico_7_9,0,2.5927499999999997,27.450000000000003,22.058333333333334,68.83333333333334,13.75
2024-04-11,NOROESTE3,fuera_pico_10_12,0,2.1449999999999996,11.083333333333332,50.0,54.33333333333333,6.6433333333333335
2024-04-11,NOROESTE3,pico_7_9,0,2.2424999999999997,15.725,26.583333333333336,42.41666666666666,6.081666666666667
2024-04-11,NORTE2,fuera_pico_10_12,1,1.2225000000000001,23.375,50.5,74.5,17.25
2024-04-11,NORTE2,pico_7_9,1,1.2575,42.875,17.0,87.0,13.25
2024-04-11,SUR,fuera_pico_10_12,1,1.9256250000000001,11.025,59.125,57.5625,13.0
2024-04-11,SUR,pico_7_9,1,2.23125,25.606250000000003,23.25,57.125,14.5
2024-04-11,SUROESTE2,fuera_pico_10_12,1,1.9049999999999998,8.175,59.5,29.75,11.25
2024-04-11,SUROESTE2,pico_7_9,1,2.0,15.174999999999999,39.75,29.0,6.0
2024-04-12,CENTRO,fuera_pico_10_12,1,2.5025,27.35,41.75,84.75,20.122500000000002
2024-04-12,CENTRO,pico_7_9,1,2.6550000000000002,34.525,23.0,65.0,21.372500000000002
2024-04-12,NORESTE3,fuera_pico_10_12,0,2.32675,14.566666666666666,43.0,63.74999999999999,17.0
2024-04-12,NORESTE3,pico_7_9,0,2.404416666666666,27.56666666666667,23.066666666666666,56.66666666666667,15.25
2024-04-12,NOROESTE3,fuera_pico_10_12,0,2.1558333333333333,11.350000000000001,46.583333333333336,68.83333333333334,6.863333333333333
2024-04-12,NOROESTE3,pico_7_9,0,2.3008333333333333,21.4,22.583333333333336,57.083333333333336,8.11
2024-04-12,NORTE2,fuera_pico_10_12,1,1.2925,23.325,44.75,77.75,20.5
2024-04-12,NORTE2,pico_7_9,1,1.425,48.050000000000004,13.25,77.75,20.25
2024-04-12,SUR,fuera_pico_10_12,1,2.00375,12.601785714285715,51.4375,62.3125,15.25
2024-04-12,SUR,pico_7_9,1,1.98,19.08125,35.1875,51.6875,12.0
2024-04-12,SUROESTE2,fuera_pico_10_12,1,2.4425,31.75,35.75,91.25,24.5
2024-04-12,SUROESTE2,pico_7_9,1,2.24,31.45,21.5,53.25,16.0
2024-04-13,CENTRO,fuera_pico_10_12,1,2.9450000000000003,23.0,46.0,75.75,28.490000000000002
2024-04-13,CENTRO,pico_7_9,1,2.4725,27.075,20.5,51.5,19.6325
2024-04-13,NORESTE3,fuera_pico_10_12,0,2.263,11.366666666666667,41.083333333333336,47.33333333333333,13.0
2024-04-13,NORESTE3,pico_7_9,0,2.244083333333333,18.28333333333333,25.65833333333333,42.5,12.5
2024-04-13,NOROESTE3,fuera_pico_10_12,0,2.234166666666667,12.716666666666669,35.75,71.75,10.535
2024-04-13,NOROESTE3,pico_7_9,0,2.325833333333333,15.666666666666666,18.25,47.625,6.323333333333332
2024-04-13,NORTE2,fuera_pico_10_12,1,1.48,22.1,42.5,55.0,16.5
2024-04-13,NORTE2,pico_7_9,1,1.2174999999999998,23.8,27.0,40.75,8.25
2024-04-13,SUR,fuera_pico_10_12,1,2.009375,12.3625,47.75,56.4375,16.583333333333336
2024-04-13,SUR,pico_7_9,1,1.916875,13.6,32.75,42.625,10.791666666666668
2024-04-13,SUROESTE2,fuera_pico_10_12,1,2.645,24.825,39.5,77.75,26.25
2024-04-13,SUROESTE2,pico_7_9,1,2.2025,26.4,16.0,60.0,14.75
2024-04-14,CENTRO,fuera_pico_10_12,1,2.9924999999999997,25.55,40.0,75.75,38.5
2024-04-14,CENTRO,pico_7_9,1,2.5149999999999997,18.9,20.25,53.25,25.5
2024-04-14,NORESTE3,fuera_pico_10_12,0,2.13675,8.850000000000001,38.34166666666667,38.0,19.75
2024-04-14,NORESTE3,pico_7_9,0,2.162166666666667,11.991666666666667,25.283333333333335,33.33333333333333,10.75
2024-04-14,NOROESTE3,fuera_pico_10_12,0,2.355833333333333,10.191666666666666,40.25,78.0,10.836666666666666
2024-04-14,NOROESTE3,pico_7_9,0,2.1966666666666668,12.131666666666668,16.5,62.0,8.763333333333334
2024-04-14,NORTE2,fuera_pico_10_12,1,1.4475,17.3,43.25,71.5,19.25
2024-04-14,NORTE2,pico_7_9,1,1.2349999999999999,23.125,19.0,71.75,11.75
2024-04-14,SUR,fuera_pico_10_12,1,2.0075,14.3875,43.4375,63.8125,21.166666666666668
2024-04-14,SUR,pico_7_9,1,1.893125,12.29375,24.0,48.25,12.833333333333334
2024-04-14,SUROESTE2,fuera_pico_10_12,1,2.5425000000000004,21.625,47.25,103.25,38.5
2024-04-14,SUROESTE2,pico_7_9,1,2.415,22.425,12.25,92.25,25.0
2024-04-15,CENTRO,fuera_pico_10_12,1,3.08,28.275,27.75,96.0,42.0
2024-04-15,CENTRO,pico_7_9,1,2.9325,13.525,19.75,74.5,40.5
2024-04-15,NORESTE3,fuera_pico_10_12,0,2.343,12.166666666666666,28.46666666666667,58.0,21.0
2024-04-15,NORESTE3,pico_7_9,0,2.4411,12.548333333333332,19.048333333333332,45.58333333333333,20.25
2024-04-15,NOROESTE3,fuera_pico_10_12,0,2.4066666666666663,11.675,22.0,95.16666666666666,28.555000000000003
2024-04-15,NOROESTE3,pico_7_9,0,2.305833333333333,8.858333333333334,13.5,70.625,17.323333333333334
2024-04-15,NORTE2,fuera_pico_10_12,1,0.65,19.299999999999997,24.0,88.0,26.0
2024-04-15,NORTE2,pico_7_9,1,0.625,13.55,17.5,75.0,21.75
2024-04-15,SUR,fuera_pico_10_12,1,2.1950000000000003,14.39375,26.666666666666664,84.8125,29.249999999999996
2024-04-15,SUR,pico_7_9,1,2.02,11.681249999999999,17.083333333333336,58.3125,21.416666666666664
2024-04-15,SUROESTE2,fuera_pico_10_12,1,2.85,25.775000000000002,33.0,101.5,38.75
2024-04-15,SUROESTE2,pico_7_9,1,2.4074999999999998,17.575000000000003,11.75,87.25,29.25
2024-04-16,CENTRO,fuera_pico_10_12,1,2.9475,21.975,27.75,101.5,43.5
2024-04-16,CENTRO,pico_7_9,1,2.88,20.35,12.75,67.25,36.5
2024-04-16,NORESTE3,fuera_pico_10_12,0,2.2091666666666665,8.608333333333334,31.416666666666664,74.66666666666666,30.75
2024-04-16,NORESTE3,pico_7_9,0,2.2969999999999997,15.524999999999999,17.1,60.75,31.5
2024-04-16,NOROESTE3,fuera_pico_10_12,0,2.269166666666667,10.2,24.833333333333336,85.75,17.468333333333334
2024-04-16,NOROESTE3,pico_7_9,0,2.355833333333333,11.875,9.75,74.0,13.773333333333332
2024-04-16,NORTE2,fuera_pico_10_12,1,1.58,16.85,31.0,92.5,22.75
2024-04-16,NORTE2,pico_7_9,1,1.5925,27.35,10.25,92.5,28.75
2024-04-16,SUR,fuera_pico_10_12,1,2.036875,10.6875,29.5625,95.125,36.333333333333336
2024-04-16,SUR,pico_7_9,1,2.1087499999999997,14.53125,11.625,76.125,33.583333333333336
2024-04-16,SUROESTE2,fuera_pico_10_12,1,2.6875,22.975,23.75,149.75,41.75
2024-04-16,SUROESTE2,pico_7_9,1,2.7225,22.3,8.0,134.5,38.75
2024-04-17,CENTRO,fuera_pico_10_12,1,2.7975,20.5,27.5,79.0,33.5
2024-04-17,CENTRO,pico_7_9,1,2.7625,22.025,11.25,74.5,31.5
2024-04-17,NORESTE3,fuera_pico_10_12,0,2.3015833333333333,11.416666666666666,27.008333333333336,68.83333333333333,40.0
2024-04-17,NORESTE3,pico_7_9,0,2.3169166666666667,13.0,16.333333333333332,52.16666666666667,26.75
2024-04-17,NOROESTE3,fuera_pico_10_12,0,2.8633333333333333,14.091666666666669,25.333333333333336,95.58333333333334,16.5
2024-04-17,NOROESTE3,pico_7_9,0,2.5700000000000003,15.725000000000001,7.583333333333334,76.91666666666666,13.25
2024-04-17,NORTE2,fuera_pico_10_12,1,1.5625,18.549999999999997,29.75,83.5,31.0
2024-04-17,NORTE2,pico_7_9,1,1.4649999999999999,22.775,11.5,79.75,33.25
2024-04-17,SUR,fuera_pico_10_12,1,2.078125,7.81875,28.625,80.0,31.25
2024-04-17,SUR,pico_7_9,1,2.0825,10.84375,15.4375,66.1875,25.5
2024-04-17,SUROESTE2,fuera_pico_10_12,1,2.6475,22.875,26.25,85.0,28.75
2024-04-17,SUROESTE2,pico_7_9,1,2.585,22.325,10.5,83.0,27.5
2024-04-18,CENTRO,fuera_pico_10_12,1,3.085,31.474999999999998,37.5,114.0,57.5
2024-04-18,CENTRO,pico_7_9,1,2.8375,17.625,10.5,71.25,37.5
2024-04-18,NORESTE3,fuera_pico_10_12,0,2.333,14.141666666666666,29.15,74.58333333333333,37.75
2024-04-18,NORESTE3,pico_7_9,0,2.4615,16.733333333333334,11.058333333333334,60.49999999999999,25.5
2024-04-18,NOROESTE3,fuera_pico_10_12,0,2.4291666666666663,13.925,34.91666666666667,96.75,21.0
2024-04-18,NOROESTE3,pico_7_9,0,2.4658333333333333,13.958333333333332,8.083333333333334,71.0,19.75
2024-04-18,NORTE2,fuera_pico_10_12,1,1.865,32.225,28.75,118.25,44.0
2024-04-18,NORTE2,pico_7_9,1,1.6025,24.625,9.5,97.75,37.5
2024-04-18,SUR,fuera_pico_10_12,1,2.2275,15.85625,27.6875,96.4375,43.66666666666667
2024-04-18,SUR,pico_7_9,1,2.265,14.81875,8.0,84.25,31.75
2024-04-18,SUROESTE2,fuera_pico_10_12,1,2.725,27.625,41.75,98.0,46.25
2024-04-18,SUROESTE2,pico_7_9,1,2.8025,21.675,9.25,87.25,34.25
2024-04-19,CENTRO,fuera_pico_10_12,1,2.87,23.299999999999997,34.25,91.5,45.5
2024-04-19,CENTRO,pico_7_9,1,2.995,26.475,11.0,91.75,41.207499999999996
2024-04-19,NORESTE3,fuera_pico_10_12,0,2.2999166666666664,11.158333333333333,25.175,62.83333333333333,32.0
2024-04-19,NORESTE3,pico_7_9,0,2.373666666666667,10.9,13.1875,59.41666666666667,31.0
2024-04-19,NOROESTE3,fuera_pico_10_12,0,2.6191666666666666,12.791666666666666,32.24999999999999,105.75,25.25
2024-04-19,NOROESTE3,pico_7_9,0,2.7041666666666666,16.174999999999997,7.666666666666666,72.33333333333334,18.5
2024-04-19,NORTE2,fuera_pico_10_12,1,1.5125000000000002,18.975,31.25,78.0,26.0
2024-04-19,NORTE2,pico_7_9,1,1.5175,25.275,10.75,90.75,28.5
2024-04-19,SUR,fuera_pico_10_12,1,1.7174999999999998,8.524999999999999,30.166666666666664,80.58333333333334,36.91666666666667
2024-04-19,SUR,pico_7_9,1,1.893333333333333,11.725000000000001,9.583333333333332,75.0,27.0
2024-04-19,SUROESTE2,fuera_pico_10_12,1,2.75,27.9,35.75,106.0,49.5
2024-04-19,SUROESTE2,pico_7_9,1,2.635,22.625,12.25,88.5,27.5
2024-04-20,CENTRO,fuera_pico_10_12,1,2.7199999999999998,12.8,20.5,59.0,15.184999999999999
2024-04-20,CENTRO,pico_7_9,1,2.5549999999999997,11.35,19.0,62.5,26.799999999999997
2024-04-20,NORESTE3,fuera_pico_10_12,0,2.3555,9.8,19.6125,28.833333333333336,11.75
2024-04-20,NORESTE3,pico_7_9,0,2.2090833333333335,11.725,13.033333333333333,30.583333333333332,17.0
2024-04-20,NOROESTE3,fuera_pico_10_12,0,2.3566666666666665,7.700000000000001,19.33333333333333,48.58333333333333,11.0
2024-04-20,NOROESTE3,pico_7_9,0,2.0966666666666667,6.341666666666667,19.916666666666664,34.41666666666667,8.0
2024-04-20,NORTE2,fuera_pico_10_12,1,1.35,15.45,19.75,47.0,18.25
2024-04-20,NORTE2,pico_7_9,1,1.2525,15.999999999999998,17.75,46.0,21.75
2024-04-20,SUR,fuera_pico_10_12,1,2.0631250000000003,7.45625,16.75,46.625,16.089285714285715
2024-04-20,SUR,pico_7_9,1,1.888958333333333,7.964583333333333,17.416666666666668,51.66666666666666,20.354166666666664
2024-04-20,SUROESTE2,fuera_pico_10_12,1,2.4725,16.0,16.25,84.25,28.25
2024-04-20,SUROESTE2,pico_7_9,1,2.2525,14.8,13.5,71.25,24.25
2024-04-21,CENTRO,fuera_pico_10_12,1,2.025,7.05,22.5,27.5,5.719592258220488
2024-04-21,CENTRO,pico_7_9,1,1.94,8.5,21.0,27.5,5.879113784192847
2024-04-21,NORESTE3,fuera_pico_10_12,0,2.0774999999999997,6.191666666666667,17.90833333333333,7.416666666666666,2.0
2024-04-21,NORESTE3,pico_7_9,0,2.0350833333333336,5.608333333333333,17.608333333333334,6.166666666666666,2.5
2024-04-21,NOROESTE3,fuera_pico_10_12,0,2.0816666666666666,4.1,18.125,15.375,2.0
2024-04-21,NOROESTE3,pico_7_9,0,2.0275,3.85,16.5,18.625,2.0
2024-04-21,NORTE2,fuera_pico_10_12,1,1.12,7.824999999999999,21.25,17.875,9.75
2024-04-21,NORTE2,pico_7_9,1,1.0775000000000001,7.65,20.375,15.5,2.75
2024-04-21,SUR,fuera_pico_10_12,1,2.21375,5.3375,17.5,18.9375,3.6166666666666667
2024-04-21,SUR,pico_7_9,1,2.23875,5.29375,16.875,21.1875,3.375
2024-04-21,SUROESTE2,fuera_pico_10_12,1,2.28125,7.5,19.0,23.75,8.25
2024-04-21,SUROESTE2,pico_7_9,1,2.2275,7.55,17.5,22.625,7.125
2024-04-22,CENTRO,fuera_pico_10_12,1,2.37,15.45,31.0,30.5,9.963284186063682
2024-04-22,CENTRO,pico_7_9,1,2.33,17.45,30.0,25.0,8.01789963781125
2024-04-22,NORESTE3,fuera_pico_10_12,0,2.3205,14.95,27.18,19.5,5.75
2024-04-22,NORESTE3,pico_7_9,0,2.297833333333333,14.975000000000001,24.296666666666667,12.166666666666668,7.375
2024-04-22,NOROESTE3,fuera_pico_10_12,0,2.2533333333333334,8.958333333333332,30.0,22.916666666666664,8.75
2024-04-22,NOROESTE3,pico_7_9,0,2.10125,6.8,29.75,20.875,5.0
2024-04-22,NORTE2,fuera_pico_10_12,1,1.1712500000000001,19.0125,27.5,25.125,16.5
2024-04-22,NORTE2,pico_7_9,1,1.20875,21.25,27.0,18.0,6.0
2024-04-22,SUR,fuera_pico_10_12,1,2.4935714285714288,8.320535714285715,29.36607142857143,26.82142857142857,10.833333333333332
2024-04-22,SUR,pico_7_9,1,2.450625,11.13125,27.294642857142858,26.25892857142857,6.583333333333334
2024-04-22,SUROESTE2,fuera_pico_10_12,1,2.30375,13.600000000000001,30.125,20.875,9.25
2024-04-22,SUROESTE2,pico_7_9,1,2.3600000000000003,17.925,26.75,16.5,9.25
2024-04-23,CENTRO,fuera_pico_10_12,1,2.755,18.5,20.0,50.5,30.928908183154114
2024-04-23,CENTRO,pico_7_9,1,2.5700000000000003,15.8,14.0,30.0,11.614999935734044
2024-04-23,NORESTE3,fuera_pico_10_12,0,2.4204999999999997,13.975,20.296666666666667,18.583333333333332,15.0
2024-04-23,NORESTE3,pico_7_9,0,2.3192500000000003,13.533333333333331,14.633333333333333,9.75,9.625
2024-04-23,NOROESTE3,fuera_pico_10_12,0,2.4641666666666664,10.799999999999999,23.33333333333333,37.58333333333333,8.25
2024-04-23,NOROESTE3,pico_7_9,0,2.3725,11.175,10.166666666666666,23.916666666666664,7.5
2024-04-23,NORTE2,fuera_pico_10_12,1,1.775,28.1125,22.125,57.25,30.125
2024-04-23,NORTE2,pico_7_9,1,1.5125,23.2,12.25,25.125,12.666666666666664
2024-04-23,SUR,fuera_pico_10_12,1,2.4650000000000003,12.006250000000001,21.0,35.125,12.333333333333332
2024-04-23,SUR,pico_7_9,1,2.5308333333333333,15.1125,10.875,29.4375,9.166666666666668
2024-04-23,SUROESTE2,fuera_pico_10_12,1,2.545,15.55,23.625,53.875,19.25
2024-04-23,SUROESTE2,pico_7_9,1,2.6675,17.0375,9.75,41.75,16.125
2024-04-24,CENTRO,fuera_pico_10_12,1,2.63,12.649999999999999,31.0,61.0,25.08782896669574
2024-04-24,CENTRO,pico_7_9,1,2.6550000000000002,18.1,11.5,65.0,23.74965521957212
2024-04-24,NORESTE3,fuera_pico_10_12,0,2.33575,10.883333333333333,22.825000000000003,54.91666666666667,21.0
2024-04-24,NORESTE3,pico_7_9,0,2.4669999999999996,12.400000000000002,13.8,57.66666666666667,18.0
2024-04-24,NOROESTE3,fuera_pico_10_12,0,2.3741666666666665,8.891666666666666,28.166666666666664,66.08333333333333,15.25
2024-04-24,NOROESTE3,pico_7_9,0,2.515833333333333,10.666666666666668,11.0,66.41666666666667,14.25
2024-04-24,NORTE2,fuera_pico_10_12,1,1.38375,15.25,31.625,62.375,21.375
2024-04-24,NORTE2,pico_7_9,1,1.455,18.799999999999997,16.0,69.125,27.875
2024-04-24,SUR,fuera_pico_10_12,1,2.365,6.5625,26.125,53.0625,17.833333333333336
2024-04-24,SUR,pico_7_9,1,2.3933333333333335,9.175,14.125,50.25,15.0
2024-04-24,SUROESTE2,fuera_pico_10_12,1,2.5300000000000002,16.6875,29.875,70.5,24.75
2024-04-24,SUROESTE2,pico_7_9,1,2.7512499999999998,19.1625,12.25,52.5,16.75
2024-04-25,CENTRO,fuera_pico_10_12,1,2.76,15.2,19.5,74.0,29.942082804779325
2024-04-25,CENTRO,pico_7_9,1,2.675,16.25,13.0,60.5,26.275159439027654
2024-04-25,NORESTE3,fuera_pico_10_12,0,2.47175,10.576666666666664,23.04,48.41666666666667,25.75
2024-04-25,NORESTE3,pico_7_9,0,2.5051666666666668,11.3,16.2375,44.5,22.125
2024-04-25,NOROESTE3,fuera_pico_10_12,0,2.3858333333333333,8.366666666666667,23.216666666666665,57.83333333333333,14.0
2024-04-25,NOROESTE3,pico_7_9,0,2.37,8.25,14.25,48.08333333333333,14.5
2024-04-25,NORTE2,fuera_pico_10_12,1,1.415,15.125,26.0,64.875,24.541666666666664
2024-04-25,NORTE2,pico_7_9,1,1.41625,17.0875,15.875,58.5,26.75
2024-04-25,SUR,fuera_pico_10_12,1,2.439166666666667,7.00625,21.5625,61.9375,25.416666666666664
2024-04-25,SUR,pico_7_9,1,2.3925,7.48125,15.544642857142858,51.625,21.958333333333336
2024-04-25,SUROESTE2,fuera_pico_10_12,1,2.6525,17.05,21.0,76.5,33.125
2024-04-25,SUROESTE2,pico_7_9,1,2.59625,17.0625,11.375,65.0,25.75
2024-04-26,CENTRO,fuera_pico_10_12,1,2.995,26.55,30.5,109.5,48.142996201186335
2024-04-26,CENTRO,pico_7_9,1,2.7199999999999998,16.9,14.5,71.0,35.27134019241137
2024-04-26,NORESTE3,fuera_pico_10_12,0,2.38725,12.258333333333333,25.975,64.41666666666667,34.75
2024-04-26,NORESTE3,pico_7_9,0,2.3551666666666664,12.625,14.845,58.333333333333336,25.375
2024-04-26,NOROESTE3,fuera_pico_10_12,0,2.6725000000000003,15.283333333333335,34.08333333333333,106.5,22.75
2024-04-26,NOROESTE3,pico_7_9,0,2.4299999999999997,11.225,9.416666666666668,62.74999999999999,14.5
2024-04-26,NORTE2,fuera_pico_10_12,1,1.57,22.4,42.625,93.75,34.875
2024-04-26,NORTE2,pico_7_9,1,1.50125,21.1125,18.25,72.25,25.5
2024-04-26,SUR,fuera_pico_10_12,1,2.4766666666666666,9.3875,37.75,91.375,36.58333333333333
2024-04-26,SUR,pico_7_9,1,2.4658333333333333,12.15,13.9375,79.9375,24.416666666666664
2024-04-26,SUROESTE2,fuera_pico_10_12,1,2.9375,27.225,40.25,121.625,45.625
2024-04-26,SUROESTE2,pico_7_9,1,2.7675,22.012500000000003,10.875,122.25,40.125
2024-04-27,CENTRO,fuera_pico_10_12,1,2.95,25.5,38.5,108.0,47.46530554349674
2024-04-27,CENTRO,pico_7_9,1,2.7800000000000002,20.1,17.0,88.5,38.867353126996605
2024-04-27,NORESTE3,fuera_pico_10_12,0,1.841625,9.1,39.6625,56.75,39.0
2024-04-27,NORESTE3,pico_7_9,0,1.80225,7.3375,26.8625,48.75,36.5
2024-04-27,NOROESTE3,fuera_pico_10_12,0,2.39,9.825,45.75,103.5,26.25
2024-04-27,NOROESTE3,pico_7_9,0,2.31875,7.8374999999999995,15.875,91.5,30.0
2024-04-27,NORTE2,fuera_pico_10_12,1,1.5412499999999998,20.275,51.75,89.375,36.625
2024-04-27,NORTE2,pico_7_9,1,1.49,16.5875,27.625,72.625,29.166666666666664
2024-04-27,SUR,fuera_pico_10_12,1,2.4683333333333337,9.5,47.0625,93.1875,41.75
2024-04-27,SUR,pico_7_9,1,2.3975,8.925,22.25,82.375,34.5
2024-04-27,SUROESTE2,fuera_pico_10_12,1,2.82,23.9125,52.25,105.125,51.125
2024-04-27,SUROESTE2,pico_7_9,1,2.51875,14.337499999999999,21.0,92.5,39.25
2024-04-28,CENTRO,fuera_pico_10_12,1,2.715,11.05,50.5,95.5,37.895886438314534
2024-04-28,CENTRO,pico_7_9,1,2.8200000000000003,16.85,21.5,105.5,48.62466936566001
2024-04-28,NORESTE3,fuera_pico_10_12,0,1.81125,5.362500000000001,42.6875,76.75,39.5
2024-04-28,NORESTE3,pico_7_9,0,1.86175,6.9,30.587500000000002,60.25,47.5
2024-04-28,NOROESTE3,fuera_pico_10_12,0,2.0175,3.275,47.25,89.08333333333334,13.5
2024-04-28,NOROESTE3,pico_7_9,0,2.2475,7.0375,25.75,90.66666666666666,18.75
2024-04-28,NORTE2,fuera_pico_10_12,1,1.275,8.625,33.5,110.5,27.375
2024-04-28,NORTE2,pico_7_9,1,1.47125,13.675,24.375,86.75,33.25
2024-04-28,SUR,fuera_pico_10_12,1,2.3875,4.83125,41.875,105.3125,43.625
2024-04-28,SUR,pico_7_9,1,2.505,6.45625,27.75,94.07142857142857,49.5
2024-04-28,SUROESTE2,fuera_pico_10_12,1,2.36125,8.375,51.875,124.875,43.25
2024-04-28,SUROESTE2,pico_7_9,1,2.6375,14.7875,23.125,100.25,51.75
2024-04-29,CENTRO,fuera_pico_10_12,1,2.855,17.65,37.5,97.0,44.83308074383935
2024-04-29,CENTRO,pico_7_9,1,2.79,20.05,17.0,73.0,36.91657793092532
2024-04-29,NORESTE3,fuera_pico_10_12,0,2.45125,9.991666666666667,27.208333333333332,56.91666666666666,31.875
2024-04-29,NORESTE3,pico_7_9,0,2.124,9.79,20.240000000000002,54.6,25.0
2024-04-29,NOROESTE3,fuera_pico_10_12,0,2.0625,4.975,44.625,76.66666666666666,15.5
2024-04-29,NOROESTE3,pico_7_9,0,2.35625,10.6375,13.375,92.58333333333334,19.25
2024-04-29,NORTE2,fuera_pico_10_12,1,1.4224999999999999,14.9875,29.875,81.25,29.75
2024-04-29,NORTE2,pico_7_9,1,1.50625,18.6125,18.25,85.375,24.0
2024-04-29,SUR,fuera_pico_10_12,1,2.4733333333333336,8.09375,38.6875,89.5,36.6875
2024-04-29,SUR,pico_7_9,1,2.4275,11.537500000000001,20.6875,81.75,30.3125
2024-04-29,SUROESTE2,fuera_pico_10_12,1,2.6399999999999997,19.25,50.625,104.125,42.125
2024-04-29,SUROESTE2,pico_7_9,1,2.66,23.1375,19.875,81.25,30.5
2024-04-30,CENTRO,fuera_pico_10_12,1,2.705,10.55,37.0,73.5,38.7540164217066
2024-04-30,CENTRO,pico_7_9,1,2.66,11.5,28.5,62.0,36.03785408306584
2024-04-30,NORESTE3,fuera_pico_10_12,0,2.3706666666666667,10.999999999999998,25.108333333333334,63.74999999999999,35.0
2024-04-30,NORESTE3,pico_7_9,0,2.43975,11.8,17.366666666666667,58.75,33.375
2024-04-30,NOROESTE3,fuera_pico_10_12,0,2.1500000000000004,5.9625,33.375,63.08333333333333,17.25
2024-04-30,NOROESTE3,pico_7_9,0,2.1525,6.3625,22.5,58.16666666666667,15.75
2024-04-30,NORTE2,fuera_pico_10_12,1,1.385,11.7375,25.0,69.875,26.375
2024-04-30,NORTE2,pico_7_9,1,1.4537499999999999,17.725,17.125,73.75,24.75
2024-04-30,SUR,fuera_pico_10_12,1,2.4466666666666663,5.475,30.5625,75.125,32.8125
2024-04-30,SUR,pico_7_9,1,2.430833333333333,7.5625,21.625,73.3125,30.9375
2024-04-30,SUROESTE2,fuera_pico_10_12,1,2.5125,15.8125,32.125,76.875,32.375
2024-04-30,SUROESTE2,pico_7_9,1,2.54,14.825,24.5,72.375,28.125
2024-05-01,CENTRO,fuera_pico_10_12,1,2.685,11.7,25.5,58.0,25.96726568803166
2024-05-01,CENTRO,pico_7_9,1,2.5949999999999998,7.300000000000001,23.5,39.5,22.621424880182843
2024-05-01,NORESTE3,fuera_pico_10_12,0,2.276583333333333,9.483333333333334,21.296666666666667,46.83333333333333,23.5
2024-05-01,NORESTE3,pico_7_9,0,2.2209999999999996,8.916666666666668,16.918333333333333,38.5,20.875
2024-05-01,NOROESTE3,fuera_pico_10_12,0,2.1675,5.2124999999999995,31.5,48.66666666666667,15.5
2024-05-01,NOROESTE3,pico_7_9,0,2.09,4.9375,17.75,40.08333333333333,13.75
2024-05-01,NORTE2,fuera_pico_10_12,1,1.38,10.9875,25.208333333333336,54.375,19.125
2024-05-01,NORTE2,pico_7_9,1,1.29375,11.0125,16.666666666666664,41.75,16.625
2024-05-01,SUR,fuera_pico_10_12,1,2.4133333333333336,4.46875,29.1875,59.75,24.689333333333334
2024-05-01,SUR,pico_7_9,1,2.3558333333333334,4.1625,20.0625,51.125,20.504333333333335
2024-05-01,SUROESTE2,fuera_pico_10_12,1,2.465,12.925,28.5,51.5,26.625
2024-05-01,SUROESTE2,pico_7_9,1,2.34375,14.9125,14.75,54.125,24.4375
2024-05-02,CENTRO,fuera_pico_10_12,1,3.1550000000000002,28.25,33.5,106.0,46.88837455830389
2024-05-02,CENTRO,pico_7_9,1,3.0,18.2,15.5,113.0,44.58863629147949
2024-05-02,NORESTE3,fuera_pico_10_12,0,3.2699,11.916666666666668,33.303333333333335,76.93333333333334,50.875
2024-05-02,NORESTE3,pico_7_9,0,3.50655,12.350000000000001,16.423333333333332,63.766666666666666,38.25
2024-05-02,NOROESTE3,fuera_pico_10_12,0,2.085,7.2125,49.25,75.9,9.75
2024-05-02,NOROESTE3,pico_7_9,0,2.2525000000000004,5.575,15.625,74.83333333333334,21.0
2024-05-02,NORTE2,fuera_pico_10_12,1,0.6299999999999999,12.325,53.25,92.0,29.25
2024-05-02,NORTE2,pico_7_9,1,0.6950000000000001,16.7,21.0,83.0,30.5
2024-05-02,SUR,fuera_pico_10_12,1,2.5683333333333334,10.787500000000001,47.4375,106.0,42.337500000000006
2024-05-02,SUR,pico_7_9,1,2.501666666666667,10.50625,22.0,87.5625,39.7175
2024-05-02,SUROESTE2,fuera_pico_10_12,1,2.77125,22.262500000000003,45.875,140.25,52.625
2024-05-02,SUROESTE2,pico_7_9,1,2.96875,19.35,12.75,121.125,52.0
2024-05-03,CENTRO,fuera_pico_10_12,1,2.99,22.9,42.5,94.0,46.39907774133848
2024-05-03,CENTRO,pico_7_9,1,2.8,14.9,29.0,81.0,37.97791420600544
2024-05-03,NORESTE3,fuera_pico_10_12,0,4.319416666666666,13.266666666666667,23.641666666666666,74.16666666666666,37.25
2024-05-03,NORESTE3,pico_7_9,0,4.004,12.258333333333333,16.758333333333333,60.916666666666664,34.125
2024-05-03,NOROESTE3,fuera_pico_10_12,0,2.2887500000000003,7.125,52.875,84.16666666666666,18.5
2024-05-03,NOROESTE3,pico_7_9,0,2.2662500000000003,7.9125000000000005,24.25,64.41666666666666,18.0
2024-05-03,NORTE2,fuera_pico_10_12,1,1.5175,19.275,42.75,90.0,42.125
2024-05-03,NORTE2,pico_7_9,1,1.5687499999999999,26.225,23.0,77.5,24.625
2024-05-03,SUR,fuera_pico_10_12,1,2.4833333333333334,7.081250000000001,41.875,92.5,38.66625
2024-05-03,SUR,pico_7_9,1,2.5225,8.79375,28.3125,78.9375,30.8175
2024-05-03,SUROESTE2,fuera_pico_10_12,1,2.6887499999999998,19.7375,51.75,98.625,43.0
2024-05-03,SUROESTE2,pico_7_9,1,2.61125,18.3625,26.875,79.125,35.625
2024-05-04,CENTRO,fuera_pico_10_12,1,2.925,21.35,26.5,66.5,24.32110776381252
2024-05-04,CENTRO,pico_7_9,1,2.65,10.05,30.5,55.0,22.08074342744583
2024-05-04,NORESTE3,fuera_pico_10_12,0,2.368333333333333,11.899999999999999,19.503333333333334,46.5,30.625
2024-05-04,NORESTE3,pico_7_9,0,2.19975,9.033333333333333,17.341666666666665,37.0,23.5
2024-05-04,NOROESTE3,fuera_pico_10_12,0,2.4091666666666667,7.816666666666666,37.75,45.66666666666667,11.25
2024-05-04,NOROESTE3,pico_7_9,0,2.390833333333333,6.933333333333334,25.08333333333333,48.0,11.75
2024-05-04,NORTE2,fuera_pico_10_12,1,1.51375,18.25,30.875,62.375,25.875
2024-05-04,NORTE2,pico_7_9,1,1.3825,17.1125,22.5,52.25,17.875
2024-05-04,SUR,fuera_pico_10_12,1,2.5833333333333335,9.100000000000001,26.0625,61.875,27.35
2024-05-04,SUR,pico_7_9,1,2.45,8.25,22.375,55.4375,20.181666666666665
2024-05-04,SUROESTE2,fuera_pico_10_12,1,2.635,17.025,35.375,57.875,28.625
2024-05-04,SUROESTE2,pico_7_9,1,2.3987499999999997,13.2625,27.375,57.25,23.0
2024-05-05,CENTRO,fuera_pico_10_12,1,2.75,10.399999999999999,35.5,70.5,38.120000000000005
2024-05-05,CENTRO,pico_7_9,1,2.875,11.4,21.0,69.5,35.605000000000004
2024-05-05,NORESTE3,fuera_pico_10_12,0,2.2210833333333335,7.808333333333334,25.975,38.833333333333336,27.5
2024-05-05,NORESTE3,pico_7_9,0,2.1421666666666663,6.783333333333333,20.7125,44.083333333333336,30.625
2024-05-05,NOROESTE3,fuera_pico_10_12,0,2.2924999999999995,4.2,42.91666666666667,52.91666666666667,15.75
2024-05-05,NOROESTE3,pico_7_9,0,2.3033333333333337,5.308333333333334,21.666666666666664,57.58333333333333,15.166666666666668
2024-05-05,NORTE2,fuera_pico_10_12,1,1.2775,8.4,45.75,60.5,20.25
2024-05-05,NORTE2,pico_7_9,1,1.29875,11.675,23.25,67.0,24.375
2024-05-05,SUR,fuera_pico_10_12,1,2.470833333333333,5.01875,40.1875,72.0625,36.00833333333333
2024-05-05,SUR,pico_7_9,1,2.3691666666666666,5.0125,24.1875,62.5625,26.05333333333333
2024-05-05,SUROESTE2,fuera_pico_10_12,1,2.49,9.4625,46.0,72.25,38.375
2024-05-05,SUROESTE2,pico_7_9,1,2.505,10.587499999999999,22.0,99.0,37.125
2024-05-06,CENTRO,fuera_pico_10_12,1,3.045,24.700000000000003,22.0,102.0,51.745
2024-05-06,CENTRO,pico_7_9,1,2.835,18.950000000000003,14.5,87.5,33.235
2024-05-06,NORESTE3,fuera_pico_10_12,0,2.289833333333333,11.233333333333334,25.141666666666666,61.75,35.25
2024-05-06,NORESTE3,pico_7_9,0,2.2975833333333338,10.716666666666667,19.208333333333336,50.91666666666667,29.25
2024-05-06,NOROESTE3,fuera_pico_10_12,0,2.4008333333333334,8.524999999999999,32.166666666666664,74.66666666666666,20.5
2024-05-06,NOROESTE3,pico_7_9,0,2.433333333333333,9.341666666666667,14.5,55.41666666666666,16.25
2024-05-06,NORTE2,fuera_pico_10_12,1,1.48,17.7125,43.5,86.75,33.25
2024-05-06,NORTE2,pico_7_9,1,1.40625,18.65,19.5,66.25,24.25
2024-05-06,SUR,fuera_pico_10_12,1,2.5075000000000003,7.96875,39.4375,83.125,30.985
2024-05-06,SUR,pico_7_9,1,2.49,8.8,20.3125,73.8125,28.063333333333336
2024-05-06,SUROESTE2,fuera_pico_10_12,1,2.83875,20.75,40.25,105.5,45.5
2024-05-06,SUROESTE2,pico_7_9,1,2.7075,17.3375,15.875,82.75,29.125
2024-05-07,CENTRO,fuera_pico_10_12,1,3.375,39.35,38.5,125.5,50.695
2024-05-07,CENTRO,pico_7_9,1,2.95,18.200000000000003,14.5,65.5,38.004999999999995
2024-05-07,NORESTE3,fuera_pico_10_12,0,3.007666666666667,12.864999999999998,34.08833333333334,92.91666666666666,53.0
2024-05-07,NORESTE3,pico_7_9,0,2.297875,13.0,18.525,76.875,38.5
2024-05-07,NOROESTE3,fuera_pico_10_12,0,2.4408333333333334,14.033333333333333,53.91666666666667,80.58333333333334,6.5
2024-05-07,NOROESTE3,pico_7_9,0,2.6475,12.583333333333332,12.416666666666666,85.91666666666667,15.75
2024-05-07,NORTE2,fuera_pico_10_12,1,1.8683333333333332,19.237499999999997,52.5,111.125,28.5
2024-05-07,NORTE2,pico_7_9,1,2.7475,26.3625,18.25,107.25,34.16666666666667
2024-05-07,SUR,fuera_pico_10_12,1,2.7766666666666664,20.69375,59.875,138.75,45.41
2024-05-07,SUR,pico_7_9,1,2.6133333333333333,15.056249999999999,20.5,95.3125,35.901250000000005
2024-05-07,SUROESTE2,fuera_pico_10_12,1,2.9625,36.0875,64.0,132.875,44.875
2024-05-07,SUROESTE2,pico_7_9,1,2.88,28.6,20.75,136.5,43.25
2024-05-08,CENTRO,fuera_pico_10_12,1,3.455,51.35,56.5,120.5,51.135
2024-05-08,CENTRO,pico_7_9,1,3.035,19.3,13.5,106.5,45.915
2024-05-08,NORESTE3,fuera_pico_10_12,0,2.8118333333333334,17.525,32.45,96.58333333333334,55.45833333333333
2024-05-08,NORESTE3,pico_7_9,0,2.322,13.375,15.541666666666666,72.375,37.5
2024-05-08,NOROESTE3,fuera_pico_10_12,0,2.6208333333333336,18.9,54.416666666666664,109.16666666666666,9.585
2024-05-08,NOROESTE3,pico_7_9,0,2.7516666666666665,12.8,12.083333333333332,82.91666666666667,23.3575
2024-05-08,NORTE2,fuera_pico_10_12,1,0.56,26.6,67.5,107.5,25.25
2024-05-08,NORTE2,pico_7_9,1,0.8125,28.3125,15.625,101.5,26.5
2024-05-08,SUR,fuera_pico_10_12,1,2.9591666666666665,22.86875,52.3125,134.5,48.66666666666666
2024-05-08,SUR,pico_7_9,1,2.6566666666666663,15.225,18.8125,94.9375,38.75
2024-05-08,SUROESTE2,fuera_pico_10_12,1,2.9074999999999998,35.7625,81.125,138.75,50.125
2024-05-08,SUROESTE2,pico_7_9,1,3.04625,32.0125,26.375,130.5,46.0175
2024-05-09,CENTRO,fuera_pico_10_12,1,3.1500000000000004,52.95,51.0,101.5,31.740000000000002
2024-05-09,CENTRO,pico_7_9,1,2.79,34.85,16.5,95.5,21.375
2024-05-09,NORESTE3,fuera_pico_10_12,0,2.6919166666666667,15.466666666666665,33.95833333333333,115.75,61.625
2024-05-09,NORESTE3,pico_7_9,0,2.912416666666666,19.3,14.675,125.66666666666667,59.875
2024-05-09,NOROESTE3,fuera_pico_10_12,0,2.1641666666666666,5.883333333333334,45.5,54.016666666666666,15.15522091806709
2024-05-09,NOROESTE3,pico_7_9,0,2.91,21.65,15.166666666666668,125.0,44.54400915588056
2024-05-09,NORTE2,fuera_pico_10_12,1,1.2925,22.575,49.0,96.375,24.25
2024-05-09,NORTE2,pico_7_9,1,1.9024999999999999,42.9875,22.5,178.0,42.375
2024-05-09,SUR,fuera_pico_10_12,1,2.787,22.633035714285715,58.455357142857146,125.1875,59.5
2024-05-09,SUR,pico_7_9,1,3.3925,27.35,18.4375,145.875,70.0
2024-05-09,SUROESTE2,fuera_pico_10_12,1,2.3225,17.9625,50.875,115.875,26.2275
2024-05-09,SUROESTE2,pico_7_9,1,2.82875,32.3375,21.625,101.0,31.5175
2024-05-10,CENTRO,fuera_pico_10_12,1,3.01,14.1,63.0,104.0,61.78
2024-05-10,CENTRO,pico_7_9,1,3.34,24.950000000000003,24.0,103.0,62.61
2024-05-10,NORESTE3,fuera_pico_10_12,0,2.69975,11.241666666666667,34.53333333333333,77.25,54.375
2024-05-10,NORESTE3,pico_7_9,0,2.7375833333333333,13.149999999999999,21.90833333333333,84.25,52.375
2024-05-10,NOROESTE3,fuera_pico_10_12,0,2.225833333333333,5.261666666666667,57.175,77.625,19.092504402434102
2024-05-10,NOROESTE3,pico_7_9,0,2.4379166666666663,10.625,25.458333333333336,90.16666666666666,21.13978595149357
2024-05-10,NORTE2,fuera_pico_10_12,1,1.4375,15.412500000000001,59.625,94.375,42.5
2024-05-10,NORTE2,pico_7_9,1,1.5787499999999999,21.3625,31.375,111.0,49.75
2024-05-10,SUR,fuera_pico_10_12,1,2.8008333333333333,8.84375,57.4375,107.3125,59.6
2024-05-10,SUR,pico_7_9,1,2.8233333333333333,11.725000000000001,37.375,101.3125,50.41666666666666
2024-05-10,SUROESTE2,fuera_pico_10_12,1,2.785,14.475000000000001,80.75,98.16666666666666,61.5
2024-05-10,SUROESTE2,pico_7_9,1,2.86125,24.8,36.125,87.0,49.5
2024-05-11,CENTRO,fuera_pico_10_12,0,3.09,15.85,30.0,84.5,58.5
2024-05-11,CENTRO,pico_7_9,0,2.955,8.7,38.0,90.5,64.5
2024-05-11,NORESTE3,fuera_pico_10_12,0,2.73625,12.75,21.950000000000003,72.25,43.375
2024-05-11,NORESTE3,pico_7_9,0,2.7131666666666665,11.783333333333335,22.6875,73.58333333333334,55.5
2024-05-11,NOROESTE3,fuera_pico_10_12,0,2.6133333333333333,7.924999999999999,33.25,73.41666666666666,27.414007531709075
2024-05-11,NOROESTE3,pico_7_9,0,2.5983333333333336,7.791666666666667,33.166666666666664,75.83333333333334,24.253501215101352
2024-05-11,NORTE2,fuera_pico_10_12,1,1.4625,17.1,32.5,89.5,38.25
2024-05-11,NORTE2,pico_7_9,1,1.48,16.5875,29.625,88.75,47.04166666666667
2024-05-11,SUR,fuera_pico_10_12,1,3.04375,8.457142857142856,24.357142857142858,75.58333333333334,47.33333333333333
2024-05-11,SUR,pico_7_9,1,2.98625,5.85625,26.75,80.10714285714286,53.375
2024-05-11,SUROESTE2,fuera_pico_10_12,1,2.7800000000000002,17.9125,32.625,98.5,48.9875
2024-05-11,SUROESTE2,pico_7_9,1,2.6537499999999996,12.712499999999999,34.625,102.5,49.565
2024-05-12,CENTRO,fuera_pico_10_12,0,2.995,13.8,23.0,91.0,44.5
2024-05-12,CENTRO,pico_7_9,0,2.78,12.75,17.0,78.0,40.5
2024-05-12,NORESTE3,fuera_pico_10_12,0,2.5715833333333333,7.766666666666667,23.666666666666664,42.5,27.0
2024-05-12,NORESTE3,pico_7_9,0,2.508583333333333,7.8500000000000005,16.258333333333333,38.0,21.75
2024-05-12,NOROESTE3,fuera_pico_10_12,0,2.5366666666666666,7.746666666666666,26.933333333333334,71.7,18.66082247016952
2024-05-12,NOROESTE3,pico_7_9,0,2.4958333333333336,7.641666666666667,13.0,42.58333333333333,12.732470044877655
2024-05-12,NORTE2,fuera_pico_10_12,1,1.2262499999999998,11.412500000000001,41.25,68.0,26.0
2024-05-12,NORTE2,pico_7_9,1,1.19625,12.9625,17.875,54.0,21.25
2024-05-12,SUR,fuera_pico_10_12,1,2.88375,7.4125,31.375,72.58333333333334,35.375
2024-05-12,SUR,pico_7_9,1,2.795,6.575,17.75,56.08333333333333,23.25
2024-05-12,SUROESTE2,fuera_pico_10_12,1,2.71,13.8375,34.375,99.125,44.99
2024-05-12,SUROESTE2,pico_7_9,1,2.5425,13.5,17.625,84.25,35.865
2024-05-13,CENTRO,fuera_pico_10_12,0,3.73,41.0,42.0,167.0,62.18
2024-05-13,CENTRO,pico_7_9,0,3.42,24.85,12.0,97.0,55.5
2024-05-13,NORESTE3,fuera_pico_10_12,0,2.9530833333333333,15.558333333333334,30.741666666666667,91.25,57.0
2024-05-13,NORESTE3,pico_7_9,0,2.96375,13.283333333333333,13.748333333333333,79.91666666666666,45.0
2024-05-13,NOROESTE3,fuera_pico_10_12,0,2.3099999999999996,9.7625,48.0,81.25,21.535058513178665
2024-05-13,NOROESTE3,pico_7_9,0,3.055,24.1875,10.5,99.5,29.8818787438172
2024-05-13,NORTE2,fuera_pico_10_12,1,1.3399999999999999,19.75,45.5,102.125,17.25
2024-05-13,NORTE2,pico_7_9,1,1.745,30.387500000000003,16.375,110.25,39.5
2024-05-13,SUR,fuera_pico_10_12,1,3.34125,16.54375,46.0625,109.14285714285714,47.2
2024-05-13,SUR,pico_7_9,1,3.24375,15.26875,17.125,105.91666666666669,45.65
2024-05-13,SUROESTE2,fuera_pico_10_12,1,2.2837500000000004,10.6625,60.625,118.625,32.1125
2024-05-13,SUROESTE2,pico_7_9,1,3.31625,31.4125,21.0,153.0,52.36750000000001
2024-05-14,CENTRO,fuera_pico_10_12,0,3.075,30.0,70.0,91.0,36.47
2024-05-14,CENTRO,pico_7_9,0,2.965,28.25,20.0,89.5,36.675
2024-05-14,NORESTE3,fuera_pico_10_12,0,2.7805833333333334,16.008333333333333,31.625,64.41666666666666,31.625
2024-05-14,NORESTE3,pico_7_9,0,2.6528333333333336,16.333333333333336,20.15,63.49999999999999,25.75
2024-05-14,NOROESTE3,fuera_pico_10_12,0,2.555,9.866666666666667,57.33333333333333,63.75,17.450967697674262
2024-05-14,NOROESTE3,pico_7_9,0,2.794166666666667,16.416666666666664,18.916666666666668,116.0,25.285194882990048
2024-05-14,NORTE2,fuera_pico_10_12,1,1.3387499999999999,22.8375,58.625,84.75,29.875
2024-05-14,NORTE2,pico_7_9,1,1.51,31.8125,24.625,98.375,26.625
2024-05-14,SUR,fuera_pico_10_12,1,2.615,8.0,49.83333333333333,94.125,31.625
2024-05-14,SUR,pico_7_9,1,2.97125,14.693750000000001,26.5,84.8125,27.916666666666664
2024-05-14,SUROESTE2,fuera_pico_10_12,1,2.71375,23.8375,72.875,83.125,45.5
2024-05-14,SUROESTE2,pico_7_9,1,2.76625,26.075,30.5,94.125,39.75
2024-05-15,CENTRO,fuera_pico_10_12,0,2.985,17.85,32.5,87.5,42.754999999999995
2024-05-15,CENTRO,pico_7_9,0,2.925,14.899999999999999,23.5,65.5,35.06
2024-05-15,NORESTE3,fuera_pico_10_12,0,2.7402499999999996,11.091666666666669,25.590000000000003,74.25,41.5
2024-05-15,NORESTE3,pico_7_9,0,2.4364999999999997,11.6,21.741666666666667,62.0,35.75
2024-05-15,NOROESTE3,fuera_pico_10_12,0,2.5875000000000004,6.300000000000001,43.333333333333336,63.66666666666667,16.829379245309177
2024-05-15,NOROESTE3,pico_7_9,0,2.5275,7.458333333333334,26.0,48.41666666666666,20.497533344927028
2024-05-15,NORTE2,fuera_pico_10_12,1,1.2650000000000001,11.575,41.0,75.625,31.25
2024-05-15,NORTE2,pico_7_9,1,1.3854166666666667,15.404166666666665,25.666666666666664,70.83333333333333,29.125
2024-05-15,SUR,fuera_pico_10_12,1,2.9987500000000002,5.9875,32.875,84.1875,41.85
2024-05-15,SUR,pico_7_9,1,2.99625,7.5375000000000005,23.3125,61.8125,33.0
2024-05-15,SUROESTE2,fuera_pico_10_12,1,2.69625,16.8125,50.5,74.0,42.5
2024-05-15,SUROESTE2,pico_7_9,1,2.6875,16.3125,32.375,85.375,32.0
2024-05-16,CENTRO,fuera_pico_10_12,0,3.2,16.45,49.5,104.0,61.55848484848485
2024-05-16,CENTRO,pico_7_9,0,3.045,19.55,18.0,91.0,53.85
2024-05-16,NORESTE3,fuera_pico_10_12,0,2.84425,10.7,33.9,93.175,56.875
2024-05-16,NORESTE3,pico_7_9,0,2.7683333333333335,10.599999999999998,19.40833333333333,75.0,42.875
2024-05-16,NOROESTE3,fuera_pico_10_12,0,2.4475,7.041666666666667,45.33333333333333,84.75,18.994169801744096
2024-05-16,NOROESTE3,pico_7_9,0,2.700833333333333,8.641666666666667,19.75,69.41666666666667,26.890712774532645
2024-05-16,NORTE2,fuera_pico_10_12,1,1.345,17.862499999999997,40.75,95.0,28.25
2024-05-16,NORTE2,pico_7_9,1,1.475,17.8,25.75,85.5,34.625
2024-05-16,SUR,fuera_pico_10_12,1,3.36125,12.475,53.3125,104.08333333333334,50.75
2024-05-16,SUR,pico_7_9,1,3.21375,8.15,26.25,80.4375,39.70833333333333
2024-05-16,SUROESTE2,fuera_pico_10_12,1,2.90625,20.362499999999997,70.5,122.25,55.015
2024-05-16,SUROESTE2,pico_7_9,1,2.90875,21.725,30.125,99.5,50.057500000000005
2024-05-17,CENTRO,fuera_pico_10_12,0,3.0300000000000002,25.700000000000003,21.0,70.0,21.216063450727468
2024-05-17,CENTRO,pico_7_9,0,2.98,16.85,26.5,57.0,19.993897893364377
2024-05-17,NORESTE3,fuera_pico_10_12,0,2.572,9.025,29.366666666666667,37.5,11.375
2024-05-17,NORESTE3,pico_7_9,0,2.48625,9.658333333333333,22.525,29.75,8.75
2024-05-17,NOROESTE3,fuera_pico_10_12,0,2.6325000000000003,14.108333333333334,27.75,54.03333333333333,12.198121855224546
2024-05-17,NOROESTE3,pico_7_9,0,2.52,9.233333333333334,21.75,37.25,8.540000152216976
2024-05-17,NORTE2,fuera_pico_10_12,1,1.3625,18.225,36.25,62.0,15.75
2024-05-17,NORTE2,pico_7_9,1,1.15375,19.0375,20.0,41.875,9.166666666666666
2024-05-17,SUR,fuera_pico_10_12,1,3.3875,10.7875,32.0625,73.0,14.0
2024-05-17,SUR,pico_7_9,1,3.17,9.287500000000001,25.3125,51.9375,21.458333333333336
2024-05-17,SUROESTE2,fuera_pico_10_12,1,2.70125,22.15,34.875,59.0,15.75
2024-05-17,SUROESTE2,pico_7_9,1,2.58875,16.85,31.625,57.875,9.25
2024-05-18,CENTRO,fuera_pico_10_12,0,3.115,21.6,60.0,79.5,34.26864902056984
2024-05-18,CENTRO,pico_7_9,0,3.04,21.35,24.0,53.0,27.911748256370174
2024-05-18,NORESTE3,fuera_pico_10_12,0,2.864583333333333,14.849999999999998,43.66666666666667,70.5,38.375
2024-05-18,NORESTE3,pico_7_9,0,2.696416666666667,14.625,21.299999999999997,57.66666666666666,26.125
2024-05-18,NOROESTE3,fuera_pico_10_12,0,2.543333333333333,10.816666666666666,61.08333333333333,68.75,22.798964484706865
2024-05-18,NOROESTE3,pico_7_9,0,2.625833333333333,12.483333333333334,22.666666666666668,50.633333333333326,12.474972995329145
2024-05-18,NORTE2,fuera_pico_10_12,1,1.5162499999999999,23.275,82.0,92.625,32.375
2024-05-18,NORTE2,pico_7_9,1,1.4475,25.575,29.625,70.375,22.0
2024-05-18,SUR,fuera_pico_10_12,1,3.66625,10.55,57.625,61.0,32.16666666666667
2024-05-18,SUR,pico_7_9,1,3.6100000000000003,9.66875,31.75,57.0,23.375
2024-05-18,SUROESTE2,fuera_pico_10_12,1,2.7375,20.3875,86.625,72.125,43.0
2024-05-18,SUROESTE2,pico_7_9,1,2.71625,19.0375,40.5,64.0,32.0
2024-05-19,CENTRO,fuera_pico_10_12,0,3.015,16.4,47.0,86.5,39.30522834011196
2024-05-19,CENTRO,pico_7_9,0,2.93,12.25,24.5,79.5,49.960322388588935
2024-05-19,NORESTE3,fuera_pico_10_12,0,2.817,10.65,29.71666666666667,71.85,46.125
2024-05-19,NORESTE3,pico_7_9,0,2.6209166666666666,8.524999999999999,18.891666666666666,70.01666666666667,45.125
2024-05-19,NOROESTE3,fuera_pico_10_12,0,2.6666666666666665,5.841666666666666,58.66666666666667,66.75,18.303110239950712
2024-05-19,NOROESTE3,pico_7_9,0,2.7191666666666663,6.15,24.5,64.83333333333334,21.057383901128034
2024-05-19,NORTE2,fuera_pico_10_12,1,1.33625,11.662500000000001,59.5,78.5,27.625
2024-05-19,NORTE2,pico_7_9,1,1.41125,10.4875,34.5,81.375,33.25
2024-05-19,SUR,fuera_pico_10_12,1,4.205,4.852678571428571,44.625,71.75,36.66666666666666
2024-05-19,SUR,pico_7_9,1,3.9425,4.328571428571428,31.375,76.08333333333334,37.66666666666667
2024-05-19,SUROESTE2,fuera_pico_10_12,1,2.59,11.4375,71.125,72.125,47.75
2024-05-19,SUROESTE2,pico_7_9,1,2.5862499999999997,14.0125,37.5,95.25,44.5
2024-05-20,CENTRO,fuera_pico_10_12,0,3.3200000000000003,23.0,46.0,104.0,58.01034947569576
2024-05-20,CENTRO,pico_7_9,0,3.045,11.3,26.5,88.0,58.66858072712985
2024-05-20,NORESTE3,fuera_pico_10_12,0,3.3564,14.25,23.18,91.5,57.25
2024-05-20,NORESTE3,pico_7_9,0,2.8739999999999997,11.591666666666665,14.541666666666668,80.33333333333334,48.375
2024-05-20,NOROESTE3,fuera_pico_10_12,0,2.725833333333333,8.016666666666666,57.583333333333336,87.25,16.806970834848677
2024-05-20,NOROESTE3,pico_7_9,0,2.69,6.066666666666666,25.416666666666664,75.08333333333333,28.684797271244832
2024-05-20,NORTE2,fuera_pico_10_12,1,0.9679166666666668,14.65,57.375,100.75,47.125
2024-05-20,NORTE2,pico_7_9,1,1.48,15.175,30.125,88.875,40.125
2024-05-20,SUR,fuera_pico_10_12,1,3.9939999999999998,7.94375,49.625,90.88333333333334,52.0
2024-05-20,SUR,pico_7_9,1,4.300000000000001,5.9875,29.1875,86.66666666666666,51.5
2024-05-20,SUROESTE2,fuera_pico_10_12,1,2.96375,21.4125,73.375,102.875,66.0
2024-05-20,SUROESTE2,pico_7_9,1,2.75,14.975,35.375,96.375,56.0
2024-05-21,CENTRO,fuera_pico_10_12,0,1.2349999999999999,17.799999999999997,36.5,99.0,55.113689644208016
2024-05-21,CENTRO,pico_7_9,0,0.9099999999999999,15.4,10.0,81.0,48.78692096221319
2024-05-21,NORESTE3,fuera_pico_10_12,0,3.895,13.9875,20.25,73.875,52.25
2024-05-21,NORESTE3,pico_7_9,0,4.5200000000000005,13.425,11.5,82.25,38.25
2024-05-21,NOROESTE3,fuera_pico_10_12,0,2.756666666666667,8.541666666666668,43.75,92.25,20.711420516510053
2024-05-21,NOROESTE3,pico_7_9,0,2.825,8.791666666666666,14.0,65.0,30.38007316908838
2024-05-21,NORTE2,fuera_pico_10_12,1,0.92625,19.0,57.75,93.375,36.45833333333333
2024-05-21,NORTE2,pico_7_9,1,0.8912500000000001,15.8875,17.875,74.25,30.75
2024-05-21,SUR,fuera_pico_10_12,1,3.0685714285714285,7.0375,43.1875,89.66666666666666,47.0
2024-05-21,SUR,pico_7_9,1,3.6425,5.8125,20.8125,76.91666666666666,38.25
2024-05-21,SUROESTE2,fuera_pico_10_12,1,3.12125,23.2625,77.25,116.0,60.0
2024-05-21,SUROESTE2,pico_7_9,1,2.8475,15.4625,30.375,85.0,49.75
2024-05-22,CENTRO,fuera_pico_10_12,0,1.15,16.75,47.5,95.5,62.631201428558455
2024-05-22,CENTRO,pico_7_9,0,0.94,20.35,17.5,116.5,54.27332928201914
2024-05-22,NORESTE3,fuera_pico_10_12,0,4.75375,14.675,24.25,79.5,62.625
2024-05-22,NORESTE3,pico_7_9,0,4.61875,15.4375,14.0,79.875,56.0
2024-05-22,NOROESTE3,fuera_pico_10_12,0,2.7816666666666663,9.375,50.833333333333336,95.01666666666665,18.33169004299491
2024-05-22,NOROESTE3,pico_7_9,0,2.7175,9.766666666666666,19.75,87.75,21.095049420165395
2024-05-22,NORTE2,fuera_pico_10_12,1,0.91625,21.425,62.0,113.0,47.75
2024-05-22,NORTE2,pico_7_9,1,0.9175,20.762500000000003,24.125,98.625,47.5
2024-05-22,SUR,fuera_pico_10_12,1,2.036875,12.114285714285714,56.85714285714286,103.91666666666669,67.0
2024-05-22,SUR,pico_7_9,1,2.4293750000000003,8.725000000000001,30.0,95.08333333333334,59.375
2024-05-22,SUROESTE2,fuera_pico_10_12,1,2.9924999999999997,21.225,79.625,116.75,70.75
2024-05-22,SUROESTE2,pico_7_9,1,2.96125,19.775000000000002,35.125,118.625,64.0
2024-05-23,CENTRO,fuera_pico_10_12,0,0.9850000000000001,20.950000000000003,53.5,114.0,58.99024206397108
2024-05-23,CENTRO,pico_7_9,0,1.28,20.85,25.5,104.0,52.54497378611359
2024-05-23,NORESTE3,fuera_pico_10_12,0,4.44625,17.5375,23.5,88.625,59.625
2024-05-23,NORESTE3,pico_7_9,0,4.692500000000001,20.3375,14.0,96.75,50.375
2024-05-23,NOROESTE3,fuera_pico_10_12,0,2.7108333333333334,11.274999999999999,54.66666666666667,102.25,19.35609593385592
2024-05-23,NOROESTE3,pico_7_9,0,2.7474999999999996,14.883333333333333,18.749999999999996,105.33333333333331,34.57384946082663
2024-05-23,NORTE2,fuera_pico_10_12,1,0.72875,20.7375,59.25,96.125,44.0
2024-05-23,NORTE2,pico_7_9,1,0.9166666666666667,31.620833333333334,22.833333333333336,119.66666666666666,44.375
2024-05-23,SUR,fuera_pico_10_12,1,0.9217857142857142,6.61875,65.07142857142857,101.92857142857143,56.125
2024-05-23,SUR,pico_7_9,1,1.7525,12.53125,31.625,92.375,46.70833333333333
2024-05-23,SUROESTE2,fuera_pico_10_12,1,2.9612499999999997,25.425,78.625,128.75,64.25
2024-05-23,SUROESTE2,pico_7_9,1,3.0549999999999997,28.2125,27.375,141.125,56.5
2024-05-24,CENTRO,fuera_pico_10_12,0,0.9450000000000001,33.3,52.0,56.0,42.24516823497845
2024-05-24,CENTRO,pico_7_9,0,0.8535294117647059,26.708823529411763,46.23529411764706,25.70588235294118,37.28827543725096
2024-05-24,NORESTE3,fuera_pico_10_12,0,2.275,14.4875,24.25,100.125,72.125
2024-05-24,NORESTE3,pico_7_9,0,4.0,13.6375,12.625,79.25,42.375
2024-05-24,NOROESTE3,fuera_pico_10_12,0,2.3766666666666665,9.375,52.0,81.08333333333334,17.755176758646332
2024-05-24,NOROESTE3,pico_7_9,0,2.6883333333333335,13.416666666666668,16.249999999999996,91.08333333333331,22.11404223548247
2024-05-24,NORTE2,fuera_pico_10_12,1,0.66125,22.200000000000003,55.875,102.875,25.0
2024-05-24,NORTE2,pico_7_9,1,0.9875,26.675,20.125,91.875,28.25
2024-05-24,SUR,fuera_pico_10_12,1,0.85625,17.975,62.75,114.9375,52.0
2024-05-24,SUR,pico_7_9,1,0.7625,15.35625,23.1875,87.8125,41.0
2024-05-24,SUROESTE2,fuera_pico_10_12,1,2.38625,14.462499999999999,64.875,138.375,47.0
2024-05-24,SUROESTE2,pico_7_9,1,3.07625,29.0,29.25,147.125,73.5
2024-05-25,CENTRO,fuera_pico_10_12,0,1.495,29.6,44.5,113.5,53.55584637611548
2024-05-25,CENTRO,pico_7_9,0,0.9199999999999999,18.35,8.5,101.0,44.35170060299874
2024-05-25,NORESTE3,fuera_pico_10_12,0,0.540125,13.4125,39.3,69.29166666666666,41.5
2024-05-25,NORESTE3,pico_7_9,0,0.47412499999999996,8.6375,23.5875,51.45833333333333,35.0
2024-05-25,NOROESTE3,fuera_pico_10_12,0,2.6616666666666666,9.933333333333334,57.49999999999999,103.875,18.814813992218625
2024-05-25,NOROESTE3,pico_7_9,0,2.5949999999999998,9.125,14.583333333333332,61.0,18.191336795493925
2024-05-25,NORTE2,fuera_pico_10_12,1,0.775,20.45,61.5,113.5,39.0
2024-05-25,NORTE2,pico_7_9,1,0.79,19.6,20.75,83.125,27.25
2024-05-25,SUR,fuera_pico_10_12,1,0.9025000000000001,11.98125,60.6875,104.6875,53.375
2024-05-25,SUR,pico_7_9,1,0.7518750000000001,10.61875,25.25,75.125,34.875
2024-05-25,SUROESTE2,fuera_pico_10_12,0,3.02125,23.1875,93.875,122.0,67.5
2024-05-25,SUROESTE2,pico_7_9,0,2.75375,21.512500000000003,37.375,93.0,44.25
2024-05-26,CENTRO,fuera_pico_10_12,0,1.3599999999999999,19.450000000000003,52.0,98.0,47.05215435038872
2024-05-26,CENTRO,pico_7_9,0,1.12,15.350000000000001,14.0,73.0,37.78190797966421
2024-05-26,NORESTE3,fuera_pico_10_12,0,0.505125,11.5125,40.3,53.125,37.5
2024-05-26,NORESTE3,pico_7_9,0,0.46075,9.075,24.8125,44.75,32.75
2024-05-26,NOROESTE3,fuera_pico_10_12,0,2.554666666666667,6.566666666666666,53.93333333333333,71.625,20.29974819863029
2024-05-26,NOROESTE3,pico_7_9,0,2.6824999999999997,7.725,18.833333333333336,61.25,13.912973735984977
2024-05-26,NORTE2,fuera_pico_10_12,1,0.61375,12.462499999999999,64.25,77.375,29.875
2024-05-26,NORTE2,pico_7_9,1,0.675,14.7,26.375,60.625,24.625
2024-05-26,SUR,fuera_pico_10_12,1,0.8400000000000001,9.475000000000001,61.54761904761905,88.0625,50.375
2024-05-26,SUR,pico_7_9,1,0.7424999999999999,8.39375,26.285714285714285,67.1875,33.0
2024-05-26,SUROESTE2,fuera_pico_10_12,0,2.76375,15.775,81.75,128.5,55.25
2024-05-26,SUROESTE2,pico_7_9,0,2.77125,20.2625,36.0,88.625,44.75
2024-05-27,CENTRO,fuera_pico_10_12,0,1.475,22.6,48.5,110.0,57.41622263333417
2024-05-27,CENTRO,pico_7_9,0,1.375,23.75,9.5,128.5,55.15423500560473
2024-05-27,NORESTE3,fuera_pico_10_12,0,1.342666666666667,18.383333333333333,30.325,108.08333333333334,75.0
2024-05-27,NORESTE3,pico_7_9,0,1.0880833333333333,14.958333333333332,14.008333333333333,100.91666666666669,57.25
2024-05-27,NOROESTE3,fuera_pico_10_12,0,2.9059999999999997,9.31,53.5,98.0,29.647404055173993
2024-05-27,NOROESTE3,pico_7_9,0,3.185,11.575,14.125,95.16666666666666,27.6166359553593
2024-05-27,NORTE2,fuera_pico_10_12,1,0.76125,19.975,37.25,119.625,48.625
2024-05-27,NORTE2,pico_7_9,1,1.00125,25.200000000000003,17.625,116.75,39.875
2024-05-27,SUR,fuera_pico_10_12,1,1.1256249999999999,12.83125,48.6875,111.1875,55.0
2024-05-27,SUR,pico_7_9,1,1.0274999999999999,10.375,29.3125,88.75,45.125
2024-05-27,SUROESTE2,fuera_pico_10_12,0,3.0149999999999997,21.75,79.625,113.25,61.5
2024-05-27,SUROESTE2,pico_7_9,0,3.0862499999999997,21.75,41.875,110.75,57.25
2024-05-28,CENTRO,fuera_pico_10_12,0,1.4,29.75,37.0,97.0,48.602594210400426
2024-05-28,CENTRO,pico_7_9,0,1.22,21.450000000000003,14.0,75.0,45.52685075147226
2024-05-28,NORESTE3,fuera_pico_10_12,0,1.5830833333333332,14.141666666666666,18.549999999999997,74.33333333333334,48.0
2024-05-28,NORESTE3,pico_7_9,0,1.6144166666666666,14.008333333333333,9.799999999999999,68.41666666666666,37.25
2024-05-28,NOROESTE3,fuera_pico_10_12,0,2.1075,12.075,50.16666666666666,80.41666666666666,17.023768563388945
2024-05-28,NOROESTE3,pico_7_9,0,2.1616666666666666,11.866666666666665,18.916666666666664,75.58333333333333,17.40712142517006
2024-05-28,NORTE2,fuera_pico_10_12,1,0.7250000000000001,18.4625,50.75,91.0,41.45833333333333
2024-05-28,NORTE2,pico_7_9,1,0.9625,26.9875,14.875,93.5,31.833333333333332
2024-05-28,SUR,fuera_pico_10_12,1,0.770625,9.225,52.75,81.875,48.875
2024-05-28,SUR,pico_7_9,1,0.754375,11.61875,25.6875,66.9375,38.25
2024-05-28,SUROESTE2,fuera_pico_10_12,0,2.9537500000000003,23.6625,78.66666666666666,93.25,51.25
2024-05-28,SUROESTE2,pico_7_9,0,2.7625,21.450000000000003,31.5,84.625,49.5
2024-05-29,CENTRO,fuera_pico_10_12,0,0.5514285714285714,12.596428571428572,55.857142857142854,61.17857142857143,19.4251470766519
2024-05-29,CENTRO,pico_7_9,0,1.4871971896301766,19.476629081970483,27.11611350133063,51.08758638535156,17.782481167973188
2024-05-29,NORESTE3,fuera_pico_10_12,0,0.5820833333333333,14.566666666666666,21.054166666666667,44.08333333333333,18.25
2024-05-29,NORESTE3,pico_7_9,0,0.5683,15.71,17.03,28.5,15.833333333333332
2024-05-29,NOROESTE3,fuera_pico_10_12,0,2.145,9.608333333333334,42.41666666666667,44.23333333333333,14.183205965338338
2024-05-29,NOROESTE3,pico_7_9,0,2.60875,5.075,35.5,26.625,8.918623111308557
2024-05-29,NORTE2,fuera_pico_10_12,1,0.6875,27.875,45.5,83.5,25.25
2024-05-29,NORTE2,pico_7_9,1,0.8025,31.900000000000002,18.25,92.0,7.25
2024-05-29,SUR,fuera_pico_10_12,1,0.61375,5.44375,42.625,48.5625,19.625
2024-05-29,SUR,pico_7_9,1,0.5875,8.0,27.4375,37.5625,13.875
2024-05-29,SUROESTE2,fuera_pico_10_12,0,2.7475,14.0625,40.5,53.25,30.25
2024-05-29,SUROESTE2,pico_7_9,0,2.6975,13.3,25.875,37.0,15.25
2024-05-30,CENTRO,fuera_pico_10_12,0,1.02,14.700000000000001,22.0,75.0,43.108264880149896
2024-05-30,CENTRO,pico_7_9,0,0.3481578947368421,5.381578947368421,11.236842105263158,23.315789473684212,30.17146923647751
2024-05-30,NORESTE3,fuera_pico_10_12,0,0.5786666666666667,12.5,15.868333333333332,65.0,39.0
2024-05-30,NORESTE3,pico_7_9,0,0.5760833333333334,10.325000000000001,9.67,57.41666666666667,30.375
2024-05-30,NOROESTE3,fuera_pico_10_12,0,2.8208333333333333,6.800000000000001,36.23333333333333,67.03333333333333,21.752919964614755
2024-05-30,NOROESTE3,pico_7_9,0,1.63,9.4575,13.875,55.75,25.575309393515333
2024-05-30,NORTE2,fuera_pico_10_12,1,0.57875,13.4,34.25,76.79166666666666,28.75
2024-05-30,NORTE2,pico_7_9,1,0.6000000000000001,14.575,11.75,61.5,23.125
2024-05-30,SUR,fuera_pico_10_12,1,1.64625,4.71875,33.75,64.0,40.5
2024-05-30,SUR,pico_7_9,1,1.6168749999999998,5.262499999999999,22.75,57.375,32.75
2024-05-30,SUROESTE2,fuera_pico_10_12,0,2.8200000000000003,13.1125,28.25,70.25,29.5
2024-05-30,SUROESTE2,pico_7_9,0,2.7699999999999996,11.25,16.875,66.75,35.25
2024-05-31,CENTRO,fuera_pico_10_12,0,1.08,19.75,22.0,178.0,46.209489865511884
2024-05-31,CENTRO,pico_7_9,0,1.095,18.5,7.5,85.5,42.671495487722055
2024-05-31,NORESTE3,fuera_pico_10_12,0,1.2800833333333332,10.891666666666666,15.208333333333334,51.83333333333333,30.0
2024-05-31,NORESTE3,pico_7_9,0,1.0959166666666667,11.641666666666666,8.458333333333334,52.833333333333336,24.5
2024-05-31,NOROESTE3,fuera_pico_10_12,0,1.3058333333333334,9.175,22.416666666666668,79.41666666666666,29.614860888694018
2024-05-31,NOROESTE3,pico_7_9,0,2.8858333333333333,12.175,11.5,69.91666666666666,25.644488732146144
2024-05-31,NORTE2,fuera_pico_10_12,1,0.5575,16.9375,26.75,71.375,27.25
2024-05-31,NORTE2,pico_7_9,1,0.5525,17.5375,10.75,60.375,20.625
2024-05-31,SUR,fuera_pico_10_12,1,2.2112499999999997,6.9875,35.0625,75.6875,35.875
2024-05-31,SUR,pico_7_9,1,2.4400000000000004,7.7625,17.625,61.125,24.75
2024-05-31,SUROESTE2,fuera_pico_10_12,0,2.8687500000000004,14.7625,34.0,104.5,46.5
2024-05-31,SUROESTE2,pico_7_9,0,2.8062500000000004,14.287500000000001,12.75,80.375,43.0
2024-06-01,CENTRO,fuera_pico_10_12,0,1.07,10.100000000000001,26.5,69.0,46.69
2024-06-01,CENTRO,pico_7_9,0,0.97,9.3,16.5,61.0,38.67
2024-06-01,NORESTE3,fuera_pico_10_12,0,1.7691666666666668,12.491666666666667,16.633333333333333,65.66666666666667,42.25
2024-06-01,NORESTE3,pico_7_9,0,1.6275833333333334,10.100000000000001,11.049999999999999,56.08333333333333,32.25
2024-06-01,NOROESTE3,fuera_pico_10_12,0,0.7687499999999999,9.8375,27.583333333333336,74.70833333333334,21.79
2024-06-01,NOROESTE3,pico_7_9,0,0.72125,9.5125,15.875,53.75,18.8525
2024-06-01,NORTE2,fuera_pico_10_12,1,0.50875,12.0625,33.625,70.0,28.875
2024-06-01,NORTE2,pico_7_9,1,0.515,13.212499999999999,15.0,66.375,28.375
2024-06-01,SUR,fuera_pico_10_12,1,2.0225,5.81875,36.0,68.25,49.375
2024-06-01,SUR,pico_7_9,1,2.005,4.393750000000001,22.625,53.75,38.25
2024-06-01,SUROESTE2,fuera_pico_10_12,0,2.69875,13.6875,35.75,78.5,39.375
2024-06-01,SUROESTE2,pico_7_9,0,2.5875000000000004,10.9625,24.0,66.375,32.625
2024-06-02,CENTRO,fuera_pico_10_12,0,1.04,9.5,29.5,70.0,47.519999999999996
2024-06-02,CENTRO,pico_7_9,0,1.025,6.45,21.5,65.0,49.474999999999994
2024-06-02,NORESTE3,fuera_pico_10_12,0,2.1555833333333334,9.883333333333335,17.833333333333332,63.16666666666667,49.75
2024-06-02,NORESTE3,pico_7_9,0,1.9791666666666665,8.533333333333333,13.616666666666667,56.58333333333333,39.75
2024-06-02,NOROESTE3,fuera_pico_10_12,0,0.7541666666666667,5.254166666666666,38.125,55.83333333333333,21.567500000000003
2024-06-02,NOROESTE3,pico_7_9,0,0.8233333333333333,6.16,20.75,54.25,18.275
2024-06-02,NORTE2,fuera_pico_10_12,1,0.45125000000000004,7.7375,39.0,69.25,35.0
2024-06-02,NORTE2,pico_7_9,1,0.4375,8.212499999999999,22.875,67.875,32.5
2024-06-02,SUR,fuera_pico_10_12,1,2.244375,4.223809523809524,29.339285714285715,68.25,53.0
2024-06-02,SUR,pico_7_9,1,2.325625,3.5857142857142854,28.333333333333336,60.333333333333336,50.75
2024-06-02,SUROESTE2,fuera_pico_10_12,0,2.66125,10.1125,36.0,70.375,36.875
2024-06-02,SUROESTE2,pico_7_9,0,2.5787500000000003,8.825,23.625,77.375,40.54166666666667
2024-06-03,CENTRO,fuera_pico_10_12,0,1.315,23.6,36.0,95.0,51.995
2024-06-03,CENTRO,pico_7_9,0,1.1949999999999998,22.8,8.0,78.0,44.040000000000006
2024-06-03,NORESTE3,fuera_pico_10_12,0,1.51175,12.541666666666668,21.266666666666666,55.41666666666667,39.75
2024-06-03,NORESTE3,pico_7_9,0,1.683,13.175,10.325000000000001,61.916666666666664,37.0
2024-06-03,NOROESTE3,fuera_pico_10_12,0,1.0286666666666666,14.123333333333335,54.06666666666666,78.86666666666667,17.54
2024-06-03,NOROESTE3,pico_7_9,0,0.8566666666666667,14.291666666666668,14.583333333333332,60.25,15.1475
2024-06-03,NORTE2,fuera_pico_10_12,1,0.60625,18.6625,63.875,75.75,39.25
2024-06-03,NORTE2,pico_7_9,1,0.6275,18.475,19.75,66.0,25.75
2024-06-03,SUR,fuera_pico_10_12,1,2.7231249999999996,7.3125,59.0625,76.75,48.0
2024-06-03,SUR,pico_7_9,1,3.2462500000000003,9.76875,24.6875,66.66666666666666,36.625
2024-06-03,SUROESTE2,fuera_pico_10_12,0,3.0,20.8,41.75,109.5,47.875
2024-06-03,SUROESTE2,pico_7_9,0,2.8449999999999998,14.0625,24.0,70.0,35.875
2024-06-04,CENTRO,fuera_pico_10_12,0,1.4849999999999999,27.9,46.0,113.0,51.42018536932266
2024-06-04,CENTRO,pico_7_9,0,1.51,27.25,8.5,89.0,44.532370711935876
2024-06-04,NORESTE3,fuera_pico_10_12,0,1.7157499999999999,15.716666666666667,18.325,82.41666666666666,39.0
2024-06-04,NORESTE3,pico_7_9,0,1.608083333333333,12.341666666666667,8.403333333333332,72.66666666666666,39.5
2024-06-04,NOROESTE3,fuera_pico_10_12,0,0.82625,12.125,57.125,101.5,20.207487023458924
2024-06-04,NOROESTE3,pico_7_9,0,1.0375,18.0875,13.125,90.5,21.813463050566863
2024-06-04,NORTE2,fuera_pico_10_12,1,0.6225,21.525,57.125,82.41666666666666,28.0
2024-06-04,NORTE2,pico_7_9,1,0.79125,23.137500000000003,18.5,87.625,24.208333333333332
2024-06-04,SUR,fuera_pico_10_12,1,2.0862499999999997,12.33125,51.85714285714286,104.71428571428572,45.0
2024-06-04,SUR,pico_7_9,1,2.89625,15.3625,23.6875,93.8125,39.25
2024-06-04,SUROESTE2,fuera_pico_10_12,0,3.06875,24.0875,62.5,114.25,46.825
2024-06-04,SUROESTE2,pico_7_9,0,2.99625,19.025,21.375,124.5,45.457499999999996
2024-06-05,CENTRO,fuera_pico_10_12,0,1.46,45.8,40.0,103.5,46.83822937369252
2024-06-05,CENTRO,pico_7_9,0,1.145,42.35,9.5,80.0,31.891087582569522
2024-06-05,NORESTE3,fuera_pico_10_12,0,1.1885833333333333,14.541666666666668,28.583333333333336,94.25,30.5
2024-06-05,NORESTE3,pico_7_9,0,1.5625833333333332,21.20833333333333,11.65,108.91666666666669,26.5
2024-06-05,NOROESTE3,fuera_pico_10_12,0,0.7825,24.30833333333333,51.41666666666667,94.25,20.918115427138975
2024-06-05,NOROESTE3,pico_7_9,0,0.9575,26.3375,13.125,79.25,21.530057445271048
2024-06-05,NORTE2,fuera_pico_10_12,1,0.46375,25.525,62.0,117.5,31.25
2024-06-05,NORTE2,pico_7_9,1,0.7675,37.45,16.25,156.5,28.125
2024-06-05,SUR,fuera_pico_10_12,1,0.721,11.566666666666666,66.33333333333333,102.83333333333334,41.23571428571428
2024-06-05,SUR,pico_7_9,1,0.8831249999999999,25.525,21.8125,121.1875,33.315
2024-06-05,SUROESTE2,fuera_pico_10_12,0,3.02125,32.025,49.75,86.625,31.4925
2024-06-05,SUROESTE2,pico_7_9,0,2.86125,23.924999999999997,22.25,106.125,38.625
2024-06-06,CENTRO,fuera_pico_10_12,0,1.42,22.0,28.0,122.5,47.86520624372285
2024-06-06,CENTRO,pico_7_9,0,1.24,26.450000000000003,12.0,92.0,47.72504949146456
2024-06-06,NORESTE3,fuera_pico_10_12,0,2.6556666666666664,11.541666666666666,20.541666666666668,76.83333333333334,48.375
2024-06-06,NORESTE3,pico_7_9,0,2.2245,12.766666666666666,12.083333333333334,71.08333333333334,45.0
2024-06-06,NOROESTE3,fuera_pico_10_12,0,1.0366666666666666,15.983333333333334,39.75,99.33333333333331,17.976585307872792
2024-06-06,NOROESTE3,pico_7_9,0,0.97,17.608333333333334,10.75,91.08333333333334,25.150179041424714
2024-06-06,NORTE2,fuera_pico_10_12,1,0.5725,14.5,41.5,98.25,36.25
2024-06-06,NORTE2,pico_7_9,1,0.66,19.25,13.625,108.375,40.125
2024-06-06,SUR,fuera_pico_10_12,1,0.8718333333333332,8.60625,49.32142857142857,91.92857142857143,47.61666666666667
2024-06-06,SUR,pico_7_9,1,0.9066666666666667,10.48125,27.535714285714285,84.1875,42.3625
2024-06-06,SUROESTE2,fuera_pico_10_12,0,3.0387500000000003,20.5875,37.625,114.0,50.25
2024-06-06,SUROESTE2,pico_7_9,0,2.84,17.05,22.75,117.25,32.25
2024-06-07,CENTRO,fuera_pico_10_12,0,0.4478125,4.090624999999999,25.96875,16.5,28.003068912470056
2024-06-07,CENTRO,pico_7_9,0,2.030369142408958,32.51940367667085,21.610983123012943,84.10142027652702,34.60161748092095
2024-06-07,NORESTE3,fuera_pico_10_12,0,2.6516666666666664,12.383333333333335,26.69166666666667,69.125,35.25
2024-06-07,NORESTE3,pico_7_9,0,3.8760833333333338,25.195833333333333,15.245833333333334,92.70833333333334,33.5
2024-06-07,NOROESTE3,fuera_pico_10_12,0,0.8546666666666667,14.54,63.7,67.73333333333333,23.595210283594486
2024-06-07,NOROESTE3,pico_7_9,0,1.2033333333333334,32.05,12.833333333333334,109.41666666666669,22.794904560150073
2024-06-07,NORTE2,fuera_pico_10_12,1,0.41624999999999995,13.5875,60.5,62.125,30.875
2024-06-07,NORTE2,pico_7_9,1,0.65125,31.9125,24.875,88.875,22.75
2024-06-07,SUR,fuera_pico_10_12,1,0.7075,7.0,57.625,61.625,31.479999999999997
2024-06-07,SUR,pico_7_9,1,0.835,15.35625,32.0625,64.5,22.255000000000003
2024-06-07,SUROESTE2,fuera_pico_10_12,0,2.72125,21.4,43.5,67.0,35.0
2024-06-07,SUROESTE2,pico_7_9,0,2.8512500000000003,22.675,22.5,92.375,28.75
2024-06-08,CENTRO,fuera_pico_10_12,0,1.95,25.05,32.5,69.5,35.950875599501984
2024-06-08,CENTRO,pico_7_9,0,1.8250000000000002,19.25,14.0,63.5,33.95054040476065
2024-06-08,NORESTE3,fuera_pico_10_12,0,1.0265,13.108333333333334,23.683333333333334,51.75,37.75
2024-06-08,NORESTE3,pico_7_9,0,1.448,13.158333333333333,14.833333333333334,42.33333333333333,25.0
2024-06-08,NOROESTE3,fuera_pico_10_12,0,1.0891666666666668,17.725,47.33333333333333,64.41666666666666,13.85208632251269
2024-06-08,NOROESTE3,pico_7_9,0,0.8999999999999999,18.450000000000003,15.75,46.08333333333333,21.216053462514054
2024-06-08,NORTE2,fuera_pico_10_12,1,0.48,15.4875,50.125,70.625,35.0
2024-06-08,NORTE2,pico_7_9,1,0.4525,17.2,20.375,48.75,21.375
2024-06-08,SUR,fuera_pico_10_12,1,0.74125,6.705357142857143,47.54166666666667,62.95833333333333,28.317500000000003
2024-06-08,SUR,pico_7_9,1,0.6937500000000001,8.078571428571427,27.5,55.1875,23.535
2024-06-08,SUROESTE2,fuera_pico_10_12,0,2.81625,17.65,64.75,81.5,34.25
2024-06-08,SUROESTE2,pico_7_9,0,2.71375,16.35,19.5,67.375,23.25
2024-06-09,CENTRO,fuera_pico_10_12,0,2.1399999999999997,20.95,44.0,65.5,33.40857481350559
2024-06-09,CENTRO,pico_7_9,0,2.065,30.200000000000003,12.0,47.0,22.811413663273456
2024-06-09,NORESTE3,fuera_pico_10_12,0,2.31925,11.35833333333333,31.724999999999998,30.5,22.67666666666667
2024-06-09,NORESTE3,pico_7_9,0,2.030666666666667,12.158333333333331,18.691666666666666,29.749999999999996,17.65
2024-06-09,NOROESTE3,fuera_pico_10_12,0,0.9112499999999999,13.3,53.375,61.0,19.767292932076447
2024-06-09,NOROESTE3,pico_7_9,0,0.79,13.225,17.625,39.5,19.387723382304106
2024-06-09,NORTE2,fuera_pico_10_12,1,0.48125,13.8875,63.5,51.75,25.125
2024-06-09,NORTE2,pico_7_9,1,0.49875,15.55,27.875,36.0,13.75
2024-06-09,SUR,fuera_pico_10_12,1,0.5449999999999999,8.073214285714286,61.25,51.25,25.795
2024-06-09,SUR,pico_7_9,1,0.55,11.023809523809524,31.9375,51.875,18.44125
2024-06-09,SUROESTE2,fuera_pico_10_12,0,2.72375,17.5,56.25,55.5,28.75
2024-06-09,SUROESTE2,pico_7_9,0,2.6574999999999998,14.774999999999999,28.5,49.25,21.0
2024-06-10,CENTRO,fuera_pico_10_12,0,2.32,20.15,34.5,94.0,31.963992958658793
2024-06-10,CENTRO,pico_7_9,0,2.26,21.799999999999997,12.0,60.0,32.13926508118605
2024-06-10,NORESTE3,fuera_pico_10_12,0,2.7591666666666668,9.158333333333333,21.858333333333334,59.16666666666666,36.405
2024-06-10,NORESTE3,pico_7_9,0,3.1660833333333334,11.458333333333332,11.325,66.33333333333334,30.572499999999998
2024-06-10,NOROESTE3,fuera_pico_10_12,0,0.77125,9.2375,40.75,74.0,20.91543708166114
2024-06-10,NOROESTE3,pico_7_9,0,1.18125,20.3125,10.625,114.875,16.31365473584514
2024-06-10,NORTE2,fuera_pico_10_12,1,0.43625,12.375,33.375,72.75,28.0
2024-06-10,NORTE2,pico_7_9,1,0.61875,19.424999999999997,14.125,72.125,29.125
2024-06-10,SUR,fuera_pico_10_12,1,0.50875,7.8309523809523816,44.0625,64.25,29.88089285714286
2024-06-10,SUR,pico_7_9,1,0.5275,9.0,23.9375,53.8125,23.655
2024-06-10,SUROESTE2,fuera_pico_10_12,0,2.72375,16.924999999999997,38.125,135.625,25.995357142857145
2024-06-10,SUROESTE2,pico_7_9,0,2.92375,17.575,21.25,126.125,35.21531097382992
2024-06-11,CENTRO,fuera_pico_10_12,0,2.63,32.849999999999994,41.0,80.0,37.84624277576827
2024-06-11,CENTRO,pico_7_9,0,2.425,26.9,10.0,70.0,33.00748445010963
2024-06-11,NORESTE3,fuera_pico_10_12,0,1.4978749999999998,14.325,38.083333333333336,85.4,48.695
2024-06-11,NORESTE3,pico_7_9,0,2.6832499999999997,15.600000000000001,18.541666666666664,70.91666666666667,24.5
2024-06-11,NOROESTE3,fuera_pico_10_12,0,0.7483333333333333,10.141666666666666,51.08333333333333,63.833333333333336,15.14272237459338
2024-06-11,NOROESTE3,pico_7_9,0,0.9916666666666668,20.275,12.5,56.5,20.03489106102287
2024-06-11,NORTE2,fuera_pico_10_12,1,0.5175000000000001,19.1,51.625,82.875,28.75
2024-06-11,NORTE2,pico_7_9,1,0.69,26.262500000000003,16.125,87.125,26.125
2024-06-11,SUR,fuera_pico_10_12,1,0.7875000000000001,13.80625,50.5625,79.5625,35.41666666666667
2024-06-11,SUR,pico_7_9,1,0.6637500000000001,14.775,23.4375,60.0625,22.666666666666668
2024-06-11,SUROESTE2,fuera_pico_10_12,0,1.9249999999999998,21.8625,74.375,84.25,30.442500000000003
2024-06-11,SUROESTE2,pico_7_9,0,2.0637499999999998,27.0375,25.375,71.125,30.4925
2024-06-12,CENTRO,fuera_pico_10_12,0,2.48,28.5,38.5,89.5,39.4
2024-06-12,CENTRO,pico_7_9,0,2.285,21.2,9.5,60.0,30.975
2024-06-12,NORESTE3,fuera_pico_10_12,0,0.2625,13.033333333333333,26.766666666666666,53.0,32.0325
2024-06-12,NORESTE3,pico_7_9,0,0.2995,14.066666666666666,14.133333333333333,46.16666666666667,23.08
2024-06-12,NOROESTE3,fuera_pico_10_12,0,0.8016666666666667,11.274999999999999,45.0,65.25,16.424089139348855
2024-06-12,NOROESTE3,pico_7_9,0,0.8741666666666665,12.425,10.916666666666666,55.66666666666667,14.258062164170163
2024-06-12,NORTE2,fuera_pico_10_12,1,0.4425,14.9,39.5,73.0,23.375
2024-06-12,NORTE2,pico_7_9,1,0.655,20.362499999999997,15.25,64.625,20.041666666666664
2024-06-12,SUR,fuera_pico_10_12,1,0.625,8.01875,42.375,62.4375,24.088749999999997
2024-06-12,SUR,pico_7_9,1,0.5641666666666667,9.825,22.75,50.3125,16.9375
2024-06-12,SUROESTE2,fuera_pico_10_12,0,2.035,25.75,64.5,78.875,25.497500000000002
2024-06-12,SUROESTE2,pico_7_9,0,1.83,19.0875,22.875,49.25,19.86
2024-06-13,CENTRO,fuera_pico_10_12,0,0.9750000000000001,23.950000000000003,30.0,71.5,22.39
2024-06-13,CENTRO,pico_7_9,0,0.81,17.950000000000003,8.5,49.5,19.185
2024-06-13,NORESTE3,fuera_pico_10_12,0,0.230375,12.325,23.591666666666665,39.66666666666666,25.54
2024-06-13,NORESTE3,pico_7_9,0,0.25325,10.94,12.91,37.099999999999994,14.416666666666668
2024-06-13,NOROESTE3,fuera_pico_10_12,0,0.8016666666666665,11.608333333333334,37.75,58.583333333333336,9.08228480804662
2024-06-13,NOROESTE3,pico_7_9,0,0.9624999999999999,11.975000000000001,10.166666666666668,41.25,8.578460766117495
2024-06-13,NORTE2,fuera_pico_10_12,1,0.40625,16.1,34.25,54.625,17.416666666666664
2024-06-13,NORTE2,pico_7_9,1,0.47375,15.5,10.5,39.875,11.333333333333332
2024-06-13,SUR,fuera_pico_10_12,1,0.759375,7.635714285714286,41.9375,59.0625,18.875
2024-06-13,SUR,pico_7_9,1,0.728125,7.492857142857144,21.9375,42.0,12.651785714285715
2024-06-13,SUROESTE2,fuera_pico_10_12,0,1.79,20.975,52.0,60.25,16.3325
2024-06-13,SUROESTE2,pico_7_9,0,1.7774999999999999,19.525,17.5,49.25,15.010000000000002
2024-06-14,CENTRO,fuera_pico_10_12,0,0.96,24.8,35.0,62.0,23.66
2024-06-14,CENTRO,pico_7_9,0,0.77,15.15,8.0,54.5,16.955
2024-06-14,NORESTE3,fuera_pico_10_12,0,0.22212500000000002,13.383333333333335,18.391666666666666,37.33333333333333,21.6825
2024-06-14,NORESTE3,pico_7_9,0,0.203125,10.149999999999999,10.05,33.0,12.287500000000001
2024-06-14,NOROESTE3,fuera_pico_10_12,0,0.7791666666666666,9.433333333333334,38.33333333333333,50.91666666666667,10.302640606062612
2024-06-14,NOROESTE3,pico_7_9,0,0.833,8.780000000000001,10.3,24.1,6.120775774477313
2024-06-14,NORTE2,fuera_pico_10_12,1,0.42625,15.875,34.5,56.75,14.625
2024-06-14,NORTE2,pico_7_9,1,0.5037499999999999,13.925,9.0,44.125,11.166666666666668
2024-06-14,SUR,fuera_pico_10_12,1,0.766875,8.185714285714285,40.3125,49.75,19.125
2024-06-14,SUR,pico_7_9,1,0.7324999999999999,6.727678571428571,20.8125,35.9375,11.741071428571429
2024-06-14,SUROESTE2,fuera_pico_10_12,0,1.82,19.7625,54.375,49.625,20.2075
2024-06-14,SUROESTE2,pico_7_9,0,1.6775,13.9125,19.375,41.75,13.407499999999999
2024-06-15,CENTRO,fuera_pico_10_12,0,0.78,16.65,30.5,57.5,17.895
2024-06-15,CENTRO,pico_7_9,0,0.645,12.2,8.5,42.5,16.08
2024-06-15,NORESTE3,fuera_pico_10_12,0,0.17575000000000002,10.25,19.424999999999997,31.333333333333336,14.191666666666666
2024-06-15,NORESTE3,pico_7_9,0,0.16949999999999998,9.25,10.666666666666666,30.083333333333336,11.66
2024-06-15,NOROESTE3,fuera_pico_10_12,0,0.7333333333333334,8.141666666666666,41.16666666666667,37.66666666666667,6.7997412408729545
2024-06-15,NOROESTE3,pico_7_9,0,0.7016666666666667,7.116666666666667,12.416666666666666,25.083333333333336,6.172076058537945
2024-06-15,NORTE2,fuera_pico_10_12,1,0.38375,10.8625,31.375,41.75,12.25
2024-06-15,NORTE2,pico_7_9,1,0.3725,9.9875,14.25,28.25,7.708333333333333
2024-06-15,SUR,fuera_pico_10_12,1,0.7112499999999999,4.771428571428571,32.125,36.8125,15.754999999999999
2024-06-15,SUR,pico_7_9,1,0.6893750000000001,5.097619047619048,20.625,30.4375,10.3125
2024-06-15,SUROESTE2,fuera_pico_10_12,0,1.62625,15.0625,46.125,45.375,16.615000000000002
2024-06-15,SUROESTE2,pico_7_9,0,1.565,12.05,18.75,37.0,11.608333333333334
2024-06-16,CENTRO,fuera_pico_10_12,0,0.64,11.6,33.0,46.0,18.71
2024-06-16,CENTRO,pico_7_9,0,0.58,9.35,12.5,35.0,14.725000000000001
2024-06-16,NORESTE3,fuera_pico_10_12,0,0.19237500000000002,8.408333333333333,22.008333333333333,25.833333333333336,17.9775
2024-06-16,NORESTE3,pico_7_9,0,0.175375,7.475,14.475000000000001,24.583333333333336,10.2
2024-06-16,NOROESTE3,fuera_pico_10_12,0,0.7308333333333332,6.583333333333334,41.75,31.416666666666664,8.008774925271418
2024-06-16,NOROESTE3,pico_7_9,0,0.7466666666666668,6.441666666666667,15.666666666666668,22.416666666666664,6.382961542879155
2024-06-16,NORTE2,fuera_pico_10_12,1,0.31125,7.0875,37.375,34.875,13.875
2024-06-16,NORTE2,pico_7_9,1,0.335,7.499999999999999,18.0,29.125,9.125
2024-06-16,SUR,fuera_pico_10_12,1,0.714375,3.7583333333333333,32.9375,33.1875,15.1875
2024-06-16,SUR,pico_7_9,1,0.7125,3.6916666666666664,24.1875,29.0,11.8475
2024-06-16,SUROESTE2,fuera_pico_10_12,0,1.5162499999999999,10.1375,49.625,38.25,16.085
2024-06-16,SUROESTE2,pico_7_9,0,1.4300000000000002,10.8125,21.0,35.875,10.92
2024-06-17,CENTRO,fuera_pico_10_12,0,0.615,8.95,26.5,36.5,12.5
2024-06-17,CENTRO,pico_7_9,0,0.595,8.55,15.0,32.0,9.0
2024-06-17,NORESTE3,fuera_pico_10_12,0,0.17512499999999998,8.808333333333334,17.833333333333336,26.083333333333336,12.565
2024-06-17,NORESTE3,pico_7_9,0,0.20400000000000001,8.55,12.105,24.416666666666664,5.52
2024-06-17,NOROESTE3,fuera_pico_10_12,0,0.7016666666666667,7.358333333333333,33.833333333333336,37.0,8.511563230001844
2024-06-17,NOROESTE3,pico_7_9,0,0.7316666666666667,7.383333333333333,14.0,20.416666666666668,4.718843734519802
2024-06-17,NORTE2,fuera_pico_10_12,1,0.38,8.9125,26.583333333333336,28.916666666666664,12.083333333333332
2024-06-17,NORTE2,pico_7_9,1,0.36624999999999996,8.6,14.875,24.5,9.541666666666668
2024-06-17,SUR,fuera_pico_10_12,1,0.7106250000000001,4.033333333333333,29.125,33.75,12.375
2024-06-17,SUR,pico_7_9,1,0.703125,4.085714285714285,20.8125,28.9375,9.950357142857143
2024-06-17,SUROESTE2,fuera_pico_10_12,0,1.5325,11.95,37.5,35.0,12.8975
2024-06-17,SUROESTE2,pico_7_9,0,1.50875,11.5125,19.875,31.125,8.0425
2024-06-18,CENTRO,fuera_pico_10_12,0,0.62,7.6000000000000005,23.5,37.0,7.13
2024-06-18,CENTRO,pico_7_9,0,0.585,8.9,15.5,38.0,7.0
2024-06-18,NORESTE3,fuera_pico_10_12,0,0.1875,9.825,17.058333333333334,33.666666666666664,16.3975
2024-06-18,NORESTE3,pico_7_9,0,0.194375,9.033333333333333,13.291666666666668,23.5,8.0625
2024-06-18,NOROESTE3,fuera_pico_10_12,0,0.7691666666666668,6.583333333333333,32.166666666666664,58.33333333333333,6.50781679361816
2024-06-18,NOROESTE3,pico_7_9,0,0.7266666666666666,8.133333333333333,13.416666666666666,24.833333333333336,4.685276588122352
2024-06-18,NORTE2,fuera_pico_10_12,1,0.39625,9.6375,29.75,39.25,9.25
2024-06-18,NORTE2,pico_7_9,1,0.40249999999999997,10.4,14.0,26.75,6.25
2024-06-18,SUR,fuera_pico_10_12,1,0.7,4.242857142857143,30.4375,35.5,13.401428571428571
2024-06-18,SUR,pico_7_9,1,0.7124999999999999,4.816666666666666,22.0625,29.625,10.702857142857143
2024-06-18,SUROESTE2,fuera_pico_10_12,0,0.5962500000000001,10.975,33.5,37.375,7.615
2024-06-18,SUROESTE2,pico_7_9,0,0.68875,12.8875,18.0,41.75,6.805
2024-06-19,CENTRO,fuera_pico_10_12,0,0.605,8.35,24.5,44.5,8.0
2024-06-19,CENTRO,pico_7_9,0,0.63,11.7,14.5,45.0,9.5
2024-06-19,NORESTE3,fuera_pico_10_12,0,0.323625,7.316666666666666,15.641666666666666,37.83333333333333,5.050000000000001
2024-06-19,NORESTE3,pico_7_9,0,0.17612499999999998,8.883333333333333,12.316666666666666,27.75,6.865
2024-06-19,NOROESTE3,fuera_pico_10_12,0,0.5666666666666667,6.05,26.166666666666664,30.5,6.012534146847909
2024-06-19,NOROESTE3,pico_7_9,0,0.6025,7.241666666666667,15.583333333333334,27.25,4.519496866789897
2024-06-19,NORTE2,fuera_pico_10_12,1,0.43,10.45,20.125,40.375,7.041666666666666
2024-06-19,NORTE2,pico_7_9,1,0.46124999999999994,11.7625,13.875,34.5,5.25
2024-06-19,SUR,fuera_pico_10_12,1,0.675,5.413095238095238,27.125,44.4375,12.571428571428571
2024-06-19,SUR,pico_7_9,1,0.7,7.01875,20.5,31.625,10.395833333333332
2024-06-19,SUROESTE2,fuera_pico_10_12,0,0.6625000000000001,10.8625,28.375,35.625,8.585
2024-06-19,SUROESTE2,pico_7_9,0,0.75375,13.6875,16.625,37.875,9.105
2024-06-20,CENTRO,fuera_pico_10_12,0,0.48,9.45,20.0,31.0,11.0
2024-06-20,CENTRO,pico_7_9,0,0.47,7.75,18.0,37.0,12.5
2024-06-20,NORESTE3,fuera_pico_10_12,0,0.3835,6.275,17.866666666666667,9.0,6.0
2024-06-20,NORESTE3,pico_7_9,0,0.37249999999999994,5.666666666666666,16.25,13.833333333333332,10.0
2024-06-20,NOROESTE3,fuera_pico_10_12,0,0.5767500000000001,5.0,27.375,10.025,5.167050894797531
2024-06-20,NOROESTE3,pico_7_9,0,0.5249999999999999,5.1,25.25,8.166666666666666,4.835348346304079
2024-06-20,NORTE2,fuera_pico_10_12,1,0.39875,5.237500000000001,24.625,14.666666666666664,6.5
2024-06-20,NORTE2,pico_7_9,1,0.24875,3.5250000000000004,21.875,13.75,8.583333333333332
2024-06-20,SUR,fuera_pico_10_12,1,0.649375,3.456666666666667,30.75,20.25,7.142857142857143
2024-06-20,SUR,pico_7_9,1,0.624375,2.291666666666667,27.3125,21.714285714285715,9.821428571428571
2024-06-20,SUROESTE2,fuera_pico_10_12,0,0.605,4.1,34.0,38.0,5.675
2024-06-20,SUROESTE2,pico_7_9,0,0.45,4.375,31.625,28.75,8.885
2024-06-21,CENTRO,fuera_pico_10_12,0,0.53,6.0,18.5,29.0,6.5
2024-06-21,CENTRO,pico_7_9,0,0.44999999999999996,4.35,18.0,27.0,13.5
2024-06-21,NORESTE3,fuera_pico_10_12,0,0.40512499999999996,8.766666666666666,17.424999999999997,26.75,10.75
2024-06-21,NORESTE3,pico_7_9,0,0.39575,8.691666666666666,11.556666666666668,30.833333333333336,9.75
2024-06-21,NOROESTE3,fuera_pico_10_12,0,0.71,5.2875,20.5,14.375,4.129401810244968
2024-06-21,NOROESTE3,pico_7_9,0,0.64875,4.9125000000000005,16.5,25.25,6.288019732455323
2024-06-21,NORTE2,fuera_pico_10_12,1,0.40125,8.475,20.75,28.625,7.5
2024-06-21,NORTE2,pico_7_9,1,0.35875,8.0,16.0,32.5,6.0
2024-06-21,SUR,fuera_pico_10_12,1,0.6814285714285715,4.116666666666667,22.232142857142858,28.25,11.675
2024-06-21,SUR,pico_7_9,1,0.6875,4.65,19.1875,37.9375,14.483333333333334
2024-06-21,SUROESTE2,fuera_pico_10_12,0,0.62,5.3999999999999995,29.625,25.75,8.0
2024-06-21,SUROESTE2,pico_7_9,0,0.64,4.825,23.75,29.75,6.0
2024-06-22,CENTRO,fuera_pico_10_12,0,0.815,18.85,13.5,45.0,16.5
2024-06-22,CENTRO,pico_7_9,0,0.7749999999999999,18.95,6.0,38.5,21.5
2024-06-22,NORESTE3,fuera_pico_10_12,0,0.498875,11.658333333333333,13.233333333333334,20.583333333333336,8.0
2024-06-22,NORESTE3,pico_7_9,0,0.482875,12.658333333333335,8.8275,19.33333333333333,10.0
2024-06-22,NOROESTE3,fuera_pico_10_12,0,0.8175,8.8625,22.75,20.875,6.85159986622906
2024-06-22,NOROESTE3,pico_7_9,0,0.82875,13.175,13.25,25.75,5.603789920546723
2024-06-22,NORTE2,fuera_pico_10_12,1,0.5275000000000001,15.25,15.375,41.79166666666667,9.375
2024-06-22,NORTE2,pico_7_9,1,0.5475,18.2,11.333333333333332,51.5,7.125
2024-06-22,SUR,fuera_pico_10_12,1,0.9706250000000001,10.03125,21.3125,36.0625,15.040357142857143
2024-06-22,SUR,pico_7_9,1,1.034375,12.7625,10.3125,38.375,17.71875
2024-06-22,SUROESTE2,fuera_pico_10_12,0,0.5700000000000001,12.15,25.5,40.5,15.5
2024-06-22,SUROESTE2,pico_7_9,0,0.62375,17.075,15.5,43.875,18.25
2024-06-23,CENTRO,fuera_pico_10_12,0,0.49,10.25,22.5,48.5,20.5
2024-06-23,CENTRO,pico_7_9,0,0.51,12.45,16.5,44.0,17.5
2024-06-23,NORESTE3,fuera_pico_10_12,0,0.5965,13.025000000000002,13.358333333333334,17.0,8.0
2024-06-23,NORESTE3,pico_7_9,0,0.5663750000000001,12.125,11.71,20.83333333333333,6.75
2024-06-23,NOROESTE3,fuera_pico_10_12,0,0.84,13.05,20.125,23.625,9.689122370116454
2024-06-23,NOROESTE3,pico_7_9,0,0.82875,13.3875,11.125,30.375,5.830879501642217
2024-06-23,NORTE2,fuera_pico_10_12,1,0.4175,14.525,19.25,28.0,11.5
2024-06-23,NORTE2,pico_7_9,1,0.41625,20.6625,10.125,44.75,15.5
2024-06-23,SUR,fuera_pico_10_12,1,0.76875,5.525,30.5,30.3125,15.080535714285714
2024-06-23,SUR,pico_7_9,1,0.8187500000000001,8.54375,20.517857142857142,38.0,16.36607142857143
2024-06-23,SUROESTE2,fuera_pico_10_12,0,0.5025,11.9875,28.25,32.625,7.75
2024-06-23,SUROESTE2,pico_7_9,0,0.38625,10.575,23.75,26.875,8.25
2024-06-24,CENTRO,fuera_pico_10_12,0,0.575,11.2,17.5,32.5,10.5
2024-06-24,CENTRO,pico_7_9,0,0.565,12.6,12.0,29.0,9.705
2024-06-24,NORESTE3,fuera_pico_10_12,0,0.8029999999999999,15.875000000000002,12.4175,29.75,12.5
2024-06-24,NORESTE3,pico_7_9,0,0.73875,14.766666666666667,9.175,21.166666666666668,14.5
2024-06-24,NOROESTE3,fuera_pico_10_12,0,0.84875,10.7,23.75,36.5,6.7391922369680515
2024-06-24,NOROESTE3,pico_7_9,0,1.1175000000000002,16.975,8.375,27.875,10.314165836831696
2024-06-24,NORTE2,fuera_pico_10_12,1,0.6925,19.475,19.75,42.875,9.5
2024-06-24,NORTE2,pico_7_9,1,0.95625,23.2,4.25,34.5,10.666666666666668
2024-06-24,SUR,fuera_pico_10_12,1,1.119375,10.430357142857142,22.5625,28.8125,15.5
2024-06-24,SUR,pico_7_9,1,1.155625,10.70625,12.125,23.0,14.113
2024-06-24,SUROESTE2,fuera_pico_10_12,0,0.66,13.399999999999999,29.75,25.625,9.5
2024-06-24,SUROESTE2,pico_7_9,0,0.7775,16.2625,19.0,15.0,6.25
2024-06-25,CENTRO,fuera_pico_10_12,0,0.7150000000000001,18.25,23.0,57.5,32.5
2024-06-25,CENTRO,pico_7_9,0,0.6100000000000001,15.4,5.5,38.0,21.0
2024-06-25,NORESTE3,fuera_pico_10_12,0,0.43937499999999996,11.208333333333332,17.895,40.08333333333333,20.25
2024-06-25,NORESTE3,pico_7_9,0,0.48924999999999996,10.966666666666665,11.925,41.833333333333336,14.0
2024-06-25,NOROESTE3,fuera_pico_10_12,0,0.875,11.729166666666666,33.666666666666664,49.125,11.662089217643581
2024-06-25,NOROESTE3,pico_7_9,0,0.73,10.316666666666666,11.5,44.25,14.811203920275897
2024-06-25,NORTE2,fuera_pico_10_12,1,0.53,11.6,26.875,45.125,14.875
2024-06-25,NORTE2,pico_7_9,1,0.5375000000000001,13.8125,13.5,51.0,12.875
2024-06-25,SUR,fuera_pico_10_12,1,0.97,5.708333333333334,31.0,39.6875,16.02625
2024-06-25,SUR,pico_7_9,1,0.930625,9.001190476190477,17.3125,40.0625,13.964642857142858
2024-06-25,SUROESTE2,fuera_pico_10_12,0,0.74125,17.2,41.25,60.125,18.5
2024-06-25,SUROESTE2,pico_7_9,0,0.715,13.625,20.75,45.75,20.0
2024-06-26,CENTRO,fuera_pico_10_12,0,0.8300000000000001,16.799999999999997,29.0,74.0,31.5
2024-06-26,CENTRO,pico_7_9,0,0.5249999999999999,12.2,6.0,50.0,20.5
2024-06-26,NORESTE3,fuera_pico_10_12,0,0.43162500000000004,11.383333333333333,18.225,39.5,28.25
2024-06-26,NORESTE3,pico_7_9,0,0.45037499999999997,9.225000000000001,9.2,37.41666666666667,13.75
2024-06-26,NOROESTE3,fuera_pico_10_12,0,0.77,7.925,39.75,46.125,9.10315700695721
2024-06-26,NOROESTE3,pico_7_9,0,0.76125,8.5625,10.5,52.25,13.873262976260722
2024-06-26,NORTE2,fuera_pico_10_12,1,0.7275,15.0375,33.66666666666667,64.75,23.333333333333336
2024-06-26,NORTE2,pico_7_9,1,0.74,11.9875,11.0,48.125,11.375
2024-06-26,SUR,fuera_pico_10_12,1,0.7987500000000001,7.918749999999999,44.625,54.0625,25.18892857142857
2024-06-26,SUR,pico_7_9,1,0.73125,5.925000000000001,17.625,38.28571428571429,15.921249999999999
2024-06-26,SUROESTE2,fuera_pico_10_12,0,0.7887500000000001,16.3375,67.625,73.875,22.25
2024-06-26,SUROESTE2,pico_7_9,0,0.705,12.1125,29.125,44.25,17.5
2024-06-27,CENTRO,fuera_pico_10_12,0,0.81,19.45,21.0,65.0,33.0
2024-06-27,CENTRO,pico_7_9,0,0.605,13.100000000000001,5.5,60.0,27.0
2024-06-27,NORESTE3,fuera_pico_10_12,0,0.44049999999999995,10.675,18.916666666666664,34.53333333333333,24.25
2024-06-27,NORESTE3,pico_7_9,0,0.4535,9.691666666666666,9.966666666666667,32.05,14.25
2024-06-27,NOROESTE3,fuera_pico_10_12,0,0.72,8.033333333333333,31.25,51.833333333333336,9.590297952629172
2024-06-27,NOROESTE3,pico_7_9,0,0.6749999999999999,7.5,9.5,34.91666666666666,7.668587462201719
2024-06-27,NORTE2,fuera_pico_10_12,1,0.7225,15.525,25.5,64.75,21.625
2024-06-27,NORTE2,pico_7_9,1,0.76125,12.625,10.75,46.25,13.5
2024-06-27,SUR,fuera_pico_10_12,1,0.8049999999999999,8.3,37.625,51.5625,17.515
2024-06-27,SUR,pico_7_9,1,0.734375,6.85,17.6875,35.3125,14.69875
2024-06-27,SUROESTE2,fuera_pico_10_12,0,0.745,15.6875,45.16666666666667,55.5,25.5
2024-06-27,SUROESTE2,pico_7_9,0,0.67625,11.087499999999999,30.125,42.0,14.0
2024-06-28,CENTRO,fuera_pico_10_12,0,0.855,18.549999999999997,14.5,69.5,39.5
2024-06-28,CENTRO,pico_7_9,0,0.725,15.8,7.0,60.5,30.5
2024-06-28,NORESTE3,fuera_pico_10_12,0,0.4327499999999999,12.608333333333334,15.183333333333334,41.833333333333336,23.5
2024-06-28,NORESTE3,pico_7_9,0,0.4472499999999999,11.908333333333333,9.96,37.16666666666666,18.75
2024-06-28,NOROESTE3,fuera_pico_10_12,0,0.73375,8.75,23.166666666666664,56.16666666666667,11.700427652544708
2024-06-28,NOROESTE3,pico_7_9,0,0.7762500000000001,10.5875,10.166666666666668,48.58333333333333,12.86186834227064
2024-06-28,NORTE2,fuera_pico_10_12,1,0.7762500000000001,18.6625,22.291666666666664,63.375,23.875
2024-06-28,NORTE2,pico_7_9,1,0.7987500000000001,17.7625,10.0,56.625,18.625
2024-06-28,SUR,fuera_pico_10_12,1,0.8260714285714286,10.38809523809524,29.166666666666668,55.36904761904761,23.185
2024-06-28,SUR,pico_7_9,1,0.7616666666666667,12.041666666666668,13.0,46.33333333333333,19.055
2024-06-28,SUROESTE2,fuera_pico_10_12,0,0.855,17.15,49.25,71.125,27.7875
2024-06-28,SUROESTE2,pico_7_9,0,0.77875,17.3625,32.125,50.5,24.29
2024-06-29,CENTRO,fuera_pico_10_12,0,0.785,15.3,31.5,64.0,41.3
2024-06-29,CENTRO,pico_7_9,0,0.505,13.0,13.5,42.5,28.04
2024-06-29,NORESTE3,fuera_pico_10_12,0,0.4465,11.433333333333334,23.188333333333333,40.91666666666667,28.0
2024-06-29,NORESTE3,pico_7_9,0,0.43537499999999996,10.916666666666666,16.86,41.83333333333333,23.5
2024-06-29,NOROESTE3,fuera_pico_10_12,0,0.8275,9.1125,36.91666666666667,50.5,16.186823652687565
2024-06-29,NOROESTE3,pico_7_9,0,0.75,7.862500000000001,18.166666666666664,36.41666666666667,23.85538790849766
2024-06-29,NORTE2,fuera_pico_10_12,1,0.645,12.4,36.75,49.75,19.875
2024-06-29,NORTE2,pico_7_9,1,0.67625,12.4,14.875,40.5,15.5
2024-06-29,SUR,fuera_pico_10_12,0,0.7508333333333334,7.233333333333333,36.66666666666666,46.833333333333336,19.991666666666667
2024-06-29,SUR,pico_7_9,0,0.7016666666666667,5.908333333333333,25.583333333333336,39.16666666666667,15.476666666666667
2024-06-29,SUROESTE2,fuera_pico_10_12,0,0.91875,14.725000000000001,42.25,68.0,29.2025
2024-06-29,SUROESTE2,pico_7_9,0,0.65625,13.65,16.125,51.0,23.6075
2024-06-30,CENTRO,fuera_pico_10_12,0,0.445,6.2,17.5,35.5,10.690000000000001
2024-06-30,CENTRO,pico_7_9,0,0.425,6.0,12.0,38.5,12.145
2024-06-30,NORESTE3,fuera_pico_10_12,0,0.4276249999999999,7.15,14.116666666666667,15.25,9.0
2024-06-30,NORESTE3,pico_7_9,0,0.38825,6.800000000000001,10.608333333333334,19.83333333333333,9.25
2024-06-30,NOROESTE3,fuera_pico_10_12,0,0.85375,5.675,19.08333333333333,15.0,5.052777097582904
2024-06-30,NOROESTE3,pico_7_9,0,0.69625,5.925000000000001,16.125,22.583333333333336,5.1464394842326175
2024-06-30,NORTE2,fuera_pico_10_12,1,0.5575,7.574999999999999,13.75,18.5,5.125
2024-06-30,NORTE2,pico_7_9,1,0.50625,7.824999999999999,9.75,32.625,10.333333333333332
2024-06-30,SUR,fuera_pico_10_12,0,0.6758333333333333,4.983333333333334,17.83333333333333,22.416666666666664,6.458333333333334
2024-06-30,SUR,pico_7_9,0,0.6483333333333333,4.633333333333334,13.166666666666666,28.583333333333336,6.625
2024-06-30,SUROESTE2,fuera_pico_10_12,0,0.495,6.75,19.875,30.625,9.25
2024-06-30,SUROESTE2,pico_7_9,0,0.51125,7.3375,13.625,36.0,9.0
2024-07-01,CENTRO,fuera_pico_10_12,0,0.615,14.3,18.5,50.0,17.78640317674012
2024-07-01,CENTRO,pico_7_9,0,0.51,12.8,7.5,34.0,15.906098242319196
2024-07-01,NORESTE3,fuera_pico_10_12,0,0.48337499999999994,10.958333333333334,13.42,35.66666666666667,11.8525
2024-07-01,NORESTE3,pico_7_9,0,0.4654999999999999,9.358333333333333,8.879999999999999,22.666666666666664,11.65
2024-07-01,NOROESTE3,fuera_pico_10_12,0,0.76,8.5,21.416666666666664,27.75,6.7562500000000005
2024-07-01,NOROESTE3,pico_7_9,0,0.725,7.7875000000000005,13.75,26.25,6.7299999999999995
2024-07-01,NORTE2,fuera_pico_10_12,1,0.6312500000000001,13.350000000000001,21.875,43.0,21.75
2024-07-01,NORTE2,pico_7_9,1,0.75125,15.962500000000002,9.166666666666668,45.625,14.75
2024-07-01,SUR,fuera_pico_10_12,0,0.823125,7.033035714285715,21.5625,40.58333333333333,15.9775
2024-07-01,SUR,pico_7_9,0,0.77,7.96875,15.125,30.5,12.170535714285714
2024-07-01,SUROESTE2,fuera_pico_10_12,0,0.6625,11.337499999999999,24.25,43.5,18.0
2024-07-01,SUROESTE2,pico_7_9,0,0.63625,13.1125,9.625,44.75,15.25
2024-07-02,CENTRO,fuera_pico_10_12,0,0.835,19.45,20.0,80.0,20.435000000000002
2024-07-02,CENTRO,pico_7_9,0,0.64,15.75,6.5,59.0,12.73
2024-07-02,NORESTE3,fuera_pico_10_12,0,0.46575,10.9,17.056666666666665,51.91666666666666,23.1375
2024-07-02,NORESTE3,pico_7_9,0,0.47650000000000003,9.041666666666664,8.54,51.41666666666667,21.68
2024-07-02,NOROESTE3,fuera_pico_10_12,0,0.845,10.25,25.0,56.41666666666667,12.90875
2024-07-02,NOROESTE3,pico_7_9,0,0.8575,11.0125,6.833333333333334,57.583333333333336,13.504999999999999
2024-07-02,NORTE2,fuera_pico_10_12,1,0.62375,14.45,31.125,68.875,22.75
2024-07-02,NORTE2,pico_7_9,1,0.67875,14.8125,6.25,70.25,19.75
2024-07-02,SUR,fuera_pico_10_12,0,0.791875,8.0875,26.8125,62.666666666666664,21.933333333333334
2024-07-02,SUR,pico_7_9,0,0.878125,9.162500000000001,13.5,59.33333333333333,20.166666666666664
2024-07-02,SUROESTE2,fuera_pico_10_12,0,0.97,19.6875,31.875,73.625,23.365000000000002
2024-07-02,SUROESTE2,pico_7_9,0,0.7925,13.4125,7.25,67.25,18.0225
2024-07-03,CENTRO,fuera_pico_10_12,0,0.705,17.9,17.5,91.0,42.6325
2024-07-03,CENTRO,pico_7_9,0,0.505,12.5,5.5,69.5,27.2075
2024-07-03,NORESTE3,fuera_pico_10_12,0,0.45325,10.866666666666667,14.974999999999998,51.0,24.677500000000002
2024-07-03,NORESTE3,pico_7_9,0,0.44737499999999997,7.958333333333333,8.97,51.16666666666666,20.61
2024-07-03,NOROESTE3,fuera_pico_10_12,0,0.925,10.9,24.666666666666668,69.41666666666667,14.392916666666668
2024-07-03,NOROESTE3,pico_7_9,0,0.88,7.65,11.75,49.66666666666667,9.51
2024-07-03,NORTE2,fuera_pico_10_12,1,0.64125,15.3875,25.875,73.25,23.0
2024-07-03,NORTE2,pico_7_9,1,0.59875,11.774999999999999,4.625,61.375,17.625
2024-07-03,SUR,fuera_pico_10_12,0,0.7833333333333333,6.856249999999999,36.0,66.0,22.8475
2024-07-03,SUR,pico_7_9,0,0.6958333333333333,6.15625,18.5625,57.625,16.0225
2024-07-03,SUROESTE2,fuera_pico_10_12,0,0.91125,18.612499999999997,33.375,78.125,28.805
2024-07-03,SUROESTE2,pico_7_9,0,0.6699999999999999,12.7,9.0,63.625,19.4825
2024-07-04,CENTRO,fuera_pico_10_12,0,0.75,21.05,15.0,87.0,38.0
2024-07-04,CENTRO,pico_7_9,0,0.525,13.2,5.5,60.5,27.725
2024-07-04,NORESTE3,fuera_pico_10_12,0,0.49162499999999987,11.641666666666666,16.675,49.5,25.8175
2024-07-04,NORESTE3,pico_7_9,0,0.501125,8.533333333333333,8.658333333333333,42.25,18.2175
2024-07-04,NOROESTE3,fuera_pico_10_12,0,0.9275,13.7875,23.666666666666668,64.0,14.31375
2024-07-04,NOROESTE3,pico_7_9,0,0.8512500000000001,9.475000000000001,6.833333333333333,48.41666666666667,10.307500000000001
2024-07-04,NORTE2,fuera_pico_10_12,1,0.73,17.487499999999997,33.375,72.625,25.25
2024-07-04,NORTE2,pico_7_9,1,0.66625,13.325,5.375,57.0,13.5
2024-07-04,SUR,fuera_pico_10_12,0,0.7683333333333333,7.275,38.21428571428572,67.3125,30.19125
2024-07-04,SUR,pico_7_9,0,0.7141666666666667,6.8500000000000005,18.5,48.9375,17.606964285714284
2024-07-04,SUROESTE2,fuera_pico_10_12,0,0.9025000000000001,20.7,36.0,80.25,30.2675
2024-07-04,SUROESTE2,pico_7_9,0,0.73375,15.0875,12.375,77.75,23.57
2024-07-05,CENTRO,fuera_pico_10_12,0,0.685,18.950000000000003,14.0,92.0,44.875
2024-07-05,CENTRO,pico_7_9,0,0.49,14.1,5.5,67.5,41.83
2024-07-05,NORESTE3,fuera_pico_10_12,0,0.47150000000000003,11.125,16.458333333333336,55.91666666666667,33.44
2024-07-05,NORESTE3,pico_7_9,0,0.45387500000000003,9.641666666666667,9.383333333333333,57.25,29.45
2024-07-05,NOROESTE3,fuera_pico_10_12,0,0.8500000000000001,8.3125,29.166666666666668,68.0,15.1425
2024-07-05,NOROESTE3,pico_7_9,0,0.81125,8.925,9.166666666666666,62.08333333333333,13.33625
2024-07-05,NORTE2,fuera_pico_10_12,1,0.6725000000000001,15.462499999999999,26.25,81.25,24.25
2024-07-05,NORTE2,pico_7_9,1,0.6400000000000001,13.075,7.75,69.5,25.25
2024-07-05,SUR,fuera_pico_10_12,0,0.6836607142857143,7.563392857142857,32.833333333333336,72.51785714285714,28.95125
2024-07-05,SUR,pico_7_9,0,0.695,7.470535714285715,15.857142857142858,65.79464285714286,25.51833333333333
2024-07-05,SUROESTE2,fuera_pico_10_12,0,0.93,20.375,32.875,96.5,32.655
2024-07-05,SUROESTE2,pico_7_9,0,0.725,13.837499999999999,9.5,81.125,31.375
2024-07-06,CENTRO,fuera_pico_10_12,0,0.51,21.1,33.0,87.5,38.840500000000006
2024-07-06,CENTRO,pico_7_9,0,0.33999999999999997,13.3,7.0,101.25,36.35
2024-07-06,NORESTE3,fuera_pico_10_12,0,0.47162499999999996,11.100000000000001,20.791666666666664,63.75,35.2675
2024-07-06,NORESTE3,pico_7_9,0,0.45062499999999994,8.783333333333333,11.0,55.16666666666667,24.67
2024-07-06,NOROESTE3,fuera_pico_10_12,0,0.90625,10.1875,35.33333333333333,81.91666666666666,16.92125
2024-07-06,NOROESTE3,pico_7_9,0,0.8374999999999999,8.375,8.75,66.5,12.97125
2024-07-06,NORTE2,fuera_pico_10_12,1,0.595,15.0,33.625,91.625,29.125
2024-07-06,NORTE2,pico_7_9,1,0.6649999999999999,14.0375,12.25,76.625,21.875
2024-07-06,SUR,fuera_pico_10_12,0,0.7776785714285714,10.269642857142856,39.983333333333334,88.5625,32.06666666666666
2024-07-06,SUR,pico_7_9,0,0.714375,8.837499999999999,17.083333333333332,69.6875,23.416666666666668
2024-07-06,SUROESTE2,fuera_pico_10_12,0,0.785,15.25,42.75,80.0,38.572500000000005
2024-07-06,SUROESTE2,pico_7_9,0,0.7224999999999999,13.5875,13.75,70.75,32.285
2024-07-07,CENTRO,fuera_pico_10_12,0,0.375,14.05,32.5,76.5,27.873853566280914
2024-07-07,CENTRO,pico_7_9,0,0.38,15.05,8.5,87.0,35.812384203214336
2024-07-07,NORESTE3,fuera_pico_10_12,0,0.48175,9.125,24.475,60.666666666666664,32.1425
2024-07-07,NORESTE3,pico_7_9,0,0.489625,10.291666666666666,8.568333333333333,59.58333333333333,23.62
2024-07-07,NOROESTE3,fuera_pico_10_12,0,0.85875,8.462499999999999,32.416666666666664,65.25,10.881250000000001
2024-07-07,NOROESTE3,pico_7_9,0,0.9437500000000001,9.7875,8.916666666666666,76.58333333333334,11.45125
2024-07-07,NORTE2,fuera_pico_10_12,1,0.47250000000000003,10.5875,34.875,76.25,25.125
2024-07-07,NORTE2,pico_7_9,1,0.6012500000000001,15.625,13.458333333333332,89.75,20.875
2024-07-07,SUR,fuera_pico_10_12,0,0.746875,10.462499999999999,38.5,80.0,24.916666666666664
2024-07-07,SUR,pico_7_9,0,0.7818750000000001,10.66875,13.833333333333334,67.0,22.2
2024-07-07,SUROESTE2,fuera_pico_10_12,0,0.475,7.925000000000001,36.125,52.75,28.8225
2024-07-07,SUROESTE2,pico_7_9,0,0.51125,12.425,11.25,75.25,24.4
2024-07-08,CENTRO,fuera_pico_10_12,0,0.79,31.15,48.0,79.5,25.175
2024-07-08,CENTRO,pico_7_9,0,0.5549999999999999,20.3,14.0,62.5,18.1495
2024-07-08,NORESTE3,fuera_pico_10_12,0,0.495,14.325000000000001,30.891666666666666,70.91666666666666,35.1425
2024-07-08,NORESTE3,pico_7_9,0,0.5940000000000001,15.650000000000002,11.950000000000001,70.25,24.310000000000002
2024-07-08,NOROESTE3,fuera_pico_10_12,0,0.8987499999999999,12.8,49.91666666666666,65.0,7.8675
2024-07-08,NOROESTE3,pico_7_9,0,1.16125,17.525,10.333333333333334,75.08333333333334,8.693750000000001
2024-07-08,NORTE2,fuera_pico_10_12,1,0.6275000000000001,20.1,58.375,74.5,25.5
2024-07-08,NORTE2,pico_7_9,1,0.82125,25.3875,18.25,88.125,19.625
2024-07-08,SUR,fuera_pico_10_12,0,0.858125,14.4625,63.166666666666664,76.4375,28.810416666666665
2024-07-08,SUR,pico_7_9,0,0.833125,15.2875,21.333333333333336,59.875,22.3825
2024-07-08,SUROESTE2,fuera_pico_10_12,0,0.745,18.3875,64.5,68.5,22.666666666666664
2024-07-08,SUROESTE2,pico_7_9,0,0.9225000000000001,26.8,20.25,98.625,24.660833333333336
2024-07-09,CENTRO,fuera_pico_10_12,0,1.01,29.5,35.0,65.5,28.855000000000004
2024-07-09,CENTRO,pico_7_9,0,0.8400000000000001,25.3,8.5,75.0,26.73
2024-07-09,NORESTE3,fuera_pico_10_12,0,0.499625,14.391666666666666,30.0,50.583333333333336,25.92
2024-07-09,NORESTE3,pico_7_9,0,0.478,11.258333333333333,15.533333333333333,38.08333333333333,20.3475
2024-07-09,NOROESTE3,fuera_pico_10_12,0,0.8987499999999999,10.85,38.25,57.25,5.67
2024-07-09,NOROESTE3,pico_7_9,0,1.13625,14.15,11.125,99.375,7.37
2024-07-09,NORTE2,fuera_pico_10_12,1,0.58875,18.225,41.625,58.75,18.75
2024-07-09,NORTE2,pico_7_9,1,0.7925,22.5625,16.0,55.75,11.5
2024-07-09,SUR,fuera_pico_10_12,0,0.78,12.725,47.5,57.07142857142857,18.8425
2024-07-09,SUR,pico_7_9,0,0.7725,14.525,20.875,56.91666666666667,13.965
2024-07-09,SUROESTE2,fuera_pico_10_12,0,1.00125,25.1625,56.0,92.25,21.1025
2024-07-09,SUROESTE2,pico_7_9,0,1.0225,28.8,14.875,75.5,28.520000000000003
2024-07-10,CENTRO,fuera_pico_10_12,0,0.49,10.6,24.0,54.5,25.78
2024-07-10,CENTRO,pico_7_9,0,0.75,14.25,9.0,60.0,25.520000000000003
2024-07-10,NORESTE3,fuera_pico_10_12,0,0.4412499999999999,8.916666666666668,16.15833333333333,29.0,18.85
2024-07-10,NORESTE3,pico_7_9,0,0.422875,7.733333333333333,10.491666666666667,22.583333333333336,12.0175
2024-07-10,NOROESTE3,fuera_pico_10_12,0,0.86625,25.650000000000002,25.666666666666668,39.833333333333336,9.648333333333333
2024-07-10,NOROESTE3,pico_7_9,0,0.84375,25.23333333333333,10.083333333333334,31.833333333333336,7.661250000000001
2024-07-10,NORTE2,fuera_pico_10_12,1,0.5075000000000001,9.775,27.25,42.625,16.625
2024-07-10,NORTE2,pico_7_9,1,0.65625,12.350000000000001,10.75,45.75,12.833333333333332
2024-07-10,SUR,fuera_pico_10_12,0,0.80375,4.831250000000001,23.416666666666668,41.5,15.047678571428571
2024-07-10,SUR,pico_7_9,0,0.801875,7.6875,11.666666666666666,37.0625,13.465
2024-07-10,SUROESTE2,fuera_pico_10_12,0,0.7275,13.1375,25.375,55.75,21.410000000000004
2024-07-10,SUROESTE2,pico_7_9,0,0.7825,17.0375,8.875,42.375,22.7675
2024-07-11,CENTRO,fuera_pico_10_12,0,0.475,9.45,23.5,51.0,13.5
2024-07-11,CENTRO,pico_7_9,0,0.43999999999999995,9.7,11.5,35.0,11.3
2024-07-11,NORESTE3,fuera_pico_10_12,0,0.47625,9.225,17.46333333333333,30.4,23.741666666666664
2024-07-11,NORESTE3,pico_7_9,0,0.553875,11.516666666666666,8.566666666666666,37.5,14.2425
2024-07-11,NOROESTE3,fuera_pico_10_12,0,0.7949999999999999,23.441666666666666,24.916666666666664,27.166666666666664,6.1775
2024-07-11,NOROESTE3,pico_7_9,0,0.8275,23.816666666666663,11.833333333333332,29.666666666666664,5.43125
2024-07-11,NORTE2,fuera_pico_10_12,1,0.56375,11.225,26.625,41.875,12.125
2024-07-11,NORTE2,pico_7_9,1,0.6725000000000001,13.7,10.25,47.5,11.25
2024-07-11,SUR,fuera_pico_10_12,0,0.7292857142857143,3.80625,26.333333333333336,34.875,16.75
2024-07-11,SUR,pico_7_9,0,1.0231249999999998,5.4375,14.75,35.8125,12.416666666666668
2024-07-11,SUROESTE2,fuera_pico_10_12,0,0.58875,11.225,26.625,23.0,15.832500000000001
2024-07-11,SUROESTE2,pico_7_9,0,0.5862499999999999,10.3625,12.625,22.0,12.995000000000001
2024-07-12,CENTRO,fuera_pico_10_12,0,0.565,14.350000000000001,12.0,62.0,31.230000000000004
2024-07-12,CENTRO,pico_7_9,0,0.46499999999999997,11.0,8.5,38.5,17.435000000000002
2024-07-12,NORESTE3,fuera_pico_10_12,0,0.47624999999999995,9.075,15.05,50.08333333333333,23.16
2024-07-12,NORESTE3,pico_7_9,0,0.4681249999999999,10.341666666666665,8.766666666666667,39.75,17.125
2024-07-12,NOROESTE3,fuera_pico_10_12,0,0.8958333333333333,6.3916666666666675,30.166666666666668,37.5,7.922916666666667
2024-07-12,NOROESTE3,pico_7_9,0,0.8825000000000001,8.475,9.75,22.625,5.1875
2024-07-12,NORTE2,fuera_pico_10_12,1,0.88625,12.6625,16.5,60.0,18.25
2024-07-12,NORTE2,pico_7_9,1,0.9075,12.9375,7.25,48.04166666666667,14.0
2024-07-12,SUR,fuera_pico_10_12,0,0.6533333333333333,5.992857142857142,19.666666666666664,49.0,16.30125
2024-07-12,SUR,pico_7_9,0,0.6475,6.3500000000000005,12.25,39.875,12.9725
2024-07-12,SUROESTE2,fuera_pico_10_12,0,0.74875,14.725,16.5,62.25,16.0125
2024-07-12,SUROESTE2,pico_7_9,0,0.64375,14.662500000000001,5.25,39.625,11.467500000000001
2024-07-13,CENTRO,fuera_pico_10_12,0,0.61,12.65,25.0,60.5,26.68
2024-07-13,CENTRO,pico_7_9,0,0.495,14.3,7.5,44.5,19.74
2024-07-13,NORESTE3,fuera_pico_10_12,0,0.466375,6.6375,19.0375,49.125,18.525
2024-07-13,NORESTE3,pico_7_9,0,0.481375,6.75,11.712499999999999,28.125,13.105
2024-07-13,NOROESTE3,fuera_pico_10_12,0,0.95625,7.0625,32.24999999999999,41.08333333333333,6.98
2024-07-13,NOROESTE3,pico_7_9,0,0.9087500000000001,6.6625,12.583333333333332,34.24999999999999,5.165
2024-07-13,NORTE2,fuera_pico_10_12,1,0.8183333333333334,13.441666666666666,26.75,52.66666666666667,22.916666666666664
2024-07-13,NORTE2,pico_7_9,1,0.79625,10.587499999999999,15.25,39.375,10.5
2024-07-13,SUR,fuera_pico_10_12,0,0.6616666666666666,5.5062500000000005,28.08333333333333,64.6875,21.466250000000002
2024-07-13,SUR,pico_7_9,0,0.6499999999999999,5.78125,15.5,48.8125,13.037500000000001
2024-07-13,SUROESTE2,fuera_pico_10_12,0,0.8150000000000001,14.962499999999999,32.625,50.75,19.677500000000002
2024-07-13,SUROESTE2,pico_7_9,0,0.67125,14.2125,9.375,46.625,15.467500000000001
2024-07-14,CENTRO,fuera_pico_10_12,0,0.515,8.05,27.0,89.0,41.18000000000001
2024-07-14,CENTRO,pico_7_9,0,0.475,9.6,6.5,88.0,36.5
2024-07-14,NORESTE3,fuera_pico_10_12,0,0.466125,7.2375,21.375,64.25,34.455
2024-07-14,NORESTE3,pico_7_9,0,0.4477083333333334,6.591666666666667,11.283333333333333,62.833333333333336,28.375
2024-07-14,NOROESTE3,fuera_pico_10_12,0,0.9275,5.8,31.666666666666664,83.58333333333334,11.835
2024-07-14,NOROESTE3,pico_7_9,0,0.89375,5.637499999999999,11.25,80.25,11.195
2024-07-14,NORTE2,fuera_pico_10_12,1,0.8416666666666667,10.816666666666666,37.58333333333333,87.25,34.083333333333336
2024-07-14,NORTE2,pico_7_9,1,0.81,11.05,11.0,77.25,23.75
2024-07-14,SUR,fuera_pico_10_12,0,0.6941666666666667,6.73125,33.583333333333336,91.5625,32.13375
2024-07-14,SUR,pico_7_9,0,0.6291666666666668,5.807142857142857,12.083333333333334,83.6875,24.401249999999997
2024-07-14,SUROESTE2,fuera_pico_10_12,0,0.54375,9.825,39.875,105.125,29.3575
2024-07-14,SUROESTE2,pico_7_9,0,0.49374999999999997,8.1125,10.125,88.0,21.927500000000002
2024-07-15,CENTRO,fuera_pico_10_12,0,0.77,15.950000000000001,25.0,62.5,29.994999999999997
2024-07-15,CENTRO,pico_7_9,0,0.595,11.95,7.5,57.5,27.3525
2024-07-15,NORESTE3,fuera_pico_10_12,0,0.46387500000000004,8.475,23.8,40.08333333333333,28.3325
2024-07-15,NORESTE3,pico_7_9,0,0.46687500000000004,8.67,11.33,38.099999999999994,18.810000000000002
2024-07-15,NOROESTE3,fuera_pico_10_12,0,0.99,9.462499999999999,26.999999999999996,68.5,11.5475
2024-07-15,NOROESTE3,pico_7_9,0,0.9624999999999999,9.175,9.166666666666668,49.91666666666666,12.202083333333333
2024-07-15,NORTE2,fuera_pico_10_12,1,0.9125,15.5625,26.75,78.375,26.125
2024-07-15,NORTE2,pico_7_9,1,1.00375,13.975,7.375,59.5,18.375
2024-07-15,SUR,fuera_pico_10_12,0,0.78,9.91875,38.91666666666667,66.75,26.402500000000003
2024-07-15,SUR,pico_7_9,0,0.7258333333333333,8.53125,12.916666666666666,48.5,18.037499999999998
2024-07-15,SUROESTE2,fuera_pico_10_12,0,0.8162499999999999,21.0,47.75,89.5,30.5
2024-07-15,SUROESTE2,pico_7_9,0,0.71625,16.4875,8.875,70.5,25.59
2024-07-16,CENTRO,fuera_pico_10_12,0,0.7150000000000001,18.35,26.0,90.5,40.8
2024-07-16,CENTRO,pico_7_9,0,0.5700000000000001,14.55,6.5,80.0,39.5
2024-07-16,NORESTE3,fuera_pico_10_12,0,0.47062499999999996,8.775,26.81666666666667,62.3,39.575
2024-07-16,NORESTE3,pico_7_9,0,0.475375,9.766666666666666,11.825,60.75,27.475
2024-07-16,NOROESTE3,fuera_pico_10_12,0,0.98375,9.05,34.416666666666664,83.0,13.74
2024-07-16,NOROESTE3,pico_7_9,0,0.95875,9.2875,10.0,67.16666666666666,11.205
2024-07-16,NORTE2,fuera_pico_10_12,1,1.0025,15.8875,36.625,119.25,39.0
2024-07-16,NORTE2,pico_7_9,1,1.1087500000000001,14.6875,9.375,87.875,28.375
2024-07-16,SUR,fuera_pico_10_12,0,0.8208333333333333,11.5,39.41666666666667,89.39285714285714,32.84625
2024-07-16,SUR,pico_7_9,0,0.7258333333333333,9.58125,14.5625,74.8125,24.130000000000003
2024-07-16,SUROESTE2,fuera_pico_10_12,0,0.78125,22.9875,50.0,111.375,35.75
2024-07-16,SUROESTE2,pico_7_9,0,0.6525,16.6375,9.375,94.0,18.5
2024-07-17,CENTRO,fuera_pico_10_12,0,0.75,12.45,9.5,64.5,32.5
2024-07-17,CENTRO,pico_7_9,0,0.585,13.2,5.5,71.5,29.5
2024-07-17,NORESTE3,fuera_pico_10_12,0,0.47362499999999996,8.608333333333334,16.266666666666666,41.0,22.2075
2024-07-17,NORESTE3,pico_7_9,0,0.456125,9.099999999999998,8.541666666666666,36.33333333333333,17.1975
2024-07-17,NOROESTE3,fuera_pico_10_12,0,0.98375,6.55,15.833333333333332,33.91666666666667,7.720833333333333
2024-07-17,NOROESTE3,pico_7_9,0,0.9299999999999999,7.4125,8.425,37.41666666666667,8.156666666666666
2024-07-17,NORTE2,fuera_pico_10_12,0,0.9537500000000001,13.1875,15.625,59.75,24.0
2024-07-17,NORTE2,pico_7_9,0,0.99875,11.962499999999999,5.75,55.0,16.625
2024-07-17,SUR,fuera_pico_10_12,0,0.6583333333333333,7.492857142857142,23.583333333333336,53.5,17.38875
2024-07-17,SUR,pico_7_9,0,0.6174999999999999,6.950892857142858,9.416666666666666,47.3125,15.19625
2024-07-17,SUROESTE2,fuera_pico_10_12,0,0.6975,14.274999999999999,13.875,71.375,27.875
2024-07-17,SUROESTE2,pico_7_9,0,0.74125,13.1125,5.75,57.125,20.0
2024-07-18,CENTRO,fuera_pico_10_12,0,0.965,24.8,15.5,69.5,40.53
2024-07-18,CENTRO,pico_7_9,0,0.615,16.4,9.5,50.5,29.314999999999998
2024-07-18,NORESTE3,fuera_pico_10_12,0,0.48400000000000004,9.608333333333333,21.441666666666663,32.666666666666664,23.576666666666668
2024-07-18,NORESTE3,pico_7_9,0,0.548,13.566666666666666,11.041666666666666,25.833333333333336,17.151666666666667
2024-07-18,NOROESTE3,fuera_pico_10_12,0,1.01375,9.2125,28.666666666666664,44.5,10.5725
2024-07-18,NOROESTE3,pico_7_9,0,1.02,13.65,13.416666666666666,21.083333333333336,6.626666666666667
2024-07-18,NORTE2,fuera_pico_10_12,0,1.105,19.6875,19.375,70.375,22.375
2024-07-18,NORTE2,pico_7_9,0,1.08125,21.025,9.625,47.5,20.5
2024-07-18,SUR,fuera_pico_10_12,0,0.7925,9.6375,26.916666666666664,46.625,19.356964285714287
2024-07-18,SUR,pico_7_9,0,0.8116666666666665,10.7375,14.666666666666668,34.9375,14.859047619047619
2024-07-18,SUROESTE2,fuera_pico_10_12,0,0.99875,21.625,23.75,60.875,26.785000000000004
2024-07-18,SUROESTE2,pico_7_9,0,0.6637500000000001,16.25,11.5,49.875,23.1875
2024-07-19,CENTRO,fuera_pico_10_12,0,0.93,18.55,27.5,60.0,26.89
2024-07-19,CENTRO,pico_7_9,0,0.72,19.65,7.0,65.5,28.240000000000002
2024-07-19,NORESTE3,fuera_pico_10_12,0,0.48075,10.066666666666666,26.133333333333333,50.0,31.3425
2024-07-19,NORESTE3,pico_7_9,0,0.4917499999999999,10.274999999999999,14.05,34.83333333333333,17.2325
2024-07-19,NOROESTE3,fuera_pico_10_12,0,1.0,10.837499999999999,30.666666666666664,54.25,9.89875
2024-07-19,NOROESTE3,pico_7_9,0,1.34625,15.9875,8.583333333333334,71.75,11.1875
2024-07-19,NORTE2,fuera_pico_10_12,0,0.8999999999999999,15.8375,32.0,72.75,23.625
2024-07-19,NORTE2,pico_7_9,0,1.0162499999999999,20.45,11.0,60.75,16.125
2024-07-19,SUR,fuera_pico_10_12,0,0.7508333333333334,10.2875,38.5,67.875,24.672619047619047
2024-07-19,SUR,pico_7_9,0,0.8341666666666667,13.06875,12.583333333333332,55.0625,19.435714285714283
2024-07-19,SUROESTE2,fuera_pico_10_12,0,0.815,19.674999999999997,40.5,73.5,26.7975
2024-07-19,SUROESTE2,pico_7_9,0,0.8525,19.5625,9.125,68.625,22.3475
2024-07-20,CENTRO,fuera_pico_10_12,0,0.79,15.6,27.0,117.5,47.94
2024-07-20,CENTRO,pico_7_9,0,0.69,11.95,6.0,77.5,36.905
2024-07-20,NORESTE3,fuera_pico_10_12,0,0.517625,11.150000000000002,23.191666666666666,70.58333333333333,41.042500000000004
2024-07-20,NORESTE3,pico_7_9,0,0.4771249999999999,8.708333333333334,10.058333333333334,59.91666666666667,27.7275
2024-07-20,NOROESTE3,fuera_pico_10_12,0,0.9775,9.2,32.166666666666664,80.83333333333334,12.385
2024-07-20,NOROESTE3,pico_7_9,0,0.95125,8.375,8.5,67.5,10.350000000000001
2024-07-20,NORTE2,fuera_pico_10_12,0,0.93,14.875,34.375,97.625,23.25
2024-07-20,NORTE2,pico_7_9,0,0.9550000000000001,12.1125,9.625,88.0,16.0
2024-07-20,SUR,fuera_pico_10_12,0,0.8049999999999999,10.7375,34.375,91.125,33.5975
2024-07-20,SUR,pico_7_9,0,0.7158333333333333,8.1625,13.0625,72.0625,24.25625
2024-07-20,SUROESTE2,fuera_pico_10_12,0,0.715,19.5625,51.25,118.125,38.915000000000006
2024-07-20,SUROESTE2,pico_7_9,0,0.71375,16.3625,10.75,77.25,27.89
2024-07-21,CENTRO,fuera_pico_10_12,0,0.585,9.25,34.0,54.5,33.2025
2024-07-21,CENTRO,pico_7_9,0,0.63,11.45,7.5,53.5,26.71
2024-07-21,NORESTE3,fuera_pico_10_12,0,0.48150000000000004,7.116666666666666,24.8,31.166666666666664,25.63
2024-07-21,NORESTE3,pico_7_9,0,0.43125,7.041666666666666,12.116666666666667,27.25,18.5375
2024-07-21,NOROESTE3,fuera_pico_10_12,0,1.0525,8.6625,31.916666666666664,55.33333333333333,9.875
2024-07-21,NOROESTE3,pico_7_9,0,1.00125,8.7,8.833333333333332,37.58333333333333,7.359999999999999
2024-07-21,NORTE2,fuera_pico_10_12,0,0.85875,10.3125,32.625,54.75,23.125
2024-07-21,NORTE2,pico_7_9,0,0.85875,10.625,11.0,41.375,12.375
2024-07-21,SUR,fuera_pico_10_12,0,0.683,6.133333333333333,34.839285714285715,52.02380952380953,26.260595238095235
2024-07-21,SUR,pico_7_9,0,0.6281666666666667,5.875,15.821428571428571,39.142857142857146,16.822767857142857
2024-07-21,SUROESTE2,fuera_pico_10_12,0,0.58875,12.587499999999999,50.0,52.875,26.375
2024-07-21,SUROESTE2,pico_7_9,0,0.595,12.8125,10.875,46.875,17.6575
2024-07-22,CENTRO,fuera_pico_10_12,0,0.81,17.950000000000003,23.0,71.0,31.295
2024-07-22,CENTRO,pico_7_9,0,0.595,17.9,7.0,52.0,21.285
2024-07-22,NORESTE3,fuera_pico_10_12,0,0.481375,10.441666666666668,25.833333333333332,37.31666666666666,27.625
2024-07-22,NORESTE3,pico_7_9,0,0.48375,10.175,14.383333333333333,30.416666666666668,14.727500000000001
2024-07-22,NOROESTE3,fuera_pico_10_12,0,0.98125,8.1625,29.75,43.66666666666667,7.5325
2024-07-22,NOROESTE3,pico_7_9,0,0.9525,10.25,12.333333333333332,29.833333333333336,4.465
2024-07-22,NORTE2,fuera_pico_10_12,0,0.86875,13.3,35.75,56.375,20.75
2024-07-22,NORTE2,pico_7_9,0,0.8875,13.4625,14.25,44.75,12.75
2024-07-22,SUR,fuera_pico_10_12,0,0.6808333333333334,5.637499999999999,32.9375,45.0,21.26642857142857
2024-07-22,SUR,pico_7_9,0,0.6666666666666667,6.675,19.75,35.9375,14.862619047619049
2024-07-22,SUROESTE2,fuera_pico_10_12,0,0.79125,16.1375,35.0,57.625,25.345
2024-07-22,SUROESTE2,pico_7_9,0,0.6849999999999999,15.750000000000002,10.375,46.125,20.0
2024-07-23,CENTRO,fuera_pico_10_12,0,0.73,18.95,18.5,73.0,31.365
2024-07-23,CENTRO,pico_7_9,0,0.64,14.65,9.0,54.0,26.055
2024-07-23,NORESTE3,fuera_pico_10_12,0,0.4618749999999999,9.041666666666666,25.616666666666667,35.91666666666667,27.177500000000002
2024-07-23,NORESTE3,pico_7_9,0,0.476375,10.85833333333333,10.866666666666667,35.416666666666664,16.8075
2024-07-23,NOROESTE3,fuera_pico_10_12,0,0.9512499999999999,8.600000000000001,27.833333333333332,49.91666666666667,10.3725
2024-07-23,NOROESTE3,pico_7_9,0,0.985,10.05,9.583333333333334,40.5,8.40375
2024-07-23,NORTE2,fuera_pico_10_12,0,0.855,12.2125,30.625,53.625,15.75
2024-07-23,NORTE2,pico_7_9,0,1.00125,14.7,9.25,62.375,15.5
2024-07-23,SUR,fuera_pico_10_12,0,0.6558333333333333,5.44375,31.25,44.9375,17.69482142857143
2024-07-23,SUR,pico_7_9,0,0.6491666666666667,7.1125,16.5,44.1875,13.98375
2024-07-23,SUROESTE2,fuera_pico_10_12,0,0.74875,18.0125,29.75,62.375,22.52
2024-07-23,SUROESTE2,pico_7_9,0,0.63625,14.412500000000001,10.5,48.75,20.299999999999997
2024-07-24,CENTRO,fuera_pico_10_12,0,0.9299999999999999,12.3,20.0,80.5,29.085
2024-07-24,CENTRO,pico_7_9,0,0.825,18.299999999999997,5.5,48.5,21.064999999999998
2024-07-24,NORESTE3,fuera_pico_10_12,0,0.433875,6.216666666666667,26.883333333333333,27.916666666666664,14.200000000000001
2024-07-24,NORESTE3,pico_7_9,0,0.46824999999999994,9.441666666666666,12.708333333333334,26.666666666666668,10.037500000000001
2024-07-24,NOROESTE3,fuera_pico_10_12,0,0.99375,8.4625,27.83333333333333,36.083333333333336,7.245
2024-07-24,NOROESTE3,pico_7_9,0,1.0375,9.9875,10.25,37.5,6.09
2024-07-24,NORTE2,fuera_pico_10_12,0,0.97375,12.55,25.875,56.25,20.75
2024-07-24,NORTE2,pico_7_9,0,0.9675,14.4125,12.125,55.5,10.875
2024-07-24,SUR,fuera_pico_10_12,0,0.635,6.5166666666666675,32.0625,40.375,14.701666666666666
2024-07-24,SUR,pico_7_9,0,0.655,9.05,16.1875,35.9375,14.355333333333332
2024-07-24,SUROESTE2,fuera_pico_10_12,0,0.64375,12.75,28.875,55.125,18.6675
2024-07-24,SUROESTE2,pico_7_9,0,0.76625,17.0125,6.0,48.5,14.755
2024-07-25,CENTRO,fuera_pico_10_12,0,0.8049999999999999,23.15,14.5,57.5,18.79
2024-07-25,CENTRO,pico_7_9,0,0.665,17.65,8.0,48.5,12.9
2024-07-25,NORESTE3,fuera_pico_10_12,0,0.563625,15.099999999999998,21.799999999999997,37.633333333333326,15.02
2024-07-25,NORESTE3,pico_7_9,0,0.5177499999999999,12.591666666666665,12.75,25.35,10.77
2024-07-25,NOROESTE3,fuera_pico_10_12,0,1.11875,12.575,21.25,47.66666666666667,6.7125
2024-07-25,NOROESTE3,pico_7_9,0,1.1675,14.9875,7.083333333333334,51.58333333333333,7.606249999999999
2024-07-25,NORTE2,fuera_pico_10_12,0,1.07375,22.1125,17.625,59.625,14.25
2024-07-25,NORTE2,pico_7_9,0,1.01625,18.85,8.75,45.75,9.0
2024-07-25,SUR,fuera_pico_10_12,0,0.7581249999999999,15.308333333333334,22.8125,52.6875,26.67607142857143
2024-07-25,SUR,pico_7_9,0,0.694375,12.333333333333332,11.428571428571429,47.9375,18.966250000000002
2024-07-25,SUROESTE2,fuera_pico_10_12,0,0.9375,24.75,16.125,48.25,12.3675
2024-07-25,SUROESTE2,pico_7_9,0,0.83375,21.512500000000003,5.5,51.875,12.285
2024-07-26,CENTRO,fuera_pico_10_12,0,0.875,25.25,17.5,52.5,13.899999999999999
2024-07-26,CENTRO,pico_7_9,0,0.77,18.35,7.0,45.5,18.71
2024-07-26,NORESTE3,fuera_pico_10_12,0,0.785,20.241666666666667,16.675,57.83333333333333,26.447499999999998
2024-07-26,NORESTE3,pico_7_9,0,0.63675,16.15833333333333,8.441666666666666,45.333333333333336,18.2875
2024-07-26,NOROESTE3,fuera_pico_10_12,0,1.44375,22.1875,18.333333333333336,78.5,15.338750000000001
2024-07-26,NOROESTE3,pico_7_9,0,1.5550000000000002,20.575,6.216666666666667,73.0,14.0125
2024-07-26,NORTE2,fuera_pico_10_12,0,1.355,32.5375,13.75,100.125,30.625
2024-07-26,NORTE2,pico_7_9,0,1.26875,23.9625,5.375,90.875,29.708333333333336
2024-07-26,SUR,fuera_pico_10_12,0,0.9158333333333333,15.792857142857143,26.5,47.6875,15.442499999999999
2024-07-26,SUR,pico_7_9,0,0.8500000000000001,13.442857142857141,12.0625,36.25,12.532857142857143
2024-07-26,SUROESTE2,fuera_pico_10_12,0,1.11375,28.925,17.875,71.125,22.5475
2024-07-26,SUROESTE2,pico_7_9,0,0.9375,23.2375,6.875,53.5,19.810000000000002
2024-07-27,CENTRO,fuera_pico_10_12,0,0.875,19.35,26.0,80.0,39.5
2024-07-27,CENTRO,pico_7_9,0,0.81,18.2,5.0,70.0,38.0
2024-07-27,NORESTE3,fuera_pico_10_12,0,0.54725,11.375,29.133333333333333,50.5,29.7675
2024-07-27,NORESTE3,pico_7_9,0,0.5037499999999999,11.8,11.483333333333333,40.16666666666667,18.0075
2024-07-27,NOROESTE3,fuera_pico_10_12,0,1.1800000000000002,14.3,35.33333333333333,72.16666666666666,14.16375
2024-07-27,NOROESTE3,pico_7_9,0,1.26125,13.350000000000001,7.583333333333334,63.49999999999999,11.967500000000001
2024-07-27,NORTE2,fuera_pico_10_12,0,1.01125,17.2,35.5,83.375,21.375
2024-07-27,NORTE2,pico_7_9,0,1.05375,16.275,7.25,65.625,19.375
2024-07-27,SUR,fuera_pico_10_12,0,0.9326666666666665,15.18392857142857,35.098214285714285,66.86607142857143,23.90339285714286
2024-07-27,SUR,pico_7_9,0,0.7475,10.4875,14.375,54.5625,16.31375
2024-07-27,SUROESTE2,fuera_pico_10_12,0,0.83125,21.85,56.375,89.0,33.987500000000004
2024-07-27,SUROESTE2,pico_7_9,0,0.8725,19.2,8.375,70.375,22.93
2024-07-28,CENTRO,fuera_pico_10_12,0,0.595,11.399999999999999,18.0,54.5,30.5
2024-07-28,CENTRO,pico_7_9,0,0.5700000000000001,11.95,11.0,47.5,21.0
2024-07-28,NORESTE3,fuera_pico_10_12,0,0.4754999999999999,8.083333333333334,21.875,32.33333333333333,21.7875
2024-07-28,NORESTE3,pico_7_9,0,0.444875,7.566666666666667,14.733333333333334,26.5,13.09
2024-07-28,NOROESTE3,fuera_pico_10_12,0,0.96,6.7875,24.0,29.416666666666668,7.89875
2024-07-28,NOROESTE3,pico_7_9,0,0.9404166666666667,7.016666666666667,12.6,27.866666666666664,7.81
2024-07-28,NORTE2,fuera_pico_10_12,0,0.7875000000000001,9.475000000000001,25.875,38.375,15.25
2024-07-28,NORTE2,pico_7_9,0,0.7675000000000001,9.325,14.75,30.875,11.25
2024-07-28,SUR,fuera_pico_10_12,0,0.6241666666666666,4.7214285714285715,31.0625,39.625,16.495
2024-07-28,SUR,pico_7_9,0,0.575,5.766666666666667,20.0,33.6875,10.92625
2024-07-28,SUROESTE2,fuera_pico_10_12,0,0.61,10.899999999999999,26.625,41.0,19.3625
2024-07-28,SUROESTE2,pico_7_9,0,0.61875,11.175,13.375,34.875,17.1725
2024-07-29,CENTRO,fuera_pico_10_12,0,0.745,14.55,14.0,59.5,31.814999999999998
2024-07-29,CENTRO,pico_7_9,0,0.63,11.65,6.0,54.5,28.0
2024-07-29,NORESTE3,fuera_pico_10_12,0,0.45462499999999995,8.441666666666666,22.633333333333333,47.21666666666667,27.310000000000002
2024-07-29,NORESTE3,pico_7_9,0,0.494625,8.98333333333333,10.45,41.2,20.252499999999998
2024-07-29,NOROESTE3,fuera_pico_10_12,0,1.0924999999999998,9.125,18.75,43.83333333333333,9.901250000000001
2024-07-29,NOROESTE3,pico_7_9,0,0.99375,9.0625,8.166666666666666,29.833333333333336,8.26125
2024-07-29,NORTE2,fuera_pico_10_12,0,0.9225000000000001,13.6875,29.125,52.375,17.375
2024-07-29,NORTE2,pico_7_9,0,0.8975,11.375,7.625,52.25,17.208333333333336
2024-07-29,SUR,fuera_pico_10_12,0,0.6200000000000001,4.275,27.875,46.125,19.54875
2024-07-29,SUR,pico_7_9,0,0.6116666666666667,6.472321428571428,14.125,46.73214285714286,17.1325
2024-07-29,SUROESTE2,fuera_pico_10_12,0,0.81125,18.1875,21.125,61.875,25.97
2024-07-29,SUROESTE2,pico_7_9,0,0.725,14.875,5.0,49.375,23.1875
2024-07-30,CENTRO,fuera_pico_10_12,0,0.895,17.8,10.5,81.5,26.9
2024-07-30,CENTRO,pico_7_9,0,0.6599999999999999,13.0,5.0,53.0,18.605
2024-07-30,NORESTE3,fuera_pico_10_12,0,0.48262499999999997,9.241666666666667,23.33333333333333,46.0,25.7875
2024-07-30,NORESTE3,pico_7_9,0,0.46362499999999995,9.375,11.625,40.16666666666667,14.965
2024-07-30,NOROESTE3,fuera_pico_10_12,0,1.0612499999999998,11.2125,19.5,58.41666666666667,12.43
2024-07-30,NOROESTE3,pico_7_9,0,1.0324999999999998,10.0875,6.75,42.0,7.892499999999999
2024-07-30,NORTE2,fuera_pico_10_12,0,1.07,15.762500000000001,26.25,70.875,18.25
2024-07-30,NORTE2,pico_7_9,0,0.9637500000000001,12.5625,6.5,48.125,12.875
2024-07-30,SUR,fuera_pico_10_12,0,0.7091666666666667,7.4625,30.875,55.9375,22.2825
2024-07-30,SUR,pico_7_9,0,0.6441666666666667,6.84375,13.75,44.8125,11.009285714285713
2024-07-30,SUROESTE2,fuera_pico_10_12,0,0.9299999999999999,20.025,25.875,66.0,27.3925
2024-07-30,SUROESTE2,pico_7_9,0,0.63375,12.4125,6.625,44.75,19.185000000000002
2024-07-31,CENTRO,fuera_pico_10_12,0,0.975,21.0,11.0,129.0,53.489999999999995
2024-07-31,CENTRO,pico_7_9,0,0.6599999999999999,14.65,6.0,93.5,40.595
2024-07-31,NORESTE3,fuera_pico_10_12,0,0.4977499999999999,10.516666666666667,26.724999999999994,92.33333333333334,42.2775
2024-07-31,NORESTE3,pico_7_9,0,0.48487499999999994,9.841666666666665,12.45,91.66666666666669,36.635000000000005
2024-07-31,NOROESTE3,fuera_pico_10_12,0,1.0550000000000002,11.0625,23.666666666666668,105.25,19.78333333333333
2024-07-31,NOROESTE3,pico_7_9,0,1.0037500000000001,8.975000000000001,8.416666666666666,85.0,16.59375
2024-07-31,NORTE2,fuera_pico_10_12,0,1.0125,15.0125,31.875,119.375,35.125
2024-07-31,NORTE2,pico_7_9,0,0.95875,13.1125,7.375,109.375,32.0
2024-07-31,SUR,fuera_pico_10_12,0,0.7275,9.03125,31.5,107.125,45.75
2024-07-31,SUR,pico_7_9,0,0.6391666666666667,7.233928571428572,15.1875,99.125,31.1
2024-07-31,SUROESTE2,fuera_pico_10_12,0,0.9824999999999999,23.2125,26.875,112.5,46.587500000000006
2024-07-31,SUROESTE2,pico_7_9,0,0.67125,15.350000000000001,6.0,87.875,34.57
2024-08-01,CENTRO,fuera_pico_10_12,0,0.895,19.25,14.5,113.5,51.075
2024-08-01,CENTRO,pico_7_9,0,0.6699999999999999,12.05,6.0,91.5,43.615
2024-08-01,NORESTE3,fuera_pico_10_12,0,0.5175,9.1,18.583333333333336,96.41666666666666,43.3475
2024-08-01,NORESTE3,pico_7_9,0,0.54775,10.23333333333333,8.666666666666668,92.16666666666666,31.945
2024-08-01,NOROESTE3,fuera_pico_10_12,0,1.06,9.8,20.333333333333332,103.83333333333334,18.795
2024-08-01,NOROESTE3,pico_7_9,0,1.06,9.774999999999999,6.833333333333333,94.5,15.9675
2024-08-01,NORTE2,fuera_pico_10_12,0,0.9675,13.375,19.75,107.5,35.0
2024-08-01,NORTE2,pico_7_9,0,0.92,11.825,5.75,102.0,28.5
2024-08-01,SUR,fuera_pico_10_12,0,0.6766666666666665,9.283333333333333,25.75,105.0,35.885000000000005
2024-08-01,SUR,pico_7_9,0,0.625,7.5375,10.5,92.25,32.24
2024-08-01,SUROESTE2,fuera_pico_10_12,0,0.89,19.525,16.75,112.75,43.775000000000006
2024-08-01,SUROESTE2,pico_7_9,0,0.5900000000000001,13.899999999999999,4.5,97.75,34.665
2024-08-02,CENTRO,fuera_pico_10_12,0,1.025,19.55,22.5,99.0,41.08
2024-08-02,CENTRO,pico_7_9,0,0.9,13.75,6.0,86.0,33.7
2024-08-02,NORESTE3,fuera_pico_10_12,0,0.52,10.0,20.8,73.16666666666666,34.6675
2024-08-02,NORESTE3,pico_7_9,0,0.47475,8.783333333333333,9.283333333333331,60.5,20.92
2024-08-02,NOROESTE3,fuera_pico_10_12,0,1.025,8.524999999999999,27.166666666666664,85.33333333333334,16.130000000000003
2024-08-02,NOROESTE3,pico_7_9,0,0.9450000000000001,7.1499999999999995,8.5,62.666666666666664,12.365
2024-08-02,NORTE2,fuera_pico_10_12,0,0.9575,15.175,19.5,105.0,31.5
2024-08-02,NORTE2,pico_7_9,0,0.9974999999999999,12.8,5.75,81.25,19.75
2024-08-02,SUR,fuera_pico_10_12,0,0.705,8.8625,30.75,88.125,33.07
2024-08-02,SUR,pico_7_9,0,0.6466666666666667,7.425000000000001,10.5,67.875,20.7725
2024-08-02,SUROESTE2,fuera_pico_10_12,0,0.915,19.15,27.5,90.5,41.3725
2024-08-02,SUROESTE2,pico_7_9,0,0.75,12.925,5.25,90.0,29.64
2024-08-03,CENTRO,fuera_pico_10_12,0,1.035,19.8,33.5,94.0,33.095
2024-08-03,CENTRO,pico_7_9,0,0.815,14.05,6.5,78.0,34.415
2024-08-03,NORESTE3,fuera_pico_10_12,0,0.49475,8.433333333333334,28.4,63.16666666666667,33.4025
2024-08-03,NORESTE3,pico_7_9,0,0.565,8.416666666666666,7.0166666666666675,42.66666666666667,15.634999999999998
2024-08-03,NOROESTE3,fuera_pico_10_12,0,1.0825,12.783333333333331,33.333333333333336,69.16666666666666,10.9025
2024-08-03,NOROESTE3,pico_7_9,0,1.1775000000000002,12.433333333333334,7.583333333333333,60.5,13.6625
2024-08-03,NORTE2,fuera_pico_10_12,0,0.9550000000000001,14.225,28.5,92.0,19.5
2024-08-03,NORTE2,pico_7_9,0,0.9199999999999999,11.375,6.0,73.0,16.75
2024-08-03,SUR,fuera_pico_10_12,0,0.7983333333333333,11.75,29.5,86.25,28.0225
2024-08-03,SUR,pico_7_9,0,0.8416666666666668,9.1875,8.625,58.75,17.58875
2024-08-03,SUROESTE2,fuera_pico_10_12,0,0.6499999999999999,16.075,37.25,88.5,33.697500000000005
2024-08-03,SUROESTE2,pico_7_9,0,0.665,16.525,7.5,73.75,21.115000000000002
2024-08-04,CENTRO,fuera_pico_10_12,0,0.865,17.65,37.5,54.5,21.27
2024-08-04,CENTRO,pico_7_9,0,0.7,12.600000000000001,10.5,86.5,21.325000000000003
2024-08-04,NORESTE3,fuera_pico_10_12,0,0.5914999999999999,9.116666666666667,33.45,85.33333333333334,40.4575
2024-08-04,NORESTE3,pico_7_9,0,0.58275,9.366666666666667,8.450000000000001,52.33333333333333,21.15
2024-08-04,NOROESTE3,fuera_pico_10_12,0,1.065,13.933333333333334,38.5,50.16666666666667,7.98
2024-08-04,NOROESTE3,pico_7_9,0,1.195,13.666666666666668,8.5,58.16666666666667,9.412500000000001
2024-08-04,NORTE2,fuera_pico_10_12,0,0.86,11.225,34.5,74.25,21.0
2024-08-04,NORTE2,pico_7_9,0,0.8400000000000001,10.125,7.75,73.0,17.5
2024-08-04,SUR,fuera_pico_10_12,0,0.7033333333333333,8.025,38.125,67.5,23.79625
2024-08-04,SUR,pico_7_9,0,0.815,8.7375,11.0,60.75,21.572499999999998
2024-08-04,SUROESTE2,fuera_pico_10_12,0,0.525,8.775,41.5,34.0,12.565000000000001
2024-08-04,SUROESTE2,pico_7_9,0,0.46249999999999997,14.175,13.25,49.25,16.805
2024-08-05,CENTRO,fuera_pico_10_12,1,1.15,21.85,23.5,73.0,24.23
2024-08-05,CENTRO,pico_7_9,1,0.86,15.85,5.5,67.5,23.07
2024-08-05,NORESTE3,fuera_pico_10_12,0,0.50425,7.616666666666667,24.016666666666666,56.833333333333336,25.96
2024-08-05,NORESTE3,pico_7_9,0,0.53375,9.716666666666667,8.85,41.25,15.8375
2024-08-05,NOROESTE3,fuera_pico_10_12,0,1.0150000000000001,13.950000000000001,26.499999999999996,62.83333333333333,10.33
2024-08-05,NOROESTE3,pico_7_9,0,1.005,12.533333333333335,7.166666666666666,47.5,8.3825
2024-08-05,NORTE2,fuera_pico_10_12,0,0.9475,15.725,20.25,92.75,20.75
2024-08-05,NORTE2,pico_7_9,0,0.9075,12.7,6.5,52.0,9.25
2024-08-05,SUR,fuera_pico_10_12,1,0.78,14.283333333333333,24.708333333333336,73.66666666666667,24.4525
2024-08-05,SUR,pico_7_9,1,0.6883333333333332,7.4,10.0,50.833333333333336,15.23375
2024-08-05,SUROESTE2,fuera_pico_10_12,1,1.1025,21.575000000000003,27.75,71.5,29.252499999999998
2024-08-05,SUROESTE2,pico_7_9,1,0.77,14.925,4.25,58.0,20.96
2024-08-06,CENTRO,fuera_pico_10_12,1,0.865,15.55,25.5,61.5,22.08
2024-08-06,CENTRO,pico_7_9,1,1.12,12.55,6.0,57.0,19.405
2024-08-06,NORESTE3,fuera_pico_10_12,0,0.6968333333333334,9.433333333333334,22.383333333333333,42.5,28.0425
2024-08-06,NORESTE3,pico_7_9,0,0.6293333333333333,7.733333333333333,8.466666666666667,47.33333333333333,11.4625
2024-08-06,NOROESTE3,fuera_pico_10_12,0,1.115,10.45,25.333333333333336,57.0,13.315000000000001
2024-08-06,NOROESTE3,pico_7_9,0,1.0175,11.95,7.333333333333334,45.66666666666667,8.145
2024-08-06,NORTE2,fuera_pico_10_12,0,1.15,14.275,23.5,68.0,20.75
2024-08-06,NORTE2,pico_7_9,0,1.0325,10.625,5.25,55.25,10.0
2024-08-06,SUR,fuera_pico_10_12,1,0.8666666666666667,12.212499999999999,28.0,62.375,22.731250000000003
2024-08-06,SUR,pico_7_9,1,0.7050000000000001,7.8125,9.375,46.25,13.375
2024-08-06,SUROESTE2,fuera_pico_10_12,1,0.5725,20.575,35.25,81.75,31.479999999999997
2024-08-06,SUROESTE2,pico_7_9,1,0.51,12.625,7.25,46.0,16.2175
2024-08-07,CENTRO,fuera_pico_10_12,1,0.8600000000000001,16.3,36.0,97.5,21.560000000000002
2024-08-07,CENTRO,pico_7_9,1,0.92,16.700000000000003,5.5,64.0,16.08
2024-08-07,NORESTE3,fuera_pico_10_12,0,0.7246666666666667,11.583333333333332,30.633333333333333,82.08333333333334,24.380000000000003
2024-08-07,NORESTE3,pico_7_9,0,0.7398333333333333,10.450000000000001,7.25,36.166666666666664,14.8575
2024-08-07,NOROESTE3,fuera_pico_10_12,0,1.1375,12.350000000000001,29.499999999999996,74.83333333333334,8.8075
2024-08-07,NOROESTE3,pico_7_9,0,1.4925,11.833333333333334,5.5,65.0,9.3125
2024-08-07,NORTE2,fuera_pico_10_12,0,1.86,21.25,33.0,116.0,16.5
2024-08-07,NORTE2,pico_7_9,0,1.2650000000000001,16.1,4.75,72.5,12.75
2024-08-07,SUR,fuera_pico_10_12,1,0.8466666666666667,16.175,34.75,72.375,22.820416666666667
2024-08-07,SUR,pico_7_9,1,0.8416666666666667,11.45,9.375,52.875,12.8625
2024-08-07,SUROESTE2,fuera_pico_10_12,1,0.7100000000000001,14.975000000000001,46.75,78.75,23.9175
2024-08-07,SUROESTE2,pico_7_9,1,1.0350000000000001,24.475,8.0,92.25,21.0975
2024-08-08,CENTRO,fuera_pico_10_12,1,0.7150000000000001,12.85,60.5,79.0,16.884999999999998
2024-08-08,CENTRO,pico_7_9,1,0.835,26.95,27.0,53.5,19.384999999999998
2024-08-08,NORESTE3,fuera_pico_10_12,0,1.0478333333333332,20.616666666666667,52.33333333333333,157.83333333333331,33.07
2024-08-08,NORESTE3,pico_7_9,0,0.8983333333333334,21.75,8.1,73.25,28.7875
2024-08-08,NOROESTE3,fuera_pico_10_12,0,1.2375,18.925,49.75,109.25,10.6075
2024-08-08,NOROESTE3,pico_7_9,0,1.5425,28.425,9.0,72.25,10.83
2024-08-08,NORTE2,fuera_pico_10_12,0,1.6775,30.9,54.0,135.0,25.25
2024-08-08,NORTE2,pico_7_9,0,1.3849999999999998,35.2,6.25,122.75,14.0
2024-08-08,SUR,fuera_pico_10_12,1,0.7966666666666666,16.6875,55.875,98.5,29.0325
2024-08-08,SUR,pico_7_9,1,0.8800000000000001,18.05,16.5,58.125,14.942499999999999
2024-08-08,SUROESTE2,fuera_pico_10_12,1,0.7175,15.675,57.75,71.0,28.832500000000003
2024-08-08,SUROESTE2,pico_7_9,1,1.01,33.925,19.0,63.0,19.2975
2024-08-09,CENTRO,fuera_pico_10_12,1,0.805,12.5,23.0,50.5,22.85
2024-08-09,CENTRO,pico_7_9,1,0.73,8.25,19.0,49.5,16.84
2024-08-09,NORESTE3,fuera_pico_10_12,0,0.8983333333333333,11.35,18.383333333333333,49.41666666666667,23.252499999999998
2024-08-09,NORESTE3,pico_7_9,0,0.7709999999999999,9.766666666666666,10.833333333333332,38.5,17.2575
2024-08-09,NOROESTE3,fuera_pico_10_12,0,1.1425,8.183333333333334,23.5,53.16666666666667,15.679166666666665
2024-08-09,NOROESTE3,pico_7_9,0,1.1325,11.48333333333333,10.0,44.0,11.230833333333333
2024-08-09,NORTE2,fuera_pico_10_12,0,1.005,13.149999999999999,16.5,66.75,20.75
2024-08-09,NORTE2,pico_7_9,0,0.9624999999999999,12.725,10.75,43.5,17.25
2024-08-09,SUR,fuera_pico_10_12,1,0.665,5.199999999999999,28.25,52.875,17.5
2024-08-09,SUR,pico_7_9,1,0.6883333333333334,6.9625,15.875,39.875,16.833333333333336
2024-08-09,SUROESTE2,fuera_pico_10_12,1,0.885,15.775,28.75,57.75,30.509999999999998
2024-08-09,SUROESTE2,pico_7_9,1,0.74,15.975,11.0,53.25,23.345
2024-08-10,CENTRO,fuera_pico_10_12,1,0.87,16.3,27.0,65.5,27.0
2024-08-10,CENTRO,pico_7_9,1,0.825,16.25,5.5,61.5,28.0
2024-08-10,NORESTE3,fuera_pico_10_12,0,0.7558333333333334,9.266666666666666,24.78333333333333,45.16666666666667,31.77
2024-08-10,NORESTE3,pico_7_9,0,0.7186666666666667,10.383333333333333,7.533333333333333,38.83333333333333,19.68
2024-08-10,NOROESTE3,fuera_pico_10_12,0,1.06,6.700000000000001,26.833333333333332,47.16666666666667,13.870833333333334
2024-08-10,NOROESTE3,pico_7_9,0,1.1925,10.25,6.166666666666667,50.83333333333333,12.622499999999999
2024-08-10,NORTE2,fuera_pico_10_12,0,0.9949999999999999,13.475,25.75,58.5,12.75
2024-08-10,NORTE2,pico_7_9,0,1.0325,14.425,5.25,66.0,18.5
2024-08-10,SUR,fuera_pico_10_12,1,0.735,6.15,28.166666666666668,50.45833333333333,26.69333333333333
2024-08-10,SUR,pico_7_9,1,0.6483333333333333,7.0875,11.125,43.5,21.01375
2024-08-10,SUROESTE2,fuera_pico_10_12,1,0.9875,17.225,30.25,66.0,27.4725
2024-08-10,SUROESTE2,pico_7_9,1,0.81,14.675,7.5,54.75,24.637500000000003
2024-08-11,CENTRO,fuera_pico_10_12,1,0.815,11.7,27.5,44.0,15.0
2024-08-11,CENTRO,pico_7_9,1,0.915,12.15,7.5,41.5,10.5
2024-08-11,NORESTE3,fuera_pico_10_12,0,0.7041666666666666,6.983333333333333,24.05,20.5,11.115
2024-08-11,NORESTE3,pico_7_9,0,0.663,7.266666666666666,10.566666666666666,21.5,7.4425
2024-08-11,NOROESTE3,fuera_pico_10_12,0,1.195,9.216666666666665,22.666666666666664,43.66666666666666,10.083333333333332
2024-08-11,NOROESTE3,pico_7_9,0,1.0675,8.016666666666666,6.333333333333334,28.0,10.29
2024-08-11,NORTE2,fuera_pico_10_12,0,0.98,11.075,23.0,37.25,10.25
2024-08-11,NORTE2,pico_7_9,0,0.9325,10.95,6.5,33.0,5.0
2024-08-11,SUR,fuera_pico_10_12,1,0.8716666666666666,9.616666666666667,26.25,39.75,16.213749999999997
2024-08-11,SUR,pico_7_9,1,0.7649999999999999,6.050000000000001,10.625,33.125,7.926666666666668
2024-08-11,SUROESTE2,fuera_pico_10_12,1,0.7725,14.35,38.5,59.75,25.7675
2024-08-11,SUROESTE2,pico_7_9,1,0.7775000000000001,15.275,4.75,48.5,11.9175
2024-08-12,CENTRO,fuera_pico_10_12,1,0.9,17.0,27.0,61.5,15.030070954538981
2024-08-12,CENTRO,pico_7_9,1,0.9099999999999999,18.450000000000003,6.5,49.5,16.163624556787127
2024-08-12,NORESTE3,fuera_pico_10_12,0,0.7934999999999999,9.533333333333335,24.883333333333333,28.333333333333336,19.8925
2024-08-12,NORESTE3,pico_7_9,0,0.7885,12.066666666666666,10.233333333333333,28.999999999999996,11.6125
2024-08-12,NOROESTE3,fuera_pico_10_12,0,1.17,10.0,30.166666666666668,31.833333333333332,7.625
2024-08-12,NOROESTE3,pico_7_9,0,1.1625,12.350000000000001,7.833333333333333,36.33333333333333,6.071666666666665
2024-08-12,NORTE2,fuera_pico_10_12,0,0.995,13.15,24.0,52.25,8.75
2024-08-12,NORTE2,pico_7_9,0,1.0899999999999999,16.85,6.5,52.0,11.5
2024-08-12,SUR,fuera_pico_10_12,1,0.7733333333333334,6.5,34.0,50.0,17.625
2024-08-12,SUR,pico_7_9,1,0.7833333333333334,9.450000000000001,12.75,35.25,11.75
2024-08-12,SUROESTE2,fuera_pico_10_12,1,0.9949999999999999,17.975,28.25,52.25,23.0925
2024-08-12,SUROESTE2,pico_7_9,1,0.8225,14.625,8.5,35.25,11.407499999999999
2024-08-13,CENTRO,fuera_pico_10_12,1,1.085,20.450000000000003,25.0,71.0,28.270000000000003
2024-08-13,CENTRO,pico_7_9,1,0.8400000000000001,17.95,6.0,52.0,17.025
2024-08-13,NORESTE3,fuera_pico_10_12,0,0.822,9.416666666666668,23.96666666666667,35.66666666666666,23.65
2024-08-13,NORESTE3,pico_7_9,0,0.8198333333333334,12.266666666666666,9.266666666666666,35.66666666666667,10.18
2024-08-13,NOROESTE3,fuera_pico_10_12,0,1.135,10.725000000000001,24.5,52.0,7.5024999999999995
2024-08-13,NOROESTE3,pico_7_9,0,1.0575,7.825,7.166666666666667,36.666666666666664,5.73
2024-08-13,NORTE2,fuera_pico_10_12,0,1.185,15.75,21.5,61.0,16.5
2024-08-13,NORTE2,pico_7_9,0,0.98,14.05,6.75,45.0,9.25
2024-08-13,SUR,fuera_pico_10_12,1,0.9066666666666666,7.800000000000001,27.5,51.75,22.0075
2024-08-13,SUR,pico_7_9,1,0.7533333333333333,8.383333333333335,12.5,37.5,8.883750000000001
2024-08-13,SUROESTE2,fuera_pico_10_12,1,1.01,19.2,26.5,50.25,27.4325
2024-08-13,SUROESTE2,pico_7_9,1,0.88,15.0,6.75,43.25,11.625
2024-08-14,CENTRO,fuera_pico_10_12,1,1.0,21.450000000000003,15.0,75.5,25.115000000000002
2024-08-14,CENTRO,pico_7_9,1,0.79,16.4,5.0,56.5,18.235
2024-08-14,NORESTE3,fuera_pico_10_12,0,0.8048333333333334,8.283333333333333,21.716666666666665,37.66666666666667,17.9925
2024-08-14,NORESTE3,pico_7_9,0,0.7613333333333334,11.066666666666666,10.033333333333333,28.833333333333332,8.9925
2024-08-14,NOROESTE3,fuera_pico_10_12,0,1.07,7.85,26.5,50.83333333333333,9.2125
2024-08-14,NOROESTE3,pico_7_9,0,1.065,8.9,7.0,34.66666666666667,6.52
2024-08-14,NORTE2,fuera_pico_10_12,0,1.0225,12.5,19.5,66.25,12.75
2024-08-14,NORTE2,pico_7_9,0,1.005,12.075,7.0,41.25,9.25
2024-08-14,SUR,fuera_pico_10_12,1,0.8083333333333333,7.366666666666667,22.5,48.375,18.825
2024-08-14,SUR,pico_7_9,1,0.7133333333333334,6.4833333333333325,11.875,37.375,9.88875
2024-08-14,SUROESTE2,fuera_pico_10_12,1,1.0025,19.25,27.75,59.0,22.315
2024-08-14,SUROESTE2,pico_7_9,1,0.7725,12.575,6.5,44.5,13.3925
2024-08-15,CENTRO,fuera_pico_10_12,1,1.065,23.05,17.0,76.0,30.265
2024-08-15,CENTRO,pico_7_9,1,0.7949999999999999,12.75,6.0,57.5,21.08
2024-08-15,NORESTE3,fuera_pico_10_12,0,0.8305,9.733333333333334,22.25,43.5,24.432499999999997
2024-08-15,NORESTE3,pico_7_9,0,0.7786666666666667,10.55,8.983333333333333,39.5,11.655000000000001
2024-08-15,NOROESTE3,fuera_pico_10_12,0,1.1524999999999999,12.925,18.999999999999996,67.33333333333334,10.4375
2024-08-15,NOROESTE3,pico_7_9,0,1.1324999999999998,10.225,5.5,39.5,7.1725
2024-08-15,NORTE2,fuera_pico_10_12,0,1.06,16.3,17.75,88.75,19.0
2024-08-15,NORTE2,pico_7_9,0,0.9724999999999999,13.575,5.5,51.5,10.75
2024-08-15,SUR,fuera_pico_10_12,1,0.8700000000000001,12.55,23.25,67.875,24.216250000000002
2024-08-15,SUR,pico_7_9,1,0.7166666666666666,8.6375,10.875,45.0,13.88625
2024-08-15,SUROESTE2,fuera_pico_10_12,1,1.0350000000000001,19.3,23.25,79.5,25.3425
2024-08-15,SUROESTE2,pico_7_9,1,0.875,15.899999999999999,4.0,70.5,20.3975
2024-08-16,CENTRO,fuera_pico_10_12,1,1.06,24.05,25.0,63.5,26.96
2024-08-16,CENTRO,pico_7_9,1,0.785,14.1,6.5,49.0,15.495000000000001
2024-08-16,NORESTE3,fuera_pico_10_12,0,0.8765000000000001,10.3,25.7,33.75,20.21
2024-08-16,NORESTE3,pico_7_9,0,0.8621666666666666,10.399999999999999,10.833333333333332,16.25,8.23
2024-08-16,NOROESTE3,fuera_pico_10_12,0,1.135,9.4,28.333333333333332,49.66666666666667,9.157499999999999
2024-08-16,NOROESTE3,pico_7_9,0,1.0550000000000002,8.85,8.166666666666666,24.666666666666664,4.98
2024-08-16,NORTE2,fuera_pico_10_12,0,1.18,17.525,28.5,61.25,17.75
2024-08-16,NORTE2,pico_7_9,0,0.9225,11.175,9.5,27.0,6.75
2024-08-16,SUR,fuera_pico_10_12,1,0.7949999999999999,8.05,28.875,53.0,14.302499999999998
2024-08-16,SUR,pico_7_9,1,0.6733333333333333,6.4375,14.0,32.375,9.1075
2024-08-16,SUROESTE2,fuera_pico_10_12,1,1.075,19.5,30.75,45.25,23.5825
2024-08-16,SUROESTE2,pico_7_9,1,0.7975,13.75,7.25,49.25,15.427499999999998
2024-08-17,CENTRO,fuera_pico_10_12,1,0.985,15.850000000000001,22.0,58.0,26.205
2024-08-17,CENTRO,pico_7_9,1,0.78,14.05,5.5,52.0,18.175
2024-08-17,NORESTE3,fuera_pico_10_12,0,0.8653333333333333,9.0,26.016666666666666,38.333333333333336,24.0225
2024-08-17,NORESTE3,pico_7_9,0,0.8236666666666667,10.483333333333334,10.766666666666666,34.83333333333333,10.3825
2024-08-17,NOROESTE3,fuera_pico_10_12,0,1.1975,7.883333333333335,27.833333333333332,40.66666666666667,10.3875
2024-08-17,NOROESTE3,pico_7_9,0,1.0975000000000001,8.366666666666667,7.833333333333334,32.5,7.24
2024-08-17,NORTE2,fuera_pico_10_12,0,0.98,10.399999999999999,29.25,43.25,10.75
2024-08-17,NORTE2,pico_7_9,0,0.9450000000000001,12.125,7.75,39.75,12.0
2024-08-17,SUR,fuera_pico_10_12,1,0.7416666666666667,6.225,31.25,43.625,19.825
2024-08-17,SUR,pico_7_9,1,0.6616666666666666,6.9375,13.75,35.375,11.036666666666669
2024-08-17,SUROESTE2,fuera_pico_10_12,1,0.9924999999999999,17.275,27.75,51.0,19.7375
2024-08-17,SUROESTE2,pico_7_9,1,0.7675,12.575,7.0,42.75,15.809999999999999
2024-08-18,CENTRO,fuera_pico_10_12,1,1.01,17.45,23.0,47.5,23.755000000000003
2024-08-18,CENTRO,pico_7_9,1,0.87,11.45,7.0,57.0,20.735
2024-08-18,NORESTE3,fuera_pico_10_12,0,0.8555,8.700000000000001,21.966666666666665,28.166666666666664,16.22
2024-08-18,NORESTE3,pico_7_9,0,0.7633333333333334,7.616666666666667,9.1,31.333333333333336,10.3475
2024-08-18,NOROESTE3,fuera_pico_10_12,0,1.17,8.175,28.5,40.33333333333333,8.58
2024-08-18,NOROESTE3,pico_7_9,0,1.1175000000000002,8.325,5.666666666666667,26.166666666666668,5.4399999999999995
2024-08-18,NORTE2,fuera_pico_10_12,0,0.9675,10.75,26.5,51.0,10.25
2024-08-18,NORTE2,pico_7_9,0,0.885,10.274999999999999,7.0,30.5,8.25
2024-08-18,SUR,fuera_pico_10_12,1,0.7749999999999999,9.25,24.5,52.875,18.990000000000002
2024-08-18,SUR,pico_7_9,1,0.6466666666666666,5.5125,12.375,34.0,11.5425
2024-08-18,SUROESTE2,fuera_pico_10_12,1,1.0375,13.8,32.25,54.25,26.3325
2024-08-18,SUROESTE2,pico_7_9,1,0.895,12.575,5.75,56.0,17.642500000000002
2024-08-19,CENTRO,fuera_pico_10_12,1,1.255,30.5,17.5,71.0,20.240000000000002
2024-08-19,CENTRO,pico_7_9,1,0.9650000000000001,14.7,5.5,55.0,13.405
2024-08-19,NORESTE3,fuera_pico_10_12,0,0.8568333333333333,10.216666666666665,20.166666666666668,31.33333333333333,16.0225
2024-08-19,NORESTE3,pico_7_9,0,0.8855,8.816666666666666,8.683333333333334,30.5,7.2700000000000005
2024-08-19,NOROESTE3,fuera_pico_10_12,0,1.1825,10.3,23.333333333333336,49.0,6.9025
2024-08-19,NOROESTE3,pico_7_9,0,1.115,9.5,4.833333333333334,24.5,4.404999999999999
2024-08-19,NORTE2,fuera_pico_10_12,0,1.1925,18.525,17.0,74.25,15.0
2024-08-19,NORTE2,pico_7_9,0,1.06,10.899999999999999,6.5,31.75,6.5
2024-08-19,SUR,fuera_pico_10_12,1,0.8550000000000001,12.075,27.0,52.25,16.201249999999998
2024-08-19,SUR,pico_7_9,1,0.8266666666666667,7.8125,8.75,30.25,6.832083333333333
2024-08-19,SUROESTE2,fuera_pico_10_12,1,1.3625,23.6,25.5,44.0,21.15
2024-08-19,SUROESTE2,pico_7_9,1,0.9175,12.975,4.5,38.0,11.942499999999999
2024-08-20,CENTRO,fuera_pico_10_12,1,1.13,24.549999999999997,30.5,56.0,17.93
2024-08-20,CENTRO,pico_7_9,1,1.04,18.5,8.0,55.5,14.65
2024-08-20,NORESTE3,fuera_pico_10_12,0,0.9286666666666666,10.400000000000002,30.7,35.83333333333333,15.645
2024-08-20,NORESTE3,pico_7_9,0,0.9155,12.333333333333332,10.766666666666667,34.83333333333333,10.6075
2024-08-20,NOROESTE3,fuera_pico_10_12,0,1.17,9.600000000000001,32.16666666666667,45.66666666666666,6.4775
2024-08-20,NOROESTE3,pico_7_9,0,1.2650000000000001,12.875,6.833333333333334,38.33333333333333,6.365
2024-08-20,NORTE2,fuera_pico_10_12,0,1.1575,20.575000000000003,23.5,74.0,10.0
2024-08-20,NORTE2,pico_7_9,0,1.205,18.55,5.75,54.0,9.5
2024-08-20,SUR,fuera_pico_10_12,1,1.0133333333333334,13.55,33.875,69.25,18.23625
2024-08-20,SUR,pico_7_9,1,0.8766666666666667,11.125,11.875,38.25,10.876249999999999
2024-08-20,SUROESTE2,fuera_pico_10_12,1,1.12,22.175,38.0,87.25,26.2025
2024-08-20,SUROESTE2,pico_7_9,1,1.09,19.25,6.5,58.25,17.0525
2024-08-21,CENTRO,fuera_pico_10_12,1,1.35,32.3,37.5,85.0,20.814999999999998
2024-08-21,CENTRO,pico_7_9,1,1.13,24.9,6.5,61.0,20.355
2024-08-21,NORESTE3,fuera_pico_10_12,0,1.0296666666666667,16.0,32.93333333333333,55.66666666666667,25.68
2024-08-21,NORESTE3,pico_7_9,0,0.9681666666666666,14.883333333333333,10.933333333333334,41.16666666666666,12.305
2024-08-21,NOROESTE3,fuera_pico_10_12,0,1.29,17.06666666666667,33.83333333333333,74.66666666666666,7.3925
2024-08-21,NOROESTE3,pico_7_9,0,1.5675,17.733333333333334,5.666666666666667,53.33333333333333,9.0175
2024-08-21,NORTE2,fuera_pico_10_12,0,0.925,26.375,33.5,104.75,11.0
2024-08-21,NORTE2,pico_7_9,0,1.0175,25.45,5.75,70.75,15.0
2024-08-21,SUR,fuera_pico_10_12,1,0.96,17.2375,42.875,67.875,18.449166666666667
2024-08-21,SUR,pico_7_9,1,1.0250000000000001,14.8625,11.5,51.25,13.7975
2024-08-21,SUROESTE2,fuera_pico_10_12,1,1.1375000000000002,25.924999999999997,43.5,83.25,31.88
2024-08-21,SUROESTE2,pico_7_9,1,0.9975,21.775000000000002,9.75,75.0,31.825
2024-08-22,CENTRO,fuera_pico_10_12,1,1.165,30.2,43.5,83.5,21.335
2024-08-22,CENTRO,pico_7_9,1,1.0750000000000002,23.15,9.5,58.5,15.98
2024-08-22,NORESTE3,fuera_pico_10_12,0,1.02,14.600000000000001,37.56666666666666,45.66666666666667,22.7425
2024-08-22,NORESTE3,pico_7_9,0,0.9391666666666667,14.533333333333335,15.25,51.833333333333336,11.032499999999999
2024-08-22,NOROESTE3,fuera_pico_10_12,0,1.34,16.28333333333333,44.0,65.66666666666667,8.690000000000001
2024-08-22,NOROESTE3,pico_7_9,0,1.75,22.233333333333334,5.333333333333333,68.5,10.125
2024-08-22,NORTE2,fuera_pico_10_12,0,0.91,30.875,37.5,92.5,18.5
2024-08-22,NORTE2,pico_7_9,0,0.8725,27.525000000000002,8.25,72.5,7.5
2024-08-22,SUR,fuera_pico_10_12,1,0.8966666666666666,14.2125,45.0,74.29166666666666,22.971249999999998
2024-08-22,SUR,pico_7_9,1,0.96,16.174999999999997,12.75,53.75,14.46875
2024-08-22,SUROESTE2,fuera_pico_10_12,1,1.18,30.700000000000003,44.25,104.75,32.385000000000005
2024-08-22,SUROESTE2,pico_7_9,1,1.22,31.575000000000003,7.75,85.0,19.505
2024-08-23,CENTRO,fuera_pico_10_12,1,1.255,30.5,31.0,83.5,21.494999999999997
2024-08-23,CENTRO,pico_7_9,1,1.02,19.4,9.5,48.5,13.23
2024-08-23,NORESTE3,fuera_pico_10_12,0,0.993,11.616666666666667,32.28333333333333,38.0,19.762500000000003
2024-08-23,NORESTE3,pico_7_9,0,0.9591666666666667,14.149999999999999,10.716666666666669,38.83333333333333,8.9825
2024-08-23,NOROESTE3,fuera_pico_10_12,0,1.2575,13.983333333333334,35.666666666666664,60.33333333333333,6.98
2024-08-23,NOROESTE3,pico_7_9,0,1.4,17.566666666666666,6.833333333333334,41.66666666666667,7.5649999999999995
2024-08-23,NORTE2,fuera_pico_10_12,0,0.885,25.275,31.5,89.25,12.25
2024-08-23,NORTE2,pico_7_9,0,0.905,23.75,6.75,64.5,6.0
2024-08-23,SUR,fuera_pico_10_12,1,0.8883333333333334,14.712499999999999,37.5,58.125,20.34875
2024-08-23,SUR,pico_7_9,1,0.875,12.65,12.75,40.625,9.92875
2024-08-23,SUROESTE2,fuera_pico_10_12,1,1.305,26.3,38.5,114.25,25.6875
2024-08-23,SUROESTE2,pico_7_9,1,1.14,26.675,5.0,61.75,16.2
2024-08-24,CENTRO,fuera_pico_10_12,1,1.06,23.5,26.5,66.0,27.2
2024-08-24,CENTRO,pico_7_9,1,0.99,15.100000000000001,7.5,62.0,20.759999999999998
2024-08-24,NORESTE3,fuera_pico_10_12,0,0.9633333333333332,10.133333333333333,27.933333333333337,48.5,31.7175
2024-08-24,NORESTE3,pico_7_9,0,0.9441666666666667,11.233333333333334,10.05,40.66666666666666,12.68
2024-08-24,NOROESTE3,fuera_pico_10_12,0,1.2575,13.133333333333333,28.666666666666668,73.5,12.555
2024-08-24,NOROESTE3,pico_7_9,0,1.17,12.349999999999998,7.0,39.33333333333333,8.39
2024-08-24,NORTE2,fuera_pico_10_12,0,0.8600000000000001,21.2,27.0,78.25,21.75
2024-08-24,NORTE2,pico_7_9,0,0.835,17.025,7.5,44.5,8.75
2024-08-24,SUR,fuera_pico_10_12,1,0.8666666666666667,12.525,34.375,64.75,25.0825
2024-08-24,SUR,pico_7_9,1,0.75,9.2875,11.5,44.125,13.475000000000001
2024-08-24,SUROESTE2,fuera_pico_10_12,1,1.01,21.700000000000003,38.75,67.5,32.0475
2024-08-24,SUROESTE2,pico_7_9,1,0.885,15.225,7.0,46.25,16.2725
2024-08-25,CENTRO,fuera_pico_10_12,1,0.815,10.2,26.0,54.0,25.84
2024-08-25,CENTRO,pico_7_9,1,0.84,13.45,6.0,56.0,20.64
2024-08-25,NORESTE3,fuera_pico_10_12,0,0.9265000000000001,6.266666666666666,24.716666666666665,46.66666666666666,24.8675
2024-08-25,NORESTE3,pico_7_9,0,0.8895000000000001,7.216666666666667,13.649999999999999,41.66666666666666,15.3675
2024-08-25,NOROESTE3,fuera_pico_10_12,0,1.17,5.416666666666667,28.166666666666668,39.83333333333333,10.48
2024-08-25,NOROESTE3,pico_7_9,0,1.105,6.783333333333333,10.833333333333332,33.0,8.59
2024-08-25,NORTE2,fuera_pico_10_12,0,0.8049999999999999,9.2,26.0,49.75,16.5
2024-08-25,NORTE2,pico_7_9,0,0.77,9.775,11.75,45.0,12.75
2024-08-25,SUR,fuera_pico_10_12,1,0.655,3.725,29.25,50.0,18.810000000000002
2024-08-25,SUR,pico_7_9,1,0.6500000000000001,3.925,16.25,40.125,11.685
2024-08-25,SUROESTE2,fuera_pico_10_12,1,0.73,9.125,29.25,50.75,25.48
2024-08-25,SUROESTE2,pico_7_9,1,0.7725,11.75,8.0,55.0,17.285
2024-08-26,CENTRO,fuera_pico_10_12,1,1.1600000000000001,20.950000000000003,25.5,70.0,27.475
2024-08-26,CENTRO,pico_7_9,1,1.08,16.45,6.0,54.0,17.88
2024-08-26,NORESTE3,fuera_pico_10_12,0,0.98,9.483333333333334,25.700000000000003,47.5,24.555
2024-08-26,NORESTE3,pico_7_9,0,1.0095,11.483333333333334,8.283333333333333,47.33333333333333,14.5075
2024-08-26,NOROESTE3,fuera_pico_10_12,0,1.2225000000000001,11.05,27.833333333333332,49.33333333333333,9.675
2024-08-26,NOROESTE3,pico_7_9,0,1.2349999999999999,11.75,6.0,41.833333333333336,7.755
2024-08-26,NORTE2,fuera_pico_10_12,1,0.8225,18.0,28.0,65.25,15.0
2024-08-26,NORTE2,pico_7_9,1,0.8099999999999999,17.675,5.5,57.0,10.5
2024-08-26,SUR,fuera_pico_10_12,1,0.815,8.7125,39.625,61.5,22.0325
2024-08-26,SUR,pico_7_9,1,0.7866666666666667,8.537500000000001,10.125,45.75,12.73875
2024-08-26,SUROESTE2,fuera_pico_10_12,1,1.17,18.65,25.25,53.75,25.655
2024-08-26,SUROESTE2,pico_7_9,1,1.19,16.35,3.5,63.5,19.12
2024-08-27,CENTRO,fuera_pico_10_12,1,1.12,20.7,19.5,59.0,28.689999999999998
2024-08-27,CENTRO,pico_7_9,1,0.94,13.9,7.0,59.0,15.475
2024-08-27,NORESTE3,fuera_pico_10_12,0,0.9969999999999999,9.016666666666667,26.133333333333333,37.66666666666667,24.3375
2024-08-27,NORESTE3,pico_7_9,0,0.9268333333333332,9.133333333333333,8.933333333333334,38.66666666666667,9.9575
2024-08-27,NOROESTE3,fuera_pico_10_12,0,0.96,8.8,27.499999999999996,53.83333333333333,11.684999999999999
2024-08-27,NOROESTE3,pico_7_9,0,1.0,9.966666666666665,6.333333333333334,33.0,6.9799999999999995
2024-08-27,NORTE2,fuera_pico_10_12,1,0.8075,17.950000000000003,23.75,73.75,16.0
2024-08-27,NORTE2,pico_7_9,1,0.7799999999999999,15.0,5.0,43.0,10.25
2024-08-27,SUR,fuera_pico_10_12,1,0.91,9.425,30.0,66.75,26.228749999999998
2024-08-27,SUR,pico_7_9,1,0.7275,8.4375,10.25,39.5,12.779166666666667
2024-08-27,SUROESTE2,fuera_pico_10_12,1,1.0225,19.375,34.0,78.25,31.880000000000003
2024-08-27,SUROESTE2,pico_7_9,1,0.8049999999999999,13.6,7.0,51.0,14.535
2024-08-28,CENTRO,fuera_pico_10_12,1,1.1099999999999999,20.0,29.5,63.5,25.84
2024-08-28,CENTRO,pico_7_9,1,0.915,14.850000000000001,7.5,46.0,15.155
2024-08-28,NORESTE3,fuera_pico_10_12,0,1.3733333333333333,11.2,26.566666666666663,40.66666666666667,20.072499999999998
2024-08-28,NORESTE3,pico_7_9,0,1.2546666666666666,11.083333333333334,8.683333333333334,32.833333333333336,10.0
2024-08-28,NOROESTE3,fuera_pico_10_12,0,0.9550000000000001,9.483333333333333,29.666666666666664,48.5,10.7825
2024-08-28,NOROESTE3,pico_7_9,0,1.14,13.48333333333333,7.333333333333334,36.49999999999999,8.52
2024-08-28,NORTE2,fuera_pico_10_12,1,0.8474999999999999,20.575,30.25,54.0,18.75
2024-08-28,NORTE2,pico_7_9,1,0.8225,14.4,8.5,48.75,10.25
2024-08-28,SUR,fuera_pico_10_12,1,0.8466666666666666,11.5375,33.75,54.875,22.36625
2024-08-28,SUR,pico_7_9,1,0.9166666666666667,11.1875,7.625,49.5,12.880833333333332
2024-08-28,SUROESTE2,fuera_pico_10_12,1,0.935,17.575,36.5,88.75,32.22
2024-08-28,SUROESTE2,pico_7_9,1,0.95,14.774999999999999,8.5,47.5,22.3875
2024-08-29,CENTRO,fuera_pico_10_12,1,1.085,21.299999999999997,19.0,54.0,21.924999999999997
2024-08-29,CENTRO,pico_7_9,1,0.89,15.600000000000001,9.5,31.0,7.355
2024-08-29,NORESTE3,fuera_pico_10_12,0,1.245,8.666666666666666,23.716666666666665,35.666666666666664,8.647499999999999
2024-08-29,NORESTE3,pico_7_9,0,1.3653333333333333,14.683333333333334,10.65,30.5,14.86
2024-08-29,NOROESTE3,fuera_pico_10_12,0,0.7575000000000001,12.116666666666667,23.833333333333336,52.33333333333333,7.475
2024-08-29,NOROESTE3,pico_7_9,0,1.115,15.833333333333334,6.333333333333334,37.16666666666666,5.0175
2024-08-29,NORTE2,fuera_pico_10_12,1,0.8250000000000001,20.05,20.75,69.0,14.75
2024-08-29,NORTE2,pico_7_9,1,0.865,21.525,7.0,44.25,6.25
2024-08-29,SUR,fuera_pico_10_12,1,0.6683333333333333,9.433333333333334,27.0,42.333333333333336,14.001666666666669
2024-08-29,SUR,pico_7_9,1,0.6833333333333333,9.816666666666666,14.666666666666668,29.166666666666668,6.260000000000001
2024-08-29,SUROESTE2,fuera_pico_10_12,1,0.8925000000000001,14.875,27.25,43.5,14.455
2024-08-29,SUROESTE2,pico_7_9,1,0.9775,15.05,10.0,35.0,8.82
2024-08-30,CENTRO,fuera_pico_10_12,1,1.2149999999999999,20.15,38.5,93.0,21.259999999999998
2024-08-30,CENTRO,pico_7_9,1,1.045,20.299999999999997,6.5,46.0,11.84
2024-08-30,NORESTE3,fuera_pico_10_12,0,0.60775,10.266666666666666,36.733333333333334,58.333333333333336,14.53
2024-08-30,NORESTE3,pico_7_9,0,0.6855,16.116666666666667,9.483333333333334,32.5,16.0775
2024-08-30,NOROESTE3,fuera_pico_10_12,0,0.925,11.7,37.83333333333333,73.75,6.055
2024-08-30,NOROESTE3,pico_7_9,0,1.0875000000000001,17.8,5.5,38.66666666666667,7.195
2024-08-30,NORTE2,fuera_pico_10_12,1,0.815,22.8,36.0,110.25,16.5
2024-08-30,NORTE2,pico_7_9,1,0.8625,25.674999999999997,6.5,57.75,9.0
2024-08-30,SUR,fuera_pico_10_12,1,0.7375,15.6375,36.875,87.58333333333334,18.805
2024-08-30,SUR,pico_7_9,1,0.7525,13.625,10.625,47.75,12.13375
2024-08-30,SUROESTE2,fuera_pico_10_12,1,0.9824999999999999,22.5,54.75,86.0,34.370000000000005
2024-08-30,SUROESTE2,pico_7_9,1,1.125,26.075,10.75,74.0,20.5075
2024-08-31,CENTRO,fuera_pico_10_12,1,1.05,14.4,24.5,77.5,21.915
2024-08-31,CENTRO,pico_7_9,1,0.995,18.799999999999997,6.0,47.5,16.865
2024-08-31,NORESTE3,fuera_pico_10_12,0,0.8925000000000001,9.066666666666666,23.766666666666666,41.0,14.9725
2024-08-31,NORESTE3,pico_7_9,0,0.9795,17.933333333333334,6.25,50.66666666666667,11.585
2024-08-31,NOROESTE3,fuera_pico_10_12,0,0.55,11.883333333333333,27.166666666666664,63.66666666666667,12.12
2024-08-31,NOROESTE3,pico_7_9,0,0.9425,15.366666666666667,8.0,42.66666666666667,10.715
2024-08-31,NORTE2,fuera_pico_10_12,1,0.855,20.925,21.75,54.5,13.5
2024-08-31,NORTE2,pico_7_9,1,0.83,22.55,8.25,57.75,17.5
2024-08-31,SUR,fuera_pico_10_12,1,0.8433333333333333,10.925,26.875,57.5,17.146250000000002
2024-08-31,SUR,pico_7_9,1,0.8283333333333334,12.9125,10.5,44.125,15.682500000000001
2024-08-31,SUROESTE2,fuera_pico_10_12,1,0.975,19.650000000000002,31.0,82.0,25.35
2024-08-31,SUROESTE2,pico_7_9,1,0.955,19.25,7.25,50.75,20.552500000000002
2024-09-01,CENTRO,fuera_pico_10_12,1,0.94,9.05,39.0,35.0,14.01
2024-09-01,CENTRO,pico_7_9,1,1.025,13.0,14.0,34.5,4.98
2024-09-01,NORESTE3,fuera_pico_10_12,0,0.8923333333333333,6.416666666666666,39.2,16.833333333333336,7.9575
2024-09-01,NORESTE3,pico_7_9,0,0.9561666666666668,13.733333333333334,17.566666666666666,29.833333333333336,7.7875
2024-09-01,NOROESTE3,fuera_pico_10_12,0,0.975,8.024999999999999,37.5,28.25,3.0
2024-09-01,NOROESTE3,pico_7_9,0,1.045,10.75,20.75,21.0,3.5
2024-09-01,NORTE2,fuera_pico_10_12,1,0.8374999999999999,13.175,40.25,30.25,8.5
2024-09-01,NORTE2,pico_7_9,1,0.86,18.775000000000002,18.75,25.0,4.75
2024-09-01,SUR,fuera_pico_10_12,1,0.74125,9.975,40.0,27.625,11.26625
2024-09-01,SUR,pico_7_9,1,0.845,12.725,18.5,23.0,6.475
2024-09-01,SUROESTE2,fuera_pico_10_12,1,0.7725,10.0,47.5,37.25,12.58
2024-09-01,SUROESTE2,pico_7_9,1,0.9225,16.2,13.75,43.0,19.8725
2024-09-02,CENTRO,fuera_pico_10_12,1,1.06,23.2,15.0,63.0,18.23409092427256
2024-09-02,CENTRO,pico_7_9,1,0.895,21.8,10.0,31.5,11.460970331065965
2024-09-02,NORESTE3,fuera_pico_10_12,0,0.8556666666666667,7.716666666666667,27.46666666666667,22.833333333333336,9.8575
2024-09-02,NORESTE3,pico_7_9,0,0.9841666666666666,15.916666666666668,12.716666666666667,21.833333333333336,7.8925
2024-09-02,NOROESTE3,fuera_pico_10_12,0,0.5700000000000001,15.258333333333333,21.25,41.75,6.0
2024-09-02,NOROESTE3,pico_7_9,0,1.245,16.5,7.833333333333334,34.666666666666664,5.5
2024-09-02,NORTE2,fuera_pico_10_12,1,0.8725,20.475,20.75,72.5,9.25
2024-09-02,NORTE2,pico_7_9,1,0.87,26.975,8.75,38.5,9.5
2024-09-02,SUR,fuera_pico_10_12,1,0.69375,8.162500000000001,30.75,38.125,10.387083333333333
2024-09-02,SUR,pico_7_9,1,0.835,16.9125,15.875,32.75,9.54125
2024-09-02,SUROESTE2,fuera_pico_10_12,1,1.4825,27.775,16.25,44.25,17.817500000000003
2024-09-02,SUROESTE2,pico_7_9,1,1.1075,18.775,17.5,31.5,9.8575
2024-09-03,CENTRO,fuera_pico_10_12,1,1.0,22.6,28.5,27.0,6.501086956521739
2024-09-03,CENTRO,pico_7_9,1,0.845,20.05,8.5,29.5,10.688450154360533
2024-09-03,NORESTE3,fuera_pico_10_12,0,1.0233333333333332,14.716666666666665,32.38333333333333,42.16666666666667,9.6625
2024-09-03,NORESTE3,pico_7_9,0,1.0999999999999996,18.866666666666667,9.316666666666666,36.5,8.907499999999999
2024-09-03,NOROESTE3,fuera_pico_10_12,0,1.135,14.083333333333332,33.333333333333336,35.49999999999999,7.5225
2024-09-03,NOROESTE3,pico_7_9,0,1.0950000000000002,17.833333333333332,10.166666666666668,36.5,9.0
2024-09-03,NORTE2,fuera_pico_10_12,1,0.9375,31.1,28.0,56.75,17.75
2024-09-03,NORTE2,pico_7_9,1,1.0425,31.875,6.75,35.75,11.0
2024-09-03,SUR,fuera_pico_10_12,1,0.7575000000000001,9.1375,40.25,26.166666666666664,10.442083333333334
2024-09-03,SUR,pico_7_9,1,0.88375,12.95,14.625,24.375,10.425833333333333
2024-09-03,SUROESTE2,fuera_pico_10_12,1,1.055,17.425,39.75,47.0,9.9225
2024-09-03,SUROESTE2,pico_7_9,1,1.21,17.925,10.0,30.25,11.377500000000001
2024-09-04,CENTRO,fuera_pico_10_12,1,0.895,18.75,18.0,23.5,6.675000000000001
2024-09-04,CENTRO,pico_7_9,1,0.8500000000000001,21.8,7.5,23.5,7.699999999999999
2024-09-04,NORESTE3,fuera_pico_10_12,0,0.9450000000000001,9.866666666666667,25.566666666666663,28.5,8.105
2024-09-04,NORESTE3,pico_7_9,0,1.0223333333333333,18.349999999999998,8.8,28.0,6.965
2024-09-04,NOROESTE3,fuera_pico_10_12,0,1.0150000000000001,9.316666666666666,22.33333333333333,19.33333333333333,2.5
2024-09-04,NOROESTE3,pico_7_9,0,0.98,17.1,7.666666666666667,21.0,2.5
2024-09-04,NORTE2,fuera_pico_10_12,1,0.94,17.1,24.0,41.25,5.5
2024-09-04,NORTE2,pico_7_9,1,1.0625,25.825000000000003,4.5,33.0,8.0
2024-09-04,SUR,fuera_pico_10_12,1,0.7250000000000001,7.9375,28.25,21.875,6.75625
2024-09-04,SUR,pico_7_9,1,0.94625,17.737499999999997,11.875,26.75,8.89
2024-09-04,SUROESTE2,fuera_pico_10_12,1,1.0225,14.55,23.25,19.0,4.654999999999999
2024-09-04,SUROESTE2,pico_7_9,1,1.2574999999999998,21.5,8.75,25.0,9.3925
2024-09-05,CENTRO,fuera_pico_10_12,1,0.8300000000000001,11.149999999999999,19.0,20.5,7.38
2024-09-05,CENTRO,pico_7_9,1,0.795,15.85,11.0,32.0,8.504999999999999
2024-09-05,NORESTE3,fuera_pico_10_12,0,0.6843333333333333,8.9,24.883333333333333,19.333333333333336,5.23
2024-09-05,NORESTE3,pico_7_9,0,0.46983333333333344,12.350000000000001,16.78333333333333,14.5,5.01
2024-09-05,NOROESTE3,fuera_pico_10_12,0,1.245,11.299999999999999,20.166666666666664,18.916666666666664,5.5
2024-09-05,NOROESTE3,pico_7_9,0,1.4249999999999998,12.95,10.5,17.333333333333336,3.0
2024-09-05,NORTE2,fuera_pico_10_12,1,0.9025000000000001,17.6,20.0,22.5,3.25
2024-09-05,NORTE2,pico_7_9,1,0.8925000000000001,19.275,11.75,37.5,10.25
2024-09-05,SUR,fuera_pico_10_12,1,0.7875,10.625,23.0,23.25,8.68833333333333
2024-09-05,SUR,pico_7_9,1,0.735,10.35,18.125,23.5,6.44875
2024-09-05,SUROESTE2,fuera_pico_10_12,1,0.9175,12.825,21.5,18.5,5.155
2024-09-05,SUROESTE2,pico_7_9,1,1.2999999999999998,18.225,6.5,35.5,10.51
2024-09-06,CENTRO,fuera_pico_10_12,1,0.935,19.15,16.0,44.5,14.37
2024-09-06,CENTRO,pico_7_9,1,0.76,24.95,7.5,46.0,11.905000000000001
2024-09-06,NORESTE3,fuera_pico_10_12,0,0.6468333333333334,11.55,22.05,32.25,9.427499999999998
2024-09-06,NORESTE3,pico_7_9,0,0.9938333333333335,21.766666666666666,6.45,41.66666666666667,14.52
2024-09-06,NOROESTE3,fuera_pico_10_12,0,1.085,15.383333333333333,13.333333333333334,33.833333333333336,5.075
2024-09-06,NOROESTE3,pico_7_9,0,1.2374999999999998,19.28333333333333,5.333333333333333,24.666666666666668,5.89
2024-09-06,NORTE2,fuera_pico_10_12,1,0.975,20.0,15.5,48.75,18.75
2024-09-06,NORTE2,pico_7_9,1,1.0375,25.675,9.0,38.75,11.75
2024-09-06,SUR,fuera_pico_10_12,1,0.76875,9.1875,27.0,37.25,12.403749999999999
2024-09-06,SUR,pico_7_9,1,0.945,18.8625,9.375,40.25,15.161249999999999
2024-09-06,SUROESTE2,fuera_pico_10_12,1,1.3925,22.55,9.75,43.5,17.2675
2024-09-06,SUROESTE2,pico_7_9,1,1.4225,20.075000000000003,5.75,32.25,13.4725
2024-09-07,CENTRO,fuera_pico_10_12,1,0.64,9.2,41.0,33.5,14.06
2024-09-07,CENTRO,pico_7_9,1,0.6799999999999999,18.4,14.5,40.0,14.129999999999999
2024-09-07,NORESTE3,fuera_pico_10_12,0,0.7209999999999999,6.5,39.766666666666666,31.83333333333333,6.42
2024-09-07,NORESTE3,pico_7_9,0,0.6819999999999999,14.1,18.516666666666666,45.0,11.9925
2024-09-07,NOROESTE3,fuera_pico_10_12,0,1.272727272727273,7.8500000000000005,33.5,24.75,5.763338745120888
2024-09-07,NOROESTE3,pico_7_9,0,1.13,12.416666666666668,20.5,20.83333333333333,7.775882207896689
2024-09-07,NORTE2,fuera_pico_10_12,1,0.86,15.025,35.5,31.75,2.75
2024-09-07,NORTE2,pico_7_9,1,0.8925000000000001,25.35,16.25,37.75,7.75
2024-09-07,SUR,fuera_pico_10_12,1,0.65875,5.9875,40.25,37.625,6.63875
2024-09-07,SUR,pico_7_9,1,0.785,14.350000000000001,16.75,48.75,12.74625
2024-09-07,SUROESTE2,fuera_pico_10_12,1,0.7275,8.425,38.75,22.75,11.39
2024-09-07,SUROESTE2,pico_7_9,1,0.8300000000000001,15.75,21.0,36.5,13.307500000000001
2024-09-08,CENTRO,fuera_pico_10_12,1,0.6950000000000001,6.7,59.0,39.0,13.7
2024-09-08,CENTRO,pico_7_9,1,0.74,10.65,40.5,41.0,11.145
2024-09-08,NORESTE3,fuera_pico_10_12,0,0.7703333333333333,6.083333333333334,50.96666666666667,30.999999999999996,11.8175
2024-09-08,NORESTE3,pico_7_9,0,0.6931666666666667,12.733333333333333,31.366666666666667,34.0,14.305
2024-09-08,NOROESTE3,fuera_pico_10_12,0,1.22,9.175,49.75,44.5,8.717783834163232
2024-09-08,NOROESTE3,pico_7_9,0,1.2,13.225,27.5,52.5,6.110561976386546
2024-09-08,NORTE2,fuera_pico_10_12,1,0.7475,7.9,49.5,41.5,7.5
2024-09-08,NORTE2,pico_7_9,1,0.8350000000000001,23.674999999999997,25.0,42.0,5.5
2024-09-08,SUR,fuera_pico_10_12,1,0.67625,5.2875,54.375,42.5,12.969999999999999
2024-09-08,SUR,pico_7_9,1,0.72875,10.649999999999999,29.625,45.0,12.2275
2024-09-08,SUROESTE2,fuera_pico_10_12,1,0.79,8.825,60.0,34.0,18.2725
2024-09-08,SUROESTE2,pico_7_9,1,0.7025,6.325,45.75,23.75,11.600000000000001
2024-09-09,CENTRO,fuera_pico_10_12,1,0.865,12.0,56.5,48.0,15.24
2024-09-09,CENTRO,pico_7_9,1,0.775,26.15,13.0,49.0,15.365
2024-09-09,NORESTE3,fuera_pico_10_12,0,0.8241666666666667,11.166666666666668,44.14999999999999,67.5,20.3925
2024-09-09,NORESTE3,pico_7_9,0,0.9023333333333334,22.866666666666667,11.733333333333334,72.0,24.465
2024-09-09,NOROESTE3,fuera_pico_10_12,0,0.9775,12.416666666666668,44.0,65.5,7.0
2024-09-09,NOROESTE3,pico_7_9,0,1.0375,20.1,7.166666666666666,76.33333333333333,7.649242424242424
2024-09-09,NORTE2,fuera_pico_10_12,1,0.91,24.75,41.25,58.0,13.5
2024-09-09,NORTE2,pico_7_9,1,1.1925,35.95,5.75,76.75,14.25
2024-09-09,SUR,fuera_pico_10_12,1,0.78625,10.7375,50.0,59.875,18.29875
2024-09-09,SUR,pico_7_9,1,1.0175,23.7875,13.0,61.875,21.84125
2024-09-09,SUROESTE2,fuera_pico_10_12,1,0.895,15.675,53.75,57.0,19.377499999999998
2024-09-09,SUROESTE2,pico_7_9,1,1.2875,31.175,12.75,61.5,22.560000000000002
2024-09-10,CENTRO,fuera_pico_10_12,1,0.92,22.15,32.5,59.5,11.100000000000001
2024-09-10,CENTRO,pico_7_9,1,0.81,28.35,11.0,60.5,11.96
2024-09-10,NORESTE3,fuera_pico_10_12,0,0.944,12.783333333333335,42.96666666666667,93.83333333333334,14.925
2024-09-10,NORESTE3,pico_7_9,0,0.9183333333333332,24.133333333333333,17.666666666666668,47.5,23.052500000000002
2024-09-10,NOROESTE3,fuera_pico_10_12,0,1.285,13.116666666666667,32.49999999999999,71.16666666666667,7.345000000000001
2024-09-10,NOROESTE3,pico_7_9,0,0.9700000000000001,22.516666666666666,9.333333333333334,57.83333333333333,5.855
2024-09-10,NORTE2,fuera_pico_10_12,1,0.9850000000000001,26.65,31.5,65.5,11.5
2024-09-10,NORTE2,pico_7_9,1,0.9650000000000001,35.575,11.25,93.0,10.75
2024-09-10,SUR,fuera_pico_10_12,1,0.9337500000000001,14.5875,43.5,78.75,17.10625
2024-09-10,SUR,pico_7_9,1,1.05125,25.35,14.0,61.875,15.33875
2024-09-10,SUROESTE2,fuera_pico_10_12,1,1.24,30.825,25.25,81.75,26.6375
2024-09-10,SUROESTE2,pico_7_9,1,1.3199999999999998,31.375,7.0,52.75,20.162499999999998
2024-09-11,CENTRO,fuera_pico_10_12,1,0.965,29.4,38.0,74.0,11.094999999999999
2024-09-11,CENTRO,pico_7_9,1,0.825,25.05,9.5,45.5,12.385000000000002
2024-09-11,NORESTE3,fuera_pico_10_12,0,0.8278333333333333,10.216666666666665,44.508333333333326,67.16666666666667,12.02
2024-09-11,NORESTE3,pico_7_9,0,1.186,24.225,5.175,84.25,24.295
2024-09-11,NOROESTE3,fuera_pico_10_12,0,1.18,11.116666666666665,46.833333333333336,68.16666666666666,6.9025
2024-09-11,NOROESTE3,pico_7_9,0,1.085,19.666666666666664,4.5,74.16666666666666,8.985
2024-09-11,NORTE2,fuera_pico_10_12,1,0.8775,23.525,40.75,68.75,7.5
2024-09-11,NORTE2,pico_7_9,1,1.4625,32.875,4.75,107.75,9.5
2024-09-11,SUR,fuera_pico_10_12,1,0.9225000000000001,13.100000000000001,45.25,80.25,21.71
2024-09-11,SUR,pico_7_9,1,1.30125,19.5,7.625,89.625,22.31625
2024-09-11,SUROESTE2,fuera_pico_10_12,1,1.0825,20.25,44.0,78.0,28.3525
2024-09-11,SUROESTE2,pico_7_9,1,1.5299999999999998,33.9,7.75,108.0,34.445
2024-09-12,CENTRO,fuera_pico_10_12,1,1.295,33.9,41.0,106.5,20.259999999999998
2024-09-12,CENTRO,pico_7_9,1,1.0950000000000002,34.849999999999994,6.5,100.0,18.78
2024-09-12,NORESTE3,fuera_pico_10_12,0,0.9626666666666668,16.45,36.3,67.66666666666667,19.82
2024-09-12,NORESTE3,pico_7_9,0,1.028,27.383333333333333,7.333333333333333,88.0,44.63
2024-09-12,NOROESTE3,fuera_pico_10_12,0,1.2275,17.95,38.333333333333336,114.5,16.560000000000002
2024-09-12,NOROESTE3,pico_7_9,0,1.4024999999999999,21.5,3.8333333333333335,135.0,12.975000000000001
2024-09-12,NORTE2,fuera_pico_10_12,1,0.9225000000000001,32.0,34.5,106.5,21.25
2024-09-12,NORTE2,pico_7_9,1,1.135,44.675000000000004,6.25,77.75,20.25
2024-09-12,SUR,fuera_pico_10_12,1,1.1,20.625,43.75,93.875,27.56125
2024-09-12,SUR,pico_7_9,1,1.23625,20.950000000000003,9.0,74.125,22.94375
2024-09-12,SUROESTE2,fuera_pico_10_12,1,1.2625000000000002,29.975,55.5,102.0,45.2675
2024-09-12,SUROESTE2,pico_7_9,1,1.3924999999999998,29.85,7.75,98.25,34.185
2024-09-13,CENTRO,fuera_pico_10_12,1,0.975,25.049999999999997,16.5,91.0,16.25
2024-09-13,CENTRO,pico_7_9,1,0.9,20.1,8.0,55.0,17.47
2024-09-13,NORESTE3,fuera_pico_10_12,0,0.9430000000000001,13.316666666666666,24.433333333333334,49.5,23.525
2024-09-13,NORESTE3,pico_7_9,0,0.9106666666666667,15.850000000000001,13.183333333333334,50.16666666666666,13.235
2024-09-13,NOROESTE3,fuera_pico_10_12,0,1.3399999999999999,13.066666666666666,27.333333333333332,62.166666666666664,14.075
2024-09-13,NOROESTE3,pico_7_9,0,1.18,12.166666666666668,11.0,62.16666666666667,11.0
2024-09-13,NORTE2,fuera_pico_10_12,1,0.92,24.45,22.0,68.25,17.25
2024-09-13,NORTE2,pico_7_9,1,0.9375,22.475,8.75,57.0,8.25
2024-09-13,SUR,fuera_pico_10_12,1,0.9275,8.45,30.25,56.25,16.305416666666666
2024-09-13,SUR,pico_7_9,1,0.91,11.25,14.125,46.375,19.681666666666665
2024-09-13,SUROESTE2,fuera_pico_10_12,1,1.4175,23.200000000000003,24.25,72.0,37.144999999999996
2024-09-13,SUROESTE2,pico_7_9,1,1.2525,20.825,6.75,63.75,32.3675
2024-09-14,CENTRO,fuera_pico_10_12,1,0.8200000000000001,16.65,13.5,63.5,16.47
2024-09-14,CENTRO,pico_7_9,1,0.7050000000000001,10.75,8.5,48.0,17.78
2024-09-14,NORESTE3,fuera_pico_10_12,0,0.6435,10.600000000000001,22.78333333333333,45.0,23.384999999999998
2024-09-14,NORESTE3,pico_7_9,0,0.7828333333333333,10.833333333333332,10.316666666666666,49.33333333333333,24.595
2024-09-14,NOROESTE3,fuera_pico_10_12,0,0.985,6.25,22.0,55.66666666666667,11.7675
2024-09-14,NOROESTE3,pico_7_9,0,0.8899999999999999,6.616666666666667,10.333333333333334,39.0,10.05
2024-09-14,NORTE2,fuera_pico_10_12,1,0.92,14.125,17.75,55.75,7.0
2024-09-14,NORTE2,pico_7_9,1,0.885,12.05,10.0,48.0,18.75
2024-09-14,SUR,fuera_pico_10_12,1,0.84125,3.8625,27.375,44.875,12.03375
2024-09-14,SUR,pico_7_9,1,0.82125,4.65,15.0,39.625,18.54
2024-09-14,SUROESTE2,fuera_pico_10_12,1,1.015,13.55,20.0,60.75,31.955
2024-09-14,SUROESTE2,pico_7_9,1,0.81,14.925,5.0,54.5,24.845
2024-09-15,CENTRO,fuera_pico_10_12,1,0.795,7.0,23.0,25.0,13.55
2024-09-15,CENTRO,pico_7_9,1,0.675,10.75,18.5,23.5,9.785
2024-09-15,NORESTE3,fuera_pico_10_12,0,0.7193333333333334,8.983333333333334,20.53333333333333,16.09166666666667,9.915
2024-09-15,NORESTE3,pico_7_9,0,0.6308333333333332,8.616666666666667,20.46666666666667,8.998333333333333,4.865
2024-09-15,NOROESTE3,fuera_pico_10_12,0,0.9099999999999999,4.766666666666667,22.5,11.0,2.7675
2024-09-15,NOROESTE3,pico_7_9,0,0.81,4.283333333333333,21.5,9.666666666666668,6.140000000000001
2024-09-15,NORTE2,fuera_pico_10_12,1,0.945,12.825,22.0,14.0,4.5
2024-09-15,NORTE2,pico_7_9,1,0.8674999999999999,18.200000000000003,18.25,11.0,5.25
2024-09-15,SUR,fuera_pico_10_12,1,0.97375,8.616666666666667,21.75,17.375,9.914166666666667
2024-09-15,SUR,pico_7_9,1,0.83,8.3,20.25,20.25,10.5
2024-09-15,SUROESTE2,fuera_pico_10_12,1,0.87,9.399999999999999,28.25,20.5,12.129999999999999
2024-09-15,SUROESTE2,pico_7_9,1,0.69,9.125,23.0,13.5,3.615
2024-09-16,CENTRO,fuera_pico_10_12,1,0.71,12.5,9.0,31.0,6.570287675264799
2024-09-16,CENTRO,pico_7_9,1,0.675,9.1,11.5,26.0,8.695429287865977
2024-09-16,NORESTE3,fuera_pico_10_12,0,0.6303333333333334,6.7,17.333333333333332,8.991666666666667,4.605
2024-09-16,NORESTE3,pico_7_9,0,0.5886666666666667,8.233333333333334,13.933333333333334,13.993333333333334,8.245000000000001
2024-09-16,NOROESTE3,fuera_pico_10_12,0,0.81,3.975,16.5,23.0,3.105
2024-09-16,NOROESTE3,pico_7_9,0,0.7725,4.641666666666667,10.166666666666668,11.333333333333332,3.3775
2024-09-16,NORTE2,fuera_pico_10_12,1,0.8674999999999999,10.9,15.5,19.0,6.75
2024-09-16,NORTE2,pico_7_9,1,0.85,12.725,12.0,12.5,5.75
2024-09-16,SUR,fuera_pico_10_12,1,0.8512500000000001,4.683333333333334,18.75,17.125,7.666666666666666
2024-09-16,SUR,pico_7_9,1,0.79375,4.941666666666667,16.375,13.5,5.333333333333334
2024-09-16,SUROESTE2,fuera_pico_10_12,1,0.9825,7.525,17.0,15.75,9.182500000000001
2024-09-16,SUROESTE2,pico_7_9,1,0.8875,10.25,9.75,25.25,8.795
2024-09-17,CENTRO,fuera_pico_10_12,1,1.0550000000000002,19.65,11.5,55.5,2.2249999999999996
2024-09-17,CENTRO,pico_7_9,1,0.76,12.5,7.5,39.5,14.852960006986075
2024-09-17,NORESTE3,fuera_pico_10_12,0,1.012,11.1,16.366666666666664,22.24666666666667,10.855
2024-09-17,NORESTE3,pico_7_9,0,0.8059999999999999,12.033333333333335,9.066666666666666,25.963333333333335,10.7
2024-09-17,NOROESTE3,fuera_pico_10_12,0,0.9275,6.558333333333334,17.166666666666664,27.583333333333336,6.4375
2024-09-17,NOROESTE3,pico_7_9,0,0.89,9.975000000000001,7.0,26.75,5.3
2024-09-17,NORTE2,fuera_pico_10_12,1,0.955,18.475,16.5,47.5,5.0
2024-09-17,NORTE2,pico_7_9,1,0.9125000000000001,19.725,2.5,51.5,8.75
2024-09-17,SUR,fuera_pico_10_12,1,0.98,4.3,19.5,27.375,8.865
2024-09-17,SUR,pico_7_9,1,1.05,7.137499999999999,7.5,30.0,12.545833333333334
2024-09-17,SUROESTE2,fuera_pico_10_12,1,1.1825,18.55,15.25,46.5,28.1075
2024-09-17,SUROESTE2,pico_7_9,1,1.04,14.925,4.75,48.5,17.355
2024-09-18,CENTRO,fuera_pico_10_12,1,1.1349999999999998,17.2,7.5,88.5,34.075
2024-09-18,CENTRO,pico_7_9,1,0.96,12.8,4.0,44.0,22.0
2024-09-18,NORESTE3,fuera_pico_10_12,0,0.7281666666666666,9.266666666666666,15.016666666666666,38.57833333333333,17.475
2024-09-18,NORESTE3,pico_7_9,0,0.7313333333333333,10.5,7.1,44.116666666666674,11.915
2024-09-18,NOROESTE3,fuera_pico_10_12,0,0.8925000000000001,9.375,10.5,49.16666666666666,9.4225
2024-09-18,NOROESTE3,pico_7_9,0,0.895,8.8,4.5,40.0,6.925
2024-09-18,NORTE2,fuera_pico_10_12,1,0.9125000000000001,19.7,8.5,53.25,18.25
2024-09-18,NORTE2,pico_7_9,1,0.8975,14.75,5.5,28.25,5.75
2024-09-18,SUR,fuera_pico_10_12,1,0.98125,5.783333333333333,16.0,56.333333333333336,19.02
2024-09-18,SUR,pico_7_9,1,0.8887499999999999,6.533333333333333,7.375,36.833333333333336,12.475
2024-09-18,SUROESTE2,fuera_pico_10_12,1,1.3800000000000001,18.65,15.0,61.5,31.9525
2024-09-18,SUROESTE2,pico_7_9,1,1.1275,11.725000000000001,4.75,42.25,10.1025
2024-09-19,CENTRO,fuera_pico_10_12,1,0.9950000000000001,16.65,10.0,67.0,27.495
2024-09-19,CENTRO,pico_7_9,1,0.9099999999999999,12.05,4.0,44.5,21.155
2024-09-19,NORESTE3,fuera_pico_10_12,0,0.6044999999999999,7.983333333333333,15.95,47.31666666666667,21.7
2024-09-19,NORESTE3,pico_7_9,0,0.7486666666666667,11.033333333333333,7.4,55.12166666666667,18.994999999999997
2024-09-19,NOROESTE3,fuera_pico_10_12,0,0.8825000000000001,7.2749999999999995,16.166666666666664,50.66666666666666,11.335
2024-09-19,NOROESTE3,pico_7_9,0,0.8975,9.025,4.166666666666667,38.5,9.842500000000001
2024-09-19,NORTE2,fuera_pico_10_12,1,0.9025000000000001,12.225,14.0,61.0,10.75
2024-09-19,NORTE2,pico_7_9,1,0.94,13.15,3.0,42.75,12.75
2024-09-19,SUR,fuera_pico_10_12,1,0.8925,4.783333333333333,18.75,51.5,17.4225
2024-09-19,SUR,pico_7_9,1,0.9075,5.133333333333333,9.0,43.875,16.10875
2024-09-19,SUROESTE2,fuera_pico_10_12,1,1.2475,15.899999999999999,21.25,54.5,27.78
2024-09-19,SUROESTE2,pico_7_9,1,1.1475,14.675,4.75,38.5,14.8275
2024-09-20,CENTRO,fuera_pico_10_12,1,0.865,11.8,19.0,30.5,23.229999999999997
2024-09-20,CENTRO,pico_7_9,1,0.835,10.0,6.5,39.0,19.415
2024-09-20,NORESTE3,fuera_pico_10_12,0,0.6175,8.733333333333334,19.81666666666667,52.11,24.795
2024-09-20,NORESTE3,pico_7_9,0,0.6955,10.183333333333334,9.5,53.59166666666667,22.825
2024-09-20,NOROESTE3,fuera_pico_10_12,0,0.93,7.550000000000001,22.0,48.16666666666667,11.08
2024-09-20,NOROESTE3,pico_7_9,0,0.8300000000000001,7.65,8.5,30.166666666666668,9.350000000000001
2024-09-20,NORTE2,fuera_pico_10_12,1,0.9075,13.125,24.0,57.25,9.5
2024-09-20,NORTE2,pico_7_9,1,0.9075,11.475,18.5,39.0,11.0
2024-09-20,SUR,fuera_pico_10_12,1,0.9450000000000001,2.6416666666666666,21.25,48.75,18.319166666666668
2024-09-20,SUR,pico_7_9,1,0.9025000000000001,4.175000000000001,8.625,43.875,21.598750000000003
2024-09-20,SUROESTE2,fuera_pico_10_12,1,1.0350000000000001,15.475,23.5,62.25,27.7325
2024-09-20,SUROESTE2,pico_7_9,1,1.0525,14.475,10.5,44.25,24.13
2024-09-21,CENTRO,fuera_pico_10_12,1,0.83,9.75,15.0,43.5,14.41
2024-09-21,CENTRO,pico_7_9,1,0.7949999999999999,8.899999999999999,6.0,36.5,14.145
2024-09-21,NORESTE3,fuera_pico_10_12,0,0.6058333333333333,7.466666666666667,14.8,37.55,13.93
2024-09-21,NORESTE3,pico_7_9,0,0.5723333333333334,8.966666666666667,7.016666666666667,34.105000000000004,12.42
2024-09-21,NOROESTE3,fuera_pico_10_12,0,0.91,7.175,16.833333333333332,33.99999999999999,7.387499999999999
2024-09-21,NOROESTE3,pico_7_9,0,0.8075,6.825,8.166666666666668,27.666666666666664,7.3025
2024-09-21,NORTE2,fuera_pico_10_12,1,0.8825000000000001,9.649999999999999,24.0,35.5,10.0
2024-09-21,NORTE2,pico_7_9,1,0.8450000000000001,10.45,13.5,29.75,6.5
2024-09-21,SUR,fuera_pico_10_12,1,0.9075,3.0166666666666666,18.0,35.75,13.848333333333333
2024-09-21,SUR,pico_7_9,1,0.8725,3.383333333333333,11.5,32.25,11.658333333333333
2024-09-21,SUROESTE2,fuera_pico_10_12,1,0.94,12.45,14.5,45.0,19.997500000000002
2024-09-21,SUROESTE2,pico_7_9,1,0.76,10.875,4.5,46.25,14.5275
2024-09-22,CENTRO,fuera_pico_10_12,1,0.795,9.4,11.5,47.5,16.175
2024-09-22,CENTRO,pico_7_9,1,0.725,5.35,6.5,22.5,7.325
2024-09-22,NORESTE3,fuera_pico_10_12,0,0.5463333333333333,5.966666666666667,15.366666666666665,24.07333333333333,11.215
2024-09-22,NORESTE3,pico_7_9,0,0.6478333333333333,6.616666666666667,8.3,18.985,8.775
2024-09-22,NOROESTE3,fuera_pico_10_12,0,0.81,5.25,15.499999999999996,26.833333333333336,6.4175
2024-09-22,NOROESTE3,pico_7_9,0,0.725,5.5,7.666666666666666,21.83333333333333,6.0
2024-09-22,NORTE2,fuera_pico_10_12,1,0.8625,8.1,17.75,26.25,8.75
2024-09-22,NORTE2,pico_7_9,1,0.8475,7.9,11.75,19.5,6.5
2024-09-22,SUR,fuera_pico_10_12,1,0.91875,3.333333333333333,17.25,29.75,10.365
2024-09-22,SUR,pico_7_9,1,0.8400000000000001,2.466666666666667,11.125,22.625,4.0
2024-09-22,SUROESTE2,fuera_pico_10_12,1,0.815,8.149999999999999,18.0,39.0,17.6525
2024-09-22,SUROESTE2,pico_7_9,1,0.6975,9.125,3.25,52.0,9.9025
2024-09-23,CENTRO,fuera_pico_10_12,1,0.87,12.3,12.5,55.0,15.24
2024-09-23,CENTRO,pico_7_9,1,0.825,10.45,4.5,35.5,13.535
2024-09-23,NORESTE3,fuera_pico_10_12,0,0.5680000000000001,8.275,16.366666666666667,34.480000000000004,10.379999999999999
2024-09-23,NORESTE3,pico_7_9,0,0.5860000000000001,10.166666666666666,7.55,28.668333333333337,6.95
2024-09-23,NOROESTE3,fuera_pico_10_12,0,0.895,6.300000000000001,18.5,37.333333333333336,5.8025
2024-09-23,NOROESTE3,pico_7_9,0,0.87,7.449999999999999,7.0,20.5,5.005
2024-09-23,NORTE2,fuera_pico_10_12,1,0.865,12.2,15.75,38.25,4.75
2024-09-23,NORTE2,pico_7_9,1,0.825,12.05,6.75,25.0,6.75
2024-09-23,SUR,fuera_pico_10_12,1,0.89375,3.566666666666667,20.375,33.875,9.72875
2024-09-23,SUR,pico_7_9,1,0.90125,4.404166666666667,9.5,28.375,5.574583333333333
2024-09-23,SUROESTE2,fuera_pico_10_12,1,1.0150000000000001,12.475000000000001,14.5,43.0,18.43
2024-09-23,SUROESTE2,pico_7_9,1,1.0275,11.775,3.25,38.5,13.2375
2024-09-24,CENTRO,fuera_pico_10_12,1,1.1600000000000001,19.9,21.5,57.5,19.285
2024-09-24,CENTRO,pico_7_9,1,1.045,17.049999999999997,5.0,47.5,18.11
2024-09-24,NORESTE3,fuera_pico_10_12,0,0.74475,8.266666666666666,25.925,35.697500000000005,9.215
2024-09-24,NORESTE3,pico_7_9,0,0.7293333333333334,11.116666666666667,8.133333333333333,40.239999999999995,11.625
2024-09-24,NOROESTE3,fuera_pico_10_12,0,0.9199999999999999,10.0,24.333333333333336,51.0,10.2025
2024-09-24,NOROESTE3,pico_7_9,0,0.9475,12.075,4.5,40.333333333333336,7.449999999999999
2024-09-24,NORTE2,fuera_pico_10_12,1,0.87,16.85,22.0,55.5,4.75
2024-09-24,NORTE2,pico_7_9,1,0.8625,19.674999999999997,4.25,57.0,6.5
2024-09-24,SUR,fuera_pico_10_12,1,1.1075,9.433333333333334,24.125,58.5,15.9175
2024-09-24,SUR,pico_7_9,1,0.99875,8.616666666666667,8.375,41.25,11.056249999999999
2024-09-24,SUROESTE2,fuera_pico_10_12,1,0.9749999999999999,16.7,34.25,50.5,15.280000000000001
2024-09-24,SUROESTE2,pico_7_9,1,0.8725,12.125,6.25,40.0,12.2725
2024-09-25,CENTRO,fuera_pico_10_12,1,1.1099999999999999,20.45,26.5,59.5,13.175
2024-09-25,CENTRO,pico_7_9,1,1.125,19.8,5.833333333333334,53.0,16.305
2024-09-25,NORESTE3,fuera_pico_10_12,0,0.7889999999999999,13.033333333333331,27.45,67.20333333333333,9.870000000000001
2024-09-25,NORESTE3,pico_7_9,0,0.943,14.516666666666666,5.066666666666667,62.42999999999999,14.3
2024-09-25,NOROESTE3,fuera_pico_10_12,0,0.95,12.05,26.166666666666668,62.99999999999999,6.682499999999999
2024-09-25,NOROESTE3,pico_7_9,0,1.4875,13.933333333333334,4.0,79.83333333333333,8.690000000000001
2024-09-25,NORTE2,fuera_pico_10_12,1,0.8975,18.875,27.5,56.0,8.0
2024-09-25,NORTE2,pico_7_9,1,1.0574999999999999,19.625,4.75,68.5,10.25
2024-09-25,SUR,fuera_pico_10_12,1,1.1275,13.3375,29.75,74.625,16.5125
2024-09-25,SUR,pico_7_9,1,1.30625,10.675,6.75,64.5,12.0225
2024-09-25,SUROESTE2,fuera_pico_10_12,1,0.965,14.35,32.75,53.5,25.5825
2024-09-25,SUROESTE2,pico_7_9,1,1.1800000000000002,20.725,5.25,72.25,33.917500000000004
2024-09-26,CENTRO,fuera_pico_10_12,1,1.06,23.299999999999997,26.0,70.0,17.53
2024-09-26,CENTRO,pico_7_9,1,0.985,17.95,15.5,45.0,11.504999999999999
2024-09-26,NORESTE3,fuera_pico_10_12,0,0.6788333333333334,8.566666666666666,41.68333333333333,49.89,9.91
2024-09-26,NORESTE3,pico_7_9,0,0.624,10.3,29.416666666666664,33.77333333333333,9.055
2024-09-26,NOROESTE3,fuera_pico_10_12,0,1.06,14.783333333333331,25.166666666666664,49.16666666666667,5.99
2024-09-26,NOROESTE3,pico_7_9,0,1.0125,11.983333333333334,12.5,35.0,5.3075
2024-09-26,NORTE2,fuera_pico_10_12,1,0.85,27.375,32.25,74.0,6.25
2024-09-26,NORTE2,pico_7_9,1,0.8275,18.15,18.25,45.75,7.0
2024-09-26,SUR,fuera_pico_10_12,1,0.92625,7.825,41.25,56.25,9.6625
2024-09-26,SUR,pico_7_9,1,0.92,8.7625,25.375,40.75,9.303333333333333
2024-09-26,SUROESTE2,fuera_pico_10_12,1,1.1800000000000002,23.1,22.25,53.25,12.995000000000001
2024-09-26,SUROESTE2,pico_7_9,1,1.155,18.625,9.75,45.25,15.57
2024-09-27,CENTRO,fuera_pico_10_12,1,1.03,24.35,38.5,73.0,18.630000000000003
2024-09-27,CENTRO,pico_7_9,1,0.9850000000000001,27.4,10.0,56.5,20.33
2024-09-27,NORESTE3,fuera_pico_10_12,0,1.1781666666666666,27.6,27.416666666666664,136.17000000000002,32.79
2024-09-27,NORESTE3,pico_7_9,0,1.1841666666666668,25.883333333333333,5.316666666666666,93.62333333333333,33.95
2024-09-27,NOROESTE3,fuera_pico_10_12,0,1.1075,16.7,33.33333333333333,113.33333333333334,7.57
2024-09-27,NOROESTE3,pico_7_9,0,1.315,17.266666666666666,4.166666666666666,85.83333333333334,7.734999999999999
2024-09-27,NORTE2,fuera_pico_10_12,1,1.2675,47.675,23.75,179.25,30.5
2024-09-27,NORTE2,pico_7_9,1,1.455,31.85,3.75,93.75,17.75
2024-09-27,SUR,fuera_pico_10_12,1,1.115,14.4125,37.5,89.125,20.48625
2024-09-27,SUR,pico_7_9,1,1.4137499999999998,16.4625,6.541666666666666,76.875,21.97
2024-09-27,SUROESTE2,fuera_pico_10_12,1,1.0825,24.725,38.0,78.75,23.415
2024-09-27,SUROESTE2,pico_7_9,1,1.4425,27.275,6.25,75.0,25.2975
2024-09-28,CENTRO,fuera_pico_10_12,1,0.845,17.8,47.0,54.0,14.175
2024-09-28,CENTRO,pico_7_9,1,0.765,19.4,23.0,37.0,11.525
2024-09-28,NORESTE3,fuera_pico_10_12,0,1.4530000000000003,26.233333333333334,43.766666666666666,158.50666666666666,34.855000000000004
2024-09-28,NORESTE3,pico_7_9,0,1.3316666666666666,32.11666666666667,6.266666666666667,184.83166666666665,45.91
2024-09-28,NOROESTE3,fuera_pico_10_12,0,1.0750000000000002,19.425,43.166666666666664,103.66666666666666,12.08
2024-09-28,NOROESTE3,pico_7_9,0,1.1949999999999998,23.825,5.333333333333334,95.5,10.125
2024-09-28,NORTE2,fuera_pico_10_12,1,1.385,44.625,40.5,183.5,32.0
2024-09-28,NORTE2,pico_7_9,1,1.5125,41.75,5.25,197.5,25.75
2024-09-28,SUR,fuera_pico_10_12,1,1.18625,18.2875,42.5,103.875,28.833333333333336
2024-09-28,SUR,pico_7_9,1,1.415,20.7375,8.25,83.0,26.0
2024-09-28,SUROESTE2,fuera_pico_10_12,1,0.865,15.275,46.0,64.5,18.5025
2024-09-28,SUROESTE2,pico_7_9,1,1.115,29.95,11.25,51.25,19.6225
2024-09-29,CENTRO,fuera_pico_10_12,1,0.76,10.75,51.0,40.0,12.774999999999999
2024-09-29,CENTRO,pico_7_9,1,0.71,13.0,34.5,36.5,13.15
2024-09-29,NORESTE3,fuera_pico_10_12,0,1.1704999999999997,20.516666666666666,40.78333333333333,89.88666666666666,31.990000000000002
2024-09-29,NORESTE3,pico_7_9,0,1.2435,28.449999999999996,11.983333333333334,98.17333333333335,30.58
2024-09-29,NOROESTE3,fuera_pico_10_12,0,1.0375,11.466666666666667,36.166666666666664,63.5,8.02
2024-09-29,NOROESTE3,pico_7_9,0,0.9625,13.766666666666666,15.333333333333334,56.5,34.5275
2024-09-29,NORTE2,fuera_pico_10_12,1,1.2149999999999999,35.125,36.0,107.5,21.5
2024-09-29,NORTE2,pico_7_9,1,1.52,37.35,2.75,100.5,20.75
2024-09-29,SUR,fuera_pico_10_12,1,1.13875,16.4375,38.16666666666666,70.125,18.56875
2024-09-29,SUR,pico_7_9,1,1.1062500000000002,16.475,18.25,71.5,18.153750000000002
2024-09-29,SUROESTE2,fuera_pico_10_12,1,0.7925,14.225000000000001,49.0,48.75,20.384999999999998
2024-09-29,SUROESTE2,pico_7_9,1,0.94,23.875,19.5,42.0,16.619999999999997
2024-09-30,CENTRO,fuera_pico_10_12,1,0.925,17.35,56.5,56.5,16.810000000000002
2024-09-30,CENTRO,pico_7_9,1,0.855,26.2,18.5,42.0,15.18
2024-09-30,NORESTE3,fuera_pico_10_12,0,1.2405,22.9,44.36666666666667,153.56333333333333,37.145
2024-09-30,NORESTE3,pico_7_9,0,1.5393333333333334,31.216666666666665,5.533333333333333,108.08333333333334,31.5
2024-09-30,NOROESTE3,fuera_pico_10_12,0,1.095,17.1,46.333333333333336,82.0,10.385
2024-09-30,NOROESTE3,pico_7_9,0,1.3325,24.225,6.166666666666666,106.16666666666666,16.861666666666668
2024-09-30,NORTE2,fuera_pico_10_12,1,1.275,39.3,52.0,159.75,29.5
2024-09-30,NORTE2,pico_7_9,1,1.5175,41.925,4.0,131.0,22.75
2024-09-30,SUR,fuera_pico_10_12,1,1.12625,16.4,51.16666666666667,89.125,22.695
2024-09-30,SUR,pico_7_9,1,1.38125,23.625,8.333333333333334,86.125,26.833333333333336
2024-09-30,SUROESTE2,fuera_pico_10_12,1,1.0025,18.425,53.0,119.5,27.072499999999998
2024-09-30,SUROESTE2,pico_7_9,1,1.4825,34.475,7.25,82.5,27.689999999999998
2024-10-01,CENTRO,fuera_pico_10_12,1,1.24,31.049999999999997,36.5,71.5,28.04
2024-10-01,CENTRO,pico_7_9,1,1.01,26.7,11.5,55.0,19.955
2024-10-01,NORESTE3,fuera_pico_10_12,0,1.1099999999999999,15.15,45.25,45.5,18.4225
2024-10-01,NORESTE3,pico_7_9,0,0.8285,17.8,17.9,40.25,5.5
2024-10-01,NOROESTE3,fuera_pico_10_12,0,1.19,11.075,45.66666666666667,60.83333333333333,6.827500000000001
2024-10-01,NOROESTE3,pico_7_9,0,1.6,22.025,8.833333333333332,62.166666666666664,10.975
2024-10-01,NORTE2,fuera_pico_10_12,1,0.8725,21.225,42.0,47.75,15.25
2024-10-01,NORTE2,pico_7_9,1,0.865,33.474999999999994,13.5,78.0,11.75
2024-10-01,SUR,fuera_pico_10_12,1,1.09625,13.8625,43.83333333333333,63.75,19.416249999999998
2024-10-01,SUR,pico_7_9,1,1.0225,13.649999999999999,13.5,45.875,15.17
2024-10-01,SUROESTE2,fuera_pico_10_12,1,1.09,19.35,47.0,63.0,35.0
2024-10-01,SUROESTE2,pico_7_9,1,1.1425,23.875,12.75,80.5,10.5
2024-10-02,CENTRO,fuera_pico_10_12,1,1.0,24.25,41.5,66.5,18.634999999999998
2024-10-02,CENTRO,pico_7_9,1,1.29,33.25,6.0,86.5,26.3
2024-10-02,NORESTE3,fuera_pico_10_12,0,1.1575,24.575,32.5,97.23500000000001,55.2125
2024-10-02,NORESTE3,pico_7_9,0,1.0999999999999999,27.775,9.25,60.0775,22.54
2024-10-02,NOROESTE3,fuera_pico_10_12,0,1.24,15.45,38.16666666666667,98.16666666666669,8.807500000000001
2024-10-02,NOROESTE3,pico_7_9,0,1.805,20.674999999999997,4.666666666666666,97.16666666666666,12.0475
2024-10-02,NORTE2,fuera_pico_10_12,1,1.0025,40.825,34.0,100.75,25.0
2024-10-02,NORTE2,pico_7_9,1,0.91,36.05,6.0,73.0,13.5
2024-10-02,SUR,fuera_pico_10_12,1,1.115,15.075,39.33333333333333,70.625,17.80125
2024-10-02,SUR,pico_7_9,1,1.23,19.3875,7.666666666666666,60.25,15.25125
2024-10-02,SUROESTE2,fuera_pico_10_12,1,1.065,21.175,46.0,81.5,32.66
2024-10-02,SUROESTE2,pico_7_9,1,1.5875,30.55,5.25,75.75,25.2775
2024-10-03,CENTRO,fuera_pico_10_12,1,1.165,29.15,43.0,82.5,32.595
2024-10-03,CENTRO,pico_7_9,1,0.9550000000000001,30.25,12.0,68.0,25.655
2024-10-03,NORESTE3,fuera_pico_10_12,0,0.8849999999999999,15.7,41.599999999999994,73.78833333333334,37.3175
2024-10-03,NORESTE3,pico_7_9,0,1.0608333333333335,26.75,6.216666666666667,75.64333333333333,25.5975
2024-10-03,NOROESTE3,fuera_pico_10_12,0,1.3450000000000002,20.45,40.666666666666664,102.5,12.412500000000001
2024-10-03,NOROESTE3,pico_7_9,0,1.6600000000000001,26.05,4.5,110.33333333333331,13.9775
2024-10-03,NORTE2,fuera_pico_10_12,1,1.0575,35.6,43.0,128.0,31.75
2024-10-03,NORTE2,pico_7_9,1,1.0525,41.55,4.75,105.75,24.0
2024-10-03,SUR,fuera_pico_10_12,1,1.17375,22.125,40.0,80.0,24.7225
2024-10-03,SUR,pico_7_9,1,1.24875,19.975,10.166666666666668,80.625,22.64875
2024-10-03,SUROESTE2,fuera_pico_10_12,1,0.9275,18.2,48.75,62.0,31.667499999999997
2024-10-03,SUROESTE2,pico_7_9,1,1.2925,31.25,11.5,88.25,30.64
2024-10-04,CENTRO,fuera_pico_10_12,1,0.96,20.6,41.5,77.5,20.560000000000002
2024-10-04,CENTRO,pico_7_9,1,1.185,30.25,6.0,77.0,24.745
2024-10-04,NORESTE3,fuera_pico_10_12,0,0.8781666666666665,14.7,35.2,85.46833333333333,19.025
2024-10-04,NORESTE3,pico_7_9,0,1.0253333333333334,24.716666666666665,5.9,64.23833333333334,16.619999999999997
2024-10-04,NOROESTE3,fuera_pico_10_12,0,1.26,14.75,34.833333333333336,90.66666666666669,8.295000000000002
2024-10-04,NOROESTE3,pico_7_9,0,1.895,21.449999999999996,4.0,97.66666666666666,13.67
2024-10-04,NORTE2,fuera_pico_10_12,1,0.795,26.074999999999996,37.5,96.0,17.75
2024-10-04,NORTE2,pico_7_9,1,1.135,36.325,4.5,106.5,19.0
2024-10-04,SUR,fuera_pico_10_12,1,1.1925,17.3125,37.666666666666664,90.625,22.71125
2024-10-04,SUR,pico_7_9,1,1.225,17.9,6.333333333333334,65.25,16.58
2024-10-04,SUROESTE2,fuera_pico_10_12,1,0.9475,19.025,47.25,98.75,28.5375
2024-10-04,SUROESTE2,pico_7_9,1,1.5474999999999999,29.924999999999997,5.25,122.25,36.18
2024-10-05,CENTRO,fuera_pico_10_12,1,0.98,22.95,24.0,41.5,19.665
2024-10-05,CENTRO,pico_7_9,1,0.87,16.450000000000003,26.0,46.0,23.57
2024-10-05,NORESTE3,fuera_pico_10_12,0,0.9341666666666666,15.533333333333335,30.133333333333333,24.071666666666665,14.59
2024-10-05,NORESTE3,pico_7_9,0,0.8121666666666667,12.316666666666666,32.333333333333336,22.77,15.04
2024-10-05,NOROESTE3,fuera_pico_10_12,0,1.1483333333333332,14.600000000000001,25.5,24.166666666666668,5.994999999999999
2024-10-05,NOROESTE3,pico_7_9,0,0.9966666666666666,11.55,30.833333333333332,20.666666666666668,4.935
2024-10-05,NORTE2,fuera_pico_10_12,1,0.8725,25.975,25.0,33.75,19.25
2024-10-05,NORTE2,pico_7_9,1,0.7250000000000001,19.175,32.75,34.75,13.25
2024-10-05,SUR,fuera_pico_10_12,1,1.085,12.9875,29.833333333333332,36.625,16.7175
2024-10-05,SUR,pico_7_9,1,0.99875,11.3375,30.166666666666668,42.75,19.27625
2024-10-05,SUROESTE2,fuera_pico_10_12,1,1.3425,17.425,26.0,29.5,23.7
2024-10-05,SUROESTE2,pico_7_9,1,1.015,24.9,19.25,35.75,19.722499999999997
2024-10-06,CENTRO,fuera_pico_10_12,1,1.01,13.05,32.0,39.5,6.5
2024-10-06,CENTRO,pico_7_9,1,0.7849999999999999,11.95,7.5,30.5,6.355
2024-10-06,NORESTE3,fuera_pico_10_12,0,0.7858333333333334,9.433333333333334,32.0,30.238333333333337,8.065
2024-10-06,NORESTE3,pico_7_9,0,1.202,14.366666666666667,5.225,37.83999999999999,18.3
2024-10-06,NOROESTE3,fuera_pico_10_12,0,1.0616666666666665,9.216666666666667,28.0,39.333333333333336,6.654999999999999
2024-10-06,NOROESTE3,pico_7_9,0,1.103333333333333,10.566666666666666,5.5,35.83333333333333,6.9399999999999995
2024-10-06,NORTE2,fuera_pico_10_12,1,0.865,13.725,32.0,41.0,7.25
2024-10-06,NORTE2,pico_7_9,1,1.3375,19.225,3.25,52.25,9.75
2024-10-06,SUR,fuera_pico_10_12,1,1.0274999999999999,8.287500000000001,30.166666666666668,40.125,11.205833333333334
2024-10-06,SUR,pico_7_9,1,1.18875,10.575,4.333333333333333,45.625,10.345
2024-10-06,SUROESTE2,fuera_pico_10_12,1,1.1025,7.7749999999999995,33.75,27.0,13.0825
2024-10-06,SUROESTE2,pico_7_9,1,1.185,12.3,5.5,29.75,10.4825
2024-10-07,CENTRO,fuera_pico_10_12,1,1.255,32.25,10.0,80.0,25.5
2024-10-07,CENTRO,pico_7_9,1,1.115,19.549999999999997,4.5,34.5,14.5
2024-10-07,NORESTE3,fuera_pico_10_12,0,1.0495,18.9,14.900000000000002,61.38666666666667,17.294999999999998
2024-10-07,NORESTE3,pico_7_9,0,1.1571666666666665,18.883333333333333,4.933333333333334,66.38833333333334,18.53
2024-10-07,NOROESTE3,fuera_pico_10_12,0,1.4416666666666667,15.5,16.0,91.66666666666669,8.2225
2024-10-07,NOROESTE3,pico_7_9,0,1.92,13.833333333333332,3.583333333333333,131.16666666666666,11.4875
2024-10-07,NORTE2,fuera_pico_10_12,1,1.3399999999999999,31.975,6.5,109.0,23.0
2024-10-07,NORTE2,pico_7_9,1,1.5825,28.549999999999997,3.0,81.75,19.0
2024-10-07,SUR,fuera_pico_10_12,1,1.36625,20.0875,10.5,82.25,19.945
2024-10-07,SUR,pico_7_9,1,1.4,12.9875,3.6666666666666665,83.25,17.41375
2024-10-07,SUROESTE2,fuera_pico_10_12,1,1.8075,30.799999999999997,12.75,87.5,33.665
2024-10-07,SUROESTE2,pico_7_9,1,1.9649999999999999,22.225,3.0,77.75,29.552500000000002
2024-10-08,CENTRO,fuera_pico_10_12,1,1.24,31.15,31.0,56.0,19.3
2024-10-08,CENTRO,pico_7_9,1,0.9450000000000001,21.9,10.0,34.5,14.035
2024-10-08,NORESTE3,fuera_pico_10_12,0,1.4233333333333333,27.0,30.25,118.995,29.795
2024-10-08,NORESTE3,pico_7_9,0,1.7328333333333334,25.816666666666663,3.925,132.82666666666665,40.53
2024-10-08,NOROESTE3,fuera_pico_10_12,0,1.4249999999999998,18.5,32.5,90.5,9.6175
2024-10-08,NOROESTE3,pico_7_9,0,1.538333333333333,17.233333333333334,4.083333333333334,85.66666666666666,12.0225
2024-10-08,NORTE2,fuera_pico_10_12,1,1.35,40.825,31.75,84.5,29.75
2024-10-08,NORTE2,pico_7_9,1,1.855,34.025000000000006,3.0,74.25,24.5
2024-10-08,SUR,fuera_pico_10_12,1,1.27875,19.65,34.66666666666667,99.5,28.833333333333332
2024-10-08,SUR,pico_7_9,1,1.6975,16.7375,3.833333333333333,96.625,26.333333333333336
2024-10-08,SUROESTE2,fuera_pico_10_12,1,1.24,19.825000000000003,36.5,59.0,20.48
2024-10-08,SUROESTE2,pico_7_9,1,1.8525,25.950000000000003,5.0,55.5,19.335
2024-10-09,CENTRO,fuera_pico_10_12,1,0.77,17.25,42.5,51.5,22.119999999999997
2024-10-09,CENTRO,pico_7_9,1,0.9400000000000001,28.05,16.5,47.5,19.435000000000002
2024-10-09,NORESTE3,fuera_pico_10_12,0,1.2803333333333333,26.266666666666666,37.4,128.1783333333333,36.849999999999994
2024-10-09,NORESTE3,pico_7_9,0,1.5270000000000001,32.25,6.216666666666667,150.16333333333333,38.04
2024-10-09,NOROESTE3,fuera_pico_10_12,0,1.3433333333333335,22.28333333333333,31.33333333333333,101.5,11.795
2024-10-09,NOROESTE3,pico_7_9,0,1.355,24.233333333333334,7.166666666666666,82.33333333333334,10.260000000000002
2024-10-09,NORTE2,fuera_pico_10_12,1,1.9225,48.175,34.75,140.0,35.0
2024-10-09,NORTE2,pico_7_9,1,1.6124999999999998,42.05,4.0,116.25,24.5
2024-10-09,SUR,fuera_pico_10_12,1,1.2349999999999999,18.6,38.25,95.5,25.11
2024-10-09,SUR,pico_7_9,1,1.2125,22.512500000000003,12.75,71.625,18.5075
2024-10-09,SUROESTE2,fuera_pico_10_12,1,1.0875,19.15,43.5,77.75,30.792499999999997
2024-10-09,SUROESTE2,pico_7_9,1,1.6749999999999998,31.950000000000003,8.5,79.25,26.365
2024-10-10,CENTRO,fuera_pico_10_12,1,1.07,33.45,36.0,70.0,26.814999999999998
2024-10-10,CENTRO,pico_7_9,1,0.88,30.3,14.5,49.5,24.775
2024-10-10,NORESTE3,fuera_pico_10_12,0,1.4756666666666667,27.81666666666667,34.36666666666667,160.01000000000002,39.614999999999995
2024-10-10,NORESTE3,pico_7_9,0,1.587,31.5,5.15,141.18666666666667,48.144999999999996
2024-10-10,NOROESTE3,fuera_pico_10_12,0,1.5883333333333332,21.083333333333332,35.666666666666664,118.66666666666667,11.817499999999999
2024-10-10,NOROESTE3,pico_7_9,0,1.685,23.616666666666667,4.166666666666666,107.16666666666666,14.8825
2024-10-10,NORTE2,fuera_pico_10_12,1,1.435,48.4,31.75,134.5,37.0
2024-10-10,NORTE2,pico_7_9,1,1.755,42.05,3.5,116.5,33.75
2024-10-10,SUR,fuera_pico_10_12,1,1.22,19.2875,40.125,107.25,33.29625
2024-10-10,SUR,pico_7_9,1,1.6675,20.5,6.791666666666666,133.625,38.3775
2024-10-10,SUROESTE2,fuera_pico_10_12,1,1.0825,23.3,42.75,107.25,28.3775
2024-10-10,SUROESTE2,pico_7_9,1,1.6275,32.900000000000006,9.0,92.0,39.2075
2024-10-11,CENTRO,fuera_pico_10_12,1,1.29,39.75,33.5,62.5,25.155
2024-10-11,CENTRO,pico_7_9,1,0.9299999999999999,34.5,7.5,64.0,28.245
2024-10-11,NORESTE3,fuera_pico_10_12,0,1.1978333333333333,24.81666666666667,35.38333333333333,134.18166666666667,28.805
2024-10-11,NORESTE3,pico_7_9,0,1.3791666666666669,32.95,5.108333333333333,95.25166666666668,29.08
2024-10-11,NOROESTE3,fuera_pico_10_12,0,1.7000000000000002,21.65,34.833333333333336,134.33333333333334,15.51
2024-10-11,NOROESTE3,pico_7_9,0,1.8633333333333333,24.133333333333333,4.0,99.0,11.45
2024-10-11,NORTE2,fuera_pico_10_12,1,1.145,41.724999999999994,33.5,112.5,28.0
2024-10-11,NORTE2,pico_7_9,1,1.8224999999999998,46.475,3.0,92.75,13.75
2024-10-11,SUR,fuera_pico_10_12,1,1.21625,20.2625,39.0,96.75,26.92625
2024-10-11,SUR,pico_7_9,1,1.345,24.1875,6.625,89.5,25.5325
2024-10-11,SUROESTE2,fuera_pico_10_12,1,1.19,25.75,43.0,128.25,35.2825
2024-10-11,SUROESTE2,pico_7_9,1,1.7575,31.1,9.5,120.0,41.6075
2024-10-12,CENTRO,fuera_pico_10_12,1,0.995,26.15,41.5,60.5,26.405
2024-10-12,CENTRO,pico_7_9,1,0.815,32.75,9.0,58.0,27.035
2024-10-12,NORESTE3,fuera_pico_10_12,0,1.0703333333333331,15.183333333333334,43.03333333333333,81.67500000000001,22.884999999999998
2024-10-12,NORESTE3,pico_7_9,0,1.1001666666666665,28.4,6.733333333333334,79.88999999999999,23.875
2024-10-12,NOROESTE3,fuera_pico_10_12,0,1.3266666666666667,17.1,37.666666666666664,78.16666666666666,8.370000000000001
2024-10-12,NOROESTE3,pico_7_9,0,1.4949999999999999,23.25,5.666666666666666,83.83333333333334,11.69
2024-10-12,NORTE2,fuera_pico_10_12,1,1.1400000000000001,30.924999999999997,37.5,84.25,22.75
2024-10-12,NORTE2,pico_7_9,1,1.1025,40.55,5.0,81.25,18.0
2024-10-12,SUR,fuera_pico_10_12,1,1.17375,17.2125,40.625,78.625,24.692500000000003
2024-10-12,SUR,pico_7_9,1,1.175,20.950000000000003,9.875,66.375,19.70125
2024-10-12,SUROESTE2,fuera_pico_10_12,1,1.1025,24.675,40.5,74.25,35.165
2024-10-12,SUROESTE2,pico_7_9,1,1.1975,28.525,12.25,93.75,30.045
2024-10-13,CENTRO,fuera_pico_10_12,1,0.8,19.9,41.0,42.0,18.85
2024-10-13,CENTRO,pico_7_9,1,0.67,21.45,18.5,39.0,20.77
2024-10-13,NORESTE3,fuera_pico_10_12,0,1.129,15.583333333333332,39.266666666666666,66.17,27.130000000000003
2024-10-13,NORESTE3,pico_7_9,0,1.0078333333333331,20.066666666666663,8.616666666666667,92.96166666666664,20.82
2024-10-13,NOROESTE3,fuera_pico_10_12,0,1.3733333333333333,14.716666666666667,32.0,56.49999999999999,6.785
2024-10-13,NOROESTE3,pico_7_9,0,1.3883333333333332,13.316666666666668,10.5,56.75,8.4225
2024-10-13,NORTE2,fuera_pico_10_12,1,1.4975,27.125,38.5,77.75,25.75
2024-10-13,NORTE2,pico_7_9,1,1.04,30.85,4.5,74.25,17.5
2024-10-13,SUR,fuera_pico_10_12,1,1.07125,11.575,40.75,60.875,21.4975
2024-10-13,SUR,pico_7_9,1,1.07375,14.2125,12.5,46.75,16.9675
2024-10-13,SUROESTE2,fuera_pico_10_12,1,0.7949999999999999,10.7,47.25,35.5,21.4625
2024-10-13,SUROESTE2,pico_7_9,1,1.0225,22.0,14.75,42.5,27.250000000000004
2024-10-14,CENTRO,fuera_pico_10_12,1,1.5950000000000002,33.15,35.0,52.0,22.085
2024-10-14,CENTRO,pico_7_9,1,0.9450000000000001,29.450000000000003,6.5,39.5,20.61
2024-10-14,NORESTE3,fuera_pico_10_12,0,1.1825,22.300000000000004,28.133333333333333,80.01166666666667,19.515
2024-10-14,NORESTE3,pico_7_9,0,1.3433333333333333,23.483333333333334,5.050000000000001,61.82333333333334,17.380000000000003
2024-10-14,NOROESTE3,fuera_pico_10_12,0,1.6099999999999999,21.46666666666667,29.166666666666664,99.16666666666666,10.0975
2024-10-14,NOROESTE3,pico_7_9,0,2.0666666666666664,20.68333333333333,3.8333333333333335,107.66666666666666,15.58
2024-10-14,NORTE2,fuera_pico_10_12,1,0.9875,33.55,28.75,59.75,22.25
2024-10-14,NORTE2,pico_7_9,1,1.83,34.025,2.75,71.75,18.25
2024-10-14,SUR,fuera_pico_10_12,1,1.4224999999999999,24.7625,30.375,80.75,22.487499999999997
2024-10-14,SUR,pico_7_9,1,1.5274999999999999,19.9125,6.25,63.875,19.31
2024-10-14,SUROESTE2,fuera_pico_10_12,1,1.0025,22.225,35.25,69.75,23.9625
2024-10-14,SUROESTE2,pico_7_9,1,1.82,31.625,7.0,70.25,29.5075
2024-10-15,CENTRO,fuera_pico_10_12,1,1.105,36.55,28.5,66.0,25.455
2024-10-15,CENTRO,pico_7_9,1,1.04,31.5,5.0,53.5,24.49
2024-10-15,NORESTE3,fuera_pico_10_12,0,1.206,17.383333333333333,32.099999999999994,91.56166666666667,17.16
2024-10-15,NORESTE3,pico_7_9,0,1.2901666666666665,23.85,5.9,56.93666666666667,13.07
2024-10-15,NOROESTE3,fuera_pico_10_12,0,1.4299999999999997,20.15,28.999999999999996,84.5,8.145
2024-10-15,NOROESTE3,pico_7_9,0,1.74,23.183333333333334,4.333333333333333,84.5,10.719999999999999
2024-10-15,NORTE2,fuera_pico_10_12,1,1.15,30.375,31.75,73.25,22.75
2024-10-15,NORTE2,pico_7_9,1,1.3975,37.125,3.5,71.0,15.0
2024-10-15,SUR,fuera_pico_10_12,1,1.205,22.512500000000003,32.5,72.875,20.512500000000003
2024-10-15,SUR,pico_7_9,1,1.27625,19.15,8.0,57.75,15.42625
2024-10-15,SUROESTE2,fuera_pico_10_12,1,0.9524999999999999,18.275,40.25,79.5,26.045
2024-10-15,SUROESTE2,pico_7_9,1,1.7525,32.45,8.0,72.5,30.0775
2024-10-16,CENTRO,fuera_pico_10_12,1,1.225,32.8,21.0,68.5,38.150000000000006
2024-10-16,CENTRO,pico_7_9,1,1.07,27.1,6.0,52.5,27.15
2024-10-16,NORESTE3,fuera_pico_10_12,0,0.9923333333333333,14.416666666666668,28.03333333333333,46.614999999999995,15.79
2024-10-16,NORESTE3,pico_7_9,0,0.9653333333333334,16.583333333333336,10.900000000000002,45.73166666666667,16.564999999999998
2024-10-16,NOROESTE3,fuera_pico_10_12,0,1.5266666666666664,14.916666666666666,27.333333333333336,57.33333333333333,11.605
2024-10-16,NOROESTE3,pico_7_9,0,1.82,20.25,3.5,88.83333333333334,14.46
2024-10-16,NORTE2,fuera_pico_10_12,1,1.0924999999999998,23.450000000000003,28.25,52.0,18.75
2024-10-16,NORTE2,pico_7_9,1,0.8925000000000001,21.075,12.0,54.75,16.25
2024-10-16,SUR,fuera_pico_10_12,1,1.0425,12.712499999999999,32.375,68.75,22.408749999999998
2024-10-16,SUR,pico_7_9,1,1.0550000000000002,15.6125,11.25,58.5,26.54625
2024-10-16,SUROESTE2,fuera_pico_10_12,1,1.5499999999999998,27.174999999999997,27.0,85.5,35.832499999999996
2024-10-16,SUROESTE2,pico_7_9,1,1.7475,35.25,8.75,125.0,38.542500000000004
2024-10-17,CENTRO,fuera_pico_10_12,1,0.9,13.7,29.0,31.5,14.25
2024-10-17,CENTRO,pico_7_9,1,0.79,11.7,33.0,25.0,8.030000000000001
2024-10-17,NORESTE3,fuera_pico_10_12,0,1.1043333333333334,14.600000000000001,28.433333333333334,30.476666666666667,18.29
2024-10-17,NORESTE3,pico_7_9,0,1.0788333333333333,15.15,22.366666666666667,24.569999999999997,13.98
2024-10-17,NOROESTE3,fuera_pico_10_12,0,1.245,9.7,32.5,23.833333333333336,6.6899999999999995
2024-10-17,NOROESTE3,pico_7_9,0,1.1825,8.383333333333333,32.33333333333333,17.666666666666668,4.47
2024-10-17,NORTE2,fuera_pico_10_12,1,0.975,19.775,31.0,38.75,13.0
2024-10-17,NORTE2,pico_7_9,1,0.9425,21.95,24.0,31.25,10.25
2024-10-17,SUR,fuera_pico_10_12,1,1.0125000000000002,7.175000000000001,32.5,32.75,13.063749999999999
2024-10-17,SUR,pico_7_9,1,0.99125,7.637499999999999,29.875,30.625,10.30375
2024-10-17,SUROESTE2,fuera_pico_10_12,1,1.04,12.525,38.25,28.75,10.7275
2024-10-17,SUROESTE2,pico_7_9,1,1.0425,13.274999999999999,35.0,21.0,11.065000000000001
2024-10-18,CENTRO,fuera_pico_10_12,1,1.0150000000000001,19.15,19.0,34.0,16.12
2024-10-18,CENTRO,pico_7_9,1,0.855,15.649999999999999,21.5,30.5,10.735
2024-10-18,NORESTE3,fuera_pico_10_12,0,1.081,15.033333333333333,20.21666666666667,30.576666666666668,14.47
2024-10-18,NORESTE3,pico_7_9,0,1.1285000000000003,16.083333333333336,16.016666666666666,24.833333333333332,13.185
2024-10-18,NOROESTE3,fuera_pico_10_12,0,1.255,12.566666666666666,21.5,23.5,5.9399999999999995
2024-10-18,NOROESTE3,pico_7_9,0,1.2875,10.850000000000001,22.833333333333336,19.5,4.85
2024-10-18,NORTE2,fuera_pico_10_12,1,0.9299999999999999,21.200000000000003,21.0,44.0,13.25
2024-10-18,NORTE2,pico_7_9,1,1.005,22.8,18.0,39.0,12.0
2024-10-18,SUR,fuera_pico_10_12,1,1.05375,8.6125,25.25,33.375,11.415
2024-10-18,SUR,pico_7_9,1,0.9725,6.8125,25.25,29.25,9.8925
2024-10-18,SUROESTE2,fuera_pico_10_12,1,1.2025000000000001,16.4,23.25,22.75,13.2
2024-10-18,SUROESTE2,pico_7_9,1,1.1875,16.225,21.5,24.75,11.165
2024-10-19,CENTRO,fuera_pico_10_12,1,0.93,16.0,19.5,29.5,7.93
2024-10-19,CENTRO,pico_7_9,1,0.75,9.2,23.5,28.0,7.225
2024-10-19,NORESTE3,fuera_pico_10_12,0,1.0505,14.583333333333332,18.65,22.543333333333333,10.745000000000001
2024-10-19,NORESTE3,pico_7_9,0,0.9973333333333334,14.116666666666667,17.55,20.964999999999996,7.445
2024-10-19,NOROESTE3,fuera_pico_10_12,0,1.1099999999999999,9.15,24.666666666666668,16.833333333333332,4.09
2024-10-19,NOROESTE3,pico_7_9,0,1.2475,6.333333333333333,26.0,17.666666666666664,3.5949999999999998
2024-10-19,NORTE2,fuera_pico_10_12,1,1.0750000000000002,21.5,15.75,35.75,9.75
2024-10-19,NORTE2,pico_7_9,1,0.8575,18.975,19.25,29.75,7.0
2024-10-19,SUR,fuera_pico_10_12,1,1.025,5.9,26.25,27.125,7.4275
2024-10-19,SUR,pico_7_9,1,0.98125,5.800000000000001,23.125,26.375,5.8462499999999995
2024-10-19,SUROESTE2,fuera_pico_10_12,1,1.145,15.25,20.25,26.0,10.942499999999999
2024-10-19,SUROESTE2,pico_7_9,1,0.925,10.45,22.25,21.25,5.71
2024-10-20,CENTRO,fuera_pico_10_12,1,0.73,6.800000000000001,34.5,34.0,12.565000000000001
2024-10-20,CENTRO,pico_7_9,1,0.71,7.1,19.5,36.0,19.8
2024-10-20,NORESTE3,fuera_pico_10_12,0,0.8915,7.466666666666667,34.2,32.035,18.75
2024-10-20,NORESTE3,pico_7_9,0,0.8311666666666666,11.366666666666667,21.083333333333336,28.401666666666664,10.425
2024-10-20,NOROESTE3,fuera_pico_10_12,0,1.0925,5.800000000000001,34.16666666666667,22.666666666666664,6.11
2024-10-20,NOROESTE3,pico_7_9,0,0.9624999999999999,5.35,25.166666666666664,24.666666666666668,7.115
2024-10-20,NORTE2,fuera_pico_10_12,1,0.8200000000000001,9.9,35.0,40.75,12.5
2024-10-20,NORTE2,pico_7_9,1,0.7749999999999999,12.425,21.25,33.75,11.25
2024-10-20,SUR,fuera_pico_10_12,1,0.95875,3.35,33.875,36.375,8.268749999999999
2024-10-20,SUR,pico_7_9,1,0.965,4.4125,21.25,27.5,9.65
2024-10-20,SUROESTE2,fuera_pico_10_12,1,0.8925000000000001,7.75,33.25,31.5,10.100000000000001
2024-10-20,SUROESTE2,pico_7_9,1,0.9125000000000001,13.274999999999999,12.5,48.5,26.12
2024-10-21,CENTRO,fuera_pico_10_12,1,0.885,15.1,22.5,25.5,4.3
2024-10-21,CENTRO,pico_7_9,1,0.875,16.8,20.0,22.0,3.935
2024-10-21,NORESTE3,fuera_pico_10_12,0,1.0485,12.850000000000001,24.566666666666663,20.93,8.780000000000001
2024-10-21,NORESTE3,pico_7_9,0,1.0586666666666666,15.26666666666667,15.816666666666666,15.263333333333334,5.1
2024-10-21,NOROESTE3,fuera_pico_10_12,0,1.2349999999999999,9.183333333333334,24.5,9.666666666666668,2.395
2024-10-21,NOROESTE3,pico_7_9,0,1.1025,9.133333333333333,22.833333333333336,11.833333333333334,3.455
2024-10-21,NORTE2,fuera_pico_10_12,1,0.98,20.575000000000003,21.0,26.5,7.5
2024-10-21,NORTE2,pico_7_9,1,0.9225000000000001,19.2,19.25,25.5,4.5
2024-10-21,SUR,fuera_pico_10_12,1,1.0499999999999998,6.416666666666666,29.5,23.666666666666664,7.5075
2024-10-21,SUR,pico_7_9,1,1.0812499999999998,7.279166666666666,22.5,20.583333333333336,4.496666666666666
2024-10-21,SUROESTE2,fuera_pico_10_12,1,1.1025,12.7,22.75,22.25,6.1575
2024-10-21,SUROESTE2,pico_7_9,1,1.1124999999999998,14.275,19.0,14.5,4.965
2024-10-22,CENTRO,fuera_pico_10_12,1,0.99,20.15,14.0,49.5,12.030000000000001
2024-10-22,CENTRO,pico_7_9,1,0.96,17.65,5.0,36.5,12.475000000000001
2024-10-22,NORESTE3,fuera_pico_10_12,0,1.0301666666666667,11.333333333333332,20.866666666666667,53.303333333333335,11.120000000000001
2024-10-22,NORESTE3,pico_7_9,0,1.1401666666666668,15.066666666666666,5.566666666666666,51.29833333333333,9.48
2024-10-22,NOROESTE3,fuera_pico_10_12,0,1.5599999999999998,12.649999999999999,14.0,45.5,5.995
2024-10-22,NOROESTE3,pico_7_9,0,1.52,12.2,8.166666666666668,40.66666666666667,9.45
2024-10-22,NORTE2,fuera_pico_10_12,1,1.1375,21.025,13.75,80.0,10.25
2024-10-22,NORTE2,pico_7_9,1,1.1875,23.0,4.5,54.5,7.25
2024-10-22,SUR,fuera_pico_10_12,1,1.0525,5.7,25.375,42.75,9.36375
2024-10-22,SUR,pico_7_9,1,1.1237499999999998,8.975,9.625,39.25,8.09
2024-10-22,SUROESTE2,fuera_pico_10_12,1,1.505,23.775,6.5,63.25,18.1025
2024-10-22,SUROESTE2,pico_7_9,1,1.3225,19.075000000000003,3.75,42.25,12.12
2024-10-23,CENTRO,fuera_pico_10_12,1,1.6400000000000001,17.65,17.5,53.5,23.055
2024-10-23,CENTRO,pico_7_9,1,1.755,18.6,5.25,59.5,30.5
2024-10-23,NORESTE3,fuera_pico_10_12,0,0.9318333333333333,11.75,21.21666666666667,54.23166666666667,23.58
2024-10-23,NORESTE3,pico_7_9,0,1.0238333333333332,13.533333333333335,5.766666666666667,51.86333333333333,26.295
2024-10-23,NOROESTE3,fuera_pico_10_12,0,1.25,11.066666666666666,15.833333333333334,59.33333333333333,13.79
2024-10-23,NOROESTE3,pico_7_9,0,1.7025,12.3,3.1666666666666665,83.5,13.27
2024-10-23,NORTE2,fuera_pico_10_12,1,1.19,24.75,11.0,102.25,23.0
2024-10-23,NORTE2,pico_7_9,1,1.2625,22.5,2.25,86.5,26.0
2024-10-23,SUR,fuera_pico_10_12,1,1.2999999999999998,13.05,19.75,74.40125,28.411250000000003
2024-10-23,SUR,pico_7_9,1,1.155,9.825,8.0,48.835,13.51125
2024-10-23,SUROESTE2,fuera_pico_10_12,1,1.1925,16.225,21.25,80.25,24.0775
2024-10-23,SUROESTE2,pico_7_9,1,1.76,17.475,1.75,96.0,23.6475
2024-10-24,CENTRO,fuera_pico_10_12,1,2.365,37.650000000000006,20.0,81.5,31.14
2024-10-24,CENTRO,pico_7_9,1,1.615,21.05,6.5,33.5,14.370000000000001
2024-10-24,NORESTE3,fuera_pico_10_12,0,0.9243333333333335,14.2,14.866666666666664,61.99999999999999,43.735
2024-10-24,NORESTE3,pico_7_9,0,0.9404999999999999,13.266666666666666,4.541666666666667,33.66666666666667,25.585
2024-10-24,NOROESTE3,fuera_pico_10_12,0,1.3575,14.8,19.166666666666664,99.33333333333334,9.66
2024-10-24,NOROESTE3,pico_7_9,0,1.7275,12.616666666666667,3.25,107.66666666666669,16.810000000000002
2024-10-24,NORTE2,fuera_pico_10_12,1,1.27,22.625,10.75,88.5,29.25
2024-10-24,NORTE2,pico_7_9,1,1.5475,23.0,2.25,100.5,27.75
2024-10-24,SUR,fuera_pico_10_12,1,1.355,17.5625,16.625,82.75,34.215
2024-10-24,SUR,pico_7_9,1,1.2875,8.675,7.125,41.5,12.126249999999999
2024-10-24,SUROESTE2,fuera_pico_10_12,1,1.2349999999999999,21.6,31.75,67.75,22.1725
2024-10-24,SUROESTE2,pico_7_9,1,1.5575,20.2,4.5,59.0,32.25
2024-10-25,CENTRO,fuera_pico_10_12,1,1.9549999999999998,36.05,20.5,75.5,21.225
2024-10-25,CENTRO,pico_7_9,1,1.7000000000000002,25.200000000000003,5.5,67.0,19.46
2024-10-25,NORESTE3,fuera_pico_10_12,0,0.8913333333333333,13.666666666666666,19.85,89.83333333333334,29.97
2024-10-25,NORESTE3,pico_7_9,0,0.9741666666666666,16.116666666666667,5.266666666666667,86.16666666666666,36.425
2024-10-25,NOROESTE3,fuera_pico_10_12,0,1.55,20.0,15.333333333333334,120.33333333333333,8.24
2024-10-25,NOROESTE3,pico_7_9,0,1.66,15.333333333333332,3.333333333333333,95.16666666666669,11.485
2024-10-25,NORTE2,fuera_pico_10_12,1,1.57,30.875,15.5,127.5,30.5
2024-10-25,NORTE2,pico_7_9,1,1.705,23.025,2.25,113.0,31.0
2024-10-25,SUR,fuera_pico_10_12,1,1.315,21.8125,19.875,92.0,25.57875
2024-10-25,SUR,pico_7_9,1,1.30125,13.2625,6.5,60.875,21.43
2024-10-25,SUROESTE2,fuera_pico_10_12,1,1.055,18.425,26.25,92.75,14.5375
2024-10-25,SUROESTE2,pico_7_9,1,1.4525,23.25,5.75,94.75,30.627499999999998
2024-10-26,CENTRO,fuera_pico_10_12,1,2.125,27.0,16.0,79.5,45.465
2024-10-26,CENTRO,pico_7_9,1,1.7349999999999999,26.05,5.0,52.5,23.175
2024-10-26,NORESTE3,fuera_pico_10_12,0,0.8240000000000001,12.75,20.06666666666667,52.0,26.065
2024-10-26,NORESTE3,pico_7_9,0,0.7568333333333332,13.933333333333334,8.733333333333334,44.33333333333333,22.865000000000002
2024-10-26,NOROESTE3,fuera_pico_10_12,0,1.4525000000000001,12.766666666666666,15.5,78.66666666666667,10.585
2024-10-26,NOROESTE3,pico_7_9,0,1.3849999999999998,14.883333333333335,4.0,69.33333333333334,11.18
2024-10-26,NORTE2,fuera_pico_10_12,1,1.0925,21.674999999999997,16.75,81.25,26.0
2024-10-26,NORTE2,pico_7_9,1,1.1225,26.0,2.75,86.25,27.75
2024-10-26,SUR,fuera_pico_10_12,1,1.2037499999999999,16.4875,21.0,72.0,27.53125
2024-10-26,SUR,pico_7_9,1,1.12,12.1375,8.75,47.75,17.43875
2024-10-26,SUROESTE2,fuera_pico_10_12,1,1.2149999999999999,25.1,34.5,77.75,35.07
2024-10-26,SUROESTE2,pico_7_9,1,1.3025,26.475,5.5,81.75,29.305
2024-10-27,CENTRO,fuera_pico_10_12,1,1.865,20.65,24.5,50.5,17.69
2024-10-27,CENTRO,pico_7_9,1,1.66,16.25,6.0,38.0,17.494999999999997
2024-10-27,NORESTE3,fuera_pico_10_12,0,0.734,9.066666666666666,27.25,33.33333333333333,8.435
2024-10-27,NORESTE3,pico_7_9,0,0.8300000000000001,14.366666666666667,5.5,32.83333333333333,12.18
2024-10-27,NOROESTE3,fuera_pico_10_12,0,1.29,11.666666666666666,21.499999999999996,57.666666666666664,6.744999999999999
2024-10-27,NOROESTE3,pico_7_9,0,1.45,11.833333333333332,3.25,44.66666666666666,10.375
2024-10-27,NORTE2,fuera_pico_10_12,1,0.915,13.8,25.0,34.5,11.0
2024-10-27,NORTE2,pico_7_9,1,1.0525,22.525,3.5,55.5,10.25
2024-10-27,SUR,fuera_pico_10_12,1,1.1,12.2125,26.25,50.75,15.2425
2024-10-27,SUR,pico_7_9,1,1.1375000000000002,9.35,7.416666666666666,38.75,9.899999999999999
2024-10-27,SUROESTE2,fuera_pico_10_12,1,0.945,11.100000000000001,29.0,33.5,19.1375
2024-10-27,SUROESTE2,pico_7_9,1,1.085,11.625,7.5,34.5,15.4275
2024-10-28,CENTRO,fuera_pico_10_12,1,2.135,34.05,18.5,60.5,22.91
2024-10-28,CENTRO,pico_7_9,1,1.8199999999999998,21.25,4.5,44.5,15.184999999999999
2024-10-28,NORESTE3,fuera_pico_10_12,0,0.8611666666666666,14.566666666666666,21.416666666666664,67.33333333333334,28.39
2024-10-28,NORESTE3,pico_7_9,0,0.938,15.45,8.666666666666666,35.16666666666667,13.66
2024-10-28,NOROESTE3,fuera_pico_10_12,0,1.4674999999999998,14.5,21.166666666666664,111.5,9.695
2024-10-28,NOROESTE3,pico_7_9,0,1.475,13.849999999999998,4.0,80.33333333333334,10.58
2024-10-28,NORTE2,fuera_pico_10_12,1,1.1,27.025,17.5,83.5,28.5
2024-10-28,NORTE2,pico_7_9,1,1.1825,26.450000000000003,3.75,70.75,15.75
2024-10-28,SUR,fuera_pico_10_12,1,1.2475,20.075000000000003,22.75,68.875,23.11875
2024-10-28,SUR,pico_7_9,1,1.32375,14.2375,6.25,47.375,12.561250000000001
2024-10-28,SUROESTE2,fuera_pico_10_12,1,1.2775,24.575,27.0,120.5,23.9375
2024-10-28,SUROESTE2,pico_7_9,1,1.6524999999999999,21.375,4.25,60.5,28.1025
2024-10-29,CENTRO,fuera_pico_10_12,1,1.9300000000000002,24.25,15.5,61.5,28.14
2024-10-29,CENTRO,pico_7_9,1,1.665,19.75,5.5,51.0,30.425
2024-10-29,NORESTE3,fuera_pico_10_12,0,0.881,11.166666666666666,19.799999999999997,41.0,12.555
2024-10-29,NORESTE3,pico_7_9,0,0.8461666666666665,11.2,12.7,32.0,11.545
2024-10-29,NOROESTE3,fuera_pico_10_12,0,1.2225000000000001,9.899999999999999,18.333333333333332,46.833333333333336,10.004999999999999
2024-10-29,NOROESTE3,pico_7_9,0,1.335,12.316666666666666,6.833333333333334,57.83333333333333,21.174999999999997
2024-10-29,NORTE2,fuera_pico_10_12,1,0.9775,17.700000000000003,18.75,46.0,10.5
2024-10-29,NORTE2,pico_7_9,1,0.875,16.125,9.75,46.5,8.25
2024-10-29,SUR,fuera_pico_10_12,1,1.1175000000000002,9.55,22.25,58.0,17.19375
2024-10-29,SUR,pico_7_9,1,0.995,10.6375,10.625,38.375,14.188749999999999
2024-10-29,SUROESTE2,fuera_pico_10_12,1,1.3025,22.15,25.0,99.75,31.0175
2024-10-29,SUROESTE2,pico_7_9,1,1.385,20.2,3.0,56.0,20.439999999999998
2024-10-30,CENTRO,fuera_pico_10_12,1,1.9100000000000001,19.6,13.5,82.5040632971656,23.43
2024-10-30,CENTRO,pico_7_9,1,1.715,18.95,5.0,44.03397772868921,14.2
2024-10-30,NORESTE3,fuera_pico_10_12,0,0.8076666666666666,10.900000000000002,18.65,52.16666666666667,25.72
2024-10-30,NORESTE3,pico_7_9,0,0.857,14.95,9.25,34.83333333333333,14.26
2024-10-30,NOROESTE3,fuera_pico_10_12,0,1.19,9.033333333333333,17.166666666666668,63.33333333333333,12.17
2024-10-30,NOROESTE3,pico_7_9,0,1.335,11.95,4.666666666666667,39.83333333333333,12.725000000000001
2024-10-30,NORTE2,fuera_pico_10_12,1,1.135,20.5,13.75,81.25,15.5
2024-10-30,NORTE2,pico_7_9,1,0.9775,19.475,5.5,42.5,10.5
2024-10-30,SUR,fuera_pico_10_12,1,1.1675,12.399999999999999,18.75,63.375,24.27375
2024-10-30,SUR,pico_7_9,1,1.06,9.5,10.875,34.125,12.626249999999999
2024-10-30,SUROESTE2,fuera_pico_10_12,1,1.4700000000000002,31.474999999999998,16.0,149.75,66.43249999999999
2024-10-30,SUROESTE2,pico_7_9,1,1.645,19.225,4.5,42.25,23.205000000000002
2024-10-31,CENTRO,fuera_pico_10_12,1,2.01,26.35,18.5,93.5,46.595
2024-10-31,CENTRO,pico_7_9,1,1.94,30.4,4.5,65.0,36.07
2024-10-31,NORESTE3,fuera_pico_10_12,0,0.7939999999999999,10.566666666666666,21.449999999999996,54.33333333333333,27.355
2024-10-31,NORESTE3,pico_7_9,0,0.8333333333333333,14.350000000000001,8.45,37.5,18.89
2024-10-31,NOROESTE3,fuera_pico_10_12,0,1.625,15.483333333333333,17.5,102.5,19.4
2024-10-31,NOROESTE3,pico_7_9,0,1.755,16.383333333333333,3.583333333333333,99.16666666666666,15.959999999999999
2024-10-31,NORTE2,fuera_pico_10_12,1,1.1775,26.950000000000003,10.0,101.75,18.75
2024-10-31,NORTE2,pico_7_9,1,1.035,24.775000000000002,1.75,82.25,29.75
2024-10-31,SUR,fuera_pico_10_12,1,1.1975,15.5375,20.375,83.625,24.134999999999998
2024-10-31,SUR,pico_7_9,1,1.1675,15.1375,9.75,56.0,21.519166666666667
2024-10-31,SUROESTE2,fuera_pico_10_12,1,1.4675,35.875,27.0,145.5,52.04
2024-10-31,SUROESTE2,pico_7_9,1,1.7275,27.475,4.75,109.75,51.14750000000001
2024-11-01,CENTRO,fuera_pico_10_12,1,1.78,12.65,16.0,60.5,30.375
2024-11-01,CENTRO,pico_7_9,1,1.755,19.05,6.0,57.0,30.595
2024-11-01,NORESTE3,fuera_pico_10_12,0,0.8563333333333334,10.5,14.633333333333333,47.33333333333333,19.009999999999998
2024-11-01,NORESTE3,pico_7_9,0,0.8038333333333334,12.0,8.283333333333333,39.833333333333336,11.0
2024-11-01,NOROESTE3,fuera_pico_10_12,0,1.1925,8.958333333333334,16.166666666666664,50.58333333333333,11.11
2024-11-01,NOROESTE3,pico_7_9,0,1.305,9.45,9.0,43.75,10.651875
2024-11-01,NORTE2,fuera_pico_10_12,1,0.9949999999999999,15.8,11.75,70.25,13.0
2024-11-01,NORTE2,pico_7_9,1,1.1625,20.4,4.0,42.0,20.75
2024-11-01,SUR,fuera_pico_10_12,1,1.07125,5.9375,20.125,55.0,17.4125
2024-11-01,SUR,pico_7_9,1,1.07625,8.875,10.0,43.25,19.94875
2024-11-01,SUROESTE2,fuera_pico_10_12,1,1.2650000000000001,18.5,12.0,78.75,36.255
2024-11-01,SUROESTE2,pico_7_9,1,1.2199999999999998,18.825,9.0,65.25,25.5
2024-11-02,CENTRO,fuera_pico_10_12,1,1.73,15.7,11.0,41.5,14.59
2024-11-02,CENTRO,pico_7_9,1,1.645,12.5,6.5,25.5,10.075
2024-11-02,NORESTE3,fuera_pico_10_12,0,0.7563333333333334,8.95,14.466666666666667,31.333333333333336,13.34
2024-11-02,NORESTE3,pico_7_9,0,0.7849999999999999,9.866666666666665,8.916666666666666,29.833333333333336,10.285
2024-11-02,NOROESTE3,fuera_pico_10_12,0,1.2125,7.566666666666666,14.166666666666668,37.66666666666667,9.15
2024-11-02,NOROESTE3,pico_7_9,0,1.13,7.75,7.166666666666667,23.33333333333333,8.175
2024-11-02,NORTE2,fuera_pico_10_12,1,0.97,12.75,12.5,40.25,12.0
2024-11-02,NORTE2,pico_7_9,1,0.89,14.625,4.75,32.75,9.25
2024-11-02,SUR,fuera_pico_10_12,1,1.00875,5.7125,19.875,36.5,11.72625
2024-11-02,SUR,pico_7_9,1,0.9875,6.0,11.25,26.75,7.50875
2024-11-02,SUROESTE2,fuera_pico_10_12,1,1.1425,14.65,13.0,41.25,25.3375
2024-11-02,SUROESTE2,pico_7_9,1,0.9025000000000001,11.175,6.75,31.0,11.9825
2024-11-03,CENTRO,fuera_pico_10_12,1,1.7,13.75,14.0,50.5,27.095
2024-11-03,CENTRO,pico_7_9,1,1.6,12.95,5.5,46.0,19.475
2024-11-03,NORESTE3,fuera_pico_10_12,0,0.6756666666666666,6.633333333333334,17.983333333333334,24.0,16.8
2024-11-03,NORESTE3,pico_7_9,0,0.6486666666666667,8.433333333333332,11.233333333333334,22.5,13.93
2024-11-03,NOROESTE3,fuera_pico_10_12,0,1.3849999999999998,9.483333333333334,13.0,58.666666666666664,16.93
2024-11-03,NOROESTE3,pico_7_9,0,1.275,7.966666666666667,5.5,29.666666666666664,10.565000000000001
2024-11-03,NORTE2,fuera_pico_10_12,1,0.9550000000000001,13.225000000000001,13.5,31.25,9.5
2024-11-03,NORTE2,pico_7_9,1,0.7975,10.25,8.25,23.5,12.5
2024-11-03,SUR,fuera_pico_10_12,1,1.04875,5.9875,20.5,40.375,17.768749999999997
2024-11-03,SUR,pico_7_9,1,0.9575,4.8375,12.875,33.125,15.729166666666668
2024-11-03,SUROESTE2,fuera_pico_10_12,1,1.0125,11.375,18.0,41.75,25.015
2024-11-03,SUROESTE2,pico_7_9,1,0.9675,9.25,4.75,41.0,18.165
2024-11-04,CENTRO,fuera_pico_10_12,1,2.215,40.8,16.0,80.0,28.895000000000003
2024-11-04,CENTRO,pico_7_9,1,1.87,18.95,4.5,56.5,21.494999999999997
2024-11-04,NORESTE3,fuera_pico_10_12,0,0.9325,14.316666666666666,21.916666666666664,57.33333333333333,31.47
2024-11-04,NORESTE3,pico_7_9,0,0.8610000000000001,12.400000000000002,7.3,36.83333333333333,18.715
2024-11-04,NOROESTE3,fuera_pico_10_12,0,1.7799999999999998,15.933333333333334,17.166666666666664,104.75,24.814999999999998
2024-11-04,NOROESTE3,pico_7_9,0,1.6524999999999999,12.066666666666666,3.6666666666666665,63.16666666666667,14.21
2024-11-04,NORTE2,fuera_pico_10_12,1,1.24,29.4,14.75,75.75,21.5
2024-11-04,NORTE2,pico_7_9,1,1.2375,19.700000000000003,2.25,53.0,17.0
2024-11-04,SUR,fuera_pico_10_12,1,1.17,15.137500000000001,22.125,80.625,20.6075
2024-11-04,SUR,pico_7_9,1,1.32,11.0625,6.0,62.125,19.16125
2024-11-04,SUROESTE2,fuera_pico_10_12,1,1.5525,31.6,26.5,130.5,29.76
2024-11-04,SUROESTE2,pico_7_9,1,1.89,19.175,2.25,126.0,31.475
2024-11-05,CENTRO,fuera_pico_10_12,1,1.4049999999999998,13.350000000000001,34.5,107.5,17.189999999999998
2024-11-05,CENTRO,pico_7_9,1,1.4,15.3,28.5,93.5,30.325000000000003
2024-11-05,NORESTE3,fuera_pico_10_12,0,0.8076666666666668,7.583333333333334,37.733333333333334,96.0,13.805
2024-11-05,NORESTE3,pico_7_9,0,0.7926666666666666,10.666666666666668,33.016666666666666,126.49999999999999,15.135
2024-11-05,NOROESTE3,fuera_pico_10_12,0,1.0474999999999999,7.383333333333333,35.33333333333333,98.66666666666666,9.235
2024-11-05,NOROESTE3,pico_7_9,0,1.0924999999999998,13.816666666666666,23.0,75.83333333333333,8.13
2024-11-05,NORTE2,fuera_pico_10_12,1,0.77,21.0,30.0,165.0,15.5
2024-11-05,NORTE2,pico_7_9,1,0.7475,19.65,27.75,162.25,10.25
2024-11-05,SUR,fuera_pico_10_12,1,0.9866666666666668,6.7625,40.375,112.0,15.21125
2024-11-05,SUR,pico_7_9,1,0.9633333333333334,8.3375,36.25,117.0,14.4875
2024-11-05,SUROESTE2,fuera_pico_10_12,1,0.98,20.225,27.5,113.25,21.33
2024-11-05,SUROESTE2,pico_7_9,1,0.9625,19.6,19.5,117.5,21.177500000000002
2024-11-06,CENTRO,fuera_pico_10_12,1,2.0599999999999996,45.45,21.0,80.5,26.685000000000002
2024-11-06,CENTRO,pico_7_9,1,1.775,34.349999999999994,6.0,67.5,12.14
2024-11-06,NORESTE3,fuera_pico_10_12,0,0.8961666666666668,23.516666666666666,27.71666666666667,109.66666666666666,20.215
2024-11-06,NORESTE3,pico_7_9,0,1.1446666666666667,27.71666666666667,5.016666666666666,85.66666666666669,23.895
2024-11-06,NOROESTE3,fuera_pico_10_12,0,1.6175,22.849999999999994,27.333333333333336,122.66666666666667,9.3
2024-11-06,NOROESTE3,pico_7_9,0,2.2975000000000003,26.666666666666668,4.333333333333333,113.5,13.559999999999999
2024-11-06,NORTE2,fuera_pico_10_12,1,1.0925,43.15,20.0,154.75,25.5
2024-11-06,NORTE2,pico_7_9,1,1.5625,46.425,3.5,153.0,24.75
2024-11-06,SUR,fuera_pico_10_12,1,1.2833333333333332,27.575,32.0,119.625,30.405
2024-11-06,SUR,pico_7_9,1,1.4066666666666665,23.0875,7.125,112.375,26.205
2024-11-06,SUROESTE2,fuera_pico_10_12,1,1.29,28.85,33.75,113.25,31.697499999999998
2024-11-06,SUROESTE2,pico_7_9,1,1.7349999999999999,30.625,10.0,118.75,39.0125
2024-11-07,CENTRO,fuera_pico_10_12,1,2.185,42.05,24.0,80.0,24.0
2024-11-07,CENTRO,pico_7_9,1,1.915,37.8,5.5,74.5,29.5
2024-11-07,NORESTE3,fuera_pico_10_12,0,0.8168333333333333,18.166666666666664,27.71666666666667,70.83333333333333,26.195
2024-11-07,NORESTE3,pico_7_9,0,0.927,21.800000000000004,5.1,55.833333333333336,22.21
2024-11-07,NOROESTE3,fuera_pico_10_12,0,1.3483333333333334,18.35,22.666666666666664,149.83333333333334,10.315
2024-11-07,NOROESTE3,pico_7_9,0,1.8766666666666665,21.81666666666667,4.5,117.66666666666669,13.670000000000002
2024-11-07,NORTE2,fuera_pico_10_12,1,1.155,34.55,20.25,103.25,27.5
2024-11-07,NORTE2,pico_7_9,1,1.4325,39.650000000000006,2.5,119.25,25.5
2024-11-07,SUR,fuera_pico_10_12,1,1.3683333333333332,28.9375,28.375,119.75,34.16625
2024-11-07,SUR,pico_7_9,1,1.3483333333333334,20.875,7.0,83.0,23.525000000000002
2024-11-07,SUROESTE2,fuera_pico_10_12,1,1.435,33.35,40.0,134.75,38.8775
2024-11-07,SUROESTE2,pico_7_9,1,1.8875,30.674999999999997,8.75,93.75,37.2625
2024-11-08,CENTRO,fuera_pico_10_12,1,1.955,20.549999999999997,10.0,61.5,24.549999999999997
2024-11-08,CENTRO,pico_7_9,1,1.7149999999999999,15.25,5.0,45.5,18.79
2024-11-08,NORESTE3,fuera_pico_10_12,0,0.5941666666666667,10.033333333333333,16.333333333333336,40.33333333333333,23.32
2024-11-08,NORESTE3,pico_7_9,0,0.6256666666666666,13.116666666666665,7.783333333333333,30.5,18.229285714285716
2024-11-08,NOROESTE3,fuera_pico_10_12,0,1.1533333333333333,8.6,14.666666666666666,57.0,10.370000000000001
2024-11-08,NOROESTE3,pico_7_9,0,1.1883333333333335,10.899999999999999,5.5,44.166666666666664,10.105
2024-11-08,NORTE2,fuera_pico_10_12,1,1.0425,18.075000000000003,10.75,70.0,13.75
2024-11-08,NORTE2,pico_7_9,1,1.045,17.95,4.0,42.0,18.25
2024-11-08,SUR,fuera_pico_10_12,1,1.1237499999999998,8.3,19.125,50.25,18.0475
2024-11-08,SUR,pico_7_9,1,1.23,7.6125,10.875,34.25,17.223750000000003
2024-11-08,SUROESTE2,fuera_pico_10_12,1,1.3975,20.875,13.0,88.0,40.7625
2024-11-08,SUROESTE2,pico_7_9,1,1.5025,16.2,4.25,51.75,20.927500000000002
2024-11-09,CENTRO,fuera_pico_10_12,1,1.73,22.75,14.5,35.0,12.18
2024-11-09,CENTRO,pico_7_9,1,1.61,22.4,11.5,35.5,16.24
2024-11-09,NORESTE3,fuera_pico_10_12,0,0.6226666666666667,10.049999999999999,25.21666666666667,27.0,9.045
2024-11-09,NORESTE3,pico_7_9,0,0.5665,9.966666666666665,24.333333333333332,19.33333333333333,8.129999999999999
2024-11-09,NOROESTE3,fuera_pico_10_12,0,1.1175,11.524999999999999,19.333333333333336,28.5,6.418695652173913
2024-11-09,NOROESTE3,pico_7_9,0,0.9325000000000001,12.95,10.75,18.75,6.576271811173692
2024-11-09,NORTE2,fuera_pico_10_12,1,0.9325,23.175,16.75,50.0,9.0
2024-11-09,NORTE2,pico_7_9,1,0.8625,28.125,16.75,48.25,4.75
2024-11-09,SUR,fuera_pico_10_12,1,1.2683333333333333,12.275,21.875,40.5,9.03125
2024-11-09,SUR,pico_7_9,1,1.1599999999999997,9.2375,22.75,29.625,8.128333333333334
2024-11-09,SUROESTE2,fuera_pico_10_12,1,1.3375,23.1,13.75,47.75,12.76
2024-11-09,SUROESTE2,pico_7_9,1,1.0725,20.425,9.5,34.25,11.4875
2024-11-10,CENTRO,fuera_pico_10_12,1,1.88,20.3,13.5,63.0,38.085
2024-11-10,CENTRO,pico_7_9,1,1.9849999999999999,26.6,5.5,53.5,24.560000000000002
2024-11-10,NORESTE3,fuera_pico_10_12,0,0.8958333333333334,16.15,19.949999999999996,43.0,26.985
2024-11-10,NORESTE3,pico_7_9,0,0.7088333333333332,16.96666666666667,10.566666666666666,40.83333333333333,21.225
2024-11-10,NOROESTE3,fuera_pico_10_12,0,1.4033333333333333,12.583333333333334,14.666666666666668,63.666666666666664,12.305
2024-11-10,NOROESTE3,pico_7_9,0,1.3400000000000003,14.100000000000001,8.833333333333332,56.16666666666666,12.585
2024-11-10,NORTE2,fuera_pico_10_12,1,1.1475,25.85,12.5,71.75,22.25
2024-11-10,NORTE2,pico_7_9,1,0.99,26.15,6.75,54.75,23.0
2024-11-10,SUR,fuera_pico_10_12,1,1.42,15.3875,18.375,55.25,23.28
2024-11-10,SUR,pico_7_9,1,1.3233333333333333,12.25,14.125,44.5,21.0275
2024-11-10,SUROESTE2,fuera_pico_10_12,1,1.3675000000000002,20.275,15.5,78.25,32.9875
2024-11-10,SUROESTE2,pico_7_9,1,1.2575,19.125,6.5,81.5,33.295
2024-11-11,CENTRO,fuera_pico_10_12,1,2.285,28.549999999999997,8.0,61.5,29.305
2024-11-11,CENTRO,pico_7_9,1,2.1399999999999997,22.95,4.25,44.0,26.23
2024-11-11,NORESTE3,fuera_pico_10_12,0,1.0051666666666665,21.016666666666666,15.899999999999999,105.5,27.805
2024-11-11,NORESTE3,pico_7_9,0,1.2511666666666665,22.683333333333334,4.633333333333333,56.83333333333333,27.695
2024-11-11,NOROESTE3,fuera_pico_10_12,0,2.055,19.4,9.5,111.16666666666666,11.375
2024-11-11,NOROESTE3,pico_7_9,0,1.995,15.433333333333334,4.25,68.5,12.219999999999999
2024-11-11,NORTE2,fuera_pico_10_12,1,1.6925,37.375,9.0,118.0,20.25
2024-11-11,NORTE2,pico_7_9,1,1.7275,28.525000000000002,2.75,75.75,23.0
2024-11-11,SUR,fuera_pico_10_12,1,1.65,17.3,12.5,74.75,19.49375
2024-11-11,SUR,pico_7_9,1,1.913333333333333,13.225,5.5,87.0,31.75625
2024-11-11,SUROESTE2,fuera_pico_10_12,1,1.6324999999999998,21.450000000000003,13.25,76.25,24.7325
2024-11-11,SUROESTE2,pico_7_9,1,2.08,28.25,1.75,69.5,32.495000000000005
2024-11-12,CENTRO,fuera_pico_10_12,1,2.365,21.5,11.0,68.0,23.28
2024-11-12,CENTRO,pico_7_9,1,1.685,18.0,6.0,50.0,24.92
2024-11-12,NORESTE3,fuera_pico_10_12,0,0.7773333333333334,13.516666666666666,14.9,32.333333333333336,13.625
2024-11-12,NORESTE3,pico_7_9,0,0.7144999999999999,13.066666666666666,12.033333333333335,27.166666666666668,11.285
2024-11-12,NOROESTE3,fuera_pico_10_12,0,1.5366666666666666,11.25,13.666666666666666,48.66666666666667,8.035
2024-11-12,NOROESTE3,pico_7_9,0,1.4249999999999998,12.066666666666666,8.666666666666668,44.0,11.395
2024-11-12,NORTE2,fuera_pico_10_12,1,1.1675,20.450000000000003,11.0,52.75,17.0
2024-11-12,NORTE2,pico_7_9,1,0.9125,15.225000000000001,9.25,39.0,11.0
2024-11-12,SUR,fuera_pico_10_12,1,1.1287500000000001,13.725000000000001,13.75,45.75,18.2225
2024-11-12,SUR,pico_7_9,1,1.06375,8.925,9.75,37.125,13.12375
2024-11-12,SUROESTE2,fuera_pico_10_12,1,1.4125,21.85,8.5,60.5,23.8275
2024-11-12,SUROESTE2,pico_7_9,1,1.44,18.775,2.5,56.25,24.305
2024-11-13,CENTRO,fuera_pico_10_12,1,2.3049999999999997,24.35,18.0,68.5,29.685
2024-11-13,CENTRO,pico_7_9,1,1.8449999999999998,18.9,5.5,56.5,23.715
2024-11-13,NORESTE3,fuera_pico_10_12,0,0.653,11.116666666666667,24.799999999999997,65.16666666666667,27.415
2024-11-13,NORESTE3,pico_7_9,0,0.73,18.483333333333334,10.066666666666666,33.33333333333333,21.085
2024-11-13,NOROESTE3,fuera_pico_10_12,0,1.6083333333333334,11.566666666666666,19.333333333333332,70.16666666666666,8.605
2024-11-13,NOROESTE3,pico_7_9,0,1.6683333333333334,12.866666666666667,6.5,49.66666666666667,9.085
2024-11-13,NORTE2,fuera_pico_10_12,1,1.135,18.975,19.25,146.5,23.0
2024-11-13,NORTE2,pico_7_9,1,1.2075,22.3,5.25,58.0,20.25
2024-11-13,SUR,fuera_pico_10_12,1,1.1324999999999998,13.975,22.625,74.5,21.067500000000003
2024-11-13,SUR,pico_7_9,1,1.08375,15.1375,10.0,48.75,21.005
2024-11-13,SUROESTE2,fuera_pico_10_12,1,1.4625,22.975,15.5,89.75,33.255
2024-11-13,SUROESTE2,pico_7_9,1,1.4925000000000002,18.5,3.75,80.25,33.787499999999994
2024-11-14,CENTRO,fuera_pico_10_12,1,1.53,22.6,29.0,52.0,9.89
2024-11-14,CENTRO,pico_7_9,1,1.47,27.549999999999997,23.0,41.5,7.87
2024-11-14,NORESTE3,fuera_pico_10_12,0,0.862,11.900000000000002,35.86666666666667,39.0,6.92
2024-11-14,NORESTE3,pico_7_9,0,0.7950000000000002,16.433333333333334,29.133333333333333,32.166666666666664,6.390000000000001
2024-11-14,NOROESTE3,fuera_pico_10_12,0,1.2983333333333333,7.85,35.0,42.83333333333333,4.220000000000001
2024-11-14,NOROESTE3,pico_7_9,0,1.3416666666666668,11.85,25.666666666666668,27.83333333333333,3.75
2024-11-14,NORTE2,fuera_pico_10_12,1,0.8925000000000001,26.375,26.0,80.0,8.75
2024-11-14,NORTE2,pico_7_9,1,0.8625,28.549999999999997,23.0,60.0,6.25
2024-11-14,SUR,fuera_pico_10_12,1,1.275,11.325,36.5,50.5,8.774166666666666
2024-11-14,SUR,pico_7_9,1,0.9774999999999999,15.275000000000002,31.0,39.375,6.215
2024-11-14,SUROESTE2,fuera_pico_10_12,1,1.095,22.325,28.5,46.25,10.9725
2024-11-14,SUROESTE2,pico_7_9,1,1.1099999999999999,22.125,25.75,29.25,9.055
2024-11-15,CENTRO,fuera_pico_10_12,1,2.015,32.8,24.0,55.0,21.705
2024-11-15,CENTRO,pico_7_9,1,1.685,27.25,7.0,38.5,17.595
2024-11-15,NORESTE3,fuera_pico_10_12,0,0.8331666666666666,19.566666666666663,23.683333333333334,56.33333333333333,17.22
2024-11-15,NORESTE3,pico_7_9,0,0.8561666666666667,20.266666666666666,9.883333333333335,36.83333333333333,15.765
2024-11-15,NOROESTE3,fuera_pico_10_12,0,1.84,15.8,24.0,91.33333333333331,8.305
2024-11-15,NOROESTE3,pico_7_9,0,1.8666666666666667,20.875,6.0,54.49999999999999,8.685
2024-11-15,NORTE2,fuera_pico_10_12,1,1.1625,32.575,19.25,121.0,21.0
2024-11-15,NORTE2,pico_7_9,1,1.0925,29.275000000000002,8.25,55.25,12.5
2024-11-15,SUR,fuera_pico_10_12,1,1.0675,16.475,27.625,74.0,16.9725
2024-11-15,SUR,pico_7_9,1,1.0462500000000001,16.2,11.625,55.0,13.401250000000001
2024-11-15,SUROESTE2,fuera_pico_10_12,1,1.35,28.674999999999997,29.75,103.25,33.7725
2024-11-15,SUROESTE2,pico_7_9,1,1.8225,25.875,5.0,74.5,32.3625
2024-11-16,CENTRO,fuera_pico_10_12,1,2.065,28.15,13.0,66.0,30.294999999999998
2024-11-16,CENTRO,pico_7_9,1,1.62,23.65,11.0,42.0,13.9
2024-11-16,NORESTE3,fuera_pico_10_12,0,0.814,16.95,20.93333333333333,36.33333333333333,16.68
2024-11-16,NORESTE3,pico_7_9,0,0.6476666666666666,12.683333333333334,20.53333333333333,22.333333333333336,12.855
2024-11-16,NOROESTE3,fuera_pico_10_12,0,1.8166666666666664,14.225000000000001,15.666666666666668,80.33333333333334,17.205000000000002
2024-11-16,NOROESTE3,pico_7_9,0,1.73,12.7,13.166666666666666,40.333333333333336,9.7
2024-11-16,NORTE2,fuera_pico_10_12,1,1.245,25.9,12.0,67.5,19.25
2024-11-16,NORTE2,pico_7_9,1,0.865,19.049999999999997,16.25,37.5,11.25
2024-11-16,SUR,fuera_pico_10_12,1,1.3250000000000002,12.4375,23.5,54.25,18.62625
2024-11-16,SUR,pico_7_9,1,1.2466666666666666,9.0,21.5,32.625,8.6775
2024-11-16,SUROESTE2,fuera_pico_10_12,1,1.2349999999999999,18.3,19.75,56.0,30.060000000000002
2024-11-16,SUROESTE2,pico_7_9,1,1.105,17.0,5.5,52.0,20.3575
2024-11-17,CENTRO,fuera_pico_10_12,1,1.755,17.2,13.5,58.5,38.405
2024-11-17,CENTRO,pico_7_9,1,1.72,20.0,4.5,69.0,39.66
2024-11-17,NORESTE3,fuera_pico_10_12,0,0.6708333333333334,9.649999999999999,20.1,37.0,25.43
2024-11-17,NORESTE3,pico_7_9,0,0.6173333333333333,10.366666666666667,16.233333333333334,31.666666666666664,24.36
2024-11-17,NOROESTE3,fuera_pico_10_12,0,1.7516666666666665,10.6,15.166666666666666,61.16666666666667,19.895
2024-11-17,NOROESTE3,pico_7_9,0,1.6466666666666665,8.649999999999999,10.5,54.5,12.41
2024-11-17,NORTE2,fuera_pico_10_12,1,0.965,15.85,12.25,64.25,24.25
2024-11-17,NORTE2,pico_7_9,1,0.7925,13.075,11.75,55.25,22.0
2024-11-17,SUR,fuera_pico_10_12,1,1.1949999999999998,8.837499999999999,19.625,61.333333333333336,23.36125
2024-11-17,SUR,pico_7_9,1,1.2841666666666667,9.291666666666668,12.666666666666668,56.04166666666667,24.368333333333332
2024-11-17,SUROESTE2,fuera_pico_10_12,1,1.245,15.225,24.5,74.75,42.55
2024-11-17,SUROESTE2,pico_7_9,1,1.3824999999999998,16.625,3.0,53.75,32.565
2024-11-18,CENTRO,fuera_pico_10_12,1,1.9749999999999999,25.9,16.0,62.5,32.675
2024-11-18,CENTRO,pico_7_9,1,1.84,21.4,4.5,51.0,23.695
2024-11-18,NORESTE3,fuera_pico_10_12,0,0.6741666666666666,10.491666666666667,26.516666666666666,40.25,21.375
2024-11-18,NORESTE3,pico_7_9,0,0.7008333333333334,13.083333333333334,13.216666666666667,29.0,19.205
2024-11-18,NOROESTE3,fuera_pico_10_12,0,2.065,11.975,20.166666666666668,60.0,10.575
2024-11-18,NOROESTE3,pico_7_9,0,1.925,10.9,5.833333333333333,44.5,11.79
2024-11-18,NORTE2,fuera_pico_10_12,1,0.9125000000000001,19.15,20.75,59.0,15.5
2024-11-18,NORTE2,pico_7_9,1,0.9275,21.75,4.75,44.0,19.0
2024-11-18,SUR,fuera_pico_10_12,1,1.2275,10.604166666666666,26.791666666666664,69.08333333333334,20.443333333333335
2024-11-18,SUR,pico_7_9,1,1.1925,12.524999999999999,12.625,45.625,20.8825
2024-11-18,SUROESTE2,fuera_pico_10_12,1,1.3625,18.200000000000003,19.5,99.75,32.6425
2024-11-18,SUROESTE2,pico_7_9,1,1.4325,21.35,2.5,73.0,34.6775
2024-11-19,CENTRO,fuera_pico_10_12,1,0.7474999999999999,7.6000000000000005,2.75,17.75,22.1575
2024-11-19,CENTRO,pico_7_9,1,1.81,25.25,5.0,63.0,29.325000000000003
2024-11-19,NORESTE3,fuera_pico_10_12,0,1.2093333333333334,29.683333333333334,19.15,162.0,22.240000000000002
2024-11-19,NORESTE3,pico_7_9,0,1.0291666666666666,23.150000000000002,9.416666666666666,52.16666666666666,24.509999999999998
2024-11-19,NOROESTE3,fuera_pico_10_12,0,2.533333333333333,20.875,16.0,120.0,15.7
2024-11-19,NOROESTE3,pico_7_9,0,2.38,16.725,4.0,78.5,8.795
2024-11-19,NORTE2,fuera_pico_10_12,1,1.5150000000000001,41.25,16.5,136.75,24.25
2024-11-19,NORTE2,pico_7_9,1,1.3825,30.075000000000003,2.5,97.5,21.5
2024-11-19,SUR,fuera_pico_10_12,1,1.4075,17.15,27.75,106.375,20.38875
2024-11-19,SUR,pico_7_9,1,1.4649999999999999,21.208333333333336,8.333333333333332,68.29166666666666,15.392916666666668
2024-11-19,SUROESTE2,fuera_pico_10_12,1,1.3325,22.975,23.0,101.75,29.567500000000003
2024-11-19,SUROESTE2,pico_7_9,1,1.895,25.700000000000003,3.25,77.75,28.55
2024-11-20,CENTRO,fuera_pico_10_12,1,1.085,13.0,43.5,50.5,8.9
2024-11-20,CENTRO,pico_7_9,1,1.475,35.25,12.0,57.0,18.105
2024-11-20,NORESTE3,fuera_pico_10_12,0,0.8721666666666665,8.516666666666667,41.849999999999994,73.83333333333334,6.885
2024-11-20,NORESTE3,pico_7_9,0,0.9128333333333334,23.183333333333334,20.616666666666667,79.66666666666669,14.155
2024-11-20,NOROESTE3,fuera_pico_10_12,0,1.633333333333333,5.65,39.66666666666666,87.16666666666666,12.754406335527161
2024-11-20,NOROESTE3,pico_7_9,0,2.3566666666666665,20.05,7.666666666666666,98.33333333333331,20.45610803608635
2024-11-20,NORTE2,fuera_pico_10_12,1,0.79,23.174999999999997,33.25,66.75,6.0
2024-11-20,NORTE2,pico_7_9,1,1.0625,35.525,11.25,96.0,8.5
2024-11-20,SUR,fuera_pico_10_12,1,1.02,8.483333333333334,42.83333333333333,46.5,7.68
2024-11-20,SUR,pico_7_9,1,1.295,21.03333333333333,19.666666666666664,79.33333333333333,10.438333333333333
2024-11-20,SUROESTE2,fuera_pico_10_12,1,0.985,17.075,38.75,53.0,10.99
2024-11-20,SUROESTE2,pico_7_9,1,1.5175,30.5,13.0,91.0,21.595
2024-11-21,CENTRO,fuera_pico_10_12,1,2.0,45.7,15.5,81.0,43.47
2024-11-21,CENTRO,pico_7_9,1,1.745,37.4,5.0,60.0,32.305
2024-11-21,NORESTE3,fuera_pico_10_12,0,1.2021666666666666,20.916666666666668,31.96666666666667,72.16666666666667,11.83
2024-11-21,NORESTE3,pico_7_9,0,1.3315000000000001,30.03333333333333,4.65,61.33333333333333,23.435000000000002
2024-11-21,NOROESTE3,fuera_pico_10_12,0,2.3583333333333334,16.475,23.333333333333336,92.0,22.67582966624986
2024-11-21,NOROESTE3,pico_7_9,0,2.51,22.025,3.833333333333333,98.16666666666666,22.16587010240648
2024-11-21,NORTE2,fuera_pico_10_12,1,0.8999999999999999,27.5,28.5,70.25,13.0
2024-11-21,NORTE2,pico_7_9,1,1.3075,41.675,3.0,105.5,21.5
2024-11-21,SUR,fuera_pico_10_12,1,1.3025,12.6375,37.625,88.70833333333334,19.57375
2024-11-21,SUR,pico_7_9,1,1.43,22.1,6.75,63.541666666666664,23.10375
2024-11-21,SUROESTE2,fuera_pico_10_12,1,1.5150000000000001,34.55,23.75,87.75,30.0875
2024-11-21,SUROESTE2,pico_7_9,1,1.8425,35.25,4.25,93.25,33.5325
2024-11-22,CENTRO,fuera_pico_10_12,1,2.54,49.849999999999994,17.5,86.0,46.43
2024-11-22,CENTRO,pico_7_9,1,1.805,32.7,5.0,46.5,24.310000000000002
2024-11-22,NORESTE3,fuera_pico_10_12,0,1.1693333333333333,21.166666666666668,28.75,118.83333333333334,24.53
2024-11-22,NORESTE3,pico_7_9,0,1.5576666666666665,29.866666666666667,4.3,123.16666666666667,31.185000000000002
2024-11-22,NOROESTE3,fuera_pico_10_12,0,2.533333333333333,19.175,21.666666666666668,118.33333333333334,9.308181818181819
2024-11-22,NOROESTE3,pico_7_9,0,2.8833333333333337,19.675,4.0,98.66666666666666,25.714552374026944
2024-11-22,NORTE2,fuera_pico_10_12,1,1.3624999999999998,44.1,16.0,166.75,17.75
2024-11-22,NORTE2,pico_7_9,1,1.7525,36.1,3.875,135.75,38.5
2024-11-22,SUR,fuera_pico_10_12,1,1.4649999999999999,28.0375,25.5,130.625,29.5125
2024-11-22,SUR,pico_7_9,1,1.0483333333333333,23.3625,4.916666666666666,68.5,24.307499999999997
2024-11-22,SUROESTE2,fuera_pico_10_12,1,1.59,37.95,26.75,171.5,38.370000000000005
2024-11-22,SUROESTE2,pico_7_9,1,2.3,33.475,5.5,102.75,44.55
2024-11-23,CENTRO,fuera_pico_10_12,1,2.06,30.95,18.0,74.5,53.965
2024-11-23,CENTRO,pico_7_9,1,1.9100000000000001,31.7,5.75,50.0,32.155
2024-11-23,NORESTE3,fuera_pico_10_12,0,0.8726666666666667,15.2,24.066666666666666,75.16666666666666,34.01977004944841
2024-11-23,NORESTE3,pico_7_9,0,0.992,23.5,5.800000000000001,49.66666666666667,25.095824567363383
2024-11-23,NOROESTE3,fuera_pico_10_12,0,2.3949999999999996,16.875,17.5,61.833333333333336,12.815000000000001
2024-11-23,NOROESTE3,pico_7_9,0,2.6449999999999996,18.35,4.166666666666666,86.66666666666667,10.395
2024-11-23,NORTE2,fuera_pico_10_12,1,1.1724999999999999,24.25,16.5,62.25,22.0
2024-11-23,NORTE2,pico_7_9,1,1.1600000000000001,33.05,2.75,91.25,15.75
2024-11-23,SUR,fuera_pico_10_12,1,1.4925,23.5,23.25,105.5,44.89875
2024-11-23,SUR,pico_7_9,1,1.145,15.837499999999999,11.875,57.875,22.6875
2024-11-23,SUROESTE2,fuera_pico_10_12,1,1.3825,30.025,33.75,107.0,37.6875
2024-11-23,SUROESTE2,pico_7_9,1,1.7800000000000002,25.875,10.5,119.75,49.8025
2024-11-24,CENTRO,fuera_pico_10_12,1,1.84,24.85,24.0,65.5,52.705
2024-11-24,CENTRO,pico_7_9,1,1.755,20.55,5.666666666666666,51.0,43.58
2024-11-24,NORESTE3,fuera_pico_10_12,0,0.7916666666666667,9.083333333333332,30.03333333333333,41.91666666666667,29.16729544166172
2024-11-24,NORESTE3,pico_7_9,0,0.7510000000000001,12.083333333333332,16.55,30.0,25.410516603084545
2024-11-24,NOROESTE3,fuera_pico_10_12,0,2.6049999999999995,18.299999999999997,17.666666666666664,67.5,15.084999999999999
2024-11-24,NOROESTE3,pico_7_9,0,2.453333333333333,16.55,4.333333333333334,60.0,9.995000000000001
2024-11-24,NORTE2,fuera_pico_10_12,1,1.63,25.425,29.25,87.25,33.0
2024-11-24,NORTE2,pico_7_9,1,0.8725,22.3,7.75,60.75,16.0
2024-11-24,SUR,fuera_pico_10_12,1,1.3599999999999999,17.0,24.875,78.875,39.59375
2024-11-24,SUR,pico_7_9,1,1.3399999999999999,15.2625,10.583333333333332,57.5,26.08
2024-11-24,SUROESTE2,fuera_pico_10_12,1,1.2200000000000002,21.875,29.0,65.0,30.985
2024-11-24,SUROESTE2,pico_7_9,1,1.345,24.05,11.0,65.5,32.15
2024-11-25,CENTRO,fuera_pico_10_12,1,2.1500000000000004,45.95,18.5,75.5,26.345
2024-11-25,CENTRO,pico_7_9,1,1.835,34.1,6.0,55.5,24.08
2024-11-25,NORESTE3,fuera_pico_10_12,0,1.4488333333333332,33.5,19.966666666666665,132.08333333333331,40.1610447761194
2024-11-25,NORESTE3,pico_7_9,0,1.4796666666666667,24.616666666666667,4.800000000000001,87.16666666666666,31.607652993607125
2024-11-25,NOROESTE3,fuera_pico_10_12,0,2.555,18.424999999999997,21.166666666666664,91.5,8.705
2024-11-25,NOROESTE3,pico_7_9,0,2.6066666666666665,22.950000000000003,5.833333333333334,69.16666666666666,9.385
2024-11-25,NORTE2,fuera_pico_10_12,1,2.25,69.15,11.0,158.0,45.0
2024-11-25,NORTE2,pico_7_9,1,1.78,36.025000000000006,2.5,94.5,28.0
2024-11-25,SUR,fuera_pico_10_12,1,1.7125,27.5375,22.0,121.625,35.565
2024-11-25,SUR,pico_7_9,1,1.8275000000000001,18.5375,5.875,80.5,29.317499999999995
2024-11-25,SUROESTE2,fuera_pico_10_12,1,1.5474999999999999,36.5,24.75,172.25,35.855
2024-11-25,SUROESTE2,pico_7_9,1,2.8850000000000002,37.075,4.75,101.5,38.1075
2024-11-26,CENTRO,fuera_pico_10_12,1,1.4049999999999998,20.55,12.5,109.5,25.746000000000002
2024-11-26,CENTRO,pico_7_9,1,1.645,27.1,6.0,54.5,19.645000000000003
2024-11-26,NORESTE3,fuera_pico_10_12,0,0.8698333333333332,11.850000000000001,15.225000000000001,48.66666666666667,11.309999999999999
2024-11-26,NORESTE3,pico_7_9,0,0.7981666666666667,11.899999999999999,15.266666666666666,55.5,17.904374999999998
2024-11-26,NOROESTE3,fuera_pico_10_12,0,2.456666666666667,13.149999999999999,12.666666666666668,72.66666666666666,8.36
2024-11-26,NOROESTE3,pico_7_9,0,2.4383333333333335,15.75,8.0,48.66666666666666,7.295
2024-11-26,NORTE2,fuera_pico_10_12,1,0.8599999999999999,18.975,11.25,91.5,8.5
2024-11-26,NORTE2,pico_7_9,1,0.78,17.575000000000003,12.75,55.5,5.25
2024-11-26,SUR,fuera_pico_10_12,1,1.2675,12.575,16.125,84.5,14.445
2024-11-26,SUR,pico_7_9,1,1.1400000000000001,12.462499999999999,15.5,64.125,11.2725
2024-11-26,SUROESTE2,fuera_pico_10_12,1,1.2875,20.65,14.5,82.5,16.7325
2024-11-26,SUROESTE2,pico_7_9,1,1.3199999999999998,27.200000000000003,5.25,52.25,14.5425
2024-11-27,CENTRO,fuera_pico_10_12,1,2.145,52.7,14.0,93.0,77.71666666666667
2024-11-27,CENTRO,pico_7_9,1,1.58,28.65,4.5,99.0,67.31666666666666
2024-11-27,NORESTE3,fuera_pico_10_12,0,1.4063333333333332,30.983333333333334,18.25,143.33333333333331,54.425
2024-11-27,NORESTE3,pico_7_9,0,1.459833333333333,22.266666666666666,3.475,102.16666666666666,51.025
2024-11-27,NOROESTE3,fuera_pico_10_12,0,2.7649999999999997,22.1,19.333333333333332,116.33333333333334,14.515
2024-11-27,NOROESTE3,pico_7_9,0,2.756666666666667,21.674999999999997,4.333333333333334,90.5,15.18
2024-11-27,NORTE2,fuera_pico_10_12,1,2.185,59.525000000000006,10.5,183.5,42.0
2024-11-27,NORTE2,pico_7_9,1,1.895,29.875,2.5,108.5,18.75
2024-11-27,SUR,fuera_pico_10_12,1,1.2133333333333334,28.862499999999997,18.25,157.0,44.875
2024-11-27,SUR,pico_7_9,1,1.2799999999999998,19.4625,4.541666666666666,135.875,45.83125
2024-11-27,SUROESTE2,fuera_pico_10_12,1,1.7725,37.85,21.0,140.25,27.655
2024-11-27,SUROESTE2,pico_7_9,1,2.7975,29.225,3.25,97.25,51.3525
2024-11-28,CENTRO,fuera_pico_10_12,1,1.12,16.6,30.0,95.0,34.805
2024-11-28,CENTRO,pico_7_9,1,1.6099999999999999,42.45,7.0,70.0,37.18
2024-11-28,NORESTE3,fuera_pico_10_12,0,0.7891666666666666,9.566666666666666,26.81666666666667,179.33333333333331,33.8225
2024-11-28,NORESTE3,pico_7_9,0,1.3655000000000002,29.849999999999994,10.649999999999999,166.5,45.06
2024-11-28,NOROESTE3,fuera_pico_10_12,0,2.21,8.725000000000001,30.333333333333336,130.16666666666666,18.284580282708472
2024-11-28,NOROESTE3,pico_7_9,0,2.765,29.75,4.416666666666666,113.33333333333331,23.46772936690559
2024-11-28,NORTE2,fuera_pico_10_12,1,0.86,17.85,25.25,180.25,20.5
2024-11-28,NORTE2,pico_7_9,1,1.535,44.7,8.5,199.75,39.25
2024-11-28,SUR,fuera_pico_10_12,1,1.19,10.1375,31.125,141.25,26.958750000000002
2024-11-28,SUR,pico_7_9,1,1.8599999999999999,27.35,7.5,124.625,42.74166666666667
2024-11-28,SUROESTE2,fuera_pico_10_12,1,1.2625,16.575,31.5,120.25,34.885000000000005
2024-11-28,SUROESTE2,pico_7_9,1,2.84,41.775,5.0,123.25,61.0075
2024-11-29,CENTRO,fuera_pico_10_12,1,1.1099999999999999,21.55,17.0,40.0,12.795
2024-11-29,CENTRO,pico_7_9,1,0.86,15.9,21.5,31.0,6.705
2024-11-29,NORESTE3,fuera_pico_10_12,0,1.0474999999999999,12.149999999999999,22.516666666666666,31.333333333333336,6.83
2024-11-29,NORESTE3,pico_7_9,0,0.9813333333333333,12.983333333333334,23.483333333333334,19.5,4.555
2024-11-29,NOROESTE3,fuera_pico_10_12,0,2.1500000000000004,11.9,16.833333333333332,36.833333333333336,7.425
2024-11-29,NOROESTE3,pico_7_9,0,1.9916666666666665,8.225,19.33333333333333,24.83333333333333,7.575
2024-11-29,NORTE2,fuera_pico_10_12,1,0.865,24.3,13.75,61.25,9.25
2024-11-29,NORTE2,pico_7_9,1,0.7025,23.049999999999997,15.0,31.0,3.75
2024-11-29,SUR,fuera_pico_10_12,1,1.2125,12.55,22.25,55.375,9.528749999999999
2024-11-29,SUR,pico_7_9,1,1.1775,11.3125,21.75,37.375,7.044166666666667
2024-11-29,SUROESTE2,fuera_pico_10_12,1,1.29,24.875,12.0,34.75,11.155000000000001
2024-11-29,SUROESTE2,pico_7_9,1,1.19,18.049999999999997,17.5,27.75,9.477500000000001
2024-11-30,CENTRO,fuera_pico_10_12,0,1.125,28.55,15.0,43.5,17.985
2024-11-30,CENTRO,pico_7_9,0,0.825,16.650000000000002,21.5,23.0,6.88
2024-11-30,NORESTE3,fuera_pico_10_12,0,1.1711666666666667,17.28333333333333,20.8,47.66666666666667,19.415
2024-11-30,NORESTE3,pico_7_9,0,1.13,20.85,12.7,27.333333333333336,9.155
2024-11-30,NOROESTE3,fuera_pico_10_12,0,2.3333333333333335,14.1,12.0,73.16666666666666,13.865336317796965
2024-11-30,NOROESTE3,pico_7_9,0,2.503333333333333,15.475,7.166666666666667,59.166666666666664,10.93374664068305
2024-11-30,NORTE2,fuera_pico_10_12,1,1.1099999999999999,31.975,7.5,104.25,11.5
2024-11-30,NORTE2,pico_7_9,1,0.5950000000000001,26.799999999999997,10.75,24.0,11.5
2024-11-30,SUR,fuera_pico_10_12,1,1.2925,13.6375,24.625,48.0,12.4975
2024-11-30,SUR,pico_7_9,1,0.78,8.6375,21.875,25.0,7.8100000000000005
2024-11-30,SUROESTE2,fuera_pico_10_12,1,1.195,23.9,16.0,74.75,23.332500000000003
2024-11-30,SUROESTE2,pico_7_9,1,1.29,23.9,4.75,49.75,23.262500000000003
2024-12-01,CENTRO,fuera_pico_10_12,0,1.755,37.150000000000006,23.0,83.0,66.02
2024-12-01,CENTRO,pico_7_9,0,1.5350000000000001,32.7,5.8,87.5,63.085
2024-12-01,NORESTE3,fuera_pico_10_12,0,1.3215,20.25,24.71666666666667,124.33333333333334,67.345
2024-12-01,NORESTE3,pico_7_9,0,1.5265,21.099999999999994,4.525,79.83333333333333,57.93
2024-12-01,NOROESTE3,fuera_pico_10_12,0,3.465,22.25,21.75,126.75,23.68
2024-12-01,NOROESTE3,pico_7_9,0,3.3875,25.7,4.5,93.0,17.295
2024-12-01,NORTE2,fuera_pico_10_12,1,1.38,37.8,18.0,143.0,37.75
2024-12-01,NORTE2,pico_7_9,1,1.6575,31.950000000000003,1.5,134.0,46.75
2024-12-01,SUR,fuera_pico_10_12,1,1.0533333333333332,17.325,27.375,92.625,32.81125
2024-12-01,SUR,pico_7_9,1,1.0833333333333333,15.7,5.75,64.625,29.76375
2024-12-01,SUROESTE2,fuera_pico_10_12,1,1.7149999999999999,33.325,21.25,103.25,56.31999999999999
2024-12-01,SUROESTE2,pico_7_9,1,1.9125,23.200000000000003,8.25,81.75,47.03
2024-12-02,CENTRO,fuera_pico_10_12,0,1.8399999999999999,31.450000000000003,6.0,55.0,35.89
2024-12-02,CENTRO,pico_7_9,0,1.55,27.8,5.0,49.5,45.644999999999996
2024-12-02,NORESTE3,fuera_pico_10_12,0,0.9578333333333333,16.916666666666664,12.333333333333332,19.166666666666664,35.44499999999999
2024-12-02,NORESTE3,pico_7_9,0,0.933,20.383333333333333,7.566666666666666,17.666666666666664,14.2475
2024-12-02,NOROESTE3,fuera_pico_10_12,0,2.715,13.275,7.666666666666666,27.5,7.075
2024-12-02,NOROESTE3,pico_7_9,0,2.4483333333333333,13.4,5.333333333333333,26.0,9.14
2024-12-02,NORTE2,fuera_pico_10_12,1,1.1575,27.575000000000003,9.0,32.25,11.75
2024-12-02,NORTE2,pico_7_9,1,1.12,26.725,4.5,30.5,16.75
2024-12-02,SUR,fuera_pico_10_12,1,1.2883333333333336,19.6,10.125,37.625,24.894583333333333
2024-12-02,SUR,pico_7_9,1,0.985,17.4375,6.875,37.875,19.78875
2024-12-02,SUROESTE2,fuera_pico_10_12,1,2.1574999999999998,32.175,5.75,60.0,43.83
2024-12-02,SUROESTE2,pico_7_9,1,1.8424999999999998,29.15,5.5,77.0,35.61
2024-12-03,CENTRO,fuera_pico_10_12,0,1.347,6.48,7.5,18.375,16.75140625
2024-12-03,CENTRO,pico_7_9,0,1.27,22.85,13.5,19.5,10.195
2024-12-03,NORESTE3,fuera_pico_10_12,0,1.0791666666666666,12.416666666666666,21.85,8.225000000000001,4.005
2024-12-03,NORESTE3,pico_7_9,0,0.7495,10.133333333333333,25.099999999999994,7.409999999999999,3.35
2024-12-03,NOROESTE3,fuera_pico_10_12,0,2.6483333333333334,14.8,9.5,9.0,3.632215340349504
2024-12-03,NOROESTE3,pico_7_9,0,2.251666666666667,11.475000000000001,15.666666666666668,5.166666666666666,4.533829345381347
2024-12-03,NORTE2,fuera_pico_10_12,1,0.9475,23.325,14.5,12.0,5.25
2024-12-03,NORTE2,pico_7_9,1,0.8,21.200000000000003,15.5,5.0,2.5
2024-12-03,SUR,fuera_pico_10_12,1,1.1291666666666669,13.775,20.625,13.25,5.25
2024-12-03,SUR,pico_7_9,1,1.13,10.6,24.875,11.625,3.4566666666666666
2024-12-03,SUROESTE2,fuera_pico_10_12,1,1.5625,24.924999999999997,10.5,12.75,6.0
2024-12-03,SUROESTE2,pico_7_9,1,1.3900000000000001,19.4,15.0,10.0,5.0
2024-12-04,CENTRO,fuera_pico_10_12,0,2.1725143309158166,22.900953820671084,7.880159898661528,40.64476152394039,27.406238471036133
2024-12-04,CENTRO,pico_7_9,0,2.1910563355336876,18.36491344237364,6.9860578785443845,35.93524030094348,24.912678642858562
2024-12-04,NORESTE3,fuera_pico_10_12,0,0.9165,18.966666666666665,10.35,22.68333333333333,19.54
2024-12-04,NORESTE3,pico_7_9,0,0.7461666666666666,19.700000000000003,7.333333333333334,14.64,8.93
2024-12-04,NOROESTE3,fuera_pico_10_12,0,2.8333333333333335,10.925,7.0,25.666666666666668,11.028399772841862
2024-12-04,NOROESTE3,pico_7_9,0,2.615,10.825,6.25,15.166666666666666,7.513712399526211
2024-12-04,NORTE2,fuera_pico_10_12,1,1.2325,27.35,3.75,26.5,21.0
2024-12-04,NORTE2,pico_7_9,1,0.975,24.424999999999997,3.0,17.25,10.25
2024-12-04,SUR,fuera_pico_10_12,1,1.15625,14.35,12.625,27.25,14.877500000000001
2024-12-04,SUR,pico_7_9,1,1.0550000000000002,14.075,10.875,16.625,8.666666666666668
2024-12-04,SUROESTE2,fuera_pico_10_12,1,2.01,25.925,4.0,47.0,31.5325
2024-12-04,SUROESTE2,pico_7_9,1,1.79,25.700000000000003,1.5,29.5,21.9925
2024-12-05,CENTRO,fuera_pico_10_12,0,1.73,32.3,5.5,92.5,66.515
2024-12-05,CENTRO,pico_7_9,0,1.31,29.2,4.807692307692308,99.5,63.42
2024-12-05,NORESTE3,fuera_pico_10_12,0,0.7373333333333333,12.45,20.583333333333332,58.36666666666666,24.384999999999998
2024-12-05,NORESTE3,pico_7_9,0,0.8685,18.21666666666667,4.533333333333333,64.655,29.965
2024-12-05,NOROESTE3,fuera_pico_10_12,0,3.3200000000000003,20.8,5.166666666666667,72.33333333333333,15.389583738558997
2024-12-05,NOROESTE3,pico_7_9,0,3.1383333333333336,17.025,3.75,61.0,19.45553828701943
2024-12-05,NORTE2,fuera_pico_10_12,1,1.335,26.85,4.75,98.25,22.5
2024-12-05,NORTE2,pico_7_9,1,1.2125,25.55,2.25,92.5,25.0
2024-12-05,SUR,fuera_pico_10_12,1,1.1637499999999998,15.2125,17.0,80.875,23.04
2024-12-05,SUR,pico_7_9,1,1.18125,14.662500000000001,10.0,78.625,32.136250000000004
2024-12-05,SUROESTE2,fuera_pico_10_12,1,2.26,37.400000000000006,5.25,125.25,72.4425
2024-12-05,SUROESTE2,pico_7_9,1,2.325,35.400000000000006,1.5,118.25,76.1825
2024-12-06,CENTRO,fuera_pico_10_12,0,1.07625,7.5874999999999995,4.125,10.875,21.354
2024-12-06,CENTRO,pico_7_9,0,1.295,16.95,11.5,19.0,7.115
2024-12-06,NORESTE3,fuera_pico_10_12,0,0.7708333333333333,12.016666666666666,6.2,11.18,4.04
2024-12-06,NORESTE3,pico_7_9,0,0.7051666666666667,13.783333333333335,7.366666666666667,11.048333333333336,5.16
2024-12-06,NOROESTE3,fuera_pico_10_12,0,1.5983333333333332,5.875,9.333333333333332,7.083333333333334,2.9375
2024-12-06,NOROESTE3,pico_7_9,0,1.6083333333333334,8.3,10.333333333333332,4.833333333333334,3.5347567089769436
2024-12-06,NORTE2,fuera_pico_10_12,1,1.0125,14.399999999999999,4.25,8.25,3.5
2024-12-06,NORTE2,pico_7_9,1,0.895,16.8,5.0,11.25,5.0
2024-12-06,SUR,fuera_pico_10_12,0,1.15375,11.1875,9.5,20.333333333333336,8.465
2024-12-06,SUR,pico_7_9,0,1.09375,10.8,14.375,15.583333333333334,5.705
2024-12-06,SUROESTE2,fuera_pico_10_12,0,1.5350000000000001,13.725,4.5,8.75,5.0325
2024-12-06,SUROESTE2,pico_7_9,0,1.31,17.549999999999997,10.0,14.0,5.5
2024-12-07,CENTRO,fuera_pico_10_12,0,2.4400000000000004,20.3,5.0,42.5,26.267703188608117
2024-12-07,CENTRO,pico_7_9,0,2.01,18.55,4.0,18.5,14.978420919192711
2024-12-07,NORESTE3,fuera_pico_10_12,0,0.736,12.783333333333333,11.01666666666667,8.948333333333332,6.0600000000000005
2024-12-07,NORESTE3,pico_7_9,0,0.6311666666666667,12.149999999999999,10.716666666666667,7.385,6.0
2024-12-07,NOROESTE3,fuera_pico_10_12,0,1.9583333333333333,10.875,4.916666666666666,13.5,6.5649999999999995
2024-12-07,NOROESTE3,pico_7_9,0,1.5966666666666667,9.925,5.333333333333334,4.666666666666666,3.4725
2024-12-07,NORTE2,fuera_pico_10_12,1,0.9175,17.875,7.0,22.5,5.75
2024-12-07,NORTE2,pico_7_9,1,0.6975,16.25,6.0,5.0,2.25
2024-12-07,SUR,fuera_pico_10_12,0,1.08,12.4625,9.875,17.625,9.333333333333332
2024-12-07,SUR,pico_7_9,0,0.985,10.7625,9.25,14.0,7.045
2024-12-07,SUROESTE2,fuera_pico_10_12,0,1.8849999999999998,19.825000000000003,3.0,30.25,24.75
2024-12-07,SUROESTE2,pico_7_9,0,1.4525000000000001,18.575,1.5,9.0,9.75
2024-12-08,CENTRO,fuera_pico_10_12,0,2.525,14.5,4.966666666666667,40.0,34.01005417122764
2024-12-08,CENTRO,pico_7_9,0,2.5149999999999997,12.65,5.452606576078656,49.5,34.87639467957619
2024-12-08,NORESTE3,fuera_pico_10_12,0,1.040166666666667,11.533333333333333,4.9,31.933333333333334,26.045
2024-12-08,NORESTE3,pico_7_9,0,0.8280000000000001,11.816666666666666,4.4,22.106666666666662,19.98
2024-12-08,NOROESTE3,fuera_pico_10_12,0,2.45,9.25,5.25,29.666666666666664,6.475
2024-12-08,NOROESTE3,pico_7_9,0,2.118333333333333,8.55,7.5,22.833333333333336,5.654999999999999
2024-12-08,NORTE2,fuera_pico_10_12,1,1.4275,17.075,3.0,50.25,25.5
2024-12-08,NORTE2,pico_7_9,1,1.4,15.2,2.0,32.5,20.75
2024-12-08,SUR,fuera_pico_10_12,0,1.17875,8.4625,5.75,26.125,17.666666666666664
2024-12-08,SUR,pico_7_9,0,1.07,7.3375,11.5,29.0,19.703333333333333
2024-12-08,SUROESTE2,fuera_pico_10_12,0,2.5775,17.5,2.0,70.75,48.05
2024-12-08,SUROESTE2,pico_7_9,0,1.9849999999999999,14.425,2.0,65.25,43.6475
2024-12-09,CENTRO,fuera_pico_10_12,0,2.9450000000000003,37.849999999999994,9.0,68.0,21.350554776506115
2024-12-09,CENTRO,pico_7_9,0,2.77,24.9,4.8125,42.0,21.097513568060975
2024-12-09,NORESTE3,fuera_pico_10_12,0,1.2408333333333335,21.3,11.716666666666667,97.79833333333332,16.93
2024-12-09,NORESTE3,pico_7_9,0,2.0386666666666664,20.166666666666664,3.725,110.43333333333334,50.875
2024-12-09,NOROESTE3,fuera_pico_10_12,0,1.6916666666666667,7.574999999999999,21.0,52.33333333333333,3.4349999999999996
2024-12-09,NOROESTE3,pico_7_9,0,2.6950000000000003,19.45,5.0,99.0,9.510000000000002
2024-12-09,NORTE2,fuera_pico_10_12,1,1.025,24.900000000000002,11.0,88.5,6.0
2024-12-09,NORTE2,pico_7_9,1,2.0175,28.625,1.75,107.5,20.0
2024-12-09,SUR,fuera_pico_10_12,0,1.88875,22.6375,10.125,94.0,16.93125
2024-12-09,SUR,pico_7_9,0,1.84125,14.6875,3.5,78.75,34.09375
2024-12-09,SUROESTE2,fuera_pico_10_12,0,1.4275,21.950000000000003,16.5,78.75,23.695
2024-12-09,SUROESTE2,pico_7_9,0,2.24,28.375,2.0,67.25,21.740000000000002
2024-12-10,CENTRO,fuera_pico_10_12,0,2.88,36.099999999999994,13.0,73.0,17.905
2024-12-10,CENTRO,pico_7_9,0,2.88,29.5,4.0,49.0,16.67
2024-12-10,NORESTE3,fuera_pico_10_12,0,1.2654999999999998,29.083333333333336,14.983333333333334,194.29,36.78
2024-12-10,NORESTE3,pico_7_9,0,1.5728333333333335,25.933333333333334,3.425,136.17666666666668,44.230000000000004
2024-12-10,NOROESTE3,fuera_pico_10_12,0,1.8833333333333333,14.725000000000001,14.499999999999996,74.33333333333334,5.295
2024-12-10,NOROESTE3,pico_7_9,0,1.893333333333333,18.950000000000003,3.333333333333333,55.33333333333333,5.234999999999999
2024-12-10,NORTE2,fuera_pico_10_12,1,2.125,55.725,8.5,161.5,28.5
2024-12-10,NORTE2,pico_7_9,1,1.83,35.075,2.75,117.75,27.0
2024-12-10,SUR,fuera_pico_10_12,0,1.83375,29.475,12.5,224.125,31.07
2024-12-10,SUR,pico_7_9,0,1.7799999999999998,16.8875,4.5,104.25,25.481250000000003
2024-12-10,SUROESTE2,fuera_pico_10_12,0,1.8575,29.224999999999998,15.75,110.75,24.2625
2024-12-10,SUROESTE2,pico_7_9,0,2.65,29.725,3.75,82.75,30.7125
2024-12-11,CENTRO,fuera_pico_10_12,0,2.3200000000000003,23.35,22.0,46.5,15.125
2024-12-11,CENTRO,pico_7_9,0,2.275,29.5,10.0,35.0,10.58
2024-12-11,NORESTE3,fuera_pico_10_12,0,0.8475000000000001,13.075,29.633333333333333,59.285,9.36
2024-12-11,NORESTE3,pico_7_9,0,1.0605000000000002,25.1,8.083333333333334,51.099999999999994,10.11
2024-12-11,NOROESTE3,fuera_pico_10_12,0,1.9516666666666669,13.274999999999999,19.333333333333336,84.33333333333334,9.313419553090743
2024-12-11,NOROESTE3,pico_7_9,0,2.2983333333333333,20.150000000000002,3.5,77.16666666666667,13.919690644767154
2024-12-11,NORTE2,fuera_pico_10_12,1,0.8625,24.8,18.5,87.5,14.25
2024-12-11,NORTE2,pico_7_9,1,0.8875,32.525000000000006,4.5,47.25,11.5
2024-12-11,SUR,fuera_pico_10_12,0,1.04875,9.0625,33.375,58.0,16.248333333333335
2024-12-11,SUR,pico_7_9,0,1.08375,17.4375,14.125,46.0,7.96625
2024-12-11,SUROESTE2,fuera_pico_10_12,0,1.0975000000000001,18.85,24.25,34.25,20.865000000000002
2024-12-11,SUROESTE2,pico_7_9,0,1.27,26.950000000000003,11.5,21.5,8.4975
2024-12-12,CENTRO,fuera_pico_10_12,0,2.93,30.4,18.5,57.5,29.86
2024-12-12,CENTRO,pico_7_9,0,2.465,31.400000000000002,5.5,43.5,16.775
2024-12-12,NORESTE3,fuera_pico_10_12,0,1.0006666666666666,21.35,22.0,67.35333333333332,13.44
2024-12-12,NORESTE3,pico_7_9,0,1.3025000000000002,29.55,5.0,88.97666666666667,22.885
2024-12-12,NOROESTE3,fuera_pico_10_12,0,1.9,15.3,18.5,56.5,7.699999999999999
2024-12-12,NOROESTE3,pico_7_9,0,2.155,21.225,4.75,70.16666666666666,9.309999999999999
2024-12-12,NORTE2,fuera_pico_10_12,1,1.1099999999999999,32.3,14.75,106.5,19.75
2024-12-12,NORTE2,pico_7_9,1,1.295,39.375,2.25,94.0,19.5
2024-12-12,SUR,fuera_pico_10_12,0,1.2974999999999999,17.3875,22.0,107.625,21.18125
2024-12-12,SUR,pico_7_9,0,1.2487499999999998,19.5,6.0,81.625,19.445416666666667
2024-12-12,SUROESTE2,fuera_pico_10_12,0,1.5350000000000001,30.525,16.25,60.5,29.455
2024-12-12,SUROESTE2,pico_7_9,0,1.7200000000000002,29.85,4.0,70.5,35.6275
2024-12-13,CENTRO,fuera_pico_10_12,0,3.1950000000000003,40.45,11.5,88.0,44.275000000000006
2024-12-13,CENTRO,pico_7_9,0,2.745,28.35,4.85,59.0,31.22
2024-12-13,NORESTE3,fuera_pico_10_12,0,1.239666666666667,28.75,11.0,153.73666666666668,24.545
2024-12-13,NORESTE3,pico_7_9,0,1.3711666666666666,27.85,4.5,106.765,30.53
2024-12-13,NOROESTE3,fuera_pico_10_12,0,2.4266666666666667,18.075,7.333333333333334,109.16666666666666,11.07
2024-12-13,NOROESTE3,pico_7_9,0,2.7683333333333335,15.875,3.625,89.83333333333334,10.89
2024-12-13,NORTE2,fuera_pico_10_12,1,1.53,37.375,5.5,119.25,19.5
2024-12-13,NORTE2,pico_7_9,1,1.52,30.900000000000002,2.25,89.0,25.5
2024-12-13,SUR,fuera_pico_10_12,0,1.3112499999999998,21.424999999999997,15.0,93.0,28.67125
2024-12-13,SUR,pico_7_9,0,1.4725000000000001,19.200000000000003,3.75,101.125,28.6175
2024-12-13,SUROESTE2,fuera_pico_10_12,0,1.9275000000000002,36.725,10.0,166.5,43.21
2024-12-13,SUROESTE2,pico_7_9,0,2.34,26.175,4.5,80.5,45.129999999999995
2024-12-14,CENTRO,fuera_pico_10_12,0,2.895,30.1,14.0,69.5,42.7
2024-12-14,CENTRO,pico_7_9,0,2.835,24.65,4.85,62.5,40.765
2024-12-14,NORESTE3,fuera_pico_10_12,0,0.9826666666666666,20.775,16.25,110.44,24.630000000000003
2024-12-14,NORESTE3,pico_7_9,0,1.2021666666666668,23.575000000000003,4.75,85.15333333333332,39.815
2024-12-14,NOROESTE3,fuera_pico_10_12,0,2.171666666666667,17.375,12.5,86.33333333333331,24.14864482000007
2024-12-14,NOROESTE3,pico_7_9,0,2.461666666666667,15.2,3.375,80.16666666666666,11.860000000000001
2024-12-14,NORTE2,fuera_pico_10_12,1,1.0225,25.75,14.75,69.25,16.5
2024-12-14,NORTE2,pico_7_9,1,1.6150000000000002,26.625,1.0,100.0,30.25
2024-12-14,SUR,fuera_pico_10_12,0,1.42,22.275000000000002,15.5,114.25,35.29
2024-12-14,SUR,pico_7_9,0,1.5125,16.3125,3.5,94.625,32.765
2024-12-14,SUROESTE2,fuera_pico_10_12,0,2.285,40.375,12.75,156.75,59.260000000000005
2024-12-14,SUROESTE2,pico_7_9,0,2.2225,22.925,2.25,105.75,53.36
2024-12-15,CENTRO,fuera_pico_10_12,0,2.74,18.25,9.0,58.0,45.144999999999996
2024-12-15,CENTRO,pico_7_9,0,2.505,17.299999999999997,6.5,66.5,42.17
2024-12-15,NORESTE3,fuera_pico_10_12,0,0.728,11.925,13.25,34.593333333333334,27.835
2024-12-15,NORESTE3,pico_7_9,0,0.7023333333333334,11.725000000000001,10.75,25.86,24.41
2024-12-15,NOROESTE3,fuera_pico_10_12,0,1.8833333333333333,7.45,15.333333333333332,34.0,13.799711630893542
2024-12-15,NOROESTE3,pico_7_9,0,1.7466666666666668,7.925,10.416666666666668,35.16666666666667,16.00726209923834
2024-12-15,NORTE2,fuera_pico_10_12,1,0.8875,13.85,11.25,56.5,19.75
2024-12-15,NORTE2,pico_7_9,1,0.845,13.850000000000001,7.5,48.0,18.5
2024-12-15,SUR,fuera_pico_10_12,0,1.065,7.5125,16.875,34.75,16.833333333333332
2024-12-15,SUR,pico_7_9,0,1.05125,5.4,14.875,23.5,10.666666666666666
2024-12-15,SUROESTE2,fuera_pico_10_12,0,1.69,17.25,10.0,64.75,35.695
2024-12-15,SUROESTE2,pico_7_9,0,1.675,18.8,2.25,74.75,39.0175
2024-12-16,CENTRO,fuera_pico_10_12,0,3.035,23.95,4.5,84.0,54.355000000000004
2024-12-16,CENTRO,pico_7_9,0,2.625,19.75,6.0,67.0,40.155
2024-12-16,NORESTE3,fuera_pico_10_12,0,0.8023333333333333,15.650000000000002,7.166666666666667,55.78,28.255
2024-12-16,NORESTE3,pico_7_9,0,0.7718333333333334,17.9,6.75,41.58166666666666,20.409999999999997
2024-12-16,NOROESTE3,fuera_pico_10_12,0,2.0966666666666667,10.025,7.0,75.33333333333334,20.82966117884277
2024-12-16,NOROESTE3,pico_7_9,0,2.1116666666666664,11.225000000000001,2.833333333333333,67.5,24.17140514061444
2024-12-16,NORTE2,fuera_pico_10_12,1,1.325,23.575,2.75,85.5,24.25
2024-12-16,NORTE2,pico_7_9,1,1.15,21.924999999999997,1.5,56.0,29.0
2024-12-16,SUR,fuera_pico_10_12,0,1.2125,14.0,10.75,74.375,33.666666666666664
2024-12-16,SUR,pico_7_9,0,1.0525,10.8625,11.125,53.375,24.45
2024-12-16,SUROESTE2,fuera_pico_10_12,0,1.88,22.275,3.0,131.75,54.2825
2024-12-16,SUROESTE2,pico_7_9,0,1.7425000000000002,18.5,1.5,67.0,41.1625
2024-12-17,CENTRO,fuera_pico_10_12,0,2.765,20.6,8.0,57.0,32.4
2024-12-17,CENTRO,pico_7_9,0,2.675,20.0,6.0,39.5,26.07
2024-12-17,NORESTE3,fuera_pico_10_12,0,0.8666666666666667,16.8,8.433333333333334,67.85833333333332,24.369999999999997
2024-12-17,NORESTE3,pico_7_9,0,0.8243333333333334,19.150000000000002,4.933333333333334,58.66,19.880000000000003
2024-12-17,NOROESTE3,fuera_pico_10_12,0,1.9616666666666664,10.65,9.5,44.66666666666667,7.470000000000001
2024-12-17,NOROESTE3,pico_7_9,0,1.7399999999999998,10.399999999999999,8.333333333333334,37.83333333333333,6.824999999999999
2024-12-17,NORTE2,fuera_pico_10_12,1,1.3175,25.55,3.5,95.0,26.0
2024-12-17,NORTE2,pico_7_9,1,0.99,23.2,2.5,50.0,15.0
2024-12-17,SUR,fuera_pico_10_12,0,1.11125,9.1625,17.25,48.75,18.463749999999997
2024-12-17,SUR,pico_7_9,0,1.15875,10.0625,10.375,49.75,20.973750000000003
2024-12-17,SUROESTE2,fuera_pico_10_12,0,1.685,18.125,10.25,64.25,32.425000000000004
2024-12-17,SUROESTE2,pico_7_9,0,1.7475,21.3,2.5,56.25,31.415
2024-12-18,CENTRO,fuera_pico_10_12,0,2.835,23.0,12.0,72.0,36.59
2024-12-18,CENTRO,pico_7_9,0,2.7,18.4,4.25,64.5,33.504999999999995
2024-12-18,NORESTE3,fuera_pico_10_12,0,0.734,11.416666666666666,13.833333333333332,69.01666666666667,23.27
2024-12-18,NORESTE3,pico_7_9,0,0.7688333333333333,16.65,4.233333333333333,46.888333333333335,13.5
2024-12-18,NOROESTE3,fuera_pico_10_12,0,1.915,8.3,15.333333333333332,68.0,9.295
2024-12-18,NOROESTE3,pico_7_9,0,1.916666666666667,8.600000000000001,5.5,45.83333333333333,9.025
2024-12-18,NORTE2,fuera_pico_10_12,1,1.17,19.8,10.75,82.0,17.75
2024-12-18,NORTE2,pico_7_9,1,1.1,21.7,2.5,35.0,10.5
2024-12-18,SUR,fuera_pico_10_12,0,1.0966666666666667,9.450000000000001,20.666666666666664,68.0,18.186666666666667
2024-12-18,SUR,pico_7_9,0,1.065,12.9625,6.375,41.5,15.64125
2024-12-18,SUROESTE2,fuera_pico_10_12,0,1.5474999999999999,18.5,13.5,60.5,27.57
2024-12-18,SUROESTE2,pico_7_9,0,1.9849999999999999,15.600000000000001,3.75,68.0,36.370000000000005
2024-12-19,CENTRO,fuera_pico_10_12,0,2.59,24.65,13.0,45.5,16.785
2024-12-19,CENTRO,pico_7_9,0,2.485,21.799999999999997,10.5,33.0,13.25
2024-12-19,NORESTE3,fuera_pico_10_12,0,0.7961666666666667,15.166666666666666,16.816666666666666,44.288333333333334,11.215
2024-12-19,NORESTE3,pico_7_9,0,0.7030000000000001,16.266666666666666,14.116666666666665,31.096666666666664,7.95
2024-12-19,NOROESTE3,fuera_pico_10_12,0,1.7916666666666667,11.675,13.666666666666668,47.16666666666667,10.916864892601476
2024-12-19,NOROESTE3,pico_7_9,0,1.633333333333333,8.425,15.833333333333332,24.666666666666664,7.658052713025219
2024-12-19,NORTE2,fuera_pico_10_12,0,1.02,25.125,11.25,71.5,9.0
2024-12-19,NORTE2,pico_7_9,0,0.8175,22.675,10.5,56.0,7.25
2024-12-19,SUR,fuera_pico_10_12,0,1.1,10.2875,19.5,48.04166666666667,9.64625
2024-12-19,SUR,pico_7_9,0,1.0675,10.325,17.875,30.625,8.100833333333332
2024-12-19,SUROESTE2,fuera_pico_10_12,0,1.555,20.575000000000003,12.5,42.75,16.3975
2024-12-19,SUROESTE2,pico_7_9,0,1.2825,15.750000000000002,16.25,22.5,11.2375
2024-12-20,CENTRO,fuera_pico_10_12,0,3.3449999999999998,38.2,6.5,75.5,50.125
2024-12-20,CENTRO,pico_7_9,0,2.7649999999999997,29.85,5.0,59.0,35.33
2024-12-20,NORESTE3,fuera_pico_10_12,0,0.9674999999999998,23.233333333333334,8.35,110.76333333333334,32.09
2024-12-20,NORESTE3,pico_7_9,0,0.8886666666666666,26.200000000000003,4.033333333333333,71.95666666666666,24.45
2024-12-20,NOROESTE3,fuera_pico_10_12,0,2.1733333333333333,17.35,9.5,86.33333333333334,16.10962792883433
2024-12-20,NOROESTE3,pico_7_9,0,2.1900000000000004,14.8,3.0,79.83333333333333,16.319173081000457
2024-12-20,NORTE2,fuera_pico_10_12,0,1.4024999999999999,35.075,5.25,87.5,28.25
2024-12-20,NORTE2,pico_7_9,0,1.1575,33.625,2.25,102.75,18.75
2024-12-20,SUR,fuera_pico_10_12,0,1.25625,22.125,10.5,86.75,27.46125
2024-12-20,SUR,pico_7_9,0,1.14,17.45,5.5,63.75,18.666666666666664
2024-12-20,SUROESTE2,fuera_pico_10_12,0,2.1475,32.675,4.5,95.75,45.150000000000006
2024-12-20,SUROESTE2,pico_7_9,0,1.7625,26.175,2.0,74.25,31.545
2024-12-21,CENTRO,fuera_pico_10_12,0,2.65,31.650000000000002,10.0,34.0,26.045
2024-12-21,CENTRO,pico_7_9,0,2.395,17.0,20.5,28.5,12.645
2024-12-21,NORESTE3,fuera_pico_10_12,0,0.8098333333333333,17.06666666666667,27.4,20.866666666666667,6.845000000000001
2024-12-21,NORESTE3,pico_7_9,0,0.6701666666666667,14.099999999999998,23.216666666666665,18.82,9.765
2024-12-21,NOROESTE3,fuera_pico_10_12,0,2.2199999999999998,11.3,16.333333333333336,23.166666666666664,7.005
2024-12-21,NOROESTE3,pico_7_9,0,1.8416666666666666,10.975,18.0,30.0,7.275
2024-12-21,NORTE2,fuera_pico_10_12,0,1.02,25.700000000000003,19.5,33.75,9.0
2024-12-21,NORTE2,pico_7_9,0,0.72,18.55,21.0,16.75,7.75
2024-12-21,SUR,fuera_pico_10_12,0,1.3983333333333334,8.625,28.625,20.875,10.0
2024-12-21,SUR,pico_7_9,0,1.2966666666666666,7.1125,29.75,20.0,7.698333333333334
2024-12-21,SUROESTE2,fuera_pico_10_12,0,1.4075,21.15,12.75,34.5,18.8825
2024-12-21,SUROESTE2,pico_7_9,0,1.415,16.45,17.25,51.5,23.682499999999997
2024-12-22,CENTRO,fuera_pico_10_12,0,2.5300000000000002,21.4,7.0,54.5,39.94
2024-12-22,CENTRO,pico_7_9,0,2.4000000000000004,23.200000000000003,4.5,46.0,35.355000000000004
2024-12-22,NORESTE3,fuera_pico_10_12,0,0.7191666666666666,13.366666666666667,19.35,31.951666666666668,20.615000000000002
2024-12-22,NORESTE3,pico_7_9,0,0.6498333333333334,12.850000000000001,16.366666666666667,28.86333333333333,14.879999999999999
2024-12-22,NOROESTE3,fuera_pico_10_12,0,2.2666666666666666,11.5,10.5,42.66666666666667,11.34
2024-12-22,NOROESTE3,pico_7_9,0,2.0283333333333333,10.25,9.333333333333334,30.333333333333336,9.43
2024-12-22,NORTE2,fuera_pico_10_12,0,0.98,19.825,13.5,48.0,15.25
2024-12-22,NORTE2,pico_7_9,0,0.825,17.825,10.5,36.25,13.75
2024-12-22,SUR,fuera_pico_10_12,0,1.3450000000000002,8.425,18.75,29.375,13.166666666666668
2024-12-22,SUR,pico_7_9,0,1.3350000000000004,6.6625000000000005,17.375,26.0,9.833333333333332
2024-12-22,SUROESTE2,fuera_pico_10_12,0,1.4475000000000002,16.9,10.75,53.75,30.7325
2024-12-22,SUROESTE2,pico_7_9,0,1.415,22.975,2.25,54.0,32.0
2024-12-23,CENTRO,fuera_pico_10_12,0,2.6100000000000003,21.2,12.5,47.5,28.990000000000002
2024-12-23,CENTRO,pico_7_9,0,2.4299999999999997,16.5,4.5,53.5,24.494999999999997
2024-12-23,NORESTE3,fuera_pico_10_12,0,0.9418333333333333,18.18333333333333,14.016666666666666,48.285,33.79
2024-12-23,NORESTE3,pico_7_9,0,1.0133333333333332,15.783333333333333,8.683333333333334,48.718333333333334,30.335
2024-12-23,NOROESTE3,fuera_pico_10_12,0,2.0199999999999996,9.649999999999999,12.333333333333332,59.333333333333336,10.065000000000001
2024-12-23,NOROESTE3,pico_7_9,0,2.2233333333333336,11.925,3.1666666666666665,60.5,12.2
2024-12-23,NORTE2,fuera_pico_10_12,0,1.5350000000000001,29.200000000000003,8.75,91.0,17.0
2024-12-23,NORTE2,pico_7_9,0,1.0925,21.0,2.25,42.25,13.5
2024-12-23,SUR,fuera_pico_10_12,0,1.4466666666666668,11.399999999999999,14.75,46.625,23.103749999999998
2024-12-23,SUR,pico_7_9,0,1.3683333333333334,8.0125,8.0,29.25,13.376249999999999
2024-12-23,SUROESTE2,fuera_pico_10_12,0,1.5825,20.325000000000003,12.5,86.25,28.245
2024-12-23,SUROESTE2,pico_7_9,0,1.7000000000000002,15.05,2.5,80.25,26.305
2024-12-24,CENTRO,fuera_pico_10_12,0,2.74,29.45,12.0,68.0,41.345
2024-12-24,CENTRO,pico_7_9,0,2.58,17.55,4.5,54.0,40.3925
2024-12-24,NORESTE3,fuera_pico_10_12,0,0.7933333333333333,14.23333333333333,19.633333333333333,66.09166666666667,35.535
2024-12-24,NORESTE3,pico_7_9,0,0.6871666666666667,15.766666666666666,9.75,41.473333333333336,32.46
2024-12-24,NOROESTE3,fuera_pico_10_12,0,2.0516666666666667,12.600000000000001,13.333333333333332,69.5,9.70125
2024-12-24,NOROESTE3,pico_7_9,0,2.1716666666666664,15.175,3.6666666666666665,59.0,6.535
2024-12-24,NORTE2,fuera_pico_10_12,0,1.76,36.724999999999994,8.75,105.25,26.0
2024-12-24,NORTE2,pico_7_9,0,1.1,23.6,3.75,62.75,24.5
2024-12-24,SUR,fuera_pico_10_12,0,1.3854166666666665,16.575,15.875,79.0,33.7725
2024-12-24,SUR,pico_7_9,0,1.14875,11.075,11.833333333333332,42.625,24.6675
2024-12-24,SUROESTE2,fuera_pico_10_12,0,1.755,24.1,17.5,154.75,27.9625
2024-12-24,SUROESTE2,pico_7_9,0,1.725,24.1,3.75,69.5,20.564999999999998
2024-12-25,CENTRO,fuera_pico_10_12,0,2.415,12.1,26.5,37.5,22.035
2024-12-25,CENTRO,pico_7_9,0,2.4450000000000003,13.350000000000001,17.0,44.5,22.155
2024-12-25,NORESTE3,fuera_pico_10_12,0,0.6001666666666666,7.0166666666666675,32.65,26.538333333333334,13.945
2024-12-25,NORESTE3,pico_7_9,0,0.5568333333333333,7.333333333333332,24.5,24.17,15.51
2024-12-25,NOROESTE3,fuera_pico_10_12,0,2.078333333333333,11.05,13.833333333333334,61.33333333333333,12.275
2024-12-25,NOROESTE3,pico_7_9,0,2.265,12.025,3.6666666666666665,59.5,13.465
2024-12-25,NORTE2,fuera_pico_10_12,0,0.7175,8.45,29.0,27.75,9.0
2024-12-25,NORTE2,pico_7_9,0,0.6375,11.2,22.25,25.75,11.5
2024-12-25,SUR,fuera_pico_10_12,0,1.3416666666666668,4.4125,33.625,37.66666666666667,11.95625
2024-12-25,SUR,pico_7_9,0,1.4816666666666667,5.1625,21.875,40.0,18.28125
2024-12-25,SUROESTE2,fuera_pico_10_12,0,1.275,13.45,18.5,32.75,25.07
2024-12-25,SUROESTE2,pico_7_9,0,1.6075,15.600000000000001,8.75,52.75,40.1625
2024-12-26,CENTRO,fuera_pico_10_12,0,2.71,33.45,14.0,58.5,23.96
2024-12-26,CENTRO,pico_7_9,0,2.46,23.8,6.5,58.5,34.965
2024-12-26,NORESTE3,fuera_pico_10_12,0,1.0030000000000001,20.066666666666666,19.7,109.16499999999999,48.125
2024-12-26,NORESTE3,pico_7_9,0,1.1886666666666668,21.716666666666665,3.8166666666666664,86.03166666666667,43.175
2024-12-26,NOROESTE3,fuera_pico_10_12,0,2.1516666666666664,11.7,19.166666666666668,74.83333333333334,7.93
2024-12-26,NOROESTE3,pico_7_9,0,1.9849999999999997,12.2,5.833333333333333,44.16666666666666,11.395
2024-12-26,NORTE2,fuera_pico_10_12,0,1.4725,39.325,8.25,105.5,32.75
2024-12-26,NORTE2,pico_7_9,0,1.1425,24.375,2.5,56.25,27.75
2024-12-26,SUR,fuera_pico_10_12,0,1.6749999999999998,18.2,16.0,98.16666666666669,32.332499999999996
2024-12-26,SUR,pico_7_9,0,1.545,14.2875,6.0,78.33333333333331,27.955
2024-12-26,SUROESTE2,fuera_pico_10_12,0,1.78,28.35,14.0,95.5,28.3475
2024-12-26,SUROESTE2,pico_7_9,0,1.7225000000000001,22.525000000000002,4.5,54.5,32.7775
2024-12-27,CENTRO,fuera_pico_10_12,0,2.545,32.1,13.5,83.0,32.775
2024-12-27,CENTRO,pico_7_9,0,2.4000000000000004,27.95,6.5,64.5,26.965
2024-12-27,NORESTE3,fuera_pico_10_12,0,1.3301666666666665,29.449999999999996,14.599999999999998,148.45999999999998,42.035
2024-12-27,NORESTE3,pico_7_9,0,1.5403333333333333,25.283333333333335,1.45,156.49666666666664,61.505
2024-12-27,NOROESTE3,fuera_pico_10_12,0,2.1216666666666666,13.625,15.5,77.83333333333334,10.1475
2024-12-27,NOROESTE3,pico_7_9,0,2.2916666666666665,15.625,3.583333333333333,91.83333333333331,9.8
2024-12-27,NORTE2,fuera_pico_10_12,0,1.3275000000000001,33.625,14.0,144.75,26.5
2024-12-27,NORTE2,pico_7_9,0,1.5225,27.375,1.5,116.0,28.5
2024-12-27,SUR,fuera_pico_10_12,0,1.7816666666666667,18.8875,18.25,123.0,30.03
2024-12-27,SUR,pico_7_9,0,1.4212500000000001,17.0875,3.1666666666666665,100.125,37.583749999999995
2024-12-27,SUROESTE2,fuera_pico_10_12,0,1.6324999999999998,28.775,17.0,200.0,35.050000000000004
2024-12-27,SUROESTE2,pico_7_9,0,1.7774999999999999,20.5,8.5,216.5,45.3875
2024-12-28,CENTRO,fuera_pico_10_12,0,2.26,23.0,24.5,73.5,17.275
2024-12-28,CENTRO,pico_7_9,0,2.3200000000000003,33.55,6.0,47.0,25.535
2024-12-28,NORESTE3,fuera_pico_10_12,0,0.8666666666666667,17.75,24.53333333333333,134.45,27.515
2024-12-28,NORESTE3,pico_7_9,0,1.4176666666666664,28.766666666666666,3.6333333333333333,127.01499999999999,52.254999999999995
2024-12-28,NOROESTE3,fuera_pico_10_12,0,1.8483333333333332,7.225,31.5,135.66666666666666,6.795
2024-12-28,NOROESTE3,pico_7_9,0,2.091666666666667,19.4,5.833333333333334,96.5,5.6850000000000005
2024-12-28,NORTE2,fuera_pico_10_12,0,1.02,25.325,23.0,101.0,12.5
2024-12-28,NORTE2,pico_7_9,0,1.3199999999999998,36.45,2.75,141.25,28.75
2024-12-28,SUR,fuera_pico_10_12,0,1.5983333333333334,17.5625,23.375,114.125,24.896250000000002
2024-12-28,SUR,pico_7_9,0,1.5916666666666666,19.1125,6.208333333333334,66.5,28.23
2024-12-28,SUROESTE2,fuera_pico_10_12,0,1.87,18.675,27.75,196.5,30.527499999999996
2024-12-28,SUROESTE2,pico_7_9,0,1.7974999999999999,32.475,5.0,89.0,34.807500000000005
2024-12-29,CENTRO,fuera_pico_10_12,0,2.08,16.75,28.5,38.5,9.905000000000001
2024-12-29,CENTRO,pico_7_9,0,2.07,24.9,11.5,39.0,11.085
2024-12-29,NORESTE3,fuera_pico_10_12,0,1.3233333333333337,27.633333333333333,19.3,130.09666666666666,47.519999999999996
2024-12-29,NORESTE3,pico_7_9,0,1.4128333333333334,26.53333333333333,3.95,103.13833333333332,27.65
2024-12-29,NOROESTE3,fuera_pico_10_12,0,2.2833333333333337,18.0,14.666666666666668,78.0,6.5
2024-12-29,NOROESTE3,pico_7_9,0,2.1866666666666665,19.825000000000003,3.0,66.0,6.72
2024-12-29,NORTE2,fuera_pico_10_12,0,1.4125,41.65,14.5,117.0,25.25
2024-12-29,NORTE2,pico_7_9,0,1.2475,34.575,2.5,74.0,18.75
2024-12-29,SUR,fuera_pico_10_12,0,1.8383333333333334,17.7875,22.75,92.25,25.621666666666666
2024-12-29,SUR,pico_7_9,0,1.8733333333333335,17.9375,8.25,73.5,21.791249999999998
2024-12-29,SUROESTE2,fuera_pico_10_12,0,2.1125,26.55,31.5,87.0,23.6125
2024-12-29,SUROESTE2,pico_7_9,0,2.865,20.5,11.5,50.5,22.775
2024-12-30,CENTRO,fuera_pico_10_12,0,2.525,35.849999999999994,17.0,75.0,19.36
2024-12-30,CENTRO,pico_7_9,0,2.46,35.849999999999994,5.0,51.0,16.689999999999998
2024-12-30,NORESTE3,fuera_pico_10_12,0,1.3770000000000002,28.916666666666668,17.75,124.42500000000001,21.945
2024-12-30,NORESTE3,pico_7_9,0,1.7506666666666666,30.15,9.3,120.78666666666666,46.955
2024-12-30,NOROESTE3,fuera_pico_10_12,0,1.9633333333333332,11.3,23.5,70.33333333333334,5.535
2024-12-30,NOROESTE3,pico_7_9,0,1.9866666666666664,17.75,11.0,41.83333333333333,6.5
2024-12-30,NORTE2,fuera_pico_10_12,0,1.4375,45.0,12.0,96.75,20.0
2024-12-30,NORTE2,pico_7_9,0,0.9925,36.125,8.25,61.75,13.0
2024-12-30,SUR,fuera_pico_10_12,0,2.1399999999999997,28.6875,15.75,126.33333333333334,38.17
2024-12-30,SUR,pico_7_9,0,1.9483333333333335,19.475,7.333333333333333,80.0,18.396250000000002
2024-12-30,SUROESTE2,fuera_pico_10_12,0,2.46,28.675,22.0,239.0,28.387500000000003
2024-12-30,SUROESTE2,pico_7_9,0,2.2675,28.450000000000003,14.25,107.5,15.969999999999999
2024-12-31,CENTRO,fuera_pico_10_12,0,2.07,24.2,25.5,49.5,8.355
2024-12-31,CENTRO,pico_7_9,0,1.9849999999999999,27.299999999999997,13.0,62.0,12.620000000000001
2024-12-31,NORESTE3,fuera_pico_10_12,0,1.3876666666666666,23.200000000000003,21.95,137.31666666666666,29.354999999999997
2024-12-31,NORESTE3,pico_7_9,0,1.4448333333333334,31.15,5.275,105.60666666666665,26.9
2024-12-31,NOROESTE3,fuera_pico_10_12,0,2.0983333333333336,15.675,16.666666666666664,76.83333333333333,6.0
2024-12-31,NOROESTE3,pico_7_9,0,1.9133333333333336,16.724999999999998,8.5,42.16666666666666,4.775
2024-12-31,NORTE2,fuera_pico_10_12,0,1.8375000000000001,47.575,11.75,98.75,20.25
2024-12-31,NORTE2,pico_7_9,0,0.94,36.25,5.0,68.5,11.0
2024-12-31,SUR,fuera_pico_10_12,0,1.4675,23.0125,16.5,115.875,20.591250000000002
2024-12-31,SUR,pico_7_9,0,1.4212500000000001,18.837500000000002,10.875,59.5,12.2925
2024-12-31,SUROESTE2,fuera_pico_10_12,0,1.8,30.200000000000003,22.5,214.5,31.68
2024-12-31,SUROESTE2,pico_7_9,0,2.265,29.275000000000002,7.75,162.0,25.137500000000003
2025-01-01,CENTRO,fuera_pico_10_12,0,2.145,18.85,30.0,53.5,38.85
2025-01-01,CENTRO,pico_7_9,0,2.1500000000000004,14.45,25.0,53.0,44.099999999999994
2025-01-01,NORESTE3,fuera_pico_10_12,0,1.0675,9.875,32.75,62.925,43.394999999999996
2025-01-01,NORESTE3,pico_7_9,0,0.8995,14.7,15.45,73.6575,47.685
2025-01-01,NOROESTE3,fuera_pico_10_12,0,2.25,10.9,23.666666666666664,69.41666666666667,17.799999999999997
2025-01-01,NOROESTE3,pico_7_9,0,2.34,12.899999999999999,7.166666666666667,69.16666666666667,15.715
2025-01-01,NORTE2,fuera_pico_10_12,0,0.9625,15.2,25.75,75.25,35.0
2025-01-01,NORTE2,pico_7_9,0,0.79,17.75,14.25,66.75,37.25
2025-01-01,SUR,fuera_pico_10_12,0,1.10125,8.287500000000001,32.0,67.5,33.5875
2025-01-01,SUR,pico_7_9,0,1.13375,8.875,17.125,52.0,25.84375
2025-01-01,SUROESTE2,fuera_pico_10_12,0,1.205,10.95,33.25,59.5,42.412499999999994
2025-01-01,SUROESTE2,pico_7_9,0,1.4500000000000002,19.275,13.5,63.5,48.125
2025-01-02,CENTRO,fuera_pico_10_12,0,2.51,27.3,8.0,82.60660203237722,51.425
2025-01-02,CENTRO,pico_7_9,0,2.215,22.0,9.5,56.65115664520904,48.17
2025-01-02,NORESTE3,fuera_pico_10_12,0,0.9256666666666666,17.183333333333334,14.2,69.80666666666667,41.175
2025-01-02,NORESTE3,pico_7_9,0,0.8193333333333332,16.73333333333333,11.683333333333334,32.91833333333334,19.525
2025-01-02,NOROESTE3,fuera_pico_10_12,0,2.1166666666666667,9.149999999999999,12.833333333333332,76.16666666666666,12.685
2025-01-02,NOROESTE3,pico_7_9,0,2.0616666666666665,10.2,9.5,45.83333333333333,13.56
2025-01-02,NORTE2,fuera_pico_10_12,0,1.4124999999999999,26.8,6.75,63.0,26.0
2025-01-02,NORTE2,pico_7_9,0,0.91,19.5,9.0,22.75,13.75
2025-01-02,SUR,fuera_pico_10_12,0,1.0825,13.537500000000001,13.125,65.125,28.5125
2025-01-02,SUR,pico_7_9,0,1.0274999999999999,10.087499999999999,15.375,50.25,23.112499999999997
2025-01-02,SUROESTE2,fuera_pico_10_12,0,1.3975,14.5,21.75,79.0,30.4625
2025-01-02,SUROESTE2,pico_7_9,0,1.2925,18.025,10.0,48.0,33.125
2025-01-03,CENTRO,fuera_pico_10_12,0,3.11,40.35,8.0,95.0,81.86
2025-01-03,CENTRO,pico_7_9,0,2.5549999999999997,27.9,4.0,76.5,61.495
2025-01-03,NORESTE3,fuera_pico_10_12,0,1.2146666666666666,26.05,5.35,113.44833333333334,46.14
2025-01-03,NORESTE3,pico_7_9,0,1.1781666666666668,20.666666666666668,3.2249999999999996,102.21666666666667,59.97
2025-01-03,NOROESTE3,fuera_pico_10_12,0,2.921666666666667,20.05,6.666666666666666,133.33333333333331,19.975
2025-01-03,NOROESTE3,pico_7_9,0,2.6849999999999996,15.225,3.1666666666666665,103.16666666666669,18.47
2025-01-03,NORTE2,fuera_pico_10_12,0,2.05,44.9,3.75,185.25,58.75
2025-01-03,NORTE2,pico_7_9,0,1.7200000000000002,27.775,2.0,147.0,49.25
2025-01-03,SUR,fuera_pico_10_12,0,1.6875,21.225,9.458333333333332,116.95833333333334,46.665833333333325
2025-01-03,SUR,pico_7_9,0,1.34875,13.3625,2.6666666666666665,82.625,37.7625
2025-01-03,SUROESTE2,fuera_pico_10_12,0,2.2824999999999998,35.1,10.5,167.0,66.67
2025-01-03,SUROESTE2,pico_7_9,0,2.065,25.75,3.5,138.5,58.495
2025-01-04,CENTRO,fuera_pico_10_12,0,2.3899999999999997,23.05,13.0,57.0,37.435
2025-01-04,CENTRO,pico_7_9,0,2.24,21.0,8.0,48.0,37.945
2025-01-04,NORESTE3,fuera_pico_10_12,0,0.8436666666666666,14.383333333333335,12.816666666666666,33.94166666666666,22.725
2025-01-04,NORESTE3,pico_7_9,0,0.744,14.466666666666665,8.25,22.883333333333333,20.490000000000002
2025-01-04,NOROESTE3,fuera_pico_10_12,0,2.263333333333333,11.625,9.5,95.66666666666666,13.885
2025-01-04,NOROESTE3,pico_7_9,0,2.413333333333333,15.075,3.5,63.33333333333333,15.695
2025-01-04,NORTE2,fuera_pico_10_12,0,1.1975,21.725,6.25,70.0,22.75
2025-01-04,NORTE2,pico_7_9,0,0.8674999999999999,20.725,4.75,48.0,17.75
2025-01-04,SUR,fuera_pico_10_12,0,1.4333333333333331,10.7375,16.25,45.75,21.5
2025-01-04,SUR,pico_7_9,0,1.376666666666667,9.7875,10.625,37.25,22.24125
2025-01-04,SUROESTE2,fuera_pico_10_12,0,1.6425,18.95,18.5,86.5,40.1825
2025-01-04,SUROESTE2,pico_7_9,0,1.725,16.9,3.75,57.0,26.3625
2025-01-05,CENTRO,fuera_pico_10_12,0,2.2199999999999998,22.15,24.5,52.0,19.130000000000003
2025-01-05,CENTRO,pico_7_9,0,2.285,23.299999999999997,8.5,54.5,34.415
2025-01-05,NORESTE3,fuera_pico_10_12,0,0.9813333333333334,18.9,18.066666666666666,82.86500000000001,37.834999999999994
2025-01-05,NORESTE3,pico_7_9,0,0.9473333333333332,19.833333333333336,3.783333333333333,68.23333333333333,58.805
2025-01-05,NOROESTE3,fuera_pico_10_12,0,2.0549999999999997,8.0,29.666666666666668,45.66666666666667,6.655
2025-01-05,NOROESTE3,pico_7_9,0,2.4283333333333337,11.775,7.5,54.333333333333336,9.024999999999999
2025-01-05,NORTE2,fuera_pico_10_12,0,1.425,34.55,13.0,83.0,33.5
2025-01-05,NORTE2,pico_7_9,0,1.2374999999999998,25.1,2.5,84.5,44.5
2025-01-05,SUR,fuera_pico_10_12,0,1.7616666666666667,17.175,17.375,75.625,37.664583333333326
2025-01-05,SUR,pico_7_9,0,1.5783333333333331,14.3,6.875,51.75,25.896250000000002
2025-01-05,SUROESTE2,fuera_pico_10_12,0,1.2875,14.825,28.5,84.0,26.34
2025-01-05,SUROESTE2,pico_7_9,0,1.825,20.0,7.75,79.0,40.57
2025-01-06,CENTRO,fuera_pico_10_12,1,2.02,16.0,15.5,45.5,9.545
2025-01-06,CENTRO,pico_7_9,1,1.94,17.05,16.0,36.0,6.895
2025-01-06,NORESTE3,fuera_pico_10_12,0,0.8845000000000001,8.25,21.433333333333334,29.291666666666664,4.54
2025-01-06,NORESTE3,pico_7_9,0,0.8401666666666667,11.033333333333333,19.799999999999997,20.36,3.755
2025-01-06,NOROESTE3,fuera_pico_10_12,0,1.94,4.575,20.833333333333336,30.5,4.125
2025-01-06,NOROESTE3,pico_7_9,0,1.9766666666666668,8.1,17.166666666666668,14.166666666666666,3.25
2025-01-06,NORTE2,fuera_pico_10_12,0,0.655,13.15,16.0,42.5,7.5
2025-01-06,NORTE2,pico_7_9,0,0.6625,18.200000000000003,13.25,26.25,5.25
2025-01-06,SUR,fuera_pico_10_12,0,1.365,6.275,22.125,34.375,6.081250000000001
2025-01-06,SUR,pico_7_9,0,1.3466666666666667,9.55,18.875,36.625,5.746666666666667
2025-01-06,SUROESTE2,fuera_pico_10_12,0,1.2625000000000002,15.625,15.0,37.0,14.98
2025-01-06,SUROESTE2,pico_7_9,0,1.1425,16.9,15.0,25.0,8.44
2025-01-07,CENTRO,fuera_pico_10_12,1,1.9449999999999998,17.4,26.5,37.0,9.51
2025-01-07,CENTRO,pico_7_9,1,1.87,28.200000000000003,13.0,33.0,8.795
2025-01-07,NORESTE3,fuera_pico_10_12,0,1.1225,19.383333333333333,26.616666666666664,49.778333333333336,5.41
2025-01-07,NORESTE3,pico_7_9,0,1.1763333333333335,24.549999999999997,15.133333333333331,29.376666666666665,5.5649999999999995
2025-01-07,NOROESTE3,fuera_pico_10_12,0,2.1216666666666666,10.149999999999999,27.166666666666664,35.33333333333333,4.885
2025-01-07,NOROESTE3,pico_7_9,0,1.9866666666666666,9.75,24.666666666666668,21.0,3.7199999999999998
2025-01-07,NORTE2,fuera_pico_10_12,0,0.7275,26.549999999999997,20.0,59.0,10.5
2025-01-07,NORTE2,pico_7_9,0,0.6499999999999999,26.3,16.75,18.25,5.5
2025-01-07,SUR,fuera_pico_10_12,0,1.115,9.4125,32.125,40.25,8.800833333333333
2025-01-07,SUR,pico_7_9,0,1.0950000000000002,9.0,27.125,28.75,5.5529166666666665
2025-01-07,SUROESTE2,fuera_pico_10_12,0,1.22,17.85,24.5,31.75,12.594999999999999
2025-01-07,SUROESTE2,pico_7_9,0,1.635,22.525,17.25,18.25,10.225
2025-01-08,CENTRO,fuera_pico_10_12,1,2.12,25.450000000000003,13.5,32.0,21.325
2025-01-08,CENTRO,pico_7_9,1,2.04,22.200000000000003,19.5,27.5,18.03
2025-01-08,NORESTE3,fuera_pico_10_12,0,0.9418333333333334,13.016666666666666,25.95,12.568333333333333,8.9
2025-01-08,NORESTE3,pico_7_9,0,0.8955000000000001,14.066666666666668,24.71666666666667,14.224999999999998,8.36
2025-01-08,NOROESTE3,fuera_pico_10_12,0,2.1166666666666667,11.525,16.166666666666668,14.666666666666668,6.785
2025-01-08,NOROESTE3,pico_7_9,0,1.995,7.699999999999999,23.5,22.666666666666664,6.445
2025-01-08,NORTE2,fuera_pico_10_12,0,0.8825000000000001,24.575,15.25,12.25,7.25
2025-01-08,NORTE2,pico_7_9,0,0.7625,20.225,19.75,20.5,3.0
2025-01-08,SUR,fuera_pico_10_12,0,1.0812499999999998,12.287500000000001,22.5,12.833333333333334,9.833333333333332
2025-01-08,SUR,pico_7_9,0,1.3233333333333335,8.816666666666666,26.33333333333333,17.0,8.416666666666668
2025-01-08,SUROESTE2,fuera_pico_10_12,0,1.5025,25.35,10.5,7.25,7.666666666666667
2025-01-08,SUROESTE2,pico_7_9,0,1.145,15.225000000000001,21.0,9.0,5.5
2025-01-09,CENTRO,fuera_pico_10_12,1,2.265,27.0,5.5,30.5,26.32
2025-01-09,CENTRO,pico_7_9,1,1.9449999999999998,25.0,7.0,28.0,20.815
2025-01-09,NORESTE3,fuera_pico_10_12,0,1.2753333333333334,19.85,9.350000000000001,17.2625,21.305
2025-01-09,NORESTE3,pico_7_9,0,1.032,16.516666666666666,10.466666666666665,10.205,12.21
2025-01-09,NOROESTE3,fuera_pico_10_12,0,2.56,13.25,6.0,20.499999999999996,9.853000000000002
2025-01-09,NOROESTE3,pico_7_9,0,2.3666666666666667,12.05,7.666666666666666,10.666666666666668,5.13125
2025-01-09,NORTE2,fuera_pico_10_12,1,1.2625000000000002,28.925,3.75,26.5,17.0
2025-01-09,NORTE2,pico_7_9,1,0.9675,23.375,6.5,8.5,9.0
2025-01-09,SUR,fuera_pico_10_12,0,1.12375,12.425,11.875,18.875,11.333333333333334
2025-01-09,SUR,pico_7_9,0,1.04875,9.162500000000001,15.125,16.125,7.5287500000000005
2025-01-09,SUROESTE2,fuera_pico_10_12,0,1.7325,24.4,3.5,19.0,40.37916666666666
2025-01-09,SUROESTE2,pico_7_9,0,1.29,24.225,2.0,8.0,28.674999999999997
2025-01-10,CENTRO,fuera_pico_10_12,1,2.045,21.0,10.5,36.5,22.84
2025-01-10,CENTRO,pico_7_9,1,2.0,19.200000000000003,12.0,28.5,14.114999999999998
2025-01-10,NORESTE3,fuera_pico_10_12,0,1.0353333333333334,12.433333333333334,21.05,23.316666666666663,15.26
2025-01-10,NORESTE3,pico_7_9,0,1.0426666666666669,11.649999999999999,18.96666666666667,14.068333333333335,13.42
2025-01-10,NOROESTE3,fuera_pico_10_12,0,2.3366666666666664,15.275,6.666666666666667,20.5,12.7925
2025-01-10,NOROESTE3,pico_7_9,0,2.1333333333333333,11.175,9.333333333333334,11.666666666666666,4.868
2025-01-10,NORTE2,fuera_pico_10_12,1,0.94,20.700000000000003,11.5,57.75,11.5
2025-01-10,NORTE2,pico_7_9,1,0.815,16.65,14.5,13.5,14.0
2025-01-10,SUR,fuera_pico_10_12,0,1.3833333333333333,10.4,18.0,25.625,17.75
2025-01-10,SUR,pico_7_9,0,1.3583333333333334,6.45,23.375,15.583333333333332,9.8975
2025-01-10,SUROESTE2,fuera_pico_10_12,0,1.4925000000000002,23.0,6.25,25.25,12.0
2025-01-10,SUROESTE2,pico_7_9,0,1.35,19.725,7.5,19.5,14.5
2025-01-11,CENTRO,fuera_pico_10_12,1,2.045,23.549999999999997,16.0,32.0,15.5
2025-01-11,CENTRO,pico_7_9,1,1.95,20.5,5.5,31.5,13.5
2025-01-11,NORESTE3,fuera_pico_10_12,0,1.2158333333333333,19.93333333333333,15.566666666666666,56.28666666666666,21.0
2025-01-11,NORESTE3,pico_7_9,0,1.2168333333333332,25.316666666666663,6.016666666666667,45.59166666666667,18.625
2025-01-11,NOROESTE3,fuera_pico_10_12,0,2.331666666666667,14.100000000000001,11.5,33.0,8.69
2025-01-11,NOROESTE3,pico_7_9,0,2.2416666666666667,16.525,3.5,39.66666666666667,7.8100000000000005
2025-01-11,NORTE2,fuera_pico_10_12,1,1.06,33.175,9.0,55.0,16.5
2025-01-11,NORTE2,pico_7_9,1,0.95,29.5,3.0,26.25,14.25
2025-01-11,SUR,fuera_pico_10_12,0,1.605,10.495833333333334,17.916666666666664,50.5,17.775
2025-01-11,SUR,pico_7_9,0,1.4766666666666666,12.3875,9.25,32.75,13.029166666666667
2025-01-11,SUROESTE2,fuera_pico_10_12,0,1.595,21.675,12.5,28.0,20.5
2025-01-11,SUROESTE2,pico_7_9,0,1.5699999999999998,22.575000000000003,4.5,18.25,8.53125
2025-01-12,CENTRO,fuera_pico_10_12,1,2.5949999999999998,33.150000000000006,7.5,69.5,67.5
2025-01-12,CENTRO,pico_7_9,1,2.5199999999999996,22.9,4.0,90.5,35.5
2025-01-12,NORESTE3,fuera_pico_10_12,0,1.4798333333333333,17.383333333333333,11.583333333333334,108.03333333333333,65.005
2025-01-12,NORESTE3,pico_7_9,0,1.3143333333333334,18.975,5.05,68.64333333333333,59.265
2025-01-12,NOROESTE3,fuera_pico_10_12,0,3.015,15.675,8.333333333333334,83.5,11.625
2025-01-12,NOROESTE3,pico_7_9,0,2.785,16.5,3.5,73.0,16.884999999999998
2025-01-12,NORTE2,fuera_pico_10_12,1,1.6749999999999998,34.95,6.5,108.25,45.25
2025-01-12,NORTE2,pico_7_9,1,1.435,25.55,2.75,94.5,45.75
2025-01-12,SUR,fuera_pico_10_12,0,1.8849999999999998,13.725,17.75,91.5,25.96
2025-01-12,SUR,pico_7_9,0,1.8066666666666666,15.025,6.5,65.875,32.88166666666667
2025-01-12,SUROESTE2,fuera_pico_10_12,0,2.1950000000000003,27.625,8.25,95.25,34.09
2025-01-12,SUROESTE2,pico_7_9,0,2.0625,20.525,2.0,79.5,55.3125
2025-01-13,CENTRO,fuera_pico_10_12,1,1.9849999999999999,17.3,30.5,44.0,10.5
2025-01-13,CENTRO,pico_7_9,1,2.06,29.5,13.5,33.5,6.5
2025-01-13,NORESTE3,fuera_pico_10_12,0,0.9321666666666666,13.375,31.266666666666666,36.041666666666664,7.4799999999999995
2025-01-13,NORESTE3,pico_7_9,0,0.9750000000000001,25.125,16.133333333333333,29.756666666666664,8.24
2025-01-13,NOROESTE3,fuera_pico_10_12,0,2.105,10.45,26.166666666666664,60.83333333333333,5.645
2025-01-13,NOROESTE3,pico_7_9,0,2.5766666666666667,12.5,13.166666666666668,64.83333333333333,13.809999999999999
2025-01-13,NORTE2,fuera_pico_10_12,1,0.8225,22.650000000000002,22.75,51.25,6.25
2025-01-13,NORTE2,pico_7_9,1,0.895,31.575000000000003,10.25,36.5,9.75
2025-01-13,SUR,fuera_pico_10_12,0,1.6833333333333333,14.350000000000001,25.125,61.99999999999999,15.495000000000001
2025-01-13,SUR,pico_7_9,0,1.7033333333333331,17.3,18.375,27.0,10.093333333333334
2025-01-13,SUROESTE2,fuera_pico_10_12,1,1.5999999999999999,20.175,25.75,37.75,13.115
2025-01-13,SUROESTE2,pico_7_9,1,1.5274999999999999,19.6,22.25,14.5,8.01
2025-01-14,CENTRO,fuera_pico_10_12,1,2.335,38.25,10.5,46.5,26.05
2025-01-14,CENTRO,pico_7_9,1,2.0949999999999998,36.150000000000006,7.0,54.0,24.770000000000003
2025-01-14,NORESTE3,fuera_pico_10_12,0,1.73,19.625,8.5,155.295,33.91
2025-01-14,NORESTE3,pico_7_9,0,1.5,16.85,7.0,82.2775,24.665
2025-01-14,NOROESTE3,fuera_pico_10_12,0,2.6366666666666667,22.775,16.166666666666668,72.5,25.130000000000003
2025-01-14,NOROESTE3,pico_7_9,0,2.4383333333333335,24.4,5.166666666666666,61.166666666666664,13.532499999999999
2025-01-14,NORTE2,fuera_pico_10_12,1,1.2075,43.900000000000006,13.25,84.25,18.75
2025-01-14,NORTE2,pico_7_9,1,1.1625,40.9,4.25,62.75,17.5
2025-01-14,SUR,fuera_pico_10_12,0,1.46,21.6875,14.375,137.375,25.450000000000003
2025-01-14,SUR,pico_7_9,0,1.295,19.175,10.875,62.75,15.327499999999999
2025-01-14,SUROESTE2,fuera_pico_10_12,1,1.9175,38.150000000000006,10.75,53.25,30.2025
2025-01-14,SUROESTE2,pico_7_9,1,1.6875,36.45,4.5,39.75,25.8975
2025-01-15,CENTRO,fuera_pico_10_12,1,2.48,36.3,7.5,76.0,48.56
2025-01-15,CENTRO,pico_7_9,1,2.505,39.35,4.785714285714286,87.5,66.12
2025-01-15,NORESTE3,fuera_pico_10_12,0,0.925,11.649999999999999,20.833333333333332,47.928333333333335,17.75
2025-01-15,NORESTE3,pico_7_9,0,0.9086666666666667,15.899999999999999,14.733333333333334,52.17,24.735
2025-01-15,NOROESTE3,fuera_pico_10_12,0,2.2933333333333334,12.6,14.0,64.83333333333334,9.06
2025-01-15,NOROESTE3,pico_7_9,0,2.3200000000000003,16.725,8.666666666666668,60.833333333333336,9.815000000000001
2025-01-15,NORTE2,fuera_pico_10_12,1,1.09,30.975,9.75,91.5,14.5
2025-01-15,NORTE2,pico_7_9,1,1.025,35.15,3.5,75.75,21.0
2025-01-15,SUR,fuera_pico_10_12,0,1.3475000000000001,17.2125,17.875,72.75,18.958750000000002
2025-01-15,SUR,pico_7_9,0,1.2725,22.4875,9.0,71.625,28.31375
2025-01-15,SUROESTE2,fuera_pico_10_12,1,2.47,36.425,5.75,111.0,63.1525
2025-01-15,SUROESTE2,pico_7_9,1,2.6925,30.900000000000002,2.5,88.0,56.6375
2025-01-16,CENTRO,fuera_pico_10_12,1,2.4450000000000003,35.5,7.0,54.0,33.49
2025-01-16,CENTRO,pico_7_9,1,2.17,30.1,8.0,32.5,17.119999999999997
2025-01-16,NORESTE3,fuera_pico_10_12,0,1.1315,16.583333333333332,9.833333333333334,63.505,24.775
2025-01-16,NORESTE3,pico_7_9,0,1.0430000000000001,17.01666666666667,5.9,45.26833333333334,18.29
2025-01-16,NOROESTE3,fuera_pico_10_12,0,2.3933333333333335,16.825,14.333333333333332,36.66666666666667,4.915
2025-01-16,NOROESTE3,pico_7_9,0,2.3183333333333334,15.95,5.666666666666667,20.166666666666668,6.56
2025-01-16,NORTE2,fuera_pico_10_12,1,1.0574999999999999,35.099999999999994,6.5,83.75,18.0
2025-01-16,NORTE2,pico_7_9,1,1.065,35.3,3.5,29.75,14.25
2025-01-16,SUR,fuera_pico_10_12,0,1.3562500000000002,16.5875,14.625,73.875,23.26625
2025-01-16,SUR,pico_7_9,0,1.2349999999999999,14.65,8.375,44.0,18.63875
2025-01-16,SUROESTE2,fuera_pico_10_12,1,1.9699999999999998,29.625,11.0,37.5,16.060000000000002
2025-01-16,SUROESTE2,pico_7_9,1,1.885,23.675,9.5,32.0,16.5
2025-01-17,CENTRO,fuera_pico_10_12,1,2.98,31.6,6.0,88.0,62.489999999999995
2025-01-17,CENTRO,pico_7_9,1,2.51,23.200000000000003,4.722222222222222,88.0,53.019999999999996
2025-01-17,NORESTE3,fuera_pico_10_12,0,1.732,36.2,7.916666666666666,189.49166666666667,76.02000000000001
2025-01-17,NORESTE3,pico_7_9,0,1.8411666666666666,26.575,2.525,125.20166666666668,54.18
2025-01-17,NOROESTE3,fuera_pico_10_12,0,2.8033333333333337,17.025,7.166666666666666,63.99999999999999,17.615000000000002
2025-01-17,NOROESTE3,pico_7_9,0,2.7683333333333335,13.6,4.0,55.0,10.61
2025-01-17,NORTE2,fuera_pico_10_12,1,1.86,41.400000000000006,3.5,149.75,41.0
2025-01-17,NORTE2,pico_7_9,1,1.625,30.025,2.0,119.5,36.0
2025-01-17,SUR,fuera_pico_10_12,0,1.4874999999999998,19.6,10.5,128.375,43.01375
2025-01-17,SUR,pico_7_9,0,1.4525000000000001,16.325,5.75,82.625,42.435
2025-01-17,SUROESTE2,fuera_pico_10_12,1,3.1525,35.35,4.5,185.0,61.4775
2025-01-17,SUROESTE2,pico_7_9,1,2.9450000000000003,23.225,2.0,65.5,40.9675
2025-01-18,CENTRO,fuera_pico_10_12,1,2.035,22.85,22.5,72.5,22.11368608212056
2025-01-18,CENTRO,pico_7_9,1,2.01,27.35,5.0,50.0,20.434575438669498
2025-01-18,NORESTE3,fuera_pico_10_12,0,1.1588333333333334,13.15,30.3,125.2475,18.295
2025-01-18,NORESTE3,pico_7_9,0,1.4673333333333334,18.916666666666664,7.325,122.945,38.135
2025-01-18,NOROESTE3,fuera_pico_10_12,0,2.3233333333333333,11.05,22.666666666666664,98.83333333333331,8.24
2025-01-18,NOROESTE3,pico_7_9,0,3.0633333333333335,12.9,10.25,55.5,4.17
2025-01-18,NORTE2,fuera_pico_10_12,1,0.8999999999999999,20.525,23.5,143.25,14.0
2025-01-18,NORTE2,pico_7_9,1,1.4825,33.675,3.6666666666666665,135.75,24.5
2025-01-18,SUR,fuera_pico_10_12,0,1.4000000000000001,7.2625,33.375,111.625,16.66
2025-01-18,SUR,pico_7_9,0,1.8162500000000001,17.2875,5.166666666666666,105.125,28.09375
2025-01-18,SUROESTE2,fuera_pico_10_12,1,1.4874999999999998,13.274999999999999,29.5,106.0,20.380000000000003
2025-01-18,SUROESTE2,pico_7_9,1,2.1525,24.85,2.0,67.25,23.2625
2025-01-19,CENTRO,fuera_pico_10_12,1,1.81,8.05,27.0,65.5,16.01726786039022
2025-01-19,CENTRO,pico_7_9,1,1.835,10.15,26.5,69.5,15.270939505952827
2025-01-19,NORESTE3,fuera_pico_10_12,0,1.1533333333333333,7.775,28.183333333333334,60.5625,6.055
2025-01-19,NORESTE3,pico_7_9,0,0.9548333333333332,9.350000000000001,26.633333333333333,71.7775,9.55
2025-01-19,NOROESTE3,fuera_pico_10_12,0,2.038333333333333,3.175,25.83333333333333,37.0,3.355
2025-01-19,NOROESTE3,pico_7_9,0,2.0166666666666666,3.25,26.833333333333336,79.33333333333333,4.005
2025-01-19,NORTE2,fuera_pico_10_12,1,0.6025,9.55,24.0,94.0,7.25
2025-01-19,NORTE2,pico_7_9,1,0.5375,9.649999999999999,23.25,79.75,7.5
2025-01-19,SUR,fuera_pico_10_12,0,1.24625,4.7,28.25,70.875,6.8620833333333335
2025-01-19,SUR,pico_7_9,0,1.3650000000000002,6.1875,27.0,50.125,9.004166666666666
2025-01-19,SUROESTE2,fuera_pico_10_12,1,1.2825,8.05,25.75,70.75,13.6325
2025-01-19,SUROESTE2,pico_7_9,1,1.305,9.275,26.75,81.0,11.842500000000001
2025-01-20,CENTRO,fuera_pico_10_12,1,2.06,11.15,30.0,42.0,11.33294821370972
2025-01-20,CENTRO,pico_7_9,1,1.98,23.049999999999997,15.0,30.5,13.983764201546155
2025-01-20,NORESTE3,fuera_pico_10_12,0,1.3806666666666667,8.366666666666667,30.35,28.2725,7.23
2025-01-20,NORESTE3,pico_7_9,0,1.438333333333333,11.225,18.866666666666667,22.677500000000002,8.475
2025-01-20,NOROESTE3,fuera_pico_10_12,0,2.2366666666666664,6.725,30.333333333333336,23.666666666666668,3.625
2025-01-20,NOROESTE3,pico_7_9,0,2.1966666666666668,12.125,16.5,21.0,3.895
2025-01-20,NORTE2,fuera_pico_10_12,1,0.72,15.75,29.75,31.25,6.0
2025-01-20,NORTE2,pico_7_9,1,0.885,26.65,14.5,24.25,7.25
2025-01-20,SUR,fuera_pico_10_12,1,1.19375,5.3,33.875,37.0,11.085
2025-01-20,SUR,pico_7_9,1,1.19125,7.324999999999999,24.5,28.625,8.275
2025-01-20,SUROESTE2,fuera_pico_10_12,1,1.4075000000000002,13.575,24.5,25.75,14.674999999999999
2025-01-20,SUROESTE2,pico_7_9,1,1.4525000000000001,26.0,9.5,25.5,11.7875
2025-01-21,CENTRO,fuera_pico_10_12,1,2.025,15.9,19.5,27.5,7.495
2025-01-21,CENTRO,pico_7_9,1,1.9849999999999999,13.4,19.0,21.0,7.300000000000001
2025-01-21,NORESTE3,fuera_pico_10_12,0,1.2643333333333333,7.766666666666667,27.166666666666664,17.006666666666664,4.39
2025-01-21,NORESTE3,pico_7_9,0,1.3243333333333336,11.5,21.849999999999998,16.91833333333333,2.98
2025-01-21,NOROESTE3,fuera_pico_10_12,0,2.1966666666666663,6.275,18.666666666666668,6.25,4.84997712055206
2025-01-21,NOROESTE3,pico_7_9,0,2.1566666666666667,5.699999999999999,18.333333333333336,3.25,3.6275772641755166
2025-01-21,NORTE2,fuera_pico_10_12,1,0.8674999999999999,18.1,19.0,40.0,5.0
2025-01-21,NORTE2,pico_7_9,1,0.815,15.65,17.5,6.5,2.5
2025-01-21,SUR,fuera_pico_10_12,1,1.175,6.362500000000001,27.25,20.5,6.695833333333333
2025-01-21,SUR,pico_7_9,1,1.1675,6.8875,23.75,24.166666666666664,4.2825
2025-01-21,SUROESTE2,fuera_pico_10_12,1,1.56,18.35,13.75,18.25,18.0
2025-01-21,SUROESTE2,pico_7_9,1,1.4625,12.5,17.25,4.5,20.75
2025-01-22,CENTRO,fuera_pico_10_12,1,2.475,27.4,11.5,64.0,45.205
2025-01-22,CENTRO,pico_7_9,1,2.26,23.45,4.0,52.0,43.235
2025-01-22,NORESTE3,fuera_pico_10_12,0,1.8465,18.066666666666663,12.316666666666666,91.46333333333334,45.56
2025-01-22,NORESTE3,pico_7_9,0,1.7641666666666667,21.008333333333333,4.016666666666667,57.89666666666666,35.019999999999996
2025-01-22,NOROESTE3,fuera_pico_10_12,0,2.495,9.875,12.666666666666668,50.83333333333333,10.125
2025-01-22,NOROESTE3,pico_7_9,0,2.4383333333333335,11.55,5.333333333333334,35.83333333333333,11.385
2025-01-22,NORTE2,fuera_pico_10_12,1,1.6549999999999998,35.45,9.25,89.25,36.5
2025-01-22,NORTE2,pico_7_9,1,1.1875,30.6,2.25,50.5,20.5
2025-01-22,SUR,fuera_pico_10_12,1,1.36625,12.6125,18.5,64.125,31.75
2025-01-22,SUR,pico_7_9,1,1.3824999999999998,14.125,5.625,57.375,27.890416666666667
2025-01-22,SUROESTE2,fuera_pico_10_12,1,2.0650000000000004,28.35,10.5,90.0,43.1225
2025-01-22,SUROESTE2,pico_7_9,1,2.325,25.450000000000003,3.5,56.0,17.825
2025-01-23,CENTRO,fuera_pico_10_12,1,2.6500000000000004,32.3,18.0,108.5,35.015
2025-01-23,CENTRO,pico_7_9,1,2.845,31.4,5.0,74.5,47.010000000000005
2025-01-23,NORESTE3,fuera_pico_10_12,0,1.3975,14.183333333333332,23.416666666666664,70.5,11.568125
2025-01-23,NORESTE3,pico_7_9,0,2.2146666666666666,26.40833333333333,3.716666666666667,87.75,26.076530450604167
2025-01-23,NOROESTE3,fuera_pico_10_12,0,2.701666666666666,13.3,19.0,79.66666666666666,8.045
2025-01-23,NOROESTE3,pico_7_9,0,3.585,16.9,3.75,77.5,12.76
2025-01-23,NORTE2,fuera_pico_10_12,1,1.225,34.1,13.75,130.25,25.0
2025-01-23,NORTE2,pico_7_9,1,1.8475,33.85,2.75,84.5,34.75
2025-01-23,SUR,fuera_pico_10_12,1,1.40875,14.950000000000001,23.75,68.125,22.66875
2025-01-23,SUR,pico_7_9,1,1.6275,22.3125,3.333333333333333,64.0,32.2725
2025-01-23,SUROESTE2,fuera_pico_10_12,1,2.245,32.2,18.25,146.75,55.427499999999995
2025-01-23,SUROESTE2,pico_7_9,1,3.1425,33.325,3.25,107.75,55.1325
2025-01-24,CENTRO,fuera_pico_10_12,1,2.25,25.5,28.5,50.0,16.25
2025-01-24,CENTRO,pico_7_9,1,2.55,33.9,5.0,49.0,21.8
2025-01-24,NORESTE3,fuera_pico_10_12,0,1.3278333333333334,20.083333333333336,29.25,98.71499999999999,18.315
2025-01-24,NORESTE3,pico_7_9,0,1.55575,36.900000000000006,3.325,106.865,34.39
2025-01-24,NOROESTE3,fuera_pico_10_12,0,3.0083333333333333,19.525,18.999999999999996,94.33333333333334,10.315
2025-01-24,NOROESTE3,pico_7_9,0,3.0716666666666668,19.925,3.333333333333333,79.66666666666666,7.16
2025-01-24,NORTE2,fuera_pico_10_12,1,1.4775,47.95,12.25,157.0,30.75
2025-01-24,NORTE2,pico_7_9,1,1.81,47.599999999999994,2.5,122.75,30.75
2025-01-24,SUR,fuera_pico_10_12,1,1.9516666666666667,17.5625,27.5,144.75,29.80125
2025-01-24,SUR,pico_7_9,1,1.41875,24.275,7.25,73.375,26.28666666666667
2025-01-24,SUROESTE2,fuera_pico_10_12,1,1.8375,26.325000000000003,24.75,108.75,31.57
2025-01-24,SUROESTE2,pico_7_9,1,2.77,35.150000000000006,6.25,55.75,55.115
2025-01-25,CENTRO,fuera_pico_10_12,1,2.2649999999999997,27.75,26.5,65.0,29.435000000000002
2025-01-25,CENTRO,pico_7_9,1,2.415,39.95,4.5,70.0,45.230000000000004
2025-01-25,NORESTE3,fuera_pico_10_12,0,1.4115,25.15,28.1,109.535,22.46
2025-01-25,NORESTE3,pico_7_9,0,1.6258333333333332,39.266666666666666,3.8499999999999996,84.63,34.94
2025-01-25,NOROESTE3,fuera_pico_10_12,0,2.628333333333333,16.35,21.5,70.33333333333334,7.119999999999999
2025-01-25,NOROESTE3,pico_7_9,0,2.7266666666666666,20.375,5.166666666666667,61.83333333333333,6.92
2025-01-25,NORTE2,fuera_pico_10_12,1,1.0550000000000002,36.5,20.75,90.0,21.5
2025-01-25,NORTE2,pico_7_9,1,1.2375,46.05,2.25,75.25,23.0
2025-01-25,SUR,fuera_pico_10_12,1,1.9033333333333333,19.5375,27.0,114.625,27.765416666666667
2025-01-25,SUR,pico_7_9,1,1.9066666666666667,26.975,6.0,83.25,30.24875
2025-01-25,SUROESTE2,fuera_pico_10_12,1,2.0125,35.1,23.25,115.5,50.845
2025-01-25,SUROESTE2,pico_7_9,1,2.4225000000000003,36.625,7.0,93.25,61.0575
2025-01-26,CENTRO,fuera_pico_10_12,1,2.46,24.1,23.0,60.0,41.065
2025-01-26,CENTRO,pico_7_9,1,2.66,31.45,5.875,69.5,43.435
2025-01-26,NORESTE3,fuera_pico_10_12,0,1.4785,18.891666666666666,21.083333333333332,70.93166666666667,32.65
2025-01-26,NORESTE3,pico_7_9,0,1.302,20.066666666666666,4.9,42.711666666666666,40.36
2025-01-26,NOROESTE3,fuera_pico_10_12,0,2.8516666666666666,16.35,16.166666666666668,82.66666666666667,8.365
2025-01-26,NOROESTE3,pico_7_9,0,2.8616666666666664,17.0,4.833333333333334,52.83333333333333,7.109999999999999
2025-01-26,NORTE2,fuera_pico_10_12,1,1.335,39.425,13.75,113.75,30.75
2025-01-26,NORTE2,pico_7_9,1,1.1775,24.8,1.5,59.25,30.0
2025-01-26,SUR,fuera_pico_10_12,1,1.8916666666666666,15.6125,21.375,66.375,30.988750000000003
2025-01-26,SUR,pico_7_9,1,1.89,16.7,10.333333333333332,50.75,29.42875
2025-01-26,SUROESTE2,fuera_pico_10_12,1,2.035,27.75,19.5,103.5,54.3775
2025-01-26,SUROESTE2,pico_7_9,1,2.3125,26.875,7.25,60.5,30.3075
2025-01-27,CENTRO,fuera_pico_10_12,1,2.6100000000000003,26.25,14.0,69.5,22.744999999999997
2025-01-27,CENTRO,pico_7_9,1,2.4850000000000003,33.05,4.5,45.5,18.495
2025-01-27,NORESTE3,fuera_pico_10_12,0,1.0893333333333333,15.716666666666665,18.35,59.89666666666667,15.004999999999999
2025-01-27,NORESTE3,pico_7_9,0,1.1198333333333332,16.400000000000002,18.28333333333333,32.80833333333334,10.405000000000001
2025-01-27,NOROESTE3,fuera_pico_10_12,0,2.581666666666667,16.525,11.666666666666668,63.0,7.255
2025-01-27,NOROESTE3,pico_7_9,0,2.5133333333333336,18.0,7.166666666666666,33.166666666666664,5.595000000000001
2025-01-27,NORTE2,fuera_pico_10_12,1,1.0175,24.2,15.75,83.75,14.0
2025-01-27,NORTE2,pico_7_9,1,1.04,25.4,12.5,52.0,10.25
2025-01-27,SUR,fuera_pico_10_12,1,1.7400000000000002,15.100000000000001,16.5,65.33333333333334,13.99
2025-01-27,SUR,pico_7_9,1,1.6833333333333333,16.8375,13.75,42.33333333333333,10.455
2025-01-27,SUROESTE2,fuera_pico_10_12,1,2.1475,30.75,7.0,60.5,24.3375
2025-01-27,SUROESTE2,pico_7_9,1,2.145,32.6,3.25,42.25,21.615000000000002
2025-01-28,CENTRO,fuera_pico_10_12,1,3.02,15.9,4.5,24.0,14.612499999999999
2025-01-28,CENTRO,pico_7_9,1,2.585,13.350000000000001,4.166666666666666,38.5,22.495
2025-01-28,NORESTE3,fuera_pico_10_12,0,1.3409999999999997,11.45,5.466666666666667,10.573333333333332,8.305
2025-01-28,NORESTE3,pico_7_9,0,1.2541666666666667,11.466666666666665,4.133333333333333,8.339166666666667,4.345
2025-01-28,NOROESTE3,fuera_pico_10_12,0,2.918333333333333,8.0,3.333333333333333,10.833333333333332,5.4125
2025-01-28,NOROESTE3,pico_7_9,0,2.5616666666666665,9.05,2.5,8.166666666666668,3.665
2025-01-28,NORTE2,fuera_pico_10_12,1,1.395,16.725,2.25,12.5,8.0
2025-01-28,NORTE2,pico_7_9,1,0.96,12.825,1.0,5.75,3.5
2025-01-28,SUR,fuera_pico_10_12,1,1.3424999999999998,6.575,8.0,15.75,5.46375
2025-01-28,SUR,pico_7_9,1,1.33375,7.2875,6.625,16.0,5.252083333333333
2025-01-28,SUROESTE2,fuera_pico_10_12,1,2.33,15.85,2.25,29.0,15.18
2025-01-28,SUROESTE2,pico_7_9,1,2.25,13.774999999999999,1.0,18.75,11.0
2025-01-29,CENTRO,fuera_pico_10_12,1,3.125,21.9,6.0,42.0,29.5
2025-01-29,CENTRO,pico_7_9,1,2.915,19.2,4.772727272727273,33.5,25.015
2025-01-29,NORESTE3,fuera_pico_10_12,0,1.3851666666666667,21.0,5.866666666666667,43.491666666666674,21.68
2025-01-29,NORESTE3,pico_7_9,0,1.2606666666666666,16.466666666666665,3.45,19.923333333333332,18.880000000000003
2025-01-29,NOROESTE3,fuera_pico_10_12,0,2.8983333333333334,11.25,6.0,53.5,6.664999999999999
2025-01-29,NOROESTE3,pico_7_9,0,2.8916666666666666,11.125,3.0,40.83333333333333,10.844999999999999
2025-01-29,NORTE2,fuera_pico_10_12,1,1.5125,26.55,3.5,77.5,26.75
2025-01-29,NORTE2,pico_7_9,1,1.2149999999999999,19.95,2.0,40.0,18.25
2025-01-29,SUR,fuera_pico_10_12,1,2.018333333333333,14.225,6.5,45.875,22.943333333333335
2025-01-29,SUR,pico_7_9,1,1.7666666666666666,9.9125,5.708333333333334,21.75,15.440000000000001
2025-01-29,SUROESTE2,fuera_pico_10_12,1,2.175,22.2,10.0,56.5,29.5
2025-01-29,SUROESTE2,pico_7_9,1,2.2575,19.125,1.95,43.75,29.2675
2025-01-30,CENTRO,fuera_pico_10_12,1,3.0700000000000003,23.049999999999997,6.0,85.5,63.265
2025-01-30,CENTRO,pico_7_9,1,3.135,29.4,4.0,107.0,48.42
2025-01-30,NORESTE3,fuera_pico_10_12,0,1.034,11.466666666666665,12.75,48.90166666666667,22.015
2025-01-30,NORESTE3,pico_7_9,0,1.2186666666666666,17.366666666666664,3.908333333333333,82.78833333333333,27.125
2025-01-30,NOROESTE3,fuera_pico_10_12,0,3.4050000000000002,15.325000000000001,4.333333333333333,113.66666666666666,13.855
2025-01-30,NOROESTE3,pico_7_9,0,3.3533333333333335,11.3,3.0,81.83333333333334,11.98
2025-01-30,NORTE2,fuera_pico_10_12,1,1.2025000000000001,18.424999999999997,7.0,87.25,18.5
2025-01-30,NORTE2,pico_7_9,1,1.435,25.575000000000003,1.625,103.5,29.25
2025-01-30,SUR,fuera_pico_10_12,1,1.9066666666666663,11.5375,9.75,60.875,17.4575
2025-01-30,SUR,pico_7_9,1,2.2683333333333335,15.65,3.0,93.75,43.20166666666667
2025-01-30,SUROESTE2,fuera_pico_10_12,1,2.9125,29.325000000000003,2.75,138.75,58.0325
2025-01-30,SUROESTE2,pico_7_9,1,3.7925,21.375,2.25,114.75,66.74249999999999
2025-01-31,CENTRO,fuera_pico_10_12,1,3.045,43.25,20.0,134.0,41.635000000000005
2025-01-31,CENTRO,pico_7_9,1,3.075,33.8,4.0,128.5,48.144999999999996
2025-01-31,NORESTE3,fuera_pico_10_12,0,1.79,23.85,24.25,141.1625,27.71
2025-01-31,NORESTE3,pico_7_9,0,2.1875,32.925,5.25,192.8775,42.945
2025-01-31,NOROESTE3,fuera_pico_10_12,0,2.16,14.975000000000001,25.25,64.25,7.055
2025-01-31,NOROESTE3,pico_7_9,0,2.7424999999999997,19.925,5.25,103.0,8.495000000000001
2025-01-31,NORTE2,fuera_pico_10_12,1,1.545,41.45,18.0,146.25,26.5
2025-01-31,NORTE2,pico_7_9,1,1.675,43.35,2.5,165.75,35.75
2025-01-31,SUR,fuera_pico_10_12,1,2.0183333333333335,20.625,24.875,141.25,27.651249999999997
2025-01-31,SUR,pico_7_9,1,2.048333333333333,21.9125,3.6666666666666665,92.25,31.877499999999998
2025-01-31,SUROESTE2,fuera_pico_10_12,1,2.4450000000000003,34.8,20.75,172.75,51.16
2025-01-31,SUROESTE2,pico_7_9,1,3.0175,32.1,4.25,101.0,45.885000000000005
2025-02-01,CENTRO,fuera_pico_10_12,1,3.005,48.0,9.5,81.0,43.67255818555225
2025-02-01,CENTRO,pico_7_9,1,2.61,36.599999999999994,4.75,61.5,20.906408701040775
2025-02-01,NORESTE3,fuera_pico_10_12,0,1.7614999999999998,34.483333333333334,11.416666666666666,127.0,40.7589636564697
2025-02-01,NORESTE3,pico_7_9,0,1.7530000000000001,36.61666666666667,3.475,79.0,28.3569538172164
2025-02-01,NOROESTE3,fuera_pico_10_12,0,3.526666666666667,27.975,11.166666666666668,165.5,26.19710178782246
2025-02-01,NOROESTE3,pico_7_9,0,3.47,23.8,3.1666666666666665,90.5,21.48734610051683
2025-02-01,NORTE2,fuera_pico_10_12,1,1.745,56.225,7.75,135.5,27.25
2025-02-01,NORTE2,pico_7_9,1,1.755,46.2,2.5,93.75,27.0
2025-02-01,SUR,fuera_pico_10_12,1,2.205,26.0875,18.333333333333332,150.625,35.99999999999999
2025-02-01,SUR,pico_7_9,1,2.1933333333333334,25.775,5.875,123.125,24.333333333333336
2025-02-01,SUROESTE2,fuera_pico_10_12,1,2.7275,52.400000000000006,8.25,169.5,28.5
2025-02-01,SUROESTE2,pico_7_9,1,2.5324999999999998,37.125,6.5,79.25,6.5
2025-02-02,CENTRO,fuera_pico_10_12,1,2.745,33.849999999999994,21.5,94.5,33.575
2025-02-02,CENTRO,pico_7_9,1,2.575,31.599999999999998,7.0,119.5,19.55
2025-02-02,NORESTE3,fuera_pico_10_12,0,1.3866666666666667,18.766666666666666,30.46666666666667,143.1566666666667,44.965
2025-02-02,NORESTE3,pico_7_9,0,1.4871666666666665,30.016666666666666,5.233333333333334,86.62166666666667,27.125
2025-02-02,NOROESTE3,fuera_pico_10_12,0,2.6916666666666664,14.725,25.333333333333336,69.0,12.379999999999999
2025-02-02,NOROESTE3,pico_7_9,0,2.73,20.125,6.5,66.0,20.96
2025-02-02,NORTE2,fuera_pico_10_12,1,1.3525,42.650000000000006,18.0,126.25,35.75
2025-02-02,NORTE2,pico_7_9,1,1.1025,37.25,2.75,92.5,30.5
2025-02-02,SUR,fuera_pico_10_12,1,1.7091666666666665,17.2125,30.166666666666668,101.33333333333334,29.16375
2025-02-02,SUR,pico_7_9,1,1.9983333333333333,20.4375,7.625,85.625,31.650000000000002
2025-02-02,SUROESTE2,fuera_pico_10_12,1,1.835,18.700000000000003,31.25,66.25,41.2
2025-02-02,SUROESTE2,pico_7_9,1,2.1875,29.025,8.75,123.0,42.480000000000004
2025-02-03,CENTRO,fuera_pico_10_12,1,2.6399999999999997,30.9,33.5,57.0,24.010771910724657
2025-02-03,CENTRO,pico_7_9,1,2.545,28.55,15.5,50.5,32.19361275575094
2025-02-03,NORESTE3,fuera_pico_10_12,0,1.4411666666666667,23.25,29.21666666666667,93.37499999999997,35.99
2025-02-03,NORESTE3,pico_7_9,0,1.5465,29.75,4.916666666666667,74.35166666666666,29.445
2025-02-03,NOROESTE3,fuera_pico_10_12,0,2.706666666666667,13.4,29.666666666666664,66.83333333333334,8.52
2025-02-03,NOROESTE3,pico_7_9,0,2.8066666666666666,20.175,7.666666666666666,72.5,8.42
2025-02-03,NORTE2,fuera_pico_10_12,1,1.7375,55.525,15.5,160.75,49.0
2025-02-03,NORTE2,pico_7_9,1,1.2725,39.325,2.5,112.0,41.25
2025-02-03,SUR,fuera_pico_10_12,1,1.9149999999999998,18.737499999999997,28.875,88.75,27.78125
2025-02-03,SUR,pico_7_9,1,1.9183333333333334,19.4875,8.25,52.0,27.711666666666666
2025-02-03,SUROESTE2,fuera_pico_10_12,1,1.8375,23.05,37.5,58.25,23.4325
2025-02-03,SUROESTE2,pico_7_9,1,2.2125000000000004,29.525,13.25,68.25,31.005
2025-02-04,CENTRO,fuera_pico_10_12,1,3.035,28.8,10.5,94.5,63.2084840521276
2025-02-04,CENTRO,pico_7_9,1,2.965,26.35,4.5,60.5,37.290911153516205
2025-02-04,NORESTE3,fuera_pico_10_12,0,1.2128333333333332,14.933333333333334,15.983333333333334,80.07,23.785
2025-02-04,NORESTE3,pico_7_9,0,1.149,16.616666666666667,7.816666666666667,66.47666666666666,43.86
2025-02-04,NOROESTE3,fuera_pico_10_12,0,2.786666666666666,14.875,6.833333333333333,99.33333333333331,22.035
2025-02-04,NOROESTE3,pico_7_9,0,2.723333333333333,13.575,4.666666666666666,62.99999999999999,8.705
2025-02-04,NORTE2,fuera_pico_10_12,1,1.1625,25.225,11.0,79.0,19.25
2025-02-04,NORTE2,pico_7_9,1,0.9875,21.075000000000003,6.75,62.75,28.5
2025-02-04,SUR,fuera_pico_10_12,1,1.8250000000000002,11.725,17.125,72.375,30.96875
2025-02-04,SUR,pico_7_9,1,1.8133333333333332,13.5375,6.375,50.0,21.689999999999998
2025-02-04,SUROESTE2,fuera_pico_10_12,1,2.5525,31.925,15.0,150.25,66.91
2025-02-04,SUROESTE2,pico_7_9,1,2.3475,28.25,4.25,73.25,27.13
2025-02-05,CENTRO,fuera_pico_10_12,1,3.285,24.65,8.0,82.0,55.30500000000001
2025-02-05,CENTRO,pico_7_9,1,2.9050000000000002,18.8,5.5,62.5,33.655
2025-02-05,NORESTE3,fuera_pico_10_12,0,1.1540000000000001,14.533333333333335,10.45,56.79833333333334,29.59
2025-02-05,NORESTE3,pico_7_9,0,1.1478333333333333,13.516666666666666,6.333333333333334,45.03666666666666,27.365000000000002
2025-02-05,NOROESTE3,fuera_pico_10_12,0,2.5983333333333336,9.55,12.0,55.33333333333333,13.649999999999999
2025-02-05,NOROESTE3,pico_7_9,0,2.4883333333333333,9.149999999999999,6.0,36.0,11.045
2025-02-05,NORTE2,fuera_pico_10_12,1,1.2425000000000002,23.125,6.75,77.25,19.25
2025-02-05,NORTE2,pico_7_9,1,1.1575000000000002,19.1,3.5,57.0,23.75
2025-02-05,SUR,fuera_pico_10_12,1,1.7049999999999996,9.3625,15.25,58.25,22.666666666666664
2025-02-05,SUR,pico_7_9,1,1.6433333333333335,8.7125,8.125,38.125,18.5
2025-02-05,SUROESTE2,fuera_pico_10_12,1,2.19,20.3,9.5,78.75,37.8525
2025-02-05,SUROESTE2,pico_7_9,1,2.1825,17.0,1.75,58.5,28.8125
2025-02-06,CENTRO,fuera_pico_10_12,1,3.38,40.65,19.0,115.5,50.675
2025-02-06,CENTRO,pico_7_9,1,3.38,19.9,4.625,81.0,42.291875985422635
2025-02-06,NORESTE3,fuera_pico_10_12,0,1.4925000000000002,22.133333333333333,10.733333333333334,129.90666666666667,39.82
2025-02-06,NORESTE3,pico_7_9,0,1.6156666666666666,17.95,3.433333333333333,77.08833333333334,29.96
2025-02-06,NOROESTE3,fuera_pico_10_12,0,2.965,17.275,18.666666666666668,105.5,23.661246114523507
2025-02-06,NOROESTE3,pico_7_9,0,3.2649999999999997,15.725000000000001,2.75,87.0,17.13075676834906
2025-02-06,NORTE2,fuera_pico_10_12,1,1.9649999999999999,49.525000000000006,11.0,181.25,34.75
2025-02-06,NORTE2,pico_7_9,1,1.4849999999999999,24.625,2.0,103.25,21.75
2025-02-06,SUR,fuera_pico_10_12,1,1.91,20.075000000000003,15.625,73.875,30.884166666666665
2025-02-06,SUR,pico_7_9,1,1.91,11.2375,6.0,60.625,22.727083333333333
2025-02-06,SUROESTE2,fuera_pico_10_12,1,2.2649999999999997,32.55,28.0,155.75,40.745000000000005
2025-02-06,SUROESTE2,pico_7_9,1,3.2225,34.025000000000006,3.5,107.0,57.12
2025-02-07,CENTRO,fuera_pico_10_12,1,3.51,55.0,17.5,129.0,53.695
2025-02-07,CENTRO,pico_7_9,1,3.2199999999999998,24.45,4.0,84.5,53.125
2025-02-07,NORESTE3,fuera_pico_10_12,0,1.3211666666666666,21.31666666666667,15.116666666666667,124.84833333333333,62.185
2025-02-07,NORESTE3,pico_7_9,0,1.2921666666666667,15.25,6.35,62.595,51.24
2025-02-07,NOROESTE3,fuera_pico_10_12,0,2.905,23.150000000000002,18.666666666666668,124.66666666666666,19.37
2025-02-07,NOROESTE3,pico_7_9,0,2.9433333333333334,19.725,3.0,104.83333333333334,20.479999999999997
2025-02-07,NORTE2,fuera_pico_10_12,1,1.775,42.849999999999994,14.75,159.25,33.5
2025-02-07,NORTE2,pico_7_9,1,1.6524999999999999,26.35,1.75,117.75,47.0
2025-02-07,SUR,fuera_pico_10_12,1,1.8866666666666665,21.25,19.625,101.5,45.411249999999995
2025-02-07,SUR,pico_7_9,1,1.7683333333333335,13.55,7.375,62.125,29.79
2025-02-07,SUROESTE2,fuera_pico_10_12,1,2.1,33.5,31.25,167.5,39.322500000000005
2025-02-07,SUROESTE2,pico_7_9,1,2.955,40.474999999999994,7.25,110.5,49.417500000000004
2025-02-08,CENTRO,fuera_pico_10_12,1,3.6500000000000004,32.45,17.5,146.0,82.92500000000001
2025-02-08,CENTRO,pico_7_9,1,2.995,28.3,5.0,76.0,41.849999999999994
2025-02-08,NORESTE3,fuera_pico_10_12,0,1.1115,13.7,13.075,109.2025,47.16
2025-02-08,NORESTE3,pico_7_9,0,1.1975,16.900000000000002,3.175,70.5525,46.739999999999995
2025-02-08,NOROESTE3,fuera_pico_10_12,0,2.665,14.075,16.666666666666664,102.5,14.59
2025-02-08,NOROESTE3,pico_7_9,0,2.6683333333333334,16.9,3.0,94.16666666666669,18.310000000000002
2025-02-08,NORTE2,fuera_pico_10_12,1,1.2850000000000001,21.35,15.5,120.25,33.75
2025-02-08,NORTE2,pico_7_9,1,1.2675,26.15,2.25,90.5,44.75
2025-02-08,SUR,fuera_pico_10_12,1,1.788333333333333,13.5125,15.25,95.625,44.98125
2025-02-08,SUR,pico_7_9,1,1.6916666666666669,10.875,7.625,44.75,26.317500000000003
2025-02-08,SUROESTE2,fuera_pico_10_12,1,2.0774999999999997,27.799999999999997,24.25,114.5,31.1175
2025-02-08,SUROESTE2,pico_7_9,1,2.4575,32.900000000000006,5.25,108.0,39.6225
2025-02-09,CENTRO,fuera_pico_10_12,1,3.255,25.950000000000003,26.5,96.0,68.69500000000001
2025-02-09,CENTRO,pico_7_9,1,3.0949999999999998,19.65,4.0,84.0,51.295
2025-02-09,NORESTE3,fuera_pico_10_12,0,1.935,11.45,21.5,122.44999999999999,46.41
2025-02-09,NORESTE3,pico_7_9,0,1.13975,14.35,4.75,59.980000000000004,45.129999999999995
2025-02-09,NOROESTE3,fuera_pico_10_12,0,2.8983333333333334,20.35,18.499999999999996,112.33333333333334,24.490000000000002
2025-02-09,NOROESTE3,pico_7_9,0,2.8699999999999997,17.625,2.833333333333333,86.33333333333334,19.675
2025-02-09,NORTE2,fuera_pico_10_12,1,1.4175,24.950000000000003,16.5,139.0,36.0
2025-02-09,NORTE2,pico_7_9,1,1.135,22.8,3.5,118.25,40.0
2025-02-09,SUR,fuera_pico_10_12,1,1.8066666666666666,12.8125,17.875,82.5,49.0475
2025-02-09,SUR,pico_7_9,1,1.7666666666666666,10.087499999999999,8.75,44.875,27.49875
2025-02-09,SUROESTE2,fuera_pico_10_12,1,1.9625,24.325,40.5,81.5,39.0225
2025-02-09,SUROESTE2,pico_7_9,1,2.205,29.425,18.5,70.75,35.394999999999996
2025-02-10,CENTRO,fuera_pico_10_12,1,3.1950000000000003,20.3,7.5,80.0,37.45
2025-02-10,CENTRO,pico_7_9,1,2.98,15.8,9.5,51.0,29.759999999999998
2025-02-10,NORESTE3,fuera_pico_10_12,0,1.1059999999999999,14.3,12.033333333333333,67.05833333333334,24.37
2025-02-10,NORESTE3,pico_7_9,0,1.15475,11.175,12.149999999999999,60.0575,21.165
2025-02-10,NOROESTE3,fuera_pico_10_12,0,2.3333333333333335,5.875,13.833333333333332,33.333333333333336,13.26
2025-02-10,NOROESTE3,pico_7_9,0,2.37,7.275,12.333333333333332,31.999999999999993,11.2
2025-02-10,NORTE2,fuera_pico_10_12,1,1.2375,21.375,4.0,85.25,18.5
2025-02-10,NORTE2,pico_7_9,1,1.03,17.525000000000002,8.5,55.25,16.75
2025-02-10,SUR,fuera_pico_10_12,1,1.623333333333333,5.2125,20.25,47.5,25.178333333333335
2025-02-10,SUR,pico_7_9,1,1.6316666666666668,5.6625,14.5,39.25,20.62125
2025-02-10,SUROESTE2,fuera_pico_10_12,1,2.03,17.15,10.25,57.0,34.03
2025-02-10,SUROESTE2,pico_7_9,1,1.9625,15.35,7.5,59.5,29.825000000000003
2025-02-11,CENTRO,fuera_pico_10_12,1,3.545,28.0,6.25,115.5,43.06
2025-02-11,CENTRO,pico_7_9,1,3.215,19.65,4.0,101.5,60.095
2025-02-11,NORESTE3,fuera_pico_10_12,0,1.2478333333333333,14.100000000000001,9.0,48.568333333333335,28.28
2025-02-11,NORESTE3,pico_7_9,0,1.212,17.1,4.933333333333334,35.52333333333333,22.245
2025-02-11,NOROESTE3,fuera_pico_10_12,0,2.908333333333333,14.75,6.833333333333334,110.83333333333331,34.485
2025-02-11,NOROESTE3,pico_7_9,0,3.0666666666666664,11.649999999999999,3.0,71.5,32.935
2025-02-11,NORTE2,fuera_pico_10_12,1,1.3725,25.225,5.5,151.0,21.0
2025-02-11,NORTE2,pico_7_9,1,1.2574999999999998,24.3,2.25,86.0,15.25
2025-02-11,SUR,fuera_pico_10_12,1,1.815,8.45,14.625,71.25,29.816249999999997
2025-02-11,SUR,pico_7_9,1,1.7333333333333332,9.425,9.125,50.75,23.4375
2025-02-11,SUROESTE2,fuera_pico_10_12,1,2.085,28.2,5.25,119.5,48.3
2025-02-11,SUROESTE2,pico_7_9,1,1.025,16.6,2.0,68.0,27.5
2025-02-12,CENTRO,fuera_pico_10_12,1,3.63,37.75,13.5,163.0,31.52
2025-02-12,CENTRO,pico_7_9,1,3.23,31.299999999999997,5.0,90.5,35.525
2025-02-12,NORESTE3,fuera_pico_10_12,0,1.7978333333333334,28.950000000000003,12.25,116.42,43.27
2025-02-12,NORESTE3,pico_7_9,0,1.921,20.3,5.571428571428571,91.06666666666666,51.67
2025-02-12,NOROESTE3,fuera_pico_10_12,0,2.77,11.075,17.0,128.83333333333334,25.929344213524754
2025-02-12,NOROESTE3,pico_7_9,0,2.9066666666666663,9.45,8.0,109.0,37.31141064332138
2025-02-12,NORTE2,fuera_pico_10_12,1,1.9249999999999998,55.5,9.25,196.0,26.75
2025-02-12,NORTE2,pico_7_9,1,2.1550000000000002,37.300000000000004,2.0,108.25,35.0
2025-02-12,SUR,fuera_pico_10_12,1,2.335,18.825000000000003,16.125,176.0,38.2225
2025-02-12,SUR,pico_7_9,1,2.2016666666666667,13.85,3.5,103.375,38.09375
2025-02-12,SUROESTE2,fuera_pico_10_12,1,1.145,29.3,12.5,119.5,36.0
2025-02-12,SUROESTE2,pico_7_9,1,1.035,23.700000000000003,4.0,69.0,22.0
2025-02-13,CENTRO,fuera_pico_10_12,1,3.01,14.35,6.5,44.5,16.425
2025-02-13,CENTRO,pico_7_9,1,2.96,14.9,5.5,31.5,9.075
2025-02-13,NORESTE3,fuera_pico_10_12,0,1.1361666666666665,10.633333333333333,10.75,9.5,5.945
2025-02-13,NORESTE3,pico_7_9,0,1.0998333333333332,11.2,8.0,10.166666666666666,5.245
2025-02-13,NOROESTE3,fuera_pico_10_12,0,2.546666666666667,7.075,5.666666666666666,16.75,5.614167618243427
2025-02-13,NOROESTE3,pico_7_9,0,2.3866666666666667,7.449999999999999,6.166666666666667,17.416666666666668,5.772256524894651
2025-02-13,NORTE2,fuera_pico_10_12,1,1.015,14.7,6.0,33.75,6.0
2025-02-13,NORTE2,pico_7_9,1,0.9575,13.525,5.75,23.5,4.5
2025-02-13,SUR,fuera_pico_10_12,1,1.5608333333333335,7.441666666666666,8.5,18.666666666666664,6.105
2025-02-13,SUR,pico_7_9,1,1.6583333333333334,7.262499999999999,8.25,19.25,5.16
2025-02-13,SUROESTE2,fuera_pico_10_12,1,2.0700000000000003,14.65,3.0,28.5,9.0
2025-02-13,SUROESTE2,pico_7_9,1,2.04,14.45,3.0,22.5,14.502500000000001
2025-02-14,CENTRO,fuera_pico_10_12,1,3.4699999999999998,20.6,5.0,47.5,29.33
2025-02-14,CENTRO,pico_7_9,1,3.0149999999999997,17.6,4.5,35.5,24.13
2025-02-14,NORESTE3,fuera_pico_10_12,0,1.346166666666667,17.583333333333336,5.108333333333333,23.83333333333333,25.043750000000003
2025-02-14,NORESTE3,pico_7_9,0,1.2548333333333335,15.05,4.5,23.0,18.773
2025-02-14,NOROESTE3,fuera_pico_10_12,0,2.881666666666667,10.0,4.0,42.0,15.191175341853803
2025-02-14,NOROESTE3,pico_7_9,0,2.62,8.95,2.833333333333333,25.166666666666664,13.42109738232072
2025-02-14,NORTE2,fuera_pico_10_12,1,1.2825,25.275,3.25,59.0,20.25
2025-02-14,NORTE2,pico_7_9,1,1.4100000000000001,23.95,2.0,30.0,12.0
2025-02-14,SUR,fuera_pico_10_12,1,1.88,10.2,8.0,32.375,19.166666666666664
2025-02-14,SUR,pico_7_9,1,1.72,8.725000000000001,7.5,26.375,15.833333333333332
2025-02-14,SUROESTE2,fuera_pico_10_12,1,2.335,22.05,3.75,59.0,19.0
2025-02-14,SUROESTE2,pico_7_9,1,2.0374999999999996,18.825000000000003,2.0,27.0,16.0
2025-02-15,CENTRO,fuera_pico_10_12,1,4.865,66.9,6.5,344.0,120.28
2025-02-15,CENTRO,pico_7_9,1,3.77,27.3,4.9,205.0,106.1
2025-02-15,NORESTE3,fuera_pico_10_12,0,2.0678333333333336,31.333333333333336,8.5,147.33333333333331,86.08500000000001
2025-02-15,NORESTE3,pico_7_9,0,1.7303333333333333,19.799999999999997,6.0,100.5,53.625
2025-02-15,NOROESTE3,fuera_pico_10_12,0,4.2316666666666665,17.15,12.833333333333334,156.0,43.092722780321495
2025-02-15,NOROESTE3,pico_7_9,0,3.8249999999999993,16.625,2.5,103.66666666666669,38.6028212838104
2025-02-15,NORTE2,fuera_pico_10_12,1,2.9025,60.525,6.25,263.0,69.75
2025-02-15,NORTE2,pico_7_9,1,1.5725,29.625,2.75,147.25,38.5
2025-02-15,SUR,fuera_pico_10_12,1,2.2983333333333333,21.5,8.625,147.0,56.39375
2025-02-15,SUR,pico_7_9,1,2.0166666666666666,9.774999999999999,5.875,73.25,32.61875
2025-02-15,SUROESTE2,fuera_pico_10_12,1,3.26,63.25,6.0,231.0,75.5
2025-02-15,SUROESTE2,pico_7_9,1,2.71,32.6,2.5,408.5,87.0
2025-02-16,CENTRO,fuera_pico_10_12,1,2.825,18.4,37.5,80.0,16.245
2025-02-16,CENTRO,pico_7_9,1,2.795,17.9,17.0,55.5,15.315000000000001
2025-02-16,NORESTE3,fuera_pico_10_12,0,1.73,16.625,35.5,77.75,15.555
2025-02-16,NORESTE3,pico_7_9,0,2.51,30.025000000000002,5.0,103.25,34.864999999999995
2025-02-16,NOROESTE3,fuera_pico_10_12,0,2.3983333333333334,4.7749999999999995,40.66666666666666,80.83333333333333,14.717677876217257
2025-02-16,NOROESTE3,pico_7_9,0,3.0700000000000003,16.725,4.5,112.66666666666667,15.149627751899526
2025-02-16,NORTE2,fuera_pico_10_12,1,0.845,21.175,34.75,99.75,16.0
2025-02-16,NORTE2,pico_7_9,1,1.385,36.475,4.5,100.0,15.75
2025-02-16,SUR,fuera_pico_10_12,1,2.01,7.85,35.75,103.375,22.833333333333336
2025-02-16,SUR,pico_7_9,1,2.2366666666666664,14.4625,4.333333333333334,87.75,32.333333333333336
2025-02-16,SUROESTE2,fuera_pico_10_12,1,1.5699999999999998,16.475,36.5,67.5,18.752499999999998
2025-02-16,SUROESTE2,pico_7_9,1,1.8375,26.049999999999997,10.25,59.25,19.6375
2025-02-17,CENTRO,fuera_pico_10_12,1,3.04,35.5,14.0,74.0,29.585
2025-02-17,CENTRO,pico_7_9,1,2.795,31.299999999999997,14.5,49.5,18.485
2025-02-17,NORESTE3,fuera_pico_10_12,0,1.3373333333333335,18.183333333333334,25.25,33.333333333333336,16.49
2025-02-17,NORESTE3,pico_7_9,0,2.0,30.1,13.0,40.75,15.280000000000001
2025-02-17,NOROESTE3,fuera_pico_10_12,0,2.835,13.175,22.5,47.33333333333333,12.263844264959637
2025-02-17,NOROESTE3,pico_7_9,0,2.913333333333333,17.200000000000003,14.5,31.0,10.614684311339218
2025-02-17,NORTE2,fuera_pico_10_12,1,0.8574999999999999,26.5,22.0,59.25,5.25
2025-02-17,NORTE2,pico_7_9,1,1.0074999999999998,31.474999999999998,16.25,41.0,8.0
2025-02-17,SUR,fuera_pico_10_12,1,1.7983333333333333,10.1375,27.0,39.75,25.416666666666664
2025-02-17,SUR,pico_7_9,1,1.8116666666666663,14.825,16.25,47.25,14.666666666666668
2025-02-17,SUROESTE2,fuera_pico_10_12,1,1.9325,32.425,14.25,55.0,31.6475
2025-02-17,SUROESTE2,pico_7_9,1,1.73,30.974999999999998,11.0,33.25,15.9125
2025-02-18,CENTRO,fuera_pico_10_12,1,4.085,60.050000000000004,10.5,237.5,66.3
2025-02-18,CENTRO,pico_7_9,1,3.505,36.6,4.833333333333334,132.0,47.394999999999996
2025-02-18,NORESTE3,fuera_pico_10_12,0,1.6139999999999999,26.33333333333333,18.75,122.33333333333333,43.3
2025-02-18,NORESTE3,pico_7_9,0,2.1706666666666665,28.416666666666664,6.0,116.16666666666666,43.795
2025-02-18,NOROESTE3,fuera_pico_10_12,0,1.3633333333333333,17.174999999999997,17.666666666666668,111.0,13.111006097560976
2025-02-18,NOROESTE3,pico_7_9,0,0.9433333333333334,18.575,5.0,72.33333333333334,26.647887175951535
2025-02-18,NORTE2,fuera_pico_10_12,1,1.3975,63.8,9.5,223.0,37.25
2025-02-18,NORTE2,pico_7_9,1,1.295,42.650000000000006,2.5,138.75,29.75
2025-02-18,SUR,fuera_pico_10_12,1,2.3716666666666666,26.84166666666667,12.083333333333332,185.91666666666669,46.42541666666667
2025-02-18,SUR,pico_7_9,1,2.3483333333333336,17.425,4.375,119.25,38.53375
2025-02-18,SUROESTE2,fuera_pico_10_12,1,2.075,49.099999999999994,7.5,160.5,41.0
2025-02-18,SUROESTE2,pico_7_9,1,1.635,34.3,3.0,84.5,27.0
2025-02-19,CENTRO,fuera_pico_10_12,1,0.485,18.55,9.0,74.5,19.075000000000003
2025-02-19,CENTRO,pico_7_9,1,0.4,17.55,8.0,107.0,20.735
2025-02-19,NORESTE3,fuera_pico_10_12,0,1.1078333333333332,11.2,15.5,24.0,9.344999999999999
2025-02-19,NORESTE3,pico_7_9,0,1.206,10.733333333333334,14.25,78.0,14.58
2025-02-19,NOROESTE3,fuera_pico_10_12,0,0.6716666666666666,10.9,11.5,59.5,15.200000000000001
2025-02-19,NOROESTE3,pico_7_9,0,0.6000000000000001,9.0,12.666666666666668,76.83333333333333,17.71
2025-02-19,NORTE2,fuera_pico_10_12,1,0.44249999999999995,16.25,10.75,94.75,7.5
2025-02-19,NORTE2,pico_7_9,1,0.3025,13.325,11.75,111.0,12.5
2025-02-19,SUR,fuera_pico_10_12,1,1.6683333333333334,7.3125,15.375,57.375,9.38875
2025-02-19,SUR,pico_7_9,1,1.6916666666666669,6.95,13.5,104.125,14.585
2025-02-19,SUROESTE2,fuera_pico_10_12,1,0.8775,18.6,5.25,57.75,18.8975
2025-02-19,SUROESTE2,pico_7_9,1,0.725,18.049999999999997,3.5,96.0,14.155000000000001
2025-02-20,CENTRO,fuera_pico_10_12,1,0.23,16.9,15.0,58.5,16.985
2025-02-20,CENTRO,pico_7_9,1,0.115,14.45,19.5,38.5,13.870000000000001
2025-02-20,NORESTE3,fuera_pico_10_12,0,1.3581666666666667,15.516666666666666,15.25,35.16666666666667,12.205
2025-02-20,NORESTE3,pico_7_9,0,1.4113333333333333,14.766666666666667,14.5,17.833333333333332,11.455
2025-02-20,NOROESTE3,fuera_pico_10_12,0,0.6166666666666667,6.75,16.166666666666668,43.16666666666666,14.61
2025-02-20,NOROESTE3,pico_7_9,0,0.5549999999999999,7.5,19.833333333333336,24.0,7.415
2025-02-20,NORTE2,fuera_pico_10_12,1,0.40249999999999997,21.2,10.75,64.75,10.5
2025-02-20,NORTE2,pico_7_9,1,0.40249999999999997,19.975,15.75,34.75,5.25
2025-02-20,SUR,fuera_pico_10_12,1,1.6183333333333332,5.15,22.625,35.625,7.841666666666667
2025-02-20,SUR,pico_7_9,1,1.6016666666666668,5.825,20.75,32.125,12.789166666666668
2025-02-20,SUROESTE2,fuera_pico_10_12,1,0.6925,16.700000000000003,12.25,49.75,19.0
2025-02-20,SUROESTE2,pico_7_9,1,0.5625,18.1,14.0,23.75,8.0
2025-02-21,CENTRO,fuera_pico_10_12,1,0.595,30.85,7.5,69.0,60.485
2025-02-21,CENTRO,pico_7_9,1,0.255,28.45,8.5,65.5,35.43
2025-02-21,NORESTE3,fuera_pico_10_12,0,0.9151666666666667,18.55,15.0,37.16666666666667,20.5775
2025-02-21,NORESTE3,pico_7_9,0,0.9308333333333334,14.916666666666666,21.25,26.333333333333336,21.28
2025-02-21,NOROESTE3,fuera_pico_10_12,0,0.925,9.25,9.666666666666666,67.0,48.644999999999996
2025-02-21,NOROESTE3,pico_7_9,0,0.505,15.700000000000001,12.5,39.5,23.355
2025-02-21,NORTE2,fuera_pico_10_12,1,0.6799999999999999,30.575000000000003,8.75,72.5,24.75
2025-02-21,NORTE2,pico_7_9,1,0.505,24.875,12.5,46.25,15.0
2025-02-21,SUR,fuera_pico_10_12,1,1.6816666666666666,12.7375,14.0,31.0,32.0
2025-02-21,SUR,pico_7_9,1,1.6116666666666668,8.925,21.625,34.875,18.674999999999997
2025-02-21,SUROESTE2,fuera_pico_10_12,1,0.975,25.9,7.5,66.0,29.5
2025-02-21,SUROESTE2,pico_7_9,1,0.7150000000000001,23.8,8.5,43.0,34.5
2025-02-22,CENTRO,fuera_pico_10_12,1,1.9599752119691138,23.85,6.5,52.0,53.125
2025-02-22,CENTRO,pico_7_9,1,1.7797868709780702,23.5,5.5,32.0,29.875
2025-02-22,NORESTE3,fuera_pico_10_12,0,0.8306666666666667,13.633333333333333,16.75,7.166666666666667,9.103900205343386
2025-02-22,NORESTE3,pico_7_9,0,0.8136666666666665,14.633333333333333,12.5,4.833333333333334,7.5025249774212845
2025-02-22,NOROESTE3,fuera_pico_10_12,0,0.605,11.95,8.0,13.0,26.265
2025-02-22,NOROESTE3,pico_7_9,0,0.525,14.25,6.5,11.75,18.089999999999996
2025-02-22,NORTE2,fuera_pico_10_12,1,0.6074999999999999,21.55,8.75,34.5,11.0
2025-02-22,NORTE2,pico_7_9,1,0.4175,17.950000000000003,11.25,11.0,7.25
2025-02-22,SUR,fuera_pico_10_12,1,0.665,9.7125,15.25,16.0,11.5
2025-02-22,SUR,pico_7_9,1,0.605,9.7875,12.125,17.125,10.75
2025-02-22,SUROESTE2,fuera_pico_10_12,1,1.1075,22.700000000000003,3.75,21.75,25.0
2025-02-22,SUROESTE2,pico_7_9,1,0.8525,23.475,1.5,19.25,11.75
2025-02-23,CENTRO,fuera_pico_10_12,1,1.9182570416795033,21.799999999999997,21.5,62.5,47.5
2025-02-23,CENTRO,pico_7_9,1,1.7558281502074418,20.35,4.5,80.5,47.0
2025-02-23,NORESTE3,fuera_pico_10_12,0,0.9154999999999999,12.900000000000002,22.0,25.666666666666664,25.96532170816186
2025-02-23,NORESTE3,pico_7_9,0,0.9021666666666668,14.5,14.0,23.333333333333336,13.604611511056419
2025-02-23,NOROESTE3,fuera_pico_10_12,0,0.7491666666666666,7.025,21.916666666666664,49.5,35.94
2025-02-23,NOROESTE3,pico_7_9,0,0.515,7.199999999999999,17.0,37.5,31.847500000000004
2025-02-23,NORTE2,fuera_pico_10_12,1,0.6425000000000001,25.8,20.75,66.75,22.5
2025-02-23,NORTE2,pico_7_9,1,0.5499999999999999,25.6,3.25,62.75,24.25
2025-02-23,SUR,fuera_pico_10_12,1,0.7683333333333333,10.775,20.125,46.875,27.166666666666668
2025-02-23,SUR,pico_7_9,1,0.79,10.825,7.0,48.5,27.583333333333336
2025-02-23,SUROESTE2,fuera_pico_10_12,1,0.9949999999999999,19.65,18.5,76.75,30.5
2025-02-23,SUROESTE2,pico_7_9,1,1.205,24.675,2.75,83.75,56.0
2025-02-24,CENTRO,fuera_pico_10_12,1,1.1756923076923078,46.85,20.0,100.0,27.645
2025-02-24,CENTRO,pico_7_9,1,2.462698798761472,41.6,7.0,105.5,28.5
2025-02-24,NORESTE3,fuera_pico_10_12,0,1.5554999999999999,34.349999999999994,18.483333333333334,148.0,28.5
2025-02-24,NORESTE3,pico_7_9,0,1.8143333333333334,31.358333333333334,4.5,100.75,2.0
2025-02-24,NOROESTE3,fuera_pico_10_12,0,0.69,11.0,28.25,79.33333333333334,14.385000000000002
2025-02-24,NOROESTE3,pico_7_9,0,1.0499999999999998,22.5,7.0,89.66666666666666,40.400000000000006
2025-02-24,NORTE2,fuera_pico_10_12,1,1.7675,78.325,14.25,168.5,41.75
2025-02-24,NORTE2,pico_7_9,1,1.4625000000000001,45.650000000000006,3.0,151.5,30.25
2025-02-24,SUR,fuera_pico_10_12,1,1.67,26.325000000000003,21.0,143.0,52.16666666666667
2025-02-24,SUR,pico_7_9,1,1.6783333333333332,18.0625,6.25,93.375,44.0
2025-02-24,SUROESTE2,fuera_pico_10_12,1,1.215,36.725,27.75,170.25,20.0
2025-02-24,SUROESTE2,pico_7_9,1,2.2875,39.2,4.5,106.0,12.0
2025-02-25,CENTRO,fuera_pico_10_12,1,0.96,45.65,28.0,114.0,31.78
2025-02-25,CENTRO,pico_7_9,1,1.29,48.65,5.0,189.5,55.459999999999994
2025-02-25,NORESTE3,fuera_pico_10_12,0,1.572833333333333,43.68333333333333,16.833333333333332,191.83333333333331,56.355000000000004
2025-02-25,NORESTE3,pico_7_9,0,1.9975,33.53333333333333,4.966666666666667,132.83333333333334,53.96
2025-02-25,NOROESTE3,fuera_pico_10_12,0,0.9616666666666667,15.9,29.499999999999996,94.5,18.494999999999997
2025-02-25,NOROESTE3,pico_7_9,0,1.11,32.6,6.166666666666666,102.0,23.505000000000003
2025-02-25,NORTE2,fuera_pico_10_12,1,1.8675,97.4,14.5,196.0,56.0
2025-02-25,NORTE2,pico_7_9,1,1.295,53.525000000000006,2.75,150.75,33.75
2025-02-25,SUR,fuera_pico_10_12,1,1.1233333333333335,19.7125,33.0,133.83333333333331,29.091250000000002
2025-02-25,SUR,pico_7_9,1,1.0666666666666667,22.0625,8.25,100.875,38.375
2025-02-25,SUROESTE2,fuera_pico_10_12,1,0.9075,27.275,40.0,159.25,34.0
2025-02-25,SUROESTE2,pico_7_9,1,2.0250000000000004,42.35,10.25,106.25,13.0
2025-02-26,CENTRO,fuera_pico_10_12,1,1.525,49.5,21.0,176.5,62.65
2025-02-26,CENTRO,pico_7_9,1,1.175,38.400000000000006,4.75,183.5,39.685
2025-02-26,NORESTE3,fuera_pico_10_12,0,0.523,18.766666666666666,23.133333333333333,91.16666666666669,27.685
2025-02-26,NORESTE3,pico_7_9,0,0.8899999999999999,27.016666666666666,3.75,60.66666666666667,22.487499999999997
2025-02-26,NOROESTE3,fuera_pico_10_12,0,1.356666666666667,20.025000000000002,16.333333333333336,123.16666666666666,64.27
2025-02-26,NOROESTE3,pico_7_9,0,1.3716666666666666,15.225,3.333333333333333,111.16666666666669,24.78
2025-02-26,NORTE2,fuera_pico_10_12,1,0.73,35.175,22.0,133.0,23.5
2025-02-26,NORTE2,pico_7_9,1,1.115,36.900000000000006,2.0,89.5,24.5
2025-02-26,SUR,fuera_pico_10_12,1,0.8516666666666667,20.175,25.875,109.75,41.78375
2025-02-26,SUR,pico_7_9,1,0.8316666666666666,17.625,6.0,113.875,36.24125
2025-02-26,SUROESTE2,fuera_pico_10_12,1,1.3399999999999999,41.65,19.5,119.5,45.0
2025-02-26,SUROESTE2,pico_7_9,1,0.975,35.8,5.5,63.5,5.5
2025-02-27,CENTRO,fuera_pico_10_12,1,0.81,16.3,29.0,157.5,29.645
2025-02-27,CENTRO,pico_7_9,1,1.42,50.7,4.5,177.0,61.584999999999994
2025-02-27,NORESTE3,fuera_pico_10_12,0,0.5507500000000001,12.0,30.5,99.5,13.555
2025-02-27,NORESTE3,pico_7_9,0,0.7248333333333332,29.0,5.5,84.0,34.599999999999994
2025-02-27,NOROESTE3,fuera_pico_10_12,0,0.9199999999999999,15.8,27.5,127.58333333333334,31.555
2025-02-27,NOROESTE3,pico_7_9,0,1.6549999999999998,35.95,3.833333333333333,92.33333333333334,44.37
2025-02-27,NORTE2,fuera_pico_10_12,1,0.46499999999999997,16.5,28.0,170.32999999999998,22.4725
2025-02-27,NORTE2,pico_7_9,1,1.1724999999999999,41.7,2.0,110.02,27.9625
2025-02-27,SUR,fuera_pico_10_12,1,0.41666666666666663,5.55,33.875,101.625,21.40625
2025-02-27,SUR,pico_7_9,1,0.8500000000000001,19.2875,7.5,98.75,32.68625
2025-02-27,SUROESTE2,fuera_pico_10_12,1,1.2974999999999999,26.599999999999998,25.0,196.0,30.5925
2025-02-27,SUROESTE2,pico_7_9,1,2.4625,43.675,9.5,112.25,35.3225
2025-02-28,CENTRO,fuera_pico_10_12,1,1.01,33.45,17.0,68.0,22.86
2025-02-28,CENTRO,pico_7_9,1,0.8049999999999999,23.05,20.5,41.5,16.7
2025-02-28,NORESTE3,fuera_pico_10_12,0,0.5155,22.383333333333333,26.75,37.16666666666667,12.885000000000002
2025-02-28,NORESTE3,pico_7_9,0,0.6147499999999999,16.75,28.5,25.166666666666664,12.190000000000001
2025-02-28,NOROESTE3,fuera_pico_10_12,0,0.7316666666666667,7.8,33.166666666666664,45.83333333333333,13.635
2025-02-28,NOROESTE3,pico_7_9,0,0.8183333333333332,20.6,24.83333333333333,40.5,23.0
2025-02-28,NORTE2,fuera_pico_10_12,1,0.49749999999999994,27.875,21.25,68.3175,8.755
2025-02-28,NORTE2,pico_7_9,1,0.4925,29.475,18.75,64.815,7.175000000000001
2025-02-28,SUR,fuera_pico_10_12,1,0.4766666666666666,12.8125,24.375,43.375,14.917083333333334
2025-02-28,SUR,pico_7_9,1,0.5016666666666667,13.725000000000001,18.5,36.125,12.9975
2025-02-28,SUROESTE2,fuera_pico_10_12,1,1.1075,26.25,19.0,45.25,12.9175
2025-02-28,SUROESTE2,pico_7_9,1,0.9175,16.375,26.5,30.75,10.16
2025-03-01,CENTRO,fuera_pico_10_12,1,1.08,27.9,26.5,81.4512432471567,33.18
2025-03-01,CENTRO,pico_7_9,1,0.9650000000000001,27.200000000000003,5.0,84.43474938816878,35.364999999999995
2025-03-01,NORESTE3,fuera_pico_10_12,0,0.8295,22.1,28.75,114.75,42.755
2025-03-01,NORESTE3,pico_7_9,0,1.1795,24.78333333333333,5.0,99.0,55.269999999999996
2025-03-01,NOROESTE3,fuera_pico_10_12,0,1.2966666666666666,21.950000000000003,19.666666666666664,102.83333333333334,50.760000000000005
2025-03-01,NOROESTE3,pico_7_9,0,1.251666666666667,16.85,3.6666666666666665,72.5,38.715
2025-03-01,NORTE2,fuera_pico_10_12,1,1.0425,36.05,24.25,109.9125,34.629999999999995
2025-03-01,NORTE2,pico_7_9,1,1.3275000000000001,39.650000000000006,2.0,123.455,37.245000000000005
2025-03-01,SUR,fuera_pico_10_12,1,0.765,14.95,26.875,98.5,37.46625
2025-03-01,SUR,pico_7_9,1,1.085,12.25,2.9166666666666665,89.375,35.085
2025-03-01,SUROESTE2,fuera_pico_10_12,1,1.1,19.775,30.5,72.0,24.7175
2025-03-01,SUROESTE2,pico_7_9,1,1.6625,23.275,5.25,68.25,18.1425
2025-03-02,CENTRO,fuera_pico_10_12,1,1.005,15.05,27.0,53.0,24.64
2025-03-02,CENTRO,pico_7_9,1,0.855,26.35,5.5,48.5,22.854999999999997
2025-03-02,NORESTE3,fuera_pico_10_12,0,0.65,15.5,20.5,22.83333333333333,15.665
2025-03-02,NORESTE3,pico_7_9,0,0.602,15.5,12.75,14.333333333333334,12.344999999999999
2025-03-02,NOROESTE3,fuera_pico_10_12,0,0.9033333333333333,10.45,24.0,35.5,32.565
2025-03-02,NOROESTE3,pico_7_9,0,0.9650000000000001,11.2,6.833333333333334,38.333333333333336,39.135
2025-03-02,NORTE2,fuera_pico_10_12,1,0.545,17.325000000000003,23.0,33.6225,12.655000000000001
2025-03-02,NORTE2,pico_7_9,1,0.455,21.675,9.25,27.8175,6.425000000000001
2025-03-02,SUR,fuera_pico_10_12,1,0.4816666666666667,10.075,20.125,41.875,14.25
2025-03-02,SUR,pico_7_9,1,0.4366666666666666,9.1125,12.25,32.875,11.5
2025-03-02,SUROESTE2,fuera_pico_10_12,1,1.1949999999999998,18.049999999999997,31.75,55.25,23.247500000000002
2025-03-02,SUROESTE2,pico_7_9,1,1.065,22.4,4.25,51.75,15.142499999999998
2025-03-03,CENTRO,fuera_pico_10_12,1,1.24,27.25,14.0,124.0,53.555
2025-03-03,CENTRO,pico_7_9,1,1.055,20.700000000000003,5.0,93.5,39.78
2025-03-03,NORESTE3,fuera_pico_10_12,0,0.64225,12.55,19.5,42.333333333333336,33.39
2025-03-03,NORESTE3,pico_7_9,0,0.63875,14.399999999999999,12.5,35.0,26.6575
2025-03-03,NOROESTE3,fuera_pico_10_12,0,1.1583333333333332,14.20648147757234,12.0,87.0,33.290000000000006
2025-03-03,NOROESTE3,pico_7_9,0,0.9816666666666666,14.051995711841299,6.333333333333334,58.16666666666667,29.775
2025-03-03,NORTE2,fuera_pico_10_12,1,0.605,19.125,16.0,62.957499999999996,25.0625
2025-03-03,NORTE2,pico_7_9,1,0.585,21.675,6.75,56.545,23.375
2025-03-03,SUR,fuera_pico_10_12,1,0.5466666666666666,10.2875,18.0,68.875,31.84625
2025-03-03,SUR,pico_7_9,1,0.525,10.325,8.5,57.0,27.25
2025-03-03,SUROESTE2,fuera_pico_10_12,1,1.3725,25.700000000000003,16.0,134.0,45.9475
2025-03-03,SUROESTE2,pico_7_9,1,1.5225,22.05,1.75,82.25,40.3825
2025-03-04,CENTRO,fuera_pico_10_12,1,1.4959194349969533,14.858018147950789,31.95592415989168,223.90364964780775,51.55873279020467
2025-03-04,CENTRO,pico_7_9,1,1.0571052631578948,21.267105263157895,5.18421052631579,93.51282051282051,39.93846153846154
2025-03-04,NORESTE3,fuera_pico_10_12,0,0.49424999999999997,9.383333333333333,39.099999999999994,292.39666666666665,23.18
2025-03-04,NORESTE3,pico_7_9,0,0.916,17.85,9.666666666666668,86.56,37.725
2025-03-04,NOROESTE3,fuera_pico_10_12,0,0.5816666666666667,0.2,38.66666666666667,338.83333333333337,33.115
2025-03-04,NOROESTE3,pico_7_9,0,0.9766666666666668,0.1,30.0,221.16666666666669,27.57
2025-03-04,NORTE2,fuera_pico_10_12,1,0.22,12.774999999999999,35.5,337.3675,32.6425
2025-03-04,NORTE2,pico_7_9,1,0.78,25.575,15.0,149.79000000000002,28.515
2025-03-04,SUR,fuera_pico_10_12,1,0.6333333333333333,8.925,26.5,202.83333333333331,33.839999999999996
2025-03-04,SUR,pico_7_9,1,0.6333333333333334,13.5625,5.5,72.16666666666666,35.49
2025-03-04,SUROESTE2,fuera_pico_10_12,1,0.5800000000000001,9.05,39.25,439.0,44.85
2025-03-04,SUROESTE2,pico_7_9,1,0.8375,16.2,26.0,225.75,31.16
2025-03-05,CENTRO,fuera_pico_10_12,1,1.3642529816560252,25.442803025627192,34.639065083046184,225.6619090431788,53.184285123872584
2025-03-05,CENTRO,pico_7_9,1,2.6781437181307846,49.82156157499785,6.417486639834472,129.44745202760487,56.62499459451439
2025-03-05,NORESTE3,fuera_pico_10_12,0,0.74325,27.21666666666667,30.766666666666666,204.73333333333335,36.91
2025-03-05,NORESTE3,pico_7_9,0,1.61625,34.81666666666666,7.733333333333333,228.11,82.895
2025-03-05,NOROESTE3,fuera_pico_10_12,0,1.3783333333333334,0.1975,23.5,216.83333333333331,51.23
2025-03-05,NOROESTE3,pico_7_9,0,1.9033333333333333,12.153193097460461,4.166666666666666,161.66666666666666,57.485
2025-03-05,NORTE2,fuera_pico_10_12,1,0.755,44.3,21.0,254.75,39.1375
2025-03-05,NORTE2,pico_7_9,1,1.625,50.7,3.5,207.25,53.205
2025-03-05,SUR,fuera_pico_10_12,1,0.5516666666666666,28.099999999999998,29.5,184.75,41.446250000000006
2025-03-05,SUR,pico_7_9,1,0.695,24.366666666666664,13.0,130.66666666666666,30.80875
2025-03-05,SUROESTE2,fuera_pico_10_12,1,1.4849999999999999,45.35,18.0,282.75,59.010000000000005
2025-03-05,SUROESTE2,pico_7_9,1,2.0825,36.75,9.75,242.25,108.22
2025-03-06,CENTRO,fuera_pico_10_12,1,1.26,37.15,21.0,216.5,67.435
2025-03-06,CENTRO,pico_7_9,1,0.855,34.0,7.0,157.0,43.5
2025-03-06,NORESTE3,fuera_pico_10_12,0,0.63075,15.333333333333332,36.766666666666666,175.01166666666668,45.475
2025-03-06,NORESTE3,pico_7_9,0,0.6697500000000001,20.03333333333333,18.883333333333333,120.37333333333333,42.585
2025-03-06,NOROESTE3,fuera_pico_10_12,0,1.0816666666666666,19.05,26.166666666666668,179.66666666666666,55.16
2025-03-06,NOROESTE3,pico_7_9,0,1.0433333333333332,20.05,7.333333333333333,135.66666666666666,44.74
2025-03-06,NORTE2,fuera_pico_10_12,1,0.59,25.549999999999997,27.5,209.25,31.5
2025-03-06,NORTE2,pico_7_9,1,0.5275000000000001,26.174999999999997,14.25,143.0,27.545
2025-03-06,SUR,fuera_pico_10_12,1,0.3133333333333333,13.287500000000001,32.75,179.875,41.275
2025-03-06,SUR,pico_7_9,1,0.3683333333333333,19.025,15.125,128.625,25.73625
2025-03-06,SUROESTE2,fuera_pico_10_12,1,1.2725,27.900000000000002,25.75,199.75,41.575
2025-03-06,SUROESTE2,pico_7_9,1,1.115,28.45,5.0,154.5,29.585
2025-03-07,CENTRO,fuera_pico_10_12,1,2.15,50.25,17.5,191.0,43.535
2025-03-07,CENTRO,pico_7_9,1,1.585,35.75,4.5,170.0,46.86
2025-03-07,NORESTE3,fuera_pico_10_12,0,1.24325,41.333333333333336,19.166666666666668,216.90166666666664,56.60000000000001
2025-03-07,NORESTE3,pico_7_9,0,1.1757499999999999,26.516666666666666,6.2666666666666675,142.95,42.575
2025-03-07,NOROESTE3,fuera_pico_10_12,0,1.8416666666666663,45.2,19.0,162.83333333333331,4.79
2025-03-07,NOROESTE3,pico_7_9,0,1.02,36.82857142857142,12.666666666666666,134.16666666666666,7.615
2025-03-07,NORTE2,fuera_pico_10_12,1,1.705,63.625,11.25,278.25,46.5325
2025-03-07,NORTE2,pico_7_9,1,1.205,35.3,2.0,173.5,32.8775
2025-03-07,SUR,fuera_pico_10_12,1,0.7,31.4125,20.0,234.83333333333331,49.91
2025-03-07,SUR,pico_7_9,1,0.7316666666666667,22.799999999999997,5.75,151.0,34.67
2025-03-07,SUROESTE2,fuera_pico_10_12,1,1.54,36.05,17.75,140.5,40.16
2025-03-07,SUROESTE2,pico_7_9,1,2.1125,33.75,3.5,162.75,31.125
2025-03-08,CENTRO,fuera_pico_10_12,1,1.21,18.75,27.5,59.5,11.14
2025-03-08,CENTRO,pico_7_9,1,1.295,32.25,6.0,55.5,18.86
2025-03-08,NORESTE3,fuera_pico_10_12,0,0.5555000000000001,11.4,33.949999999999996,96.83333333333331,8.855
2025-03-08,NORESTE3,pico_7_9,0,0.81425,26.983333333333334,14.016666666666666,103.83333333333334,6.945
2025-03-08,NOROESTE3,fuera_pico_10_12,0,0.585,5.0,31.0,80.66666666666667,6.8149999999999995
2025-03-08,NOROESTE3,pico_7_9,0,0.6933333333333332,13.0,18.0,25.833333333333336,5.9
2025-03-08,NORTE2,fuera_pico_10_12,1,0.32,15.825,27.75,75.0,14.045
2025-03-08,NORTE2,pico_7_9,1,0.2625,21.45,16.5,25.0,8.47
2025-03-08,SUR,fuera_pico_10_12,1,0.33999999999999997,15.8625,26.75,94.5,26.07625
2025-03-08,SUR,pico_7_9,1,1.1083333333333334,25.262500000000003,4.75,102.125,30.74625
2025-03-08,SUROESTE2,fuera_pico_10_12,1,0.6975,13.4,30.5,88.0,12.465
2025-03-08,SUROESTE2,pico_7_9,1,0.8474999999999999,22.05,9.5,37.0,9.2875
2025-03-09,CENTRO,fuera_pico_10_12,1,1.205,12.8,35.0,43.0,11.7
2025-03-09,CENTRO,pico_7_9,1,1.105,12.65,33.5,36.0,10.52
2025-03-09,NORESTE3,fuera_pico_10_12,0,0.5502499999999999,6.908333333333333,40.94166666666666,25.5,6.265000000000001
2025-03-09,NORESTE3,pico_7_9,0,0.5055000000000001,7.366666666666667,37.86666666666667,27.0,6.205
2025-03-09,NOROESTE3,fuera_pico_10_12,0,0.7066666666666667,3.35,37.33333333333333,24.5,10.995000000000001
2025-03-09,NOROESTE3,pico_7_9,0,0.5925,3.2625,29.25,20.75,9.690000000000001
2025-03-09,NORTE2,fuera_pico_10_12,1,0.3425,9.1,36.0,29.5,8.5
2025-03-09,NORTE2,pico_7_9,1,0.165,25.45,23.0,26.0,5.0
2025-03-09,SUR,fuera_pico_10_12,1,0.16583333333333328,5.1625000000000005,40.0,41.375,10.24375
2025-03-09,SUR,pico_7_9,1,0.1975,8.545833333333333,35.625,28.625,7.00875
2025-03-09,SUROESTE2,fuera_pico_10_12,1,0.7124999999999999,11.275,34.25,33.25,7.195
2025-03-09,SUROESTE2,pico_7_9,1,0.6275,11.3,34.0,22.25,4.390000000000001
2025-03-10,CENTRO,fuera_pico_10_12,1,1.3399999999999999,21.25,40.0,36.0,9.425
2025-03-10,CENTRO,pico_7_9,1,1.38,35.2,13.0,26.5,6.415
2025-03-10,NORESTE3,fuera_pico_10_12,0,0.696,23.28333333333333,36.38333333333333,87.5,10.175
2025-03-10,NORESTE3,pico_7_9,0,1.007,33.38333333333333,7.85,41.666666666666664,13.185
2025-03-10,NOROESTE3,fuera_pico_10_12,0,0.83,15.65,36.66666666666667,50.833333333333336,7.585
2025-03-10,NOROESTE3,pico_7_9,0,1.3316666666666666,21.7,4.5,62.333333333333336,16.634999999999998
2025-03-10,NORTE2,fuera_pico_10_12,1,0.63,39.1,24.0,59.5,17.9925
2025-03-10,NORTE2,pico_7_9,1,1.0275,44.050000000000004,3.5,55.75,9.7725
2025-03-10,SUR,fuera_pico_10_12,1,0.2666666666666666,12.8125,42.75,47.125,17.64875
2025-03-10,SUR,pico_7_9,1,0.665,27.125,8.125,61.375,29.541666666666668
2025-03-10,SUROESTE2,fuera_pico_10_12,1,0.835,17.075,39.5,45.75,13.5775
2025-03-10,SUROESTE2,pico_7_9,1,1.39,34.4,9.0,56.0,27.21
2025-03-11,CENTRO,fuera_pico_10_12,1,1.615,38.15,27.0,83.5,37.985
2025-03-11,CENTRO,pico_7_9,1,1.58,36.0,6.0,48.0,34.004999999999995
2025-03-11,NORESTE3,fuera_pico_10_12,0,0.72075,21.0,36.21666666666667,86.16666666666666,23.28
2025-03-11,NORESTE3,pico_7_9,0,0.85675,34.31666666666666,8.466666666666667,44.666666666666664,18.215
2025-03-11,NOROESTE3,fuera_pico_10_12,0,1.0250000000000004,16.95,31.833333333333336,81.0,14.065000000000001
2025-03-11,NOROESTE3,pico_7_9,0,1.3166666666666669,21.4,4.833333333333334,95.16666666666666,16.805
2025-03-11,NORTE2,fuera_pico_10_12,1,0.8125,39.675,25.75,108.25,27.1
2025-03-11,NORTE2,pico_7_9,1,0.7949999999999999,41.425,4.0,70.25,25.0775
2025-03-11,SUR,fuera_pico_10_12,1,0.5183333333333333,30.137500000000003,29.375,82.125,33.988749999999996
2025-03-11,SUR,pico_7_9,1,0.6316666666666666,32.8375,7.0,57.375,28.39875
2025-03-11,SUROESTE2,fuera_pico_10_12,1,1.155,33.875,29.75,82.25,29.8425
2025-03-11,SUROESTE2,pico_7_9,1,1.705,39.325,6.75,100.25,37.015
2025-03-12,CENTRO,fuera_pico_10_12,1,1.01,6.65,43.0,127.0,15.175
2025-03-12,CENTRO,pico_7_9,1,1.605,43.85,10.5,108.0,31.065
2025-03-12,NORESTE3,fuera_pico_10_12,0,0.7124999999999999,15.166666666666668,42.75,143.66666666666669,16.84
2025-03-12,NORESTE3,pico_7_9,0,1.2015,33.575,7.3,58.83333333333333,23.43
2025-03-12,NOROESTE3,fuera_pico_10_12,0,0.695,6.199999999999999,37.16666666666667,104.0,10.925
2025-03-12,NOROESTE3,pico_7_9,0,1.1100000000000003,26.450000000000003,15.166666666666668,73.0,21.8
2025-03-12,NORTE2,fuera_pico_10_12,1,0.3175,16.025,34.5,173.25,21.7625
2025-03-12,NORTE2,pico_7_9,1,1.165,50.325,3.25,96.75,24.335
2025-03-12,SUR,fuera_pico_10_12,1,0.6033333333333334,22.825,32.75,113.125,36.305
2025-03-12,SUR,pico_7_9,1,0.995,31.6625,10.25,74.5,26.3375
2025-03-12,SUROESTE2,fuera_pico_10_12,1,0.44499999999999995,10.925,37.0,181.5,32.04
2025-03-12,SUROESTE2,pico_7_9,1,1.335,37.5,20.25,90.75,19.535
2025-03-13,CENTRO,fuera_pico_10_12,1,1.335,27.65,40.5,57.0,14.695
2025-03-13,CENTRO,pico_7_9,1,1.4849999999999999,35.6,12.0,44.0,14.765
2025-03-13,NORESTE3,fuera_pico_10_12,0,0.66,18.866666666666667,44.13333333333334,102.11833333333334,11.285
2025-03-13,NORESTE3,pico_7_9,0,1.1207500000000001,40.0,8.299999999999999,67.58500000000001,13.629999999999999
2025-03-13,NOROESTE3,fuera_pico_10_12,0,0.8683333333333334,11.55,40.5,81.0,29.64
2025-03-13,NOROESTE3,pico_7_9,0,1.5933333333333333,25.3,5.0,77.0,38.25
2025-03-13,NORTE2,fuera_pico_10_12,1,0.46499999999999997,25.975,38.75,80.5,18.89
2025-03-13,NORTE2,pico_7_9,1,1.0324999999999998,54.900000000000006,4.5,62.5,11.605
2025-03-13,SUR,fuera_pico_10_12,1,0.4766666666666666,19.3875,42.25,113.625,31.145
2025-03-13,SUR,pico_7_9,1,1.2116666666666667,34.0,11.375,68.5,21.09541666666667
2025-03-13,SUROESTE2,fuera_pico_10_12,1,0.48750000000000004,17.275,42.75,65.5,18.189999999999998
2025-03-13,SUROESTE2,pico_7_9,1,1.4075,40.675,7.75,65.75,30.174999999999997
2025-03-14,CENTRO,fuera_pico_10_12,1,0.9750000000000001,10.75,42.5,59.0,26.85
2025-03-14,CENTRO,pico_7_9,1,1.5550000000000002,34.6,6.0,80.5,22.675
2025-03-14,NORESTE3,fuera_pico_10_12,0,0.5862499999999999,9.583333333333334,37.8,133.05666666666667,7.505
2025-03-14,NORESTE3,pico_7_9,0,1.1909999999999998,27.1,6.466666666666667,72.40499999999999,34.59
2025-03-14,NOROESTE3,fuera_pico_10_12,0,0.6100000000000001,5.3,35.333333333333336,108.16666666666666,7.5600000000000005
2025-03-14,NOROESTE3,pico_7_9,0,0.9266666666666667,16.65,15.5,46.16666666666667,6.1
2025-03-14,NORTE2,fuera_pico_10_12,1,0.4525,13.8,32.25,183.0,21.5
2025-03-14,NORTE2,pico_7_9,1,0.9775,28.15,8.75,81.25,15.25
2025-03-14,SUR,fuera_pico_10_12,1,0.7416666666666667,25.125,28.75,117.25,40.599999999999994
2025-03-14,SUR,pico_7_9,1,0.9533333333333334,23.9,5.625,85.875,35.76375
2025-03-14,SUROESTE2,fuera_pico_10_12,1,0.36,10.2,39.75,120.0,36.985
2025-03-14,SUROESTE2,pico_7_9,1,0.375,19.075000000000003,20.5,63.25,21.3425
2025-03-15,CENTRO,fuera_pico_10_12,1,0.5449999999999999,22.049999999999997,34.0,95.44333333333333,29.666666666666664
2025-03-15,CENTRO,pico_7_9,1,0.305,10.3,38.5,66.80000000000001,33.26
2025-03-15,NORESTE3,fuera_pico_10_12,0,0.49674999999999997,8.533333333333335,43.099999999999994,154.12166666666667,36.185
2025-03-15,NORESTE3,pico_7_9,0,0.6485000000000001,13.0,37.95,138.42833333333334,11.003125
2025-03-15,NOROESTE3,fuera_pico_10_12,0,0.6933333333333334,8.5,40.333333333333336,48.33333333333333,8.655000000000001
2025-03-15,NOROESTE3,pico_7_9,0,0.5516666666666666,5.35,39.0,34.666666666666664,7.72
2025-03-15,NORTE2,fuera_pico_10_12,1,0.605,20.525,33.25,169.5,34.25
2025-03-15,NORTE2,pico_7_9,1,0.6799999999999999,18.9,28.75,93.5,20.5
2025-03-15,SUR,fuera_pico_10_12,1,0.37,13.125,39.5,146.5,48.0
2025-03-15,SUR,pico_7_9,1,0.3199999999999999,12.9875,31.5,97.125,25.0
2025-03-15,SUROESTE2,fuera_pico_10_12,1,0.74,22.975,30.0,96.75,20.145
2025-03-15,SUROESTE2,pico_7_9,1,0.375,16.625,29.5,88.0,6.42
2025-03-16,CENTRO,fuera_pico_10_12,1,0.51,8.2,47.0,171.63,28.160000000000004
2025-03-16,CENTRO,pico_7_9,1,0.52,7.25,43.5,151.805,22.71
2025-03-16,NORESTE3,fuera_pico_10_12,0,0.52925,6.9833333333333325,48.11666666666666,116.94666666666666,22.07
2025-03-16,NORESTE3,pico_7_9,0,0.566,15.55,31.116666666666667,86.145,18.675
2025-03-16,NOROESTE3,fuera_pico_10_12,0,0.6275,3.1500000000000004,46.91666666666667,97.25,27.261693952500963
2025-03-16,NOROESTE3,pico_7_9,0,0.71,2.25,29.166666666666668,76.5,22.38158244635852
2025-03-16,NORTE2,fuera_pico_10_12,1,0.39749999999999996,9.4,43.0,93.0,20.5
2025-03-16,NORTE2,pico_7_9,1,0.39,13.5,36.25,72.5,14.0
2025-03-16,SUR,fuera_pico_10_12,1,0.30833333333333335,6.25,46.375,108.625,29.802500000000002
2025-03-16,SUR,pico_7_9,1,0.5333333333333333,22.3125,15.25,70.0,17.623333333333335
2025-03-16,SUROESTE2,fuera_pico_10_12,1,0.375,6.475,47.0,103.75,25.075000000000003
2025-03-16,SUROESTE2,pico_7_9,1,0.38249999999999995,6.625,42.0,74.0,11.4875
2025-03-17,CENTRO,fuera_pico_10_12,1,1.045,29.7,29.0,136.20499999999998,31.465
2025-03-17,CENTRO,pico_7_9,1,1.135,31.0,9.0,135.59,36.5
2025-03-17,NORESTE3,fuera_pico_10_12,0,0.5965,12.816666666666666,40.08333333333333,80.2,19.335
2025-03-17,NORESTE3,pico_7_9,0,0.67425,23.36666666666667,15.933333333333334,75.05166666666666,19.6
2025-03-17,NOROESTE3,fuera_pico_10_12,0,0.9849999999999999,12.899999999999999,36.666666666666664,108.5,25.494999999999997
2025-03-17,NOROESTE3,pico_7_9,0,1.0433333333333334,15.6,7.333333333333334,107.83333333333334,30.005000000000003
2025-03-17,NORTE2,fuera_pico_10_12,1,0.5925,19.7,34.75,85.25,21.5
2025-03-17,NORTE2,pico_7_9,1,0.8475,34.925,6.5,77.0,19.25
2025-03-17,SUR,fuera_pico_10_12,1,0.4683333333333334,17.2125,36.625,86.5,31.480000000000004
2025-03-17,SUR,pico_7_9,1,0.4966666666666667,25.462500000000002,10.625,76.875,30.225
2025-03-17,SUROESTE2,fuera_pico_10_12,1,0.8225,21.325,39.0,94.5,27.700000000000003
2025-03-17,SUROESTE2,pico_7_9,1,0.7175,27.475,15.75,89.75,23.265
2025-03-18,CENTRO,fuera_pico_10_12,1,1.325,43.349999999999994,21.0,118.83000000000001,32.935
2025-03-18,CENTRO,pico_7_9,1,0.9950000000000001,29.9,14.0,70.38,15.43
2025-03-18,NORESTE3,fuera_pico_10_12,0,0.91875,21.983333333333334,36.766666666666666,64.49,23.200000000000003
2025-03-18,NORESTE3,pico_7_9,0,0.863,28.85,12.48333333333333,47.44333333333334,13.63
2025-03-18,NOROESTE3,fuera_pico_10_12,0,1.1783333333333332,17.5,26.0,86.0,23.66
2025-03-18,NOROESTE3,pico_7_9,0,1.4316666666666666,20.8,4.5,66.83333333333333,24.15
2025-03-18,NORTE2,fuera_pico_10_12,1,1.325,38.6,27.0,94.0,26.0
2025-03-18,NORTE2,pico_7_9,1,1.0925,42.675,4.0,65.25,18.25
2025-03-18,SUR,fuera_pico_10_12,1,0.5666666666666668,23.862499999999997,31.25,84.125,25.93
2025-03-18,SUR,pico_7_9,1,0.5816666666666667,29.325000000000003,9.875,54.5,19.747500000000002
2025-03-18,SUROESTE2,fuera_pico_10_12,1,1.125,35.15,23.75,114.25,30.2425
2025-03-18,SUROESTE2,pico_7_9,1,1.2925,33.025,6.0,79.75,29.295
2025-03-19,CENTRO,fuera_pico_10_12,1,0.875,11.100000000000001,37.0,462.375,222.005
2025-03-19,CENTRO,pico_7_9,1,0.9849999999999999,29.650000000000002,15.5,56.0,28.09
2025-03-19,NORESTE3,fuera_pico_10_12,0,0.569,8.033333333333333,40.81666666666666,328.39500000000004,165.865
2025-03-19,NORESTE3,pico_7_9,0,0.7065,17.65,28.050000000000004,82.765,72.61
2025-03-19,NOROESTE3,fuera_pico_10_12,0,0.75,3.5999999999999996,36.16666666666667,277.125,179.94147058823532
2025-03-19,NOROESTE3,pico_7_9,0,0.9549999999999998,15.2,17.666666666666668,45.0,17.289735305376738
2025-03-19,NORTE2,fuera_pico_10_12,1,0.5575,17.575000000000003,30.5,347.85,202.5
2025-03-19,NORTE2,pico_7_9,1,0.7825000000000001,25.45,18.75,87.5,27.5
2025-03-19,SUR,fuera_pico_10_12,1,0.29999999999999993,6.7125,38.875,382.84375,200.97125
2025-03-19,SUR,pico_7_9,1,0.44333333333333325,21.2625,20.25,73.5,28.18
2025-03-19,SUROESTE2,fuera_pico_10_12,1,0.3875,11.100000000000001,36.75,260.125,142.35
2025-03-19,SUROESTE2,pico_7_9,1,0.4,26.200000000000003,16.0,85.5,26.59
2025-03-20,CENTRO,fuera_pico_10_12,1,0.685,6.7,43.0,87.0,18.295
2025-03-20,CENTRO,pico_7_9,1,0.785,12.15,35.5,72.0,11.571562500000002
2025-03-20,NORESTE3,fuera_pico_10_12,0,0.6095,10.533333333333331,40.3,111.14833333333334,13.055
2025-03-20,NORESTE3,pico_7_9,0,0.63925,16.716666666666665,28.5,112.88,15.44
2025-03-20,NOROESTE3,fuera_pico_10_12,0,0.8366666666666667,6.3,35.66666666666666,79.0,16.47
2025-03-20,NOROESTE3,pico_7_9,0,0.7616666666666667,3.025,34.833333333333336,105.16666666666666,17.055
2025-03-20,NORTE2,fuera_pico_10_12,1,0.40249999999999997,12.375,37.0,98.75,14.5
2025-03-20,NORTE2,pico_7_9,1,0.44999999999999996,20.5,25.75,120.5,14.25
2025-03-20,SUR,fuera_pico_10_12,1,0.33999999999999997,6.05,40.0,97.875,17.72
2025-03-20,SUR,pico_7_9,1,0.37166666666666665,15.549999999999999,28.75,106.625,23.724999999999998
2025-03-20,SUROESTE2,fuera_pico_10_12,1,0.6125,7.175,41.25,87.5,14.6075
2025-03-20,SUROESTE2,pico_7_9,1,0.645,11.1,35.5,90.75,12.092500000000001
2025-03-21,CENTRO,fuera_pico_10_12,1,1.08,24.200000000000003,30.0,59.5,33.06181818181818
2025-03-21,CENTRO,pico_7_9,1,1.1099999999999999,33.9,10.5,45.0,24.254423963574737
2025-03-21,NORESTE3,fuera_pico_10_12,0,0.6970000000000001,16.333333333333332,37.96666666666667,49.718333333333334,12.315000000000001
2025-03-21,NORESTE3,pico_7_9,0,0.7845,26.266666666666666,14.316666666666666,42.60166666666666,23.48
2025-03-21,NOROESTE3,fuera_pico_10_12,0,1.0366666666666668,13.7,27.5,62.166666666666664,13.594999999999999
2025-03-21,NOROESTE3,pico_7_9,0,1.2799999999999998,21.45,6.333333333333334,49.66666666666666,23.619999999999997
2025-03-21,NORTE2,fuera_pico_10_12,1,0.5925,30.075,26.25,66.75,20.2825
2025-03-21,NORTE2,pico_7_9,1,0.5625,38.6,6.5,52.25,13.49
2025-03-21,SUR,fuera_pico_10_12,1,0.43333333333333335,19.137500000000003,34.625,62.875,21.52833333333333
2025-03-21,SUR,pico_7_9,1,0.46333333333333326,27.3375,13.5,47.25,12.133333333333333
2025-03-21,SUROESTE2,fuera_pico_10_12,1,1.1025,27.125,26.75,92.25,24.525
2025-03-21,SUROESTE2,pico_7_9,1,1.1875,31.45,4.5,52.25,15.645
2025-03-22,CENTRO,fuera_pico_10_12,1,1.525,33.349999999999994,32.5,113.5,46.31
2025-03-22,CENTRO,pico_7_9,1,1.405,38.599999999999994,5.0,71.5,34.05
2025-03-22,NORESTE3,fuera_pico_10_12,0,0.7105,13.399999999999999,39.38333333333333,56.84,18.605
2025-03-22,NORESTE3,pico_7_9,0,0.889,29.683333333333334,7.866666666666667,53.94666666666667,24.025
2025-03-22,NOROESTE3,fuera_pico_10_12,0,1.2433333333333334,16.7,29.33333333333333,107.33333333333334,35.535
2025-03-22,NOROESTE3,pico_7_9,0,1.4866666666666668,18.5,4.0,80.0,25.810000000000002
2025-03-22,NORTE2,fuera_pico_10_12,1,0.8125,25.025,31.5,85.5,19.25
2025-03-22,NORTE2,pico_7_9,1,1.155,39.25,3.25,93.5,26.5
2025-03-22,SUR,fuera_pico_10_12,1,0.5083333333333333,15.900000000000002,34.49999999999999,75.16666666666666,24.833333333333336
2025-03-22,SUR,pico_7_9,1,0.49333333333333335,20.666666666666668,11.5,46.83333333333333,19.666666666666668
2025-03-22,SUROESTE2,fuera_pico_10_12,1,1.6524999999999999,37.525000000000006,29.5,124.0,40.307500000000005
2025-03-22,SUROESTE2,pico_7_9,1,1.7574999999999998,36.475,7.5,94.75,28.182499999999997
2025-03-23,CENTRO,fuera_pico_10_12,1,1.385,22.15,26.5,106.5,50.81
2025-03-23,CENTRO,pico_7_9,1,1.33,20.700000000000003,8.0,70.0,37.16
2025-03-23,NORESTE3,fuera_pico_10_12,0,0.7722500000000001,12.1,31.450000000000003,59.496666666666655,32.41
2025-03-23,NORESTE3,pico_7_9,0,0.7117500000000001,11.01666666666667,23.583333333333332,40.11166666666667,26.985
2025-03-23,NOROESTE3,fuera_pico_10_12,0,1.22,11.2,23.333333333333336,68.5,33.165
2025-03-23,NOROESTE3,pico_7_9,0,1.1800000000000002,11.05,6.333333333333334,60.0,28.79
2025-03-23,NORTE2,fuera_pico_10_12,1,1.0074999999999998,24.825,20.0,97.25,35.0
2025-03-23,NORTE2,pico_7_9,1,0.8,20.075000000000003,9.0,61.25,26.5
2025-03-23,SUR,fuera_pico_10_12,1,0.45166666666666666,19.175,24.375,74.375,35.52875
2025-03-23,SUR,pico_7_9,1,0.3533333333333333,12.5125,14.125,32.125,17.37625
2025-03-23,SUROESTE2,fuera_pico_10_12,1,1.2125,19.25,35.25,90.5,28.189999999999998
2025-03-23,SUROESTE2,pico_7_9,1,1.3199999999999998,21.174999999999997,9.5,67.25,21.0325
2025-03-24,CENTRO,fuera_pico_10_12,1,1.4300000000000002,18.3,32.0,58.5,29.744999999999997
2025-03-24,CENTRO,pico_7_9,1,1.6749999999999998,26.35,4.5,69.5,35.405
2025-03-24,NORESTE3,fuera_pico_10_12,0,0.712,10.433333333333334,32.38333333333333,50.16833333333334,22.865000000000002
2025-03-24,NORESTE3,pico_7_9,0,0.8552500000000001,19.35,8.483333333333334,45.82166666666667,22.89
2025-03-24,NOROESTE3,fuera_pico_10_12,0,1.0733333333333333,10.4,29.499999999999993,63.83333333333333,28.740000000000002
2025-03-24,NOROESTE3,pico_7_9,0,1.4333333333333333,14.45,3.666666666666667,69.83333333333334,39.974999999999994
2025-03-24,NORTE2,fuera_pico_10_12,1,0.875,21.125,26.0,69.5,24.5
2025-03-24,NORTE2,pico_7_9,1,1.025,24.8,4.25,72.5,21.75
2025-03-24,SUR,fuera_pico_10_12,1,0.505,16.325,26.375,72.75,27.8975
2025-03-24,SUR,pico_7_9,1,0.5933333333333334,19.4375,6.625,55.75,28.42375
2025-03-24,SUROESTE2,fuera_pico_10_12,1,1.3975,19.825000000000003,33.5,80.0,27.4575
2025-03-24,SUROESTE2,pico_7_9,1,1.8900000000000001,31.45,3.25,85.0,28.3075
2025-03-25,CENTRO,fuera_pico_10_12,1,1.43,20.65,17.5,53.0,27.86
2025-03-25,CENTRO,pico_7_9,1,1.31,21.65,6.5,43.0,22.855
2025-03-25,NORESTE3,fuera_pico_10_12,0,0.6955,11.733333333333334,31.300000000000004,43.185,17.515
2025-03-25,NORESTE3,pico_7_9,0,0.72875,13.483333333333334,18.183333333333334,38.480000000000004,20.875
2025-03-25,NOROESTE3,fuera_pico_10_12,0,1.1333333333333333,7.300000000000001,25.0,50.0,31.305
2025-03-25,NOROESTE3,pico_7_9,0,1.04,7.7,12.5,39.66666666666667,20.115000000000002
2025-03-25,NORTE2,fuera_pico_10_12,1,0.9125,16.475,23.5,51.75,19.0
2025-03-25,NORTE2,pico_7_9,1,0.7725,17.7,11.25,40.25,15.5
2025-03-25,SUR,fuera_pico_10_12,1,0.3883333333333333,6.0875,28.25,40.875,18.6375
2025-03-25,SUR,pico_7_9,1,0.42833333333333334,9.337499999999999,16.875,35.5,15.50375
2025-03-25,SUROESTE2,fuera_pico_10_12,1,1.4075,19.4,16.25,58.0,22.097500000000004
2025-03-25,SUROESTE2,pico_7_9,1,1.2149999999999999,19.924999999999997,3.75,45.75,14.945
2025-03-26,CENTRO,fuera_pico_10_12,1,1.615,18.0,10.5,25.0,17.14
2025-03-26,CENTRO,pico_7_9,1,1.38,13.15,10.0,31.5,15.245000000000001
2025-03-26,NORESTE3,fuera_pico_10_12,0,0.7622500000000001,14.683333333333334,14.766666666666667,33.00666666666666,18.33
2025-03-26,NORESTE3,pico_7_9,0,0.76525,13.3,15.85,33.541666666666664,15.375
2025-03-26,NOROESTE3,fuera_pico_10_12,0,1.07,7.75,20.666666666666668,23.25,17.5
2025-03-26,NOROESTE3,pico_7_9,0,1.1016666666666666,6.699999999999999,9.166666666666668,33.66666666666667,22.0
2025-03-26,NORTE2,fuera_pico_10_12,1,1.1525,25.425,6.25,32.75,14.0
2025-03-26,NORTE2,pico_7_9,1,0.785,14.175,9.5,32.5,19.25
2025-03-26,SUR,fuera_pico_10_12,1,0.35,7.2875,17.375,26.375,13.738333333333333
2025-03-26,SUR,pico_7_9,1,0.3466666666666667,7.700000000000001,15.25,27.625,14.747083333333332
2025-03-26,SUROESTE2,fuera_pico_10_12,1,1.4825,16.15,8.75,42.75,18.38
2025-03-26,SUROESTE2,pico_7_9,1,1.1949999999999998,12.2,7.0,36.0,10.9275
2025-03-27,CENTRO,fuera_pico_10_12,1,1.48,16.2,9.5,23.0,18.33
2025-03-27,CENTRO,pico_7_9,1,1.38,13.9,7.5,15.5,7.085000000000001
2025-03-27,NORESTE3,fuera_pico_10_12,0,0.7765,13.666666666666666,13.183333333333334,23.431666666666665,8.28
2025-03-27,NORESTE3,pico_7_9,0,0.8035,13.383333333333335,12.183333333333334,18.605,8.925
2025-03-27,NOROESTE3,fuera_pico_10_12,0,0.9916666666666667,5.8,13.0,16.0,8.34
2025-03-27,NOROESTE3,pico_7_9,0,1.0016666666666667,7.05,9.833333333333332,11.5,3.58
2025-03-27,NORTE2,fuera_pico_10_12,1,0.9225,17.75,8.0,29.0,7.5
2025-03-27,NORTE2,pico_7_9,1,0.8075,14.774999999999999,6.25,12.75,7.5
2025-03-27,SUR,fuera_pico_10_12,1,0.5516666666666666,6.5125,13.875,19.5,12.840833333333334
2025-03-27,SUR,pico_7_9,1,0.375,10.850000000000001,8.0,10.5,11.2675
2025-03-27,SUROESTE2,fuera_pico_10_12,1,1.265,12.2,10.5,30.5,12.844999999999999
2025-03-27,SUROESTE2,pico_7_9,1,1.2225000000000001,14.600000000000001,3.0,30.75,11.752500000000001
2025-03-28,CENTRO,fuera_pico_10_12,1,1.58,27.75,20.5,40.5,34.035000000000004
2025-03-28,CENTRO,pico_7_9,1,1.4300000000000002,24.65,7.5,29.0,25.915
2025-03-28,NORESTE3,fuera_pico_10_12,0,0.827,15.016666666666666,30.416666666666668,38.163333333333334,18.36
2025-03-28,NORESTE3,pico_7_9,0,0.92325,22.683333333333334,9.75,24.638333333333335,12.094999999999999
2025-03-28,NOROESTE3,fuera_pico_10_12,0,1.0783333333333331,9.65,23.666666666666664,38.5,15.99
2025-03-28,NOROESTE3,pico_7_9,0,1.065,14.120000000000001,5.5,25.5,18.22
2025-03-28,NORTE2,fuera_pico_10_12,1,0.8,35.8,18.0,76.5,24.5
2025-03-28,NORTE2,pico_7_9,1,0.75,39.0,2.5,30.5,19.5
2025-03-28,SUR,fuera_pico_10_12,1,0.7733333333333334,17.4625,26.625,38.0,19.869999999999997
2025-03-28,SUR,pico_7_9,1,0.7616666666666666,17.1875,11.25,28.5,13.915
2025-03-28,SUROESTE2,fuera_pico_10_12,1,1.2825,19.15,20.0,58.0,21.11
2025-03-28,SUROESTE2,pico_7_9,1,1.395,26.6,4.0,47.5,22.4425
2025-03-29,CENTRO,fuera_pico_10_12,1,1.545,31.700000000000003,43.5,78.5,25.435000000000002
2025-03-29,CENTRO,pico_7_9,1,1.695,34.3,6.5,55.0,28.965
2025-03-29,NORESTE3,fuera_pico_10_12,0,0.9570000000000001,21.3,39.949999999999996,94.945,37.535
2025-03-29,NORESTE3,pico_7_9,0,1.0975,23.858333333333334,6.633333333333333,65.87833333333333,28.63
2025-03-29,NOROESTE3,fuera_pico_10_12,0,0.9950000000000001,19.1127734752987,41.33333333333333,81.0,16.79
2025-03-29,NOROESTE3,pico_7_9,0,1.2349999999999999,21.035197304143963,5.5,103.33333333333331,34.135000000000005
2025-03-29,NORTE2,fuera_pico_10_12,1,1.38,42.4,31.0,92.25,31.25
2025-03-29,NORTE2,pico_7_9,1,1.7325,35.474999999999994,2.75,119.0,32.0
2025-03-29,SUR,fuera_pico_10_12,1,0.83,23.4,39.0,63.125,19.85875
2025-03-29,SUR,pico_7_9,1,0.8474999999999999,20.1625,7.75,45.75,16.94375
2025-03-29,SUROESTE2,fuera_pico_10_12,1,1.15,19.85,51.25,68.25,17.8725
2025-03-29,SUROESTE2,pico_7_9,1,1.745,28.175,16.5,76.0,21.9025
2025-03-30,CENTRO,fuera_pico_10_12,1,0.97,5.8,53.5,43.0,28.5888
2025-03-30,CENTRO,pico_7_9,1,1.37,19.2,17.0,57.0,37.705
2025-03-30,NORESTE3,fuera_pico_10_12,0,0.714,7.533333333333333,54.06666666666666,66.745,9.125
2025-03-30,NORESTE3,pico_7_9,0,0.84625,16.233333333333334,13.716666666666665,57.72833333333333,27.564999999999998
2025-03-30,NOROESTE3,fuera_pico_10_12,0,0.7825,7.942690683785162,46.5,66.83333333333333,7.8149999999999995
2025-03-30,NOROESTE3,pico_7_9,0,0.88,12.891615143547758,30.25,47.5,16.27
2025-03-30,NORTE2,fuera_pico_10_12,1,0.5625,8.725,48.25,52.25,13.0
2025-03-30,NORTE2,pico_7_9,1,0.9924999999999999,21.925,12.0,68.25,19.0
2025-03-30,SUR,fuera_pico_10_12,1,0.76,11.7375,45.875,61.625,26.18
2025-03-30,SUR,pico_7_9,1,0.81,17.587500000000002,13.875,53.375,23.605
2025-03-30,SUROESTE2,fuera_pico_10_12,1,0.8,5.7250000000000005,54.0,82.5,20.795
2025-03-30,SUROESTE2,pico_7_9,1,1.2475,21.275,22.25,54.25,12.997499999999999
2025-03-31,CENTRO,fuera_pico_10_12,1,1.65,28.45,44.0,76.5,37.1712
2025-03-31,CENTRO,pico_7_9,1,1.455,27.450000000000003,14.5,45.0,32.29610319407995
2025-03-31,NORESTE3,fuera_pico_10_12,0,0.7802500000000001,12.483333333333334,51.75,68.33999999999999,28.615000000000002
2025-03-31,NORESTE3,pico_7_9,0,1.1415,29.78333333333333,8.883333333333333,99.90833333333333,34.11
2025-03-31,NOROESTE3,fuera_pico_10_12,0,0.9075,13.865399873945762,40.75,67.16666666666667,21.104999999999997
2025-03-31,NOROESTE3,pico_7_9,0,1.345,21.010713888259257,7.0,83.5,31.525
2025-03-31,NORTE2,fuera_pico_10_12,1,0.8575,27.425,39.5,114.0,32.495
2025-03-31,NORTE2,pico_7_9,1,1.7675,39.375,3.5,106.5,27.25
2025-03-31,SUR,fuera_pico_10_12,1,0.9225,28.825,38.75,76.5,38.0
2025-03-31,SUR,pico_7_9,1,1.1275,24.362499999999997,11.875,61.375,26.403750000000002
2025-03-31,SUROESTE2,fuera_pico_10_12,1,0.515,21.6,46.5,81.0,15.125
2025-03-31,SUROESTE2,pico_7_9,1,0.46499999999999997,29.125,11.75,61.75,21.2
2025-04-01,CENTRO,fuera_pico_10_12,1,1.7,28.8,24.0,71.0,59.585
2025-04-01,CENTRO,pico_7_9,1,1.5150000000000001,23.200000000000003,9.5,56.0,48.935
2025-04-01,NORESTE3,fuera_pico_10_12,0,0.8055,11.75,27.75,69.17833333333334,37.04
2025-04-01,NORESTE3,pico_7_9,0,0.84825,15.2,15.116666666666667,68.255,34.480000000000004
2025-04-01,NOROESTE3,fuera_pico_10_12,0,1.1099999999999999,9.942606625501671,25.75,83.16666666666669,48.885000000000005
2025-04-01,NOROESTE3,pico_7_9,0,1.295,13.472266964898427,6.5,59.333333333333336,40.045
2025-04-01,NORTE2,fuera_pico_10_12,1,1.33,26.475,22.75,89.0,41.0
2025-04-01,NORTE2,pico_7_9,1,1.1375,23.75,9.5,63.25,36.0
2025-04-01,SUR,fuera_pico_10_12,1,0.84,7.4125,30.5,64.875,36.8525
2025-04-01,SUR,pico_7_9,1,0.8500000000000001,12.162500000000001,14.75,57.625,32.36125
2025-04-01,SUROESTE2,fuera_pico_10_12,1,1.0350000000000001,22.15,32.0,65.25,38.25
2025-04-01,SUROESTE2,pico_7_9,1,0.7150000000000001,17.9,11.25,65.5,24.25
2025-04-02,CENTRO,fuera_pico_10_12,1,1.8250000000000002,40.849999999999994,40.5,59.5,36.870000000000005
2025-04-02,CENTRO,pico_7_9,1,1.625,26.85,10.5,60.0,45.125
2025-04-02,NORESTE3,fuera_pico_10_12,0,0.97725,26.875,40.133333333333326,110.59166666666667,29.03
2025-04-02,NORESTE3,pico_7_9,0,1.27325,22.225,7.866666666666666,88.98,42.334999999999994
2025-04-02,NOROESTE3,fuera_pico_10_12,0,0.8374999999999999,19.064939316043105,52.75,90.33333333333334,8.46
2025-04-02,NOROESTE3,pico_7_9,0,1.2325,15.759155178439526,24.25,78.5,13.045
2025-04-02,NORTE2,fuera_pico_10_12,1,1.6025,49.125,35.75,121.0,32.5
2025-04-02,NORTE2,pico_7_9,1,1.7925,28.525,2.5,93.5,40.25
2025-04-02,SUR,fuera_pico_10_12,1,1.1025,23.9,44.875,102.375,40.635
2025-04-02,SUR,pico_7_9,1,1.1724999999999999,18.1,6.375,72.375,31.49875
2025-04-02,SUROESTE2,fuera_pico_10_12,1,1.06,27.325,47.5,82.0,11.0
2025-04-02,SUROESTE2,pico_7_9,1,0.9849999999999999,29.900000000000002,6.25,106.25,31.75
2025-04-03,CENTRO,fuera_pico_10_12,1,1.605,37.85,38.5,57.5,27.145
2025-04-03,CENTRO,pico_7_9,1,1.6600000000000001,36.2,6.0,59.0,33.905
2025-04-03,NORESTE3,fuera_pico_10_12,0,0.93275,23.625,44.266666666666666,98.93166666666667,23.33
2025-04-03,NORESTE3,pico_7_9,0,1.26425,23.6,7.683333333333334,111.47,40.745000000000005
2025-04-03,NOROESTE3,fuera_pico_10_12,0,1.6783333333333332,29.099999999999998,33.49999999999999,101.0,5.630000000000001
2025-04-03,NOROESTE3,pico_7_9,0,2.255,17.0,6.5,100.66666666666669,28.005
2025-04-03,NORTE2,fuera_pico_10_12,1,1.5675,47.325,28.5,115.0,28.75
2025-04-03,NORTE2,pico_7_9,1,2.5875,37.675,2.75,121.5,33.5
2025-04-03,SUR,fuera_pico_10_12,1,0.905,28.2125,38.0,93.25,30.31125
2025-04-03,SUR,pico_7_9,1,1.2375,21.7625,7.375,71.125,25.463749999999997
2025-04-03,SUROESTE2,fuera_pico_10_12,1,0.625,25.35,49.25,88.0,9.5
2025-04-03,SUROESTE2,pico_7_9,1,1.2650000000000001,37.95,5.25,77.5,20.0
2025-04-04,CENTRO,fuera_pico_10_12,1,1.54,38.85,37.0,59.0,31.745
2025-04-04,CENTRO,pico_7_9,1,1.77,25.65,5.0,66.5,29.589444444444446
2025-04-04,NORESTE3,fuera_pico_10_12,0,0.818,20.625,39.06666666666666,82.26666666666667,21.13
2025-04-04,NORESTE3,pico_7_9,0,0.845,18.05,9.883333333333333,60.0,24.185000000000002
2025-04-04,NOROESTE3,fuera_pico_10_12,0,1.3916666666666666,17.95,40.83333333333333,62.666666666666664,8.965
2025-04-04,NOROESTE3,pico_7_9,0,1.605,14.75,14.833333333333332,57.5,7.465
2025-04-04,NORTE2,fuera_pico_10_12,1,1.195,40.400000000000006,35.25,105.5,19.75
2025-04-04,NORTE2,pico_7_9,1,1.2525,30.0,3.5,76.5,30.25
2025-04-04,SUR,fuera_pico_10_12,1,0.8016666666666667,21.8625,40.5,77.0,27.365000000000002
2025-04-04,SUR,pico_7_9,1,0.8583333333333333,16.5875,9.75,56.375,22.46
2025-04-04,SUROESTE2,fuera_pico_10_12,1,0.1325,22.799999999999997,46.75,69.25,21.75
2025-04-04,SUROESTE2,pico_7_9,1,1.23,29.6,13.25,85.0,20.0
2025-04-05,CENTRO,fuera_pico_10_12,1,1.395,11.75,32.0,49.0,15.094999999999999
2025-04-05,CENTRO,pico_7_9,1,1.3250000000000002,15.65,15.0,51.5,15.29
2025-04-05,NORESTE3,fuera_pico_10_12,0,0.6260000000000001,6.975,36.03333333333333,68.2575,9.01
2025-04-05,NORESTE3,pico_7_9,0,0.58125,8.425,27.333333333333332,60.66,7.96
2025-04-05,NOROESTE3,fuera_pico_10_12,0,1.1116666666666668,3.8499999999999996,26.833333333333336,49.16666666666667,15.35
2025-04-05,NOROESTE3,pico_7_9,0,1.1549999999999998,6.8,13.5,43.33333333333333,17.974999999999998
2025-04-05,NORTE2,fuera_pico_10_12,1,0.4825,12.6,29.0,77.5,7.4625
2025-04-05,NORTE2,pico_7_9,1,0.42000000000000004,13.675,16.5,58.5,7.092499999999999
2025-04-05,SUR,fuera_pico_10_12,1,0.5833333333333334,6.5875,35.0,62.625,8.963333333333333
2025-04-05,SUR,pico_7_9,1,0.57,7.449999999999999,22.5,53.875,8.8875
2025-04-05,SUROESTE2,fuera_pico_10_12,1,0.145,14.325,25.25,47.75,10.5
2025-04-05,SUROESTE2,pico_7_9,1,0.1983333333333333,14.475,12.75,47.25,8.5
2025-04-06,CENTRO,fuera_pico_10_12,1,1.1549999999999998,7.35,28.5,27.0,20.298125
2025-04-06,CENTRO,pico_7_9,1,1.22,8.3,23.0,25.0,7.865
2025-04-06,NORESTE3,fuera_pico_10_12,0,0.576,6.5249999999999995,34.55,16.990000000000002,3.49
2025-04-06,NORESTE3,pico_7_9,0,0.5630000000000001,9.125,28.016666666666666,23.688333333333336,3.405
2025-04-06,NOROESTE3,fuera_pico_10_12,0,1.1116666666666668,3.3499999999999996,25.166666666666664,20.33333333333333,5.305
2025-04-06,NOROESTE3,pico_7_9,0,1.0516666666666667,3.0,20.666666666666664,17.666666666666664,4.85
2025-04-06,NORTE2,fuera_pico_10_12,1,0.3075,7.95,27.25,35.75,3.56
2025-04-06,NORTE2,pico_7_9,1,0.255,7.375,23.5,28.5,3.2975000000000003
2025-04-06,SUR,fuera_pico_10_12,1,0.5466666666666666,4.4625,31.375,25.375,4.915
2025-04-06,SUR,pico_7_9,1,0.5249999999999999,4.7,25.0,26.5,3.9808333333333334
2025-04-06,SUROESTE2,fuera_pico_10_12,1,0.36222536084829415,9.25,22.5,26.5,4.0
2025-04-06,SUROESTE2,pico_7_9,1,0.5463280664841168,8.8,18.75,28.25,4.25
2025-04-07,CENTRO,fuera_pico_10_12,1,1.33,23.65,34.0,45.0,26.085
2025-04-07,CENTRO,pico_7_9,1,1.29,26.049999999999997,16.0,25.5,22.75
2025-04-07,NORESTE3,fuera_pico_10_12,0,0.648,12.2,51.91666666666667,35.56,15.125
2025-04-07,NORESTE3,pico_7_9,0,0.88275,31.650000000000002,17.366666666666667,42.36666666666666,16.515
2025-04-07,NOROESTE3,fuera_pico_10_12,0,1.1183333333333334,8.0,40.0,26.166666666666664,6.5
2025-04-07,NOROESTE3,pico_7_9,0,1.4766666666666666,19.4,12.333333333333334,45.0,9.5
2025-04-07,NORTE2,fuera_pico_10_12,1,0.78,25.575,33.75,58.5,20.5
2025-04-07,NORTE2,pico_7_9,1,1.1749999999999998,39.9,4.25,78.75,18.0
2025-04-07,SUR,fuera_pico_10_12,1,0.6283333333333333,14.175,44.125,40.75,16.971666666666668
2025-04-07,SUR,pico_7_9,1,0.8049999999999999,27.225,14.0,41.25,15.268333333333334
2025-04-07,SUROESTE2,fuera_pico_10_12,1,0.51,15.0,38.25,47.0,12.9575
2025-04-07,SUROESTE2,pico_7_9,1,0.32,29.8,9.25,46.25,12.170000000000002
2025-04-08,CENTRO,fuera_pico_10_12,1,1.31,22.1,49.0,76.5,4.5896875
2025-04-08,CENTRO,pico_7_9,1,1.24,29.45,20.5,38.5,6.35
2025-04-08,NORESTE3,fuera_pico_10_12,0,0.87475,21.35,46.65,76.41083333333333,17.4
2025-04-08,NORESTE3,pico_7_9,0,1.04875,38.175,9.35,93.04666666666667,35.120000000000005
2025-04-08,NOROESTE3,fuera_pico_10_12,0,1.31,11.85,46.0,55.66666666666667,12.5
2025-04-08,NOROESTE3,pico_7_9,0,1.7049999999999998,24.450000000000003,8.166666666666668,97.66666666666669,18.0
2025-04-08,NORTE2,fuera_pico_10_12,1,0.7075,39.900000000000006,32.0,146.5,35.2725
2025-04-08,NORTE2,pico_7_9,1,1.0725,49.7,3.5,95.75,27.7925
2025-04-08,SUR,fuera_pico_10_12,1,0.6487499999999999,16.225,49.0,57.875,22.681666666666665
2025-04-08,SUR,pico_7_9,1,1.1287500000000001,36.0125,10.5,57.75,27.28333333333333
2025-04-08,SUROESTE2,fuera_pico_10_12,1,0.505,17.9,47.75,54.75,6.37
2025-04-08,SUROESTE2,pico_7_9,1,1.565,34.65,14.75,63.75,17.18
2025-04-09,CENTRO,fuera_pico_10_12,1,1.545,34.599999999999994,45.0,96.5,3.6550000000000002
2025-04-09,CENTRO,pico_7_9,1,1.415,34.3,12.5,35.0,3.745
2025-04-09,NORESTE3,fuera_pico_10_12,0,0.8498333333333334,19.775,52.266666666666666,49.935,21.075000000000003
2025-04-09,NORESTE3,pico_7_9,0,0.9077500000000001,33.525000000000006,15.816666666666666,47.295,16.955
2025-04-09,NOROESTE3,fuera_pico_10_12,0,1.4766666666666668,16.3,43.5,92.5,27.5
2025-04-09,NOROESTE3,pico_7_9,0,1.8133333333333335,26.35,5.666666666666666,84.66666666666666,23.5
2025-04-09,NORTE2,fuera_pico_10_12,1,0.6975,38.775000000000006,39.25,79.75,22.67
2025-04-09,NORTE2,pico_7_9,1,0.805,46.85,7.0,74.0,16.195
2025-04-09,SUR,fuera_pico_10_12,1,0.8054166666666667,33.016666666666666,39.375,82.875,29.629583333333336
2025-04-09,SUR,pico_7_9,1,1.0625,35.825,8.625,69.625,22.8275
2025-04-09,SUROESTE2,fuera_pico_10_12,1,0.8375,29.1,46.5,87.75,31.305
2025-04-09,SUROESTE2,pico_7_9,1,1.305,38.575,8.5,84.75,22.985
2025-04-10,CENTRO,fuera_pico_10_12,1,1.4449999999999998,44.150000000000006,37.5,72.0,3.9275
2025-04-10,CENTRO,pico_7_9,1,1.375,43.0,14.5,68.5,15.0125
2025-04-10,NORESTE3,fuera_pico_10_12,0,1.0681666666666667,32.05,55.28333333333333,134.98666666666665,37.66
2025-04-10,NORESTE3,pico_7_9,0,1.1413333333333333,36.4,10.116666666666667,95.88333333333333,28.88
2025-04-10,NOROESTE3,fuera_pico_10_12,0,1.4283333333333332,24.15,49.16666666666667,72.33333333333334,15.995000000000001
2025-04-10,NOROESTE3,pico_7_9,0,1.695,24.75,11.5,70.33333333333334,20.48
2025-04-10,NORTE2,fuera_pico_10_12,1,1.23,64.8,34.75,135.5,44.285
2025-04-10,NORTE2,pico_7_9,1,1.65,47.825,4.25,92.0,24.5
2025-04-10,SUR,fuera_pico_10_12,1,1.03,41.5875,39.875,105.0,37.7575
2025-04-10,SUR,pico_7_9,1,1.06375,37.025,8.5,76.625,24.55625
2025-04-10,SUROESTE2,fuera_pico_10_12,1,0.7275,27.725,53.75,84.75,12.445
2025-04-10,SUROESTE2,pico_7_9,1,1.6524999999999999,48.025000000000006,9.25,95.5,28.15
2025-04-11,CENTRO,fuera_pico_10_12,1,1.5899999999999999,31.75,34.0,94.0,29.48115384615385
2025-04-11,CENTRO,pico_7_9,1,1.74,37.05,6.5,77.5,29.839874896997728
2025-04-11,NORESTE3,fuera_pico_10_12,0,0.7718333333333333,14.850000000000001,48.25,68.64833333333334,19.6
2025-04-11,NORESTE3,pico_7_9,0,0.938,30.875,10.583333333333334,72.14666666666666,28.465
2025-04-11,NOROESTE3,fuera_pico_10_12,0,1.5499999999999998,21.1,38.0,81.5,19.66
2025-04-11,NOROESTE3,pico_7_9,0,1.7316666666666665,19.6,6.5,69.16666666666667,21.29
2025-04-11,NORTE2,fuera_pico_10_12,1,0.6749999999999999,26.475,39.25,84.5,25.425
2025-04-11,NORTE2,pico_7_9,1,1.3825,42.975,4.25,100.25,26.5
2025-04-11,SUR,fuera_pico_10_12,1,0.72375,20.925,43.25,78.5,32.28
2025-04-11,SUR,pico_7_9,1,0.8825000000000001,29.5,9.5,74.125,17.33625
2025-04-11,SUROESTE2,fuera_pico_10_12,1,1.02,32.125,36.5,95.25,31.63
2025-04-11,SUROESTE2,pico_7_9,1,1.21,37.925000000000004,9.0,86.5,22.32
2025-04-12,CENTRO,fuera_pico_10_12,1,1.6400000000000001,34.75,34.0,65.5,34.15
2025-04-12,CENTRO,pico_7_9,1,1.475,33.25,6.5,50.5,25.405
2025-04-12,NORESTE3,fuera_pico_10_12,0,0.7946666666666667,17.075,43.53333333333333,56.584999999999994,14.665
2025-04-12,NORESTE3,pico_7_9,0,0.705,24.775,16.65,40.555,12.350000000000001
2025-04-12,NOROESTE3,fuera_pico_10_12,0,1.7316666666666665,17.95,39.58333333333333,63.75,15.555
2025-04-12,NOROESTE3,pico_7_9,0,1.7816666666666665,19.75,5.166666666666667,69.5,25.855
2025-04-12,NORTE2,fuera_pico_10_12,1,0.7625,33.125,35.0,78.75,21.3475
2025-04-12,NORTE2,pico_7_9,1,0.72,38.15,5.5,69.75,15.055
2025-04-12,SUR,fuera_pico_10_12,1,0.6625000000000001,16.4875,48.125,58.625,22.619999999999997
2025-04-12,SUR,pico_7_9,1,0.71375,23.5875,13.25,42.75,12.9225
2025-04-12,SUROESTE2,fuera_pico_10_12,1,0.7825,24.475,44.0,64.5,30.189999999999998
2025-04-12,SUROESTE2,pico_7_9,1,0.9349999999999999,28.375,10.25,53.75,15.4025
2025-04-13,CENTRO,fuera_pico_10_12,1,1.295,16.25,58.5,45.5,43.83833333333334
2025-04-13,CENTRO,pico_7_9,1,1.27,19.950000000000003,18.0,40.0,29.65
2025-04-13,NORESTE3,fuera_pico_10_12,0,0.6618333333333333,10.95,47.266666666666666,37.968333333333334,30.814999999999998
2025-04-13,NORESTE3,pico_7_9,0,0.6535,16.924999999999997,20.633333333333333,28.005000000000003,9.82
2025-04-13,NOROESTE3,fuera_pico_10_12,0,1.4383333333333335,7.1,51.33333333333333,57.83333333333333,18.22
2025-04-13,NOROESTE3,pico_7_9,0,1.6266666666666665,10.05,11.833333333333334,57.83333333333333,26.625
2025-04-13,NORTE2,fuera_pico_10_12,1,0.535,16.950000000000003,54.25,71.0,55.557500000000005
2025-04-13,NORTE2,pico_7_9,1,0.5925,29.0,12.0,54.0,21.857499999999998
2025-04-13,SUR,fuera_pico_10_12,1,0.635,18.4375,45.25,54.5,28.055416666666666
2025-04-13,SUR,pico_7_9,1,0.65625,18.625,19.375,41.375,15.835
2025-04-13,SUROESTE2,fuera_pico_10_12,1,0.665,20.175,52.25,96.0,72.0
2025-04-13,SUROESTE2,pico_7_9,1,0.7775000000000001,26.700000000000003,12.5,56.25,16.090000000000003
2025-04-14,CENTRO,fuera_pico_10_12,1,1.8900000000000001,44.9,29.0,69.5,41.135
2025-04-14,CENTRO,pico_7_9,1,1.505,23.9,8.0,38.0,21.935
2025-04-14,NORESTE3,fuera_pico_10_12,0,0.7625000000000001,14.525,42.06666666666666,82.95333333333333,29.26
2025-04-14,NORESTE3,pico_7_9,0,0.6777500000000001,19.450000000000003,12.7,61.5,48.371176470588225
2025-04-14,NOROESTE3,fuera_pico_10_12,0,1.5816666666666666,13.25,35.33333333333333,62.83333333333333,23.195
2025-04-14,NOROESTE3,pico_7_9,0,1.7533333333333334,14.4,5.666666666666666,63.33333333333333,25.61
2025-04-14,NORTE2,fuera_pico_10_12,1,0.755,29.55,39.25,83.96,31.939999999999998
2025-04-14,NORTE2,pico_7_9,1,0.7949999999999999,32.125,4.75,59.895,15.5825
2025-04-14,SUR,fuera_pico_10_12,1,0.8,24.200000000000003,43.75,59.0,34.61083333333333
2025-04-14,SUR,pico_7_9,1,0.77625,18.775,13.5,37.125,11.70125
2025-04-14,SUROESTE2,fuera_pico_10_12,1,0.9225,26.775,40.5,60.25,28.8675
2025-04-14,SUROESTE2,pico_7_9,1,1.08,29.575,7.25,67.5,16.005000000000003
2025-04-15,CENTRO,fuera_pico_10_12,1,1.55,21.75,34.0,59.5,50.325
2025-04-15,CENTRO,pico_7_9,1,1.51,23.200000000000003,8.5,56.5,33.16
2025-04-15,NORESTE3,fuera_pico_10_12,0,0.6656666666666666,9.4,40.96666666666667,49.91166666666666,19.845
2025-04-15,NORESTE3,pico_7_9,0,0.6133333333333333,17.075,19.03333333333333,41.60666666666667,22.825
2025-04-15,NOROESTE3,fuera_pico_10_12,0,1.485,12.6,36.166666666666664,59.41666666666667,33.135000000000005
2025-04-15,NOROESTE3,pico_7_9,0,1.6133333333333333,15.95,7.333333333333334,54.833333333333336,31.485
2025-04-15,NORTE2,fuera_pico_10_12,1,0.655,20.275,31.5,55.6725,26.825000000000003
2025-04-15,NORTE2,pico_7_9,1,0.6625000000000001,25.9,9.5,47.5225,19.045
2025-04-15,SUR,fuera_pico_10_12,1,0.7112499999999999,14.9,37.75,60.875,34.40625
2025-04-15,SUR,pico_7_9,1,0.59375,11.45,22.25,38.875,19.841250000000002
2025-04-15,SUROESTE2,fuera_pico_10_12,1,0.94,21.925,36.5,66.0,35.035
2025-04-15,SUROESTE2,pico_7_9,1,0.74,20.625,10.5,40.5,13.9
2025-04-16,CENTRO,fuera_pico_10_12,1,1.3900000000000001,10.85,37.0,38.0,29.805
2025-04-16,CENTRO,pico_7_9,1,1.385,13.4,20.5,34.0,26.36
2025-04-16,NORESTE3,fuera_pico_10_12,0,0.6765000000000001,8.0,37.733333333333334,40.883333333333326,19.665
2025-04-16,NORESTE3,pico_7_9,0,0.7251666666666667,10.775,23.85,38.04166666666667,20.465
2025-04-16,NOROESTE3,fuera_pico_10_12,0,1.4433333333333334,5.65,36.333333333333336,37.83333333333333,32.045
2025-04-16,NOROESTE3,pico_7_9,0,1.375,6.1,22.666666666666664,31.833333333333336,29.09
2025-04-16,NORTE2,fuera_pico_10_12,1,0.6125,13.100000000000001,35.25,42.2225,21.020000000000003
2025-04-16,NORTE2,pico_7_9,1,0.5625,15.3,19.25,33.3275,17.1425
2025-04-16,SUR,fuera_pico_10_12,1,0.6174999999999999,4.7,38.625,40.375,19.5175
2025-04-16,SUR,pico_7_9,1,0.58625,5.15,29.25,31.0,15.0375
2025-04-16,SUROESTE2,fuera_pico_10_12,1,0.8075,14.55,29.75,55.5,23.5675
2025-04-16,SUROESTE2,pico_7_9,1,0.69,19.799999999999997,13.75,46.75,17.447499999999998
2025-04-17,CENTRO,fuera_pico_10_12,1,1.495,20.45,24.0,59.0,45.425
2025-04-17,CENTRO,pico_7_9,1,1.38,17.55,10.5,42.5,29.25
2025-04-17,NORESTE3,fuera_pico_10_12,0,0.6368333333333334,10.649999999999999,33.766666666666666,48.20166666666667,28.535
2025-04-17,NORESTE3,pico_7_9,0,0.5658333333333333,12.475,20.416666666666664,37.15166666666667,19.145
2025-04-17,NOROESTE3,fuera_pico_10_12,0,1.5316666666666667,9.9,25.833333333333332,70.5,43.705
2025-04-17,NOROESTE3,pico_7_9,0,1.461666666666667,11.4,9.5,35.0,26.735
2025-04-17,NORTE2,fuera_pico_10_12,1,0.645,20.5,23.5,55.9,23.3675
2025-04-17,NORTE2,pico_7_9,1,0.5575,16.1,15.0,31.0925,14.5775
2025-04-17,SUR,fuera_pico_10_12,1,0.6812499999999999,10.787500000000001,31.375,50.625,29.42375
2025-04-17,SUR,pico_7_9,1,0.61375,11.3125,18.5,31.625,15.04125
2025-04-17,SUROESTE2,fuera_pico_10_12,1,0.88,18.150000000000002,30.75,55.0,31.747500000000002
2025-04-17,SUROESTE2,pico_7_9,1,0.8325,18.0,8.75,43.25,13.355
2025-04-18,CENTRO,fuera_pico_10_12,1,1.51,24.85,29.0,45.0,35.475
2025-04-18,CENTRO,pico_7_9,1,1.31,11.65,22.0,32.5,29.97
2025-04-18,NORESTE3,fuera_pico_10_12,0,0.7381666666666666,9.475000000000001,42.68333333333333,37.9975,22.795
2025-04-18,NORESTE3,pico_7_9,0,0.6649166666666666,14.95,21.266666666666666,38.108333333333334,19.625
2025-04-18,NOROESTE3,fuera_pico_10_12,0,1.4866666666666668,7.199999999999999,36.33333333333333,45.16666666666666,32.55
2025-04-18,NOROESTE3,pico_7_9,0,1.4783333333333335,9.65,14.833333333333332,40.833333333333336,24.4
2025-04-18,NORTE2,fuera_pico_10_12,1,0.5974999999999999,14.925,40.0,48.085,24.1925
2025-04-18,NORTE2,pico_7_9,1,0.57,22.725,14.0,44.975,18.3675
2025-04-18,SUR,fuera_pico_10_12,1,0.69,11.175,40.0,46.5,26.939999999999998
2025-04-18,SUR,pico_7_9,1,0.65125,13.45,20.125,41.0,20.052500000000002
2025-04-18,SUROESTE2,fuera_pico_10_12,1,0.7825,15.15,41.5,51.75,22.575
2025-04-18,SUROESTE2,pico_7_9,1,0.8374999999999999,20.325,10.25,45.25,17.8075
2025-04-19,CENTRO,fuera_pico_10_12,1,1.4,15.7,22.5,47.5,42.61
2025-04-19,CENTRO,pico_7_9,1,1.38,9.55,20.0,44.0,38.715
2025-04-19,NORESTE3,fuera_pico_10_12,0,0.6653333333333333,8.450000000000001,28.166666666666668,43.23,31.43
2025-04-19,NORESTE3,pico_7_9,0,0.568,9.125,23.316666666666663,40.41333333333333,23.39
2025-04-19,NOROESTE3,fuera_pico_10_12,0,1.5150000000000001,5.25,27.666666666666664,45.83333333333333,40.78
2025-04-19,NOROESTE3,pico_7_9,0,1.42,8.3,17.0,33.33333333333333,27.335
2025-04-19,NORTE2,fuera_pico_10_12,1,0.6275000000000001,12.7,26.75,42.61,26.689999999999998
2025-04-19,NORTE2,pico_7_9,1,0.5700000000000001,14.35,16.0,37.254999999999995,22.2975
2025-04-19,SUR,fuera_pico_10_12,1,0.6625,4.55,31.5,43.375,28.81625
2025-04-19,SUR,pico_7_9,1,0.6275,6.1875,23.875,36.25,22.63125
2025-04-19,SUROESTE2,fuera_pico_10_12,1,0.7749999999999999,14.4,25.0,55.25,30.872500000000002
2025-04-19,SUROESTE2,pico_7_9,1,0.7,16.525,12.25,51.75,21.875
2025-04-20,CENTRO,fuera_pico_10_12,1,1.13,5.95,47.5,239.0,50.08
2025-04-20,CENTRO,pico_7_9,1,1.35,8.35,22.0,42.5,37.54
2025-04-20,NORESTE3,fuera_pico_10_12,0,0.5121666666666667,6.225,47.66666666666667,178.30166666666668,14.75
2025-04-20,NORESTE3,pico_7_9,0,0.4963333333333333,7.0249999999999995,28.7,41.11,23.555
2025-04-20,NOROESTE3,fuera_pico_10_12,0,1.3416666666666668,2.7,38.16666666666666,100.5,35.239999999999995
2025-04-20,NOROESTE3,pico_7_9,0,1.4083333333333332,4.75,19.0,38.5,30.945
2025-04-20,NORTE2,fuera_pico_10_12,1,0.33,8.85,42.75,320.0,12.0
2025-04-20,NORTE2,pico_7_9,1,0.5425,10.274999999999999,21.0,35.2175,21.185000000000002
2025-04-20,SUR,fuera_pico_10_12,1,0.55375,3.6875,47.5,161.375,19.84
2025-04-20,SUR,pico_7_9,1,0.60625,5.3125,26.125,37.75,25.25
2025-04-20,SUROESTE2,fuera_pico_10_12,1,0.505,6.4,41.25,155.75,26.392500000000002
2025-04-20,SUROESTE2,pico_7_9,1,0.7,10.625,14.75,46.75,23.325000000000003
2025-04-21,CENTRO,fuera_pico_10_12,1,1.395,28.9,43.5,68.5,31.68
2025-04-21,CENTRO,pico_7_9,1,1.33,29.5,18.0,58.0,28.46
2025-04-21,NORESTE3,fuera_pico_10_12,0,0.6823333333333332,12.125,48.53333333333333,54.755,12.835
2025-04-21,NORESTE3,pico_7_9,0,0.8081666666666667,32.8,15.033333333333333,64.96666666666667,21.810000000000002
2025-04-21,NOROESTE3,fuera_pico_10_12,0,1.4083333333333332,6.9,58.5,55.5,14.895
2025-04-21,NOROESTE3,pico_7_9,0,1.8066666666666666,22.55,9.5,69.33333333333334,24.64
2025-04-21,NORTE2,fuera_pico_10_12,1,0.5775,15.8,52.75,54.087500000000006,18.740000000000002
2025-04-21,NORTE2,pico_7_9,1,0.79,40.224999999999994,11.0,82.065,23.2775
2025-04-21,SUR,fuera_pico_10_12,1,0.7012499999999999,15.7125,56.875,59.75,27.16875
2025-04-21,SUR,pico_7_9,1,0.8912499999999999,31.55,12.875,56.625,20.947499999999998
2025-04-21,SUROESTE2,fuera_pico_10_12,1,0.73,19.675,52.5,65.25,29.455
2025-04-21,SUROESTE2,pico_7_9,1,0.845,32.225,19.25,59.25,15.157499999999999
2025-04-22,CENTRO,fuera_pico_10_12,1,1.46,11.25,17.0,49.0,35.84
2025-04-22,CENTRO,pico_7_9,1,1.38,12.649999999999999,8.0,46.5,30.88
2025-04-22,NORESTE3,fuera_pico_10_12,0,0.7104999999999999,8.975,19.983333333333334,45.515,24.795
2025-04-22,NORESTE3,pico_7_9,0,0.6498333333333334,12.4,13.75,36.626666666666665,16.285
2025-04-22,NOROESTE3,fuera_pico_10_12,0,1.5,6.4,14.166666666666666,32.66666666666667,23.316941904905125
2025-04-22,NOROESTE3,pico_7_9,0,1.4016666666666668,6.85,10.833333333333334,24.166666666666664,18.837168745864115
2025-04-22,NORTE2,fuera_pico_10_12,1,0.6025,14.2,15.0,39.82,21.2575
2025-04-22,NORTE2,pico_7_9,1,0.5700000000000001,14.6,9.25,32.6575,17.095
2025-04-22,SUR,fuera_pico_10_12,1,0.76375,6.475,19.75,39.25,19.778750000000002
2025-04-22,SUR,pico_7_9,1,0.6183333333333334,6.0,16.625,32.333333333333336,17.2975
2025-04-22,SUROESTE2,fuera_pico_10_12,1,0.8425,15.600000000000001,9.25,57.25,25.6575
2025-04-22,SUROESTE2,pico_7_9,1,0.7324999999999999,13.45,7.0,41.25,16.925
2025-04-23,CENTRO,fuera_pico_10_12,1,1.55,15.4,8.5,40.0,32.225
2025-04-23,CENTRO,pico_7_9,1,1.4,11.65,7.5,35.5,32.675
2025-04-23,NORESTE3,fuera_pico_10_12,0,0.7375,10.1,10.0,48.405,19.675
2025-04-23,NORESTE3,pico_7_9,0,0.6588333333333334,14.95,10.316666666666666,42.105000000000004,16.57
2025-04-23,NOROESTE3,fuera_pico_10_12,0,1.5916666666666668,9.5,10.666666666666668,27.166666666666664,28.44125
2025-04-23,NOROESTE3,pico_7_9,0,1.4633333333333334,8.399999999999999,6.5,27.5,23.5805
2025-04-23,NORTE2,fuera_pico_10_12,1,0.785,17.424999999999997,8.25,30.205,18.17
2025-04-23,NORTE2,pico_7_9,1,0.6325000000000001,17.825000000000003,5.75,35.75,23.75
2025-04-23,SUR,fuera_pico_10_12,1,0.7016666666666667,5.933333333333334,19.5,42.16666666666666,21.5
2025-04-23,SUR,pico_7_9,1,0.67125,7.8625,13.625,27.625,15.87
2025-04-23,SUROESTE2,fuera_pico_10_12,1,0.95,14.774999999999999,6.75,48.75,25.497500000000002
2025-04-23,SUROESTE2,pico_7_9,1,0.74,13.675,2.75,49.75,24.15
2025-04-24,CENTRO,fuera_pico_10_12,1,1.565,15.75,14.5,54.5,43.575
2025-04-24,CENTRO,pico_7_9,1,1.48,19.15,9.0,51.0,31.695
2025-04-24,NORESTE3,fuera_pico_10_12,0,0.778,12.225,17.766666666666666,43.06666666666666,21.85
2025-04-24,NORESTE3,pico_7_9,0,0.7264999999999999,14.4,17.416666666666668,43.211666666666666,21.475
2025-04-24,NOROESTE3,fuera_pico_10_12,0,1.6816666666666666,9.9,15.333333333333332,46.33333333333333,33.32
2025-04-24,NOROESTE3,pico_7_9,0,1.4833333333333334,8.0,14.666666666666668,37.16666666666667,30.71
2025-04-24,NORTE2,fuera_pico_10_12,1,0.8300000000000001,22.025,9.5,40.92,22.735
2025-04-24,NORTE2,pico_7_9,1,0.635,17.85,12.75,39.790000000000006,21.462500000000002
2025-04-24,SUR,fuera_pico_10_12,1,0.795,10.175,20.25,46.75,29.52166666666667
2025-04-24,SUR,pico_7_9,1,0.6725,8.9,21.125,36.75,22.91833333333333
2025-04-24,SUROESTE2,fuera_pico_10_12,1,0.9025000000000001,15.775,14.0,67.0,29.7225
2025-04-24,SUROESTE2,pico_7_9,1,0.7324999999999999,15.225000000000001,10.25,49.0,18.3525
2025-04-25,CENTRO,fuera_pico_10_12,1,1.53,10.45,19.0,41.0,28.265
2025-04-25,CENTRO,pico_7_9,1,1.44,12.55,15.0,53.5,38.790000000000006
2025-04-25,NORESTE3,fuera_pico_10_12,0,0.7286666666666666,11.4,23.40833333333333,69.98166666666667,39.18
2025-04-25,NORESTE3,pico_7_9,0,0.6448333333333334,9.875,18.933333333333334,52.88666666666667,29.685000000000002
2025-04-25,NOROESTE3,fuera_pico_10_12,0,1.625,6.75,16.333333333333332,57.33333333333333,37.62
2025-04-25,NOROESTE3,pico_7_9,0,1.56,5.85,15.5,48.16666666666667,44.894999999999996
2025-04-25,NORTE2,fuera_pico_10_12,1,0.7125,15.7,16.5,48.3925,28.915
2025-04-25,NORTE2,pico_7_9,1,0.66,16.175,11.5,47.75,31.75
2025-04-25,SUR,fuera_pico_10_12,1,0.7537499999999999,5.7875,24.25,41.625,21.88375
2025-04-25,SUR,pico_7_9,1,0.71625,6.2125,22.875,37.625,21.99875
2025-04-25,SUROESTE2,fuera_pico_10_12,1,0.8975,14.15,17.25,53.75,24.822499999999998
2025-04-25,SUROESTE2,pico_7_9,1,0.655,12.7,14.25,58.0,22.822499999999998
2025-04-26,CENTRO,fuera_pico_10_12,1,1.55,10.55,17.0,31.0,25.1
2025-04-26,CENTRO,pico_7_9,1,1.44,11.100000000000001,16.5,31.0,29.7325
2025-04-26,NORESTE3,fuera_pico_10_12,0,0.6685,9.775,21.75,49.56833333333333,21.310000000000002
2025-04-26,NORESTE3,pico_7_9,0,0.6811666666666667,10.025,20.116666666666667,46.74666666666667,20.555
2025-04-26,NOROESTE3,fuera_pico_10_12,0,1.7016666666666667,6.2,15.5,27.166666666666664,19.708333333333332
2025-04-26,NOROESTE3,pico_7_9,0,1.5133333333333332,4.75,15.5,28.83333333333333,24.97
2025-04-26,NORTE2,fuera_pico_10_12,1,0.6675,13.275,17.25,32.5325,17.380000000000003
2025-04-26,NORTE2,pico_7_9,1,0.6525,15.8,15.0,33.16,20.8
2025-04-26,SUR,fuera_pico_10_12,1,0.77875,5.4875,23.875,32.0,21.916666666666664
2025-04-26,SUR,pico_7_9,1,0.6900000000000001,5.6625,23.5,30.5,16.5
2025-04-26,SUROESTE2,fuera_pico_10_12,1,0.7549999999999999,9.075,21.5,28.5,17.127499999999998
2025-04-26,SUROESTE2,pico_7_9,1,0.6475,13.675,12.25,35.0,15.3375
2025-04-27,CENTRO,fuera_pico_10_12,1,1.585,15.05,29.5,45.0,32.615
2025-04-27,CENTRO,pico_7_9,1,1.4449999999999998,15.5,13.0,45.5,28.335
2025-04-27,NORESTE3,fuera_pico_10_12,0,0.604,10.4,29.18333333333333,34.14666666666666,20.08
2025-04-27,NORESTE3,pico_7_9,0,0.5049999999999999,10.675,18.333333333333332,27.76,13.864999999999998
2025-04-27,NOROESTE3,fuera_pico_10_12,0,1.5716666666666668,6.25,29.666666666666668,46.333333333333336,38.91
2025-04-27,NOROESTE3,pico_7_9,0,1.5083333333333333,8.7,17.5,30.166666666666664,24.47
2025-04-27,NORTE2,fuera_pico_10_12,1,0.72,7.0,33.5,27.815,18.634999999999998
2025-04-27,NORTE2,pico_7_9,1,0.615,5.55,24.5,21.939999999999998,12.475
2025-04-27,SUR,fuera_pico_10_12,1,0.73125,7.6875,40.25,48.0,35.833333333333336
2025-04-27,SUR,pico_7_9,1,0.69625,8.125,22.25,32.375,14.0
2025-04-27,SUROESTE2,fuera_pico_10_12,1,0.6925,9.55,33.5,56.25,26.17
2025-04-27,SUROESTE2,pico_7_9,1,0.72,14.45,12.0,43.75,13.129999999999999
2025-04-28,CENTRO,fuera_pico_10_12,1,1.63,19.3,14.0,55.5,41.63
2025-04-28,CENTRO,pico_7_9,1,1.52,13.3,10.5,36.0,29.130000000000003
2025-04-28,NORESTE3,fuera_pico_10_12,0,0.6613333333333333,10.625,23.5,47.32166666666667,31.745
2025-04-28,NORESTE3,pico_7_9,0,0.5931666666666666,11.05,16.066666666666666,36.218333333333334,21.655
2025-04-28,NOROESTE3,fuera_pico_10_12,0,1.64,7.800000000000001,22.0,45.66666666666667,41.695
2025-04-28,NOROESTE3,pico_7_9,0,1.6933333333333331,6.800000000000001,10.5,35.0,36.44
2025-04-28,NORTE2,fuera_pico_10_12,1,0.7925,16.025,19.5,53.79,26.0
2025-04-28,NORTE2,pico_7_9,1,0.7525,15.6,10.0,33.0,16.2825
2025-04-28,SUR,fuera_pico_10_12,1,0.7775000000000001,6.7875,26.5,44.625,24.454583333333332
2025-04-28,SUR,pico_7_9,1,0.70875,5.975,19.75,32.5,16.166666666666664
2025-04-28,SUROESTE2,fuera_pico_10_12,1,0.9299999999999999,16.45,15.75,60.5,26.4
2025-04-28,SUROESTE2,pico_7_9,1,0.7475,15.025,8.25,44.5,16.5475
2025-04-29,CENTRO,fuera_pico_10_12,1,1.47,11.6,22.5,38.0,22.585
2025-04-29,CENTRO,pico_7_9,1,1.4100000000000001,12.3,13.5,30.0,20.765
2025-04-29,NORESTE3,fuera_pico_10_12,0,0.6073333333333333,8.125,25.15,33.22,15.655
2025-04-29,NORESTE3,pico_7_9,0,0.5948333333333333,12.625,15.316666666666666,32.333333333333336,11.0
2025-04-29,NOROESTE3,fuera_pico_10_12,0,1.5766666666666669,6.75,22.666666666666668,45.16666666666667,37.245
2025-04-29,NOROESTE3,pico_7_9,0,1.54,7.550000000000001,12.833333333333332,30.0,18.185000000000002
2025-04-29,NORTE2,fuera_pico_10_12,1,0.7100000000000001,13.15,23.25,35.7775,14.8375
2025-04-29,NORTE2,pico_7_9,1,0.695,16.1,13.75,28.54,9.620000000000001
2025-04-29,SUR,fuera_pico_10_12,1,0.6950000000000001,5.325,27.5,33.875,15.21
2025-04-29,SUR,pico_7_9,1,0.7224999999999999,8.5375,17.875,30.0,11.004999999999999
2025-04-29,SUROESTE2,fuera_pico_10_12,1,0.755,14.25,18.75,48.25,21.72
2025-04-29,SUROESTE2,pico_7_9,1,0.6675,17.575,6.75,35.5,9.6825
2025-04-30,CENTRO,fuera_pico_10_12,1,1.79,24.0,28.0,54.5,31.71
2025-04-30,CENTRO,pico_7_9,1,1.5,13.45,10.5,41.0,25.675
2025-04-30,NORESTE3,fuera_pico_10_12,0,0.5583333333333333,8.75,31.383333333333333,39.96999999999999,18.465
2025-04-30,NORESTE3,pico_7_9,0,0.7355,19.0,10.933333333333334,49.196666666666665,17.84
2025-04-30,NOROESTE3,fuera_pico_10_12,0,1.5500000000000003,8.7,33.333333333333336,56.0,27.515
2025-04-30,NOROESTE3,pico_7_9,0,1.8216666666666668,11.45,5.666666666666666,43.66666666666666,24.465
2025-04-30,NORTE2,fuera_pico_10_12,1,0.78,18.775,29.25,54.155,20.802500000000002
2025-04-30,NORTE2,pico_7_9,1,0.8574999999999999,22.950000000000003,6.0,46.614999999999995,13.344999999999999
2025-04-30,SUR,fuera_pico_10_12,1,0.8325,12.412500000000001,34.625,53.5,32.635416666666664
2025-04-30,SUR,pico_7_9,1,0.8625,16.049999999999997,11.125,59.0,17.071666666666665
2025-04-30,SUROESTE2,fuera_pico_10_12,1,1.01,24.9,29.5,85.25,33.4075
2025-04-30,SUROESTE2,pico_7_9,1,1.1775,22.275,3.75,71.75,22.2775
2025-05-01,CENTRO,fuera_pico_10_12,1,1.665,21.55,34.5,55.0,42.60708550075949
2025-05-01,CENTRO,pico_7_9,1,1.6150000000000002,15.15,13.0,46.5,28.108212193752074
2025-05-01,NORESTE3,fuera_pico_10_12,0,0.5815,12.8,28.416666666666664,46.85166666666667,29.445
2025-05-01,NORESTE3,pico_7_9,0,0.724,12.925,15.616666666666665,44.44833333333334,21.045
2025-05-01,NOROESTE3,fuera_pico_10_12,0,1.5266666666666666,8.350000000000001,35.83333333333333,57.66666666666667,30.25
2025-05-01,NOROESTE3,pico_7_9,0,1.5866666666666664,12.85,9.166666666666668,48.0,32.17
2025-05-01,NORTE2,fuera_pico_10_12,1,0.6925,16.325,33.5,42.629999999999995,24.2825
2025-05-01,NORTE2,pico_7_9,1,0.69,18.6,11.75,36.4125,18.135
2025-05-01,SUR,fuera_pico_10_12,1,0.82375,10.075,46.125,51.66666666666667,36.307500000000005
2025-05-01,SUR,pico_7_9,1,0.81625,13.5625,15.25,42.16666666666666,21.95375
2025-05-01,SUROESTE2,fuera_pico_10_12,1,0.745,18.5,36.0,50.0,44.0
2025-05-01,SUROESTE2,pico_7_9,1,0.5175,16.125,11.0,32.0,19.0
2025-05-02,CENTRO,fuera_pico_10_12,1,1.665,17.1,24.0,35.09,23.355
2025-05-02,CENTRO,pico_7_9,1,1.63,24.75,8.0,35.695,24.41
2025-05-02,NORESTE3,fuera_pico_10_12,0,0.4808333333333332,12.774999999999999,22.46666666666667,45.905,22.155
2025-05-02,NORESTE3,pico_7_9,0,0.4959166666666667,14.775,15.25,36.376666666666665,18.485
2025-05-02,NOROESTE3,fuera_pico_10_12,0,1.5566666666666666,5.0,31.166666666666668,33.833333333333336,33.18026056299677
2025-05-02,NOROESTE3,pico_7_9,0,1.5383333333333336,7.9,22.166666666666668,27.166666666666668,31.26625
2025-05-02,NORTE2,fuera_pico_10_12,1,0.7949999999999999,17.125,24.5,40.167500000000004,22.927500000000002
2025-05-02,NORTE2,pico_7_9,1,0.755,18.65,16.75,29.6025,17.7425
2025-05-02,SUR,fuera_pico_10_12,1,0.87,8.425,29.75,38.375,22.44125
2025-05-02,SUR,pico_7_9,1,0.8725,12.5125,18.75,27.625,20.700833333333335
2025-05-02,SUROESTE2,fuera_pico_10_12,1,0.6699999999999999,16.299999999999997,24.0,37.5,31.0
2025-05-02,SUROESTE2,pico_7_9,1,0.475,16.9,17.0,31.5,23.0
2025-05-03,CENTRO,fuera_pico_10_12,1,1.48,10.25,27.5,27.590000000000003,5.425
2025-05-03,CENTRO,pico_7_9,1,1.475,7.3999999999999995,27.0,15.075,7.1850000000000005
2025-05-03,NORESTE3,fuera_pico_10_12,0,0.4405,10.05,26.083333333333332,13.0075,3.33
2025-05-03,NORESTE3,pico_7_9,0,0.4165,8.399999999999999,27.0,13.245833333333334,3.165
2025-05-03,NOROESTE3,fuera_pico_10_12,0,1.3966666666666667,4.25,24.333333333333336,21.666666666666664,5.497609366781699
2025-05-03,NOROESTE3,pico_7_9,0,1.3350000000000002,3.3,24.33333333333333,16.5,5.4704999999999995
2025-05-03,NORTE2,fuera_pico_10_12,1,0.405,16.2,22.0,44.0,4.2475000000000005
2025-05-03,NORTE2,pico_7_9,1,0.45999999999999996,9.075,24.75,23.2275,3.6550000000000002
2025-05-03,SUR,fuera_pico_10_12,1,0.73875,9.225000000000001,25.5,16.625,4.525833333333334
2025-05-03,SUR,pico_7_9,1,0.70625,7.562499999999999,25.375,18.5,4.63
2025-05-03,SUROESTE2,fuera_pico_10_12,1,0.47,13.05,22.0,21.0,4.5
2025-05-03,SUROESTE2,pico_7_9,1,0.355,8.55,25.0,14.0,10.0
2025-05-04,CENTRO,fuera_pico_10_12,1,0.75,12.15,24.5,5.77,4.8100000000000005
2025-05-04,CENTRO,pico_7_9,1,0.6799999999999999,8.85,28.5,4.17,3.285
2025-05-04,NORESTE3,fuera_pico_10_12,0,0.49724999999999997,9.149999999999999,23.116666666666664,8.105,6.895
2025-05-04,NORESTE3,pico_7_9,0,0.4605,10.85,20.316666666666663,6.8225,7.08
2025-05-04,NOROESTE3,fuera_pico_10_12,0,1.48,5.050000000000001,27.333333333333336,9.5,14.010000000000002
2025-05-04,NOROESTE3,pico_7_9,0,1.4849999999999999,7.550000000000001,24.0,10.0,5.654999999999999
2025-05-04,NORTE2,fuera_pico_10_12,1,0.4774999999999999,12.225,21.75,13.0,10.5
2025-05-04,NORTE2,pico_7_9,1,0.5225,14.075,17.5,13.5,10.25
2025-05-04,SUR,fuera_pico_10_12,1,0.7875000000000001,6.275,28.875,12.125,4.61
2025-05-04,SUR,pico_7_9,1,0.76875,7.675,26.375,13.5,5.236666666666666
2025-05-04,SUROESTE2,fuera_pico_10_12,1,0.34,11.149999999999999,24.5,16.5,10.7
2025-05-04,SUROESTE2,pico_7_9,1,0.31999999999999995,15.25,17.5,18.0,8.899999999999999
2025-05-05,CENTRO,fuera_pico_10_12,1,0.86,10.55,28.0,25.1,19.105
2025-05-05,CENTRO,pico_7_9,1,0.8300000000000001,13.5,11.5,18.05,15.030000000000001
2025-05-05,NORESTE3,fuera_pico_10_12,0,0.4311666666666667,10.25,22.625,26.814999999999998,21.118333333333332
2025-05-05,NORESTE3,pico_7_9,0,0.42975,11.649999999999999,18.1,20.5,17.388333333333332
2025-05-05,NOROESTE3,fuera_pico_10_12,0,1.6166666666666667,5.5,32.333333333333336,37.66666666666667,29.41
2025-05-05,NOROESTE3,pico_7_9,0,1.5266666666666668,6.1,12.0,28.166666666666664,23.39
2025-05-05,NORTE2,fuera_pico_10_12,1,0.5700000000000001,10.85,28.5,32.5,15.0
2025-05-05,NORTE2,pico_7_9,1,0.5275000000000001,12.425,14.0,25.25,15.0
2025-05-05,SUR,fuera_pico_10_12,1,0.79375,5.775,28.875,27.0,17.57333333333333
2025-05-05,SUR,pico_7_9,1,0.81125,8.2375,17.75,25.458333333333336,15.163333333333334
2025-05-05,SUROESTE2,fuera_pico_10_12,1,0.5449999999999999,14.7,23.0,40.5,16.0
2025-05-05,SUROESTE2,pico_7_9,1,0.45,12.95,10.5,31.5,28.0
2025-05-06,CENTRO,fuera_pico_10_12,1,1.135,24.5,36.5,57.09,33.754999999999995
2025-05-06,CENTRO,pico_7_9,1,1.025,17.3,6.5,38.675,27.265
2025-05-06,NORESTE3,fuera_pico_10_12,0,0.47916666666666663,13.3,40.21666666666667,51.28,30.58
2025-05-06,NORESTE3,pico_7_9,0,0.6032500000000001,15.35,13.033333333333333,50.245000000000005,26.225
2025-05-06,NOROESTE3,fuera_pico_10_12,0,1.6400000000000001,11.149999999999999,40.16666666666667,78.0,10.815000000000001
2025-05-06,NOROESTE3,pico_7_9,0,1.668333333333333,10.2,5.666666666666666,61.66666666666667,44.099999999999994
2025-05-06,NORTE2,fuera_pico_10_12,1,0.855,20.549999999999997,38.25,57.0025,26.91
2025-05-06,NORTE2,pico_7_9,1,0.7424999999999999,14.625,8.0,55.0,24.25
2025-05-06,SUR,fuera_pico_10_12,1,1.01375,13.325,43.125,62.75,36.9825
2025-05-06,SUR,pico_7_9,1,0.95,10.9625,14.25,47.75,31.200833333333335
2025-05-06,SUROESTE2,fuera_pico_10_12,1,0.855,24.35,34.5,87.0,37.5
2025-05-06,SUROESTE2,pico_7_9,1,0.7,15.35,5.5,62.0,20.5
2025-05-07,CENTRO,fuera_pico_10_12,1,0.9450000000000001,26.85,34.5,55.0,23.675
2025-05-07,CENTRO,pico_7_9,1,0.89,26.05,17.0,44.0,22.095
2025-05-07,NORESTE3,fuera_pico_10_12,0,0.36175,9.475,41.33333333333333,33.925,17.98
2025-05-07,NORESTE3,pico_7_9,0,0.4584999999999999,14.2,26.9,27.2025,16.585
2025-05-07,NOROESTE3,fuera_pico_10_12,0,1.4949999999999997,10.2,43.66666666666666,58.5,20.495
2025-05-07,NOROESTE3,pico_7_9,0,1.54,9.75,19.0,51.33333333333333,32.67
2025-05-07,NORTE2,fuera_pico_10_12,1,0.47,11.45,46.0,52.212500000000006,20.1725
2025-05-07,NORTE2,pico_7_9,1,0.53,15.7,25.75,46.2725,12.675
2025-05-07,SUR,fuera_pico_10_12,1,0.8674999999999999,9.55,49.375,50.125,24.483333333333334
2025-05-07,SUR,pico_7_9,1,0.8687499999999999,13.149999999999999,28.5,42.375,18.6075
2025-05-07,SUROESTE2,fuera_pico_10_12,1,1.0525,20.675,34.0,66.0,35.5
2025-05-07,SUROESTE2,pico_7_9,1,1.065,22.325,15.0,43.25,17.125
2025-05-08,CENTRO,fuera_pico_10_12,1,0.96,10.65,24.0,24.0,11.870000000000001
2025-05-08,CENTRO,pico_7_9,1,0.8899999999999999,11.7,17.0,28.0,15.004999999999999
2025-05-08,NORESTE3,fuera_pico_10_12,0,0.4708333333333333,11.2,25.733333333333334,31.578333333333333,14.125
2025-05-08,NORESTE3,pico_7_9,0,0.38,13.075,18.766666666666666,23.751666666666665,12.58
2025-05-08,NOROESTE3,fuera_pico_10_12,0,1.4833333333333334,4.699999999999999,24.5,20.166666666666668,16.768333333333334
2025-05-08,NOROESTE3,pico_7_9,0,1.4783333333333333,5.0,20.333333333333336,19.166666666666664,13.030000000000001
2025-05-08,NORTE2,fuera_pico_10_12,1,0.58,14.950000000000001,17.5,31.0,11.0
2025-05-08,NORTE2,pico_7_9,1,0.49749999999999994,12.1,17.0,20.997500000000002,14.76
2025-05-08,SUR,fuera_pico_10_12,1,0.9200000000000002,8.825,24.166666666666668,15.416666666666668,14.0
2025-05-08,SUR,pico_7_9,1,0.735,7.725,21.75,26.0,9.5
2025-05-08,SUROESTE2,fuera_pico_10_12,1,0.9325,12.475,20.25,26.0,18.5
2025-05-08,SUROESTE2,pico_7_9,1,0.8674999999999999,15.175,12.75,40.5,26.75
2025-05-09,CENTRO,fuera_pico_10_12,1,0.8400000000000001,18.4,28.5,30.0,13.955
2025-05-09,CENTRO,pico_7_9,1,0.7849999999999999,14.95,28.5,20.5,10.0
2025-05-09,NORESTE3,fuera_pico_10_12,0,0.3298333333333333,12.5,43.583333333333336,28.37833333333333,8.36
2025-05-09,NORESTE3,pico_7_9,0,0.459,12.350000000000001,39.733333333333334,21.416666666666664,6.725
2025-05-09,NOROESTE3,fuera_pico_10_12,0,1.4449999999999998,7.8,37.66666666666667,31.5,9.31
2025-05-09,NOROESTE3,pico_7_9,0,1.4316666666666666,6.0,32.66666666666667,11.416666666666668,8.395
2025-05-09,NORTE2,fuera_pico_10_12,1,0.5075000000000001,16.35,31.75,27.9525,9.55
2025-05-09,NORTE2,pico_7_9,1,0.5475,17.55,26.5,29.520000000000003,6.46
2025-05-09,SUR,fuera_pico_10_12,1,0.9566666666666668,17.833333333333332,33.33333333333333,29.125,9.04
2025-05-09,SUR,pico_7_9,1,0.855,12.899999999999999,33.83333333333333,22.25,6.905
2025-05-09,SUROESTE2,fuera_pico_10_12,1,0.37,16.35,32.0,33.0,5.444444444444445
2025-05-09,SUROESTE2,pico_7_9,1,0.33999999999999997,13.649999999999999,28.5,19.5,5.739876686867801
2025-05-10,CENTRO,fuera_pico_10_12,0,0.7050000000000001,8.649999999999999,53.5,37.5,11.7
2025-05-10,CENTRO,pico_7_9,0,0.815,22.65,21.0,26.0,10.219999999999999
2025-05-10,NORESTE3,fuera_pico_10_12,0,0.33316666666666667,8.625,56.03333333333333,29.795,5.949999999999999
2025-05-10,NORESTE3,pico_7_9,0,0.53925,21.65,27.133333333333333,52.70166666666667,12.895
2025-05-10,NOROESTE3,fuera_pico_10_12,0,1.4000000000000001,4.1,53.83333333333333,28.5,7.25
2025-05-10,NOROESTE3,pico_7_9,0,1.6833333333333331,16.15,16.333333333333332,52.5,17.835
2025-05-10,NORTE2,fuera_pico_10_12,1,0.45,11.875,47.0,33.9825,10.719999999999999
2025-05-10,NORTE2,pico_7_9,1,0.665,24.425,21.25,46.5275,10.2725
2025-05-10,SUR,fuera_pico_10_12,1,0.8475,7.0625,55.375,32.25,7.736666666666667
2025-05-10,SUR,pico_7_9,1,1.05375,23.7375,19.25,55.75,19.351666666666667
2025-05-10,SUROESTE2,fuera_pico_10_12,1,0.7375,15.4,42.25,50.25,16.25
2025-05-10,SUROESTE2,pico_7_9,1,0.8474999999999999,22.174999999999997,14.75,62.25,12.75
2025-05-11,CENTRO,fuera_pico_10_12,0,0.5549999999999999,6.25,63.0,34.0,13.665
2025-05-11,CENTRO,pico_7_9,0,0.7350000000000001,16.25,30.5,25.5,15.53
2025-05-11,NORESTE3,fuera_pico_10_12,0,0.36849999999999994,7.625,67.43333333333334,24.613333333333333,6.66
2025-05-11,NORESTE3,pico_7_9,0,0.5666666666666667,25.150000000000002,21.43333333333333,55.39333333333333,21.235
2025-05-11,NOROESTE3,fuera_pico_10_12,0,1.3916666666666666,4.550000000000001,64.83333333333334,22.333333333333336,8.28
2025-05-11,NOROESTE3,pico_7_9,0,1.5533333333333335,8.399999999999999,27.5,35.33333333333333,16.0
2025-05-11,NORTE2,fuera_pico_10_12,1,0.30500000000000005,6.75,64.0,21.8825,11.0125
2025-05-11,NORTE2,pico_7_9,1,0.4549999999999999,15.725000000000001,35.0,31.8075,9.002500000000001
2025-05-11,SUR,fuera_pico_10_12,1,0.8400000000000001,7.9625,62.875,31.875,13.754999999999999
2025-05-11,SUR,pico_7_9,1,1.05375,19.487499999999997,19.5,52.375,25.354999999999997
2025-05-11,SUROESTE2,fuera_pico_10_12,1,0.5125,5.875,59.5,34.0,17.0
2025-05-11,SUROESTE2,pico_7_9,1,0.6649999999999999,15.549999999999999,29.75,35.75,10.0
2025-05-12,CENTRO,fuera_pico_10_12,0,1.045,16.902744904701873,58.5,41.5,14.135
2025-05-12,CENTRO,pico_7_9,0,0.71,22.304416995998373,30.5,32.5,13.0
2025-05-12,NORESTE3,fuera_pico_10_12,0,0.5088333333333334,12.925,56.06666666666666,58.891666666666666,13.575
2025-05-12,NORESTE3,pico_7_9,0,0.7903333333333333,38.6,12.466666666666665,81.49333333333334,25.985
2025-05-12,NOROESTE3,fuera_pico_10_12,0,1.545,10.6,61.33333333333333,48.33333333333333,12.030000000000001
2025-05-12,NOROESTE3,pico_7_9,0,1.9249999999999998,20.25,14.333333333333334,67.5,21.015
2025-05-12,NORTE2,fuera_pico_10_12,1,0.6,19.55,56.25,47.7825,20.68
2025-05-12,NORTE2,pico_7_9,1,0.8375,35.925,11.0,76.4225,20.96
2025-05-12,SUR,fuera_pico_10_12,1,1.04875,22.2125,57.375,50.875,24.921666666666667
2025-05-12,SUR,pico_7_9,1,1.06,28.075000000000003,20.25,60.0,34.004999999999995
2025-05-12,SUROESTE2,fuera_pico_10_12,1,0.755,17.4,54.25,64.25,33.0
2025-05-12,SUROESTE2,pico_7_9,1,0.9,28.9,22.5,66.75,12.75
2025-05-13,CENTRO,fuera_pico_10_12,0,1.19,52.599999999999994,45.5,67.0,26.205
2025-05-13,CENTRO,pico_7_9,0,1.395,39.15,9.0,82.0,31.84
2025-05-13,NORESTE3,fuera_pico_10_12,0,0.5696666666666668,18.4,54.66666666666667,73.86333333333334,21.58
2025-05-13,NORESTE3,pico_7_9,0,0.498,29.2,18.383333333333333,67.31666666666666,19.009999999999998
2025-05-13,NOROESTE3,fuera_pico_10_12,0,1.6108333333333333,13.616666666666667,65.25,52.41666666666667,16.105
2025-05-13,NOROESTE3,pico_7_9,0,1.978333333333333,18.1,15.333333333333332,69.16666666666666,20.265
2025-05-13,NORTE2,fuera_pico_10_12,1,0.8975,28.950000000000003,52.5,62.677499999999995,26.805
2025-05-13,NORTE2,pico_7_9,1,0.8625,35.675,9.25,70.395,22.1375
2025-05-13,SUR,fuera_pico_10_12,1,1.2175,34.5375,57.625,78.5,32.55
2025-05-13,SUR,pico_7_9,1,1.24125,29.7125,17.375,70.25,26.393749999999997
2025-05-13,SUROESTE2,fuera_pico_10_12,1,0.8925,26.224999999999998,59.25,72.5,43.5
2025-05-13,SUROESTE2,pico_7_9,1,1.0875,32.875,19.75,81.25,13.0
2025-05-14,CENTRO,fuera_pico_10_12,0,1.31,55.6,57.5,83.0,33.34
2025-05-14,CENTRO,pico_7_9,0,1.2200000000000002,37.3,8.5,67.0,35.34
2025-05-14,NORESTE3,fuera_pico_10_12,0,0.7351666666666667,29.05,55.383333333333326,98.62333333333333,36.295
2025-05-14,NORESTE3,pico_7_9,0,0.5206666666666666,28.25,14.583333333333332,59.019999999999996,26.11
2025-05-14,NOROESTE3,fuera_pico_10_12,0,1.8233333333333335,14.850000000000001,66.5,95.16666666666669,23.265
2025-05-14,NOROESTE3,pico_7_9,0,1.83,13.580555555555556,12.166666666666668,98.16666666666666,31.14
2025-05-14,NORTE2,fuera_pico_10_12,1,0.8825000000000001,35.4,56.75,83.4275,31.1325
2025-05-14,NORTE2,pico_7_9,1,0.7925,34.6,8.5,89.05000000000001,29.5
2025-05-14,SUR,fuera_pico_10_12,1,1.2974999999999999,38.5,55.5,89.375,41.988749999999996
2025-05-14,SUR,pico_7_9,1,1.1875,26.887500000000003,15.875,70.25,30.26833333333333
2025-05-14,SUROESTE2,fuera_pico_10_12,1,1.0499999999999998,44.725,57.75,106.0,63.5
2025-05-14,SUROESTE2,pico_7_9,1,0.79,38.05,17.5,49.0,31.333333333333336
2025-05-15,CENTRO,fuera_pico_10_12,0,1.4300000000000002,37.6,58.0,93.0,52.945
2025-05-15,CENTRO,pico_7_9,0,1.205,24.45,19.5,60.5,46.195
2025-05-15,NORESTE3,fuera_pico_10_12,0,0.6565000000000001,20.125,50.050000000000004,68.06666666666666,36.47
2025-05-15,NORESTE3,pico_7_9,0,0.5475000000000001,20.45,27.4,56.156666666666666,34.885000000000005
2025-05-15,NOROESTE3,fuera_pico_10_12,0,1.9316666666666666,18.45,53.333333333333336,83.33333333333334,12.555
2025-05-15,NOROESTE3,pico_7_9,0,1.8283333333333336,12.3,21.166666666666664,69.0,42.339999999999996
2025-05-15,NORTE2,fuera_pico_10_12,1,0.73,27.25,53.0,86.86,36.725
2025-05-15,NORTE2,pico_7_9,1,0.8200000000000001,29.4,17.5,77.2,40.35
2025-05-15,SUR,fuera_pico_10_12,1,1.2725,23.887500000000003,61.625,95.75,53.4975
2025-05-15,SUR,pico_7_9,1,1.13875,22.0375,25.25,70.125,40.65625
2025-05-15,SUROESTE2,fuera_pico_10_12,1,0.925,21.6,45.75,120.5,76.5
2025-05-15,SUROESTE2,pico_7_9,1,1.3199999999999998,37.5,7.25,94.75,39.5
2025-05-16,CENTRO,fuera_pico_10_12,0,1.49,29.75,43.0,70.5,45.08
2025-05-16,CENTRO,pico_7_9,0,1.3199999999999998,23.5,13.0,54.5,34.30500000000001
2025-05-16,NORESTE3,fuera_pico_10_12,0,0.49799999999999994,13.7,40.31666666666666,52.743333333333325,38.53
2025-05-16,NORESTE3,pico_7_9,0,0.4261666666666667,18.35,20.833333333333332,55.73166666666667,31.549999999999997
2025-05-16,NOROESTE3,fuera_pico_10_12,0,1.8016666666666667,12.7,40.833333333333336,68.66666666666666,49.385
2025-05-16,NOROESTE3,pico_7_9,0,1.7616666666666667,13.45,13.333333333333332,52.33333333333333,45.852500000000006
2025-05-16,NORTE2,fuera_pico_10_12,1,0.675,18.225,46.75,57.55500000000001,39.31
2025-05-16,NORTE2,pico_7_9,1,0.7050000000000001,19.825,14.75,56.925,25.155
2025-05-16,SUR,fuera_pico_10_12,1,1.0662500000000001,12.0,49.625,59.375,45.540000000000006
2025-05-16,SUR,pico_7_9,1,1.0525,15.775,18.625,43.625,32.968333333333334
2025-05-16,SUROESTE2,fuera_pico_10_12,1,1.3925,27.3,38.5,82.25,56.5
2025-05-16,SUROESTE2,pico_7_9,1,1.0775,22.1,7.75,69.25,24.0
2025-05-17,CENTRO,fuera_pico_10_12,0,1.2349999999999999,25.9,20.0,66.5,50.785
2025-05-17,CENTRO,pico_7_9,0,1.0950000000000002,14.2,12.5,50.0,33.705
2025-05-17,NORESTE3,fuera_pico_10_12,0,0.49999999999999994,10.825,32.46666666666667,59.52166666666666,41.97
2025-05-17,NORESTE3,pico_7_9,0,0.39216666666666666,13.65,18.066666666666666,60.641666666666666,31.3
2025-05-17,NOROESTE3,fuera_pico_10_12,0,1.8783333333333334,6.5,39.333333333333336,61.5,52.650000000000006
2025-05-17,NOROESTE3,pico_7_9,0,1.6916666666666669,7.25,17.5,42.5,39.625
2025-05-17,NORTE2,fuera_pico_10_12,1,0.6849999999999999,13.45,40.5,58.980000000000004,42.9225
2025-05-17,NORTE2,pico_7_9,1,0.565,13.425,18.0,45.6575,28.997500000000002
2025-05-17,SUR,fuera_pico_10_12,1,1.09375,6.6875,37.75,63.25,43.42875
2025-05-17,SUR,pico_7_9,1,1.01125,10.1125,19.125,44.125,30.76083333333333
2025-05-17,SUROESTE2,fuera_pico_10_12,1,1.1324999999999998,19.075000000000003,29.75,82.5,54.0
2025-05-17,SUROESTE2,pico_7_9,1,0.9425,12.95,11.5,52.25,29.0
2025-05-18,CENTRO,fuera_pico_10_12,0,0.9450000000000001,16.1475,21.0,47.5,46.0
2025-05-18,CENTRO,pico_7_9,0,1.01,16.645,22.5,48.0,37.315
2025-05-18,NORESTE3,fuera_pico_10_12,0,0.37433333333333335,8.8,28.25,52.233333333333334,38.955
2025-05-18,NORESTE3,pico_7_9,0,0.3378333333333333,8.024999999999999,24.700000000000003,49.46666666666667,32.855000000000004
2025-05-18,NOROESTE3,fuera_pico_10_12,0,1.7366666666666668,4.199999999999999,33.33333333333333,49.33333333333333,56.51681818181819
2025-05-18,NOROESTE3,pico_7_9,0,1.685,3.5,23.0,40.833333333333336,42.36262074143145
2025-05-18,NORTE2,fuera_pico_10_12,1,0.5325,8.05,31.25,45.58,25.927500000000002
2025-05-18,NORTE2,pico_7_9,1,0.47250000000000003,8.15,23.5,42.0075,29.317500000000003
2025-05-18,SUR,fuera_pico_10_12,1,1.00125,5.45,31.375,45.75,33.77666666666667
2025-05-18,SUR,pico_7_9,1,0.95625,4.987500000000001,26.5,41.5,34.12833333333334
2025-05-18,SUROESTE2,fuera_pico_10_12,1,0.9575,11.725000000000001,25.25,68.25,48.5
2025-05-18,SUROESTE2,pico_7_9,1,0.8225,9.774999999999999,18.75,62.0,35.0
2025-05-19,CENTRO,fuera_pico_10_12,0,1.32,25.0,41.5,64.5,41.285
2025-05-19,CENTRO,pico_7_9,0,1.115,21.0,12.5,60.5,36.5
2025-05-19,NORESTE3,fuera_pico_10_12,0,0.5575000000000001,13.55,31.300000000000004,48.33666666666666,34.03
2025-05-19,NORESTE3,pico_7_9,0,0.4308333333333333,15.3,17.333333333333336,48.379999999999995,29.08
2025-05-19,NOROESTE3,fuera_pico_10_12,0,1.9316666666666666,11.65,32.99999999999999,67.33333333333333,9.89
2025-05-19,NOROESTE3,pico_7_9,0,1.9383333333333335,12.649999999999999,11.0,57.5,44.28
2025-05-19,NORTE2,fuera_pico_10_12,1,0.715,16.925,37.5,52.9,24.02
2025-05-19,NORTE2,pico_7_9,1,0.6825,16.425,16.0,51.25,26.935000000000002
2025-05-19,SUR,fuera_pico_10_12,1,1.135,13.25,49.375,58.0,40.525
2025-05-19,SUR,pico_7_9,1,1.0150000000000001,10.399999999999999,22.5,43.25,30.689999999999998
2025-05-19,SUROESTE2,fuera_pico_10_12,1,1.1575000000000002,21.475,30.25,90.5,62.0
2025-05-19,SUROESTE2,pico_7_9,1,1.1974999999999998,20.025,9.75,69.25,30.0
2025-05-20,CENTRO,fuera_pico_10_12,0,1.2200000000000002,17.450000000000003,47.5,77.5,39.495000000000005
2025-05-20,CENTRO,pico_7_9,0,1.2349999999999999,17.299999999999997,7.5,60.0,35.28
2025-05-20,NORESTE3,fuera_pico_10_12,0,0.42474999999999996,10.825,33.266666666666666,57.96,32.2
2025-05-20,NORESTE3,pico_7_9,0,0.3686666666666667,18.05,11.366666666666667,42.09166666666667,30.080000000000002
2025-05-20,NOROESTE3,fuera_pico_10_12,0,1.6383333333333334,4.6,50.5,64.83333333333334,28.785
2025-05-20,NOROESTE3,pico_7_9,0,1.95,9.65,9.5,62.41666666666667,45.959999999999994
2025-05-20,NORTE2,fuera_pico_10_12,1,0.69,13.3,36.25,88.95249999999999,30.7925
2025-05-20,NORTE2,pico_7_9,1,0.9099999999999999,20.225,7.75,48.980000000000004,20.9975
2025-05-20,SUR,fuera_pico_10_12,1,1.04625,8.1625,43.0,67.375,36.9775
2025-05-20,SUR,pico_7_9,1,1.1125,15.087499999999999,14.125,52.125,29.48833333333333
2025-05-20,SUROESTE2,fuera_pico_10_12,1,1.22,20.775,48.0,81.75,59.5
2025-05-20,SUROESTE2,pico_7_9,1,1.06,24.575000000000003,9.5,58.0,30.5
2025-05-21,CENTRO,fuera_pico_10_12,0,1.1949999999999998,14.95,39.0,72.5,41.98
2025-05-21,CENTRO,pico_7_9,0,1.255,22.3,7.5,68.5,43.72
2025-05-21,NORESTE3,fuera_pico_10_12,0,0.4174999999999999,9.35,25.3,47.47,32.7
2025-05-21,NORESTE3,pico_7_9,0,0.4103333333333333,19.15,11.9,57.25,34.681
2025-05-21,NOROESTE3,fuera_pico_10_12,0,1.7683333333333335,6.050000000000001,37.333333333333336,60.33333333333333,50.45
2025-05-21,NOROESTE3,pico_7_9,0,1.9266666666666667,11.0,14.0,54.333333333333336,47.10217391304347
2025-05-21,NORTE2,fuera_pico_10_12,1,0.625,13.625,36.25,61.832499999999996,33.86
2025-05-21,NORTE2,pico_7_9,1,0.8175000000000001,21.45,7.75,69.825,41.045
2025-05-21,SUR,fuera_pico_10_12,1,1.12,8.625,34.5,61.125,32.92333333333333
2025-05-21,SUR,pico_7_9,1,1.18125,16.4375,15.75,67.75,39.905
2025-05-21,SUROESTE2,fuera_pico_10_12,1,1.12,18.6,36.25,76.5,50.0
2025-05-21,SUROESTE2,pico_7_9,1,1.0525,16.1,16.0,60.0,34.5
2025-05-22,CENTRO,fuera_pico_10_12,0,1.0150000000000001,17.3,45.0,36.0,15.745000000000001
2025-05-22,CENTRO,pico_7_9,0,1.165,24.65,15.0,32.5,18.439999999999998
2025-05-22,NORESTE3,fuera_pico_10_12,0,0.41866666666666663,12.65,33.49999999999999,21.763333333333332,10.325
2025-05-22,NORESTE3,pico_7_9,0,0.5905,20.35,15.966666666666667,33.745,11.7
2025-05-22,NOROESTE3,fuera_pico_10_12,0,1.76,8.5,42.83333333333333,48.5,22.32
2025-05-22,NOROESTE3,pico_7_9,0,1.9266666666666667,13.35,14.0,37.5,18.494999999999997
2025-05-22,NORTE2,fuera_pico_10_12,1,0.5225,14.649999999999999,39.75,32.68,14.835
2025-05-22,NORTE2,pico_7_9,1,0.6950000000000001,20.6,17.25,39.93,9.4575
2025-05-22,SUR,fuera_pico_10_12,1,1.0225,8.325,46.5,25.25,12.045
2025-05-22,SUR,pico_7_9,1,1.0879166666666666,19.558333333333337,20.25,36.91666666666667,14.555833333333332
2025-05-22,SUROESTE2,fuera_pico_10_12,1,0.98,17.075,37.0,37.0,26.5
2025-05-22,SUROESTE2,pico_7_9,1,0.9975,21.299999999999997,13.25,44.25,14.0
2025-05-23,CENTRO,fuera_pico_10_12,0,1.12,10.75,32.5,48.5,31.345
2025-05-23,CENTRO,pico_7_9,0,1.095,14.1,5.5,46.5,28.915
2025-05-23,NORESTE3,fuera_pico_10_12,0,0.5218333333333334,9.075,27.599999999999994,31.17,23.32
2025-05-23,NORESTE3,pico_7_9,0,0.4396666666666666,12.100000000000001,11.583333333333332,34.971666666666664,19.25
2025-05-23,NOROESTE3,fuera_pico_10_12,0,1.67,5.050000000000001,31.5,41.83333333333333,34.81
2025-05-23,NOROESTE3,pico_7_9,0,1.708333333333333,6.0,8.666666666666668,37.583333333333336,29.38
2025-05-23,NORTE2,fuera_pico_10_12,1,0.5349999999999999,10.05,33.25,40.16,16.4675
2025-05-23,NORTE2,pico_7_9,1,0.62,12.1,7.25,40.84,19.71
2025-05-23,SUR,fuera_pico_10_12,1,1.04375,6.074999999999999,30.75,42.0,26.42833333333333
2025-05-23,SUR,pico_7_9,1,0.995,7.824999999999999,13.5,28.0,16.126666666666665
2025-05-23,SUROESTE2,fuera_pico_10_12,1,1.06,14.100000000000001,21.0,46.25,21.5
2025-05-23,SUROESTE2,pico_7_9,1,1.0075,13.5,5.25,52.25,18.5
2025-05-24,CENTRO,fuera_pico_10_12,0,1.3,19.8,19.0,61.5,43.675
2025-05-24,CENTRO,pico_7_9,0,1.0350000000000001,12.75,5.5,40.0,26.689999999999998
2025-05-24,NORESTE3,fuera_pico_10_12,0,0.47450000000000003,10.025,18.71666666666667,38.40833333333333,25.245
2025-05-24,NORESTE3,pico_7_9,0,0.357,10.3,10.766666666666667,39.89,17.65
2025-05-24,NOROESTE3,fuera_pico_10_12,0,1.7833333333333332,5.65,29.666666666666664,57.0,30.786212491079215
2025-05-24,NOROESTE3,pico_7_9,0,1.7616666666666667,5.15,8.666666666666668,35.833333333333336,19.526873195808413
2025-05-24,NORTE2,fuera_pico_10_12,1,0.635,12.025,22.25,41.0875,23.0975
2025-05-24,NORTE2,pico_7_9,1,0.5,9.8,8.75,29.2275,16.884999999999998
2025-05-24,SUR,fuera_pico_10_12,1,1.05,8.35,25.75,41.875,21.81
2025-05-24,SUR,pico_7_9,1,0.9575,6.125,12.5,29.625,12.903333333333334
2025-05-24,SUROESTE2,fuera_pico_10_12,0,1.2125,16.85,25.0,52.5,33.5
2025-05-24,SUROESTE2,pico_7_9,0,0.88,11.875,7.75,38.75,19.0
2025-05-25,CENTRO,fuera_pico_10_12,0,1.09,14.399999999999999,26.5,44.5,32.675
2025-05-25,CENTRO,pico_7_9,0,1.02,12.05,6.5,35.0,19.07
2025-05-25,NORESTE3,fuera_pico_10_12,0,0.42549999999999993,7.45,25.483333333333334,25.468333333333334,18.515
2025-05-25,NORESTE3,pico_7_9,0,0.35433333333333333,7.45,13.883333333333333,23.33,9.899999999999999
2025-05-25,NOROESTE3,fuera_pico_10_12,0,1.7249999999999996,3.9499999999999997,30.833333333333336,36.33333333333333,27.034048504180106
2025-05-25,NOROESTE3,pico_7_9,0,1.7016666666666667,4.4,9.833333333333334,26.333333333333336,11.675487165755502
2025-05-25,NORTE2,fuera_pico_10_12,1,0.4724999999999999,7.15,32.5,36.175,16.715
2025-05-25,NORTE2,pico_7_9,1,0.4925,6.9750000000000005,10.5,24.802500000000002,7.2225
2025-05-25,SUR,fuera_pico_10_12,1,1.14,5.612500000000001,32.875,34.23166666666667,25.405833333333334
2025-05-25,SUR,pico_7_9,1,1.0383333333333333,5.050000000000001,14.625,19.372500000000002,11.348333333333333
2025-05-25,SUROESTE2,fuera_pico_10_12,0,0.9824999999999999,11.95,23.5,30.75,20.2
2025-05-25,SUROESTE2,pico_7_9,0,0.8775,8.85,7.75,35.5,11.0
2025-05-26,CENTRO,fuera_pico_10_12,0,1.31,18.6,47.0,62.0,35.849999999999994
2025-05-26,CENTRO,pico_7_9,0,1.21,23.15,9.0,52.0,39.45
2025-05-26,NORESTE3,fuera_pico_10_12,0,0.6196666666666666,12.9,40.33333333333333,39.525000000000006,27.6
2025-05-26,NORESTE3,pico_7_9,0,0.5186666666666666,14.625,15.583333333333334,41.28833333333333,24.990000000000002
2025-05-26,NOROESTE3,fuera_pico_10_12,0,2.0300000000000002,8.65,39.0,57.66666666666667,34.72927419354838
2025-05-26,NOROESTE3,pico_7_9,0,1.8099999999999998,9.9,23.666666666666664,39.16666666666667,24.13091853922635
2025-05-26,NORTE2,fuera_pico_10_12,1,0.7525,18.2,45.0,55.5025,21.4225
2025-05-26,NORTE2,pico_7_9,1,0.6875,16.875,15.0,50.39,20.775
2025-05-26,SUR,fuera_pico_10_12,1,1.3016666666666667,10.8875,53.375,59.8575,40.818333333333335
2025-05-26,SUR,pico_7_9,1,1.2783333333333333,13.85,17.5,49.35125,29.34083333333333
2025-05-26,SUROESTE2,fuera_pico_10_12,0,1.2275,21.55,32.25,57.0,19.299999999999997
2025-05-26,SUROESTE2,pico_7_9,0,1.055,19.375,15.75,32.0,15.25
2025-05-27,CENTRO,fuera_pico_10_12,0,1.1549999999999998,8.95,30.5,48.0,37.885000000000005
2025-05-27,CENTRO,pico_7_9,0,1.1400000000000001,9.3,16.5,42.0,29.865000000000002
2025-05-27,NORESTE3,fuera_pico_10_12,0,0.5486666666666666,9.175,27.166666666666664,43.866666666666674,27.0
2025-05-27,NORESTE3,pico_7_9,0,0.4079999999999999,10.149999999999999,16.31666666666667,37.06166666666667,21.075000000000003
2025-05-27,NOROESTE3,fuera_pico_10_12,0,1.7149999999999999,4.9,28.999999999999996,43.0,37.190625
2025-05-27,NOROESTE3,pico_7_9,0,1.6416666666666666,3.2,15.0,38.66666666666666,32.00970678370666
2025-05-27,NORTE2,fuera_pico_10_12,1,0.53,10.25,29.5,36.41,21.015
2025-05-27,NORTE2,pico_7_9,1,0.6175,11.0,12.75,39.92,15.379999999999999
2025-05-27,SUR,fuera_pico_10_12,1,1.1883333333333332,5.6375,31.625,43.0,34.071666666666665
2025-05-27,SUR,pico_7_9,1,1.16,10.5375,14.75,40.75,25.803333333333335
2025-05-27,SUROESTE2,fuera_pico_10_12,0,0.9824999999999999,11.6,25.0,54.75,25.0
2025-05-27,SUROESTE2,pico_7_9,0,0.9475,10.725000000000001,14.75,53.25,27.25
2025-05-28,CENTRO,fuera_pico_10_12,0,1.3,14.3,28.5,53.5,39.355000000000004
2025-05-28,CENTRO,pico_7_9,0,1.15,9.9,17.0,48.0,37.45
2025-05-28,NORESTE3,fuera_pico_10_12,0,0.5031666666666665,9.675,28.96666666666666,40.123333333333335,26.355
2025-05-28,NORESTE3,pico_7_9,0,0.49499999999999994,12.274999999999999,19.65,44.623333333333335,27.595
2025-05-28,NOROESTE3,fuera_pico_10_12,0,1.626666666666667,4.05,41.0,40.16666666666666,35.68642857142857
2025-05-28,NOROESTE3,pico_7_9,0,1.6783333333333335,4.05,22.0,36.5,31.18407275011156
2025-05-28,NORTE2,fuera_pico_10_12,1,0.7075,15.3,26.25,44.32,22.009999999999998
2025-05-28,NORTE2,pico_7_9,1,0.6125,12.125,15.75,37.36,24.25
2025-05-28,SUR,fuera_pico_10_12,1,1.1783333333333332,4.4625,35.375,44.625,31.078333333333333
2025-05-28,SUR,pico_7_9,1,1.1400000000000001,6.475,19.5,37.25,26.265
2025-05-28,SUROESTE2,fuera_pico_10_12,0,1.0274999999999999,11.65,29.75,57.25,29.0
2025-05-28,SUROESTE2,pico_7_9,0,0.9575,14.8,12.25,52.75,26.25
2025-05-29,CENTRO,fuera_pico_10_12,0,1.275,18.55,41.5,42.0,30.975
2025-05-29,CENTRO,pico_7_9,0,1.12,17.45,19.5,32.5,23.77
2025-05-29,NORESTE3,fuera_pico_10_12,0,0.5315000000000001,12.425,33.349999999999994,27.578333333333333,14.82
2025-05-29,NORESTE3,pico_7_9,0,0.449,13.95,18.266666666666666,25.89333333333333,12.225
2025-05-29,NOROESTE3,fuera_pico_10_12,0,1.6150000000000002,5.85,41.333333333333336,37.0,26.865000000000002
2025-05-29,NOROESTE3,pico_7_9,0,1.7583333333333333,8.75,17.5,30.166666666666664,24.0
2025-05-29,NORTE2,fuera_pico_10_12,1,0.6174999999999999,15.825,38.75,43.705,11.3725
2025-05-29,NORTE2,pico_7_9,1,0.65,17.6,17.25,33.89,11.95
2025-05-29,SUR,fuera_pico_10_12,1,1.2283333333333335,9.475,43.625,35.78125,20.441666666666666
2025-05-29,SUR,pico_7_9,1,1.1933333333333334,12.975000000000001,18.5,37.33333333333333,15.668333333333333
2025-05-29,SUROESTE2,fuera_pico_10_12,0,1.175,16.55,32.75,55.25,29.75
2025-05-29,SUROESTE2,pico_7_9,0,0.8925,15.825,14.5,38.5,14.75
2025-05-30,CENTRO,fuera_pico_10_12,0,1.29,13.9,8.0,44.5,26.68
2025-05-30,CENTRO,pico_7_9,0,1.2,14.15,6.5,45.5,30.825
2025-05-30,NORESTE3,fuera_pico_10_12,0,0.4658333333333333,9.175,18.46666666666666,26.22833333333333,15.895
2025-05-30,NORESTE3,pico_7_9,0,0.37616666666666665,10.725,13.149999999999999,33.32333333333334,15.75
2025-05-30,NOROESTE3,fuera_pico_10_12,0,1.6383333333333332,3.7,19.83333333333333,38.33333333333333,29.945
2025-05-30,NOROESTE3,pico_7_9,0,1.648333333333333,6.1,9.666666666666668,35.16666666666666,30.09
2025-05-30,NORTE2,fuera_pico_10_12,1,0.6425000000000001,11.25,13.75,44.332499999999996,14.205
2025-05-30,NORTE2,pico_7_9,1,0.6375,10.850000000000001,8.75,41.2775,19.91
2025-05-30,SUR,fuera_pico_10_12,1,1.195,6.800000000000001,18.25,37.6225,18.509999999999998
2025-05-30,SUR,pico_7_9,1,1.1133333333333333,7.7625,12.0,29.7625,16.853333333333335
2025-05-30,SUROESTE2,fuera_pico_10_12,0,1.1275,13.05,9.0,61.25,21.25
2025-05-30,SUROESTE2,pico_7_9,0,1.05,12.675,5.75,43.75,21.25
2025-05-31,CENTRO,fuera_pico_10_12,0,1.43,18.45,34.5,27.0,19.9
2025-05-31,CENTRO,pico_7_9,0,1.385,18.950000000000003,6.5,33.5,15.57
2025-05-31,NORESTE3,fuera_pico_10_12,0,0.5221666666666667,15.049999999999999,27.01666666666667,33.33,11.975
2025-05-31,NORESTE3,pico_7_9,0,0.5668333333333333,19.15,9.575,33.745000000000005,13.645
2025-05-31,NOROESTE3,fuera_pico_10_12,0,1.7183333333333333,6.800000000000001,37.5,29.0,18.39
2025-05-31,NOROESTE3,pico_7_9,0,1.9566666666666663,10.7,5.0,42.0,24.235
2025-05-31,NORTE2,fuera_pico_10_12,1,0.65,15.274999999999999,30.75,38.275,10.5625
2025-05-31,NORTE2,pico_7_9,1,0.8125,20.6,6.5,47.34,12.24
2025-05-31,SUR,fuera_pico_10_12,1,1.3533333333333333,13.3625,31.0,35.5,15.253333333333334
2025-05-31,SUR,pico_7_9,1,1.501666666666667,15.5625,6.75,38.625,19.468333333333334
2025-05-31,SUROESTE2,fuera_pico_10_12,0,1.015,13.825,30.5,37.25,26.0
2025-05-31,SUROESTE2,pico_7_9,0,1.095,18.175,6.5,30.5,12.0
2025-06-01,CENTRO,fuera_pico_10_12,0,1.33,24.549999999999997,40.0,46.0,26.185000000000002
2025-06-01,CENTRO,pico_7_9,0,1.35,17.3,8.5,42.5,21.42
2025-06-01,NORESTE3,fuera_pico_10_12,0,0.7370906378800413,11.991515400173663,22.549999999999997,31.233333333333334,16.46
2025-06-01,NORESTE3,pico_7_9,0,0.5080224709980808,10.642747203010899,10.649999999999999,26.515,10.785
2025-06-01,NOROESTE3,fuera_pico_10_12,0,1.8016666666666667,5.85,46.5,43.5,18.665
2025-06-01,NOROESTE3,pico_7_9,0,1.9799999999999998,9.65,6.833333333333334,54.0,30.240000000000002
2025-06-01,NORTE2,fuera_pico_10_12,1,0.7625,15.35,41.75,52.5,13.7725
2025-06-01,NORTE2,pico_7_9,1,0.655,15.625,9.75,50.5,15.674999999999999
2025-06-01,SUR,fuera_pico_10_12,1,1.2466666666666666,8.612499999999999,44.125,39.875,22.41166666666667
2025-06-01,SUR,pico_7_9,1,1.2516666666666665,10.7875,11.5,38.25,15.275833333333333
2025-06-01,SUROESTE2,fuera_pico_10_12,0,0.9475,11.1,44.25,52.5,22.5
2025-06-01,SUROESTE2,pico_7_9,0,0.9125000000000001,11.175,12.25,36.5,15.75
2025-06-02,CENTRO,fuera_pico_10_12,0,1.555,26.200000000000003,24.5,79.0,49.44
2025-06-02,CENTRO,pico_7_9,0,1.385,13.15,7.0,69.5,43.81
2025-06-02,NORESTE3,fuera_pico_10_12,0,1.6715507224297406,10.822065759328003,20.575000000000003,51.82333333333334,16.795
2025-06-02,NORESTE3,pico_7_9,0,0.7653574083586018,12.293626611467886,11.275,47.84,12.245000000000001
2025-06-02,NOROESTE3,fuera_pico_10_12,0,1.8566666666666665,7.45,31.833333333333332,79.16666666666666,27.148125
2025-06-02,NOROESTE3,pico_7_9,0,1.7733333333333334,5.95,6.0,71.16666666666666,24.968836745618837
2025-06-02,NORTE2,fuera_pico_10_12,1,0.6950000000000001,14.0,34.0,59.34,31.240000000000002
2025-06-02,NORTE2,pico_7_9,1,0.6699999999999999,10.675,6.75,56.4975,26.35
2025-06-02,SUR,fuera_pico_10_12,1,1.356666666666667,9.5625,30.875,71.125,30.23333333333333
2025-06-02,SUR,pico_7_9,1,1.25,9.175,9.25,67.625,28.633333333333336
2025-06-02,SUROESTE2,fuera_pico_10_12,0,1.2825,17.7,29.0,83.75,40.5
2025-06-02,SUROESTE2,pico_7_9,0,1.04,11.774999999999999,6.75,47.5,20.75
2025-06-03,CENTRO,fuera_pico_10_12,0,1.4249999999999998,16.6,17.5,69.0,43.95
2025-06-03,CENTRO,pico_7_9,0,1.195,11.3,6.5,48.5,37.545
2025-06-03,NORESTE3,fuera_pico_10_12,0,0.6452173334380111,10.785915158091417,17.125,47.77166666666666,26.525
2025-06-03,NORESTE3,pico_7_9,0,0.8109233599928103,10.144578971908917,13.1,40.269999999999996,23.634999999999998
2025-06-03,NOROESTE3,fuera_pico_10_12,0,1.5175,5.0,32.5,55.5,37.56
2025-06-03,NOROESTE3,pico_7_9,0,1.7175,5.15,7.5,49.0,37.425
2025-06-03,NORTE2,fuera_pico_10_12,1,0.6975,11.925,25.75,58.620000000000005,22.475
2025-06-03,NORTE2,pico_7_9,1,0.5549999999999999,8.675,8.5,52.685,18.6925
2025-06-03,SUR,fuera_pico_10_12,1,1.2633333333333332,7.9125,27.75,42.25,29.9575
2025-06-03,SUR,pico_7_9,1,1.18,5.575,12.625,28.25,26.534999999999997
2025-06-03,SUROESTE2,fuera_pico_10_12,0,1.2425,17.675,25.25,85.5,41.5
2025-06-03,SUROESTE2,pico_7_9,0,0.97,11.35,3.5,57.25,26.75
2025-06-04,CENTRO,fuera_pico_10_12,0,1.4449999999999998,22.75,17.0,58.0,43.045
2025-06-04,CENTRO,pico_7_9,0,1.245,17.416666666666668,8.5,42.5,34.510000000000005
2025-06-04,NORESTE3,fuera_pico_10_12,0,0.5754509035236278,10.284156949075665,18.075,35.29,20.009999999999998
2025-06-04,NORESTE3,pico_7_9,0,0.6797787598905491,10.642549675972134,15.15,38.614999999999995,24.255
2025-06-04,NOROESTE3,fuera_pico_10_12,0,1.5375,4.5,37.0,36.5,32.74
2025-06-04,NOROESTE3,pico_7_9,0,1.65,3.8499999999999996,15.75,37.0,35.41166666666667
2025-06-04,NORTE2,fuera_pico_10_12,1,0.7575000000000001,12.15,19.0,50.835,17.8
2025-06-04,NORTE2,pico_7_9,1,0.6125,11.225000000000001,10.75,44.37,27.1
2025-06-04,SUR,fuera_pico_10_12,1,1.3350000000000002,6.5,26.375,36.625,22.82208333333333
2025-06-04,SUR,pico_7_9,1,1.23,6.3875,15.625,31.75,18.263333333333335
2025-06-04,SUROESTE2,fuera_pico_10_12,0,1.1675,16.325,25.5,66.75,29.75
2025-06-04,SUROESTE2,pico_7_9,0,0.935,13.2,12.5,59.75,29.5
2025-06-05,CENTRO,fuera_pico_10_12,0,1.315,14.75,27.0,45.5,30.75
2025-06-05,CENTRO,pico_7_9,0,1.19,12.1,7.5,28.5,20.41
2025-06-05,NORESTE3,fuera_pico_10_12,0,1.0515596697240173,10.922023960313822,23.825000000000003,29.240000000000002,15.725
2025-06-05,NORESTE3,pico_7_9,0,0.535395630627315,10.84329138268103,14.5,30.688333333333333,13.79
2025-06-05,NOROESTE3,fuera_pico_10_12,0,1.46,4.3,35.5,33.5,27.525
2025-06-05,NOROESTE3,pico_7_9,0,1.4825,4.1,12.0,32.0,23.825000000000003
2025-06-05,NORTE2,fuera_pico_10_12,1,0.575,10.85,30.75,42.69,16.8225
2025-06-05,NORTE2,pico_7_9,1,0.5525,10.45,11.5,35.4675,12.5275
2025-06-05,SUR,fuera_pico_10_12,1,1.1833333333333333,6.145833333333334,29.375,33.08333333333333,17.71
2025-06-05,SUR,pico_7_9,1,1.1066666666666665,6.5,14.333333333333334,25.166666666666664,12.445
2025-06-05,SUROESTE2,fuera_pico_10_12,0,1.1175000000000002,13.525,28.25,53.75,28.25
2025-06-05,SUROESTE2,pico_7_9,0,0.925,10.2,9.75,36.0,12.0
2025-06-06,CENTRO,fuera_pico_10_12,0,1.3250000000000002,13.8,25.5,44.0,28.355
2025-06-06,CENTRO,pico_7_9,0,1.205,13.05,6.5,32.0,18.705
2025-06-06,NORESTE3,fuera_pico_10_12,0,1.009698650901778,9.27823967471845,24.45,30.001666666666665,15.585
2025-06-06,NORESTE3,pico_7_9,0,0.5590126537604829,11.906456843438754,14.325,32.153333333333336,14.739999999999998
2025-06-06,NOROESTE3,fuera_pico_10_12,0,1.7916666666666665,4.5,30.5,39.0,26.08
2025-06-06,NOROESTE3,pico_7_9,0,1.72,5.199999999999999,10.333333333333332,28.166666666666664,22.317500000000003
2025-06-06,NORTE2,fuera_pico_10_12,1,0.5325,10.225,26.75,46.095,15.09
2025-06-06,NORTE2,pico_7_9,1,0.5225,10.8,9.0,36.31,10.93
2025-06-06,SUR,fuera_pico_10_12,1,1.1466666666666665,4.550000000000001,26.25,32.0,15.332916666666668
2025-06-06,SUR,pico_7_9,1,1.0866666666666667,4.574999999999999,14.625,27.25,10.468333333333332
2025-06-06,SUROESTE2,fuera_pico_10_12,0,1.0825,15.55,20.0,58.25,24.0
2025-06-06,SUROESTE2,pico_7_9,0,0.9675,12.05,5.75,41.0,12.0
2025-06-07,CENTRO,fuera_pico_10_12,0,1.315,16.25,25.5,55.0,35.635
2025-06-07,CENTRO,pico_7_9,0,1.19,15.7,9.0,38.0,23.28
2025-06-07,NORESTE3,fuera_pico_10_12,0,1.1620537001715774,10.369299006789069,24.625,39.69,18.160333333333334
2025-06-07,NORESTE3,pico_7_9,0,0.7058873925555662,10.391816682406176,17.299999999999997,40.8,14.56
2025-06-07,NOROESTE3,fuera_pico_10_12,0,1.7266666666666666,4.9,31.33333333333333,58.0,29.490000000000002
2025-06-07,NOROESTE3,pico_7_9,0,1.6666666666666665,5.800000000000001,12.166666666666666,37.0,18.685
2025-06-07,NORTE2,fuera_pico_10_12,1,0.535,11.850000000000001,25.5,48.885000000000005,17.590000000000003
2025-06-07,NORTE2,pico_7_9,1,0.4624999999999999,11.425,12.5,42.8975,11.83
2025-06-07,SUR,fuera_pico_10_12,1,1.1616666666666666,5.925000000000001,31.125,41.375,19.44375
2025-06-07,SUR,pico_7_9,1,1.0950000000000002,5.975,18.625,35.125,15.018749999999999
2025-06-07,SUROESTE2,fuera_pico_10_12,0,1.0575,13.375,26.5,62.25,27.25
2025-06-07,SUROESTE2,pico_7_9,0,0.9075,10.774999999999999,9.75,38.75,11.0
2025-06-08,CENTRO,fuera_pico_10_12,0,1.2650000000000001,16.75,38.0,47.0,20.490000000000002
2025-06-08,CENTRO,pico_7_9,0,1.1949999999999998,15.65,10.0,40.0,19.03
2025-06-08,NORESTE3,fuera_pico_10_12,0,0.8727791110102618,9.752546429622125,32.6,21.5,11.885000000000002
2025-06-08,NORESTE3,pico_7_9,0,0.6347686689876848,8.566812448481805,21.425,20.965,9.16
2025-06-08,NOROESTE3,fuera_pico_10_12,0,1.6766666666666665,5.699999999999999,40.83333333333333,58.83333333333333,25.095
2025-06-08,NOROESTE3,pico_7_9,0,1.5983333333333336,6.9,12.333333333333332,29.333333333333336,16.03
2025-06-08,NORTE2,fuera_pico_10_12,1,0.37,10.350000000000001,30.25,32.25,13.5
2025-06-08,NORTE2,pico_7_9,1,0.37499999999999994,11.524999999999999,12.75,28.75,9.25
2025-06-08,SUR,fuera_pico_10_12,1,1.17,5.737500000000001,42.75,33.625,14.57
2025-06-08,SUR,pico_7_9,1,1.1366666666666667,5.949999999999999,19.5,27.625,5.3675
2025-06-08,SUROESTE2,fuera_pico_10_12,0,0.665,16.4,41.5,45.25,40.0
2025-06-08,SUROESTE2,pico_7_9,0,0.95,12.825,8.5,40.75,9.25
2025-06-09,CENTRO,fuera_pico_10_12,0,1.02,21.049999999999997,30.0,55.5,28.07
2025-06-09,CENTRO,pico_7_9,0,0.73,15.850000000000001,8.5,35.5,17.5
2025-06-09,NORESTE3,fuera_pico_10_12,0,1.0213641167697571,11.16806608380344,28.35,33.72833333333334,23.185
2025-06-09,NORESTE3,pico_7_9,0,0.708348185805715,10.585240727100306,15.85,32.03666666666667,14.945
2025-06-09,NOROESTE3,fuera_pico_10_12,0,1.82,7.15,28.666666666666664,62.666666666666664,26.656470588235294
2025-06-09,NOROESTE3,pico_7_9,0,1.6316666666666666,6.949999999999999,9.5,32.66666666666667,20.118224455319677
2025-06-09,NORTE2,fuera_pico_10_12,1,0.5800000000000001,13.975000000000001,29.5,46.085,18.465
2025-06-09,NORTE2,pico_7_9,1,0.515,11.075,11.25,36.5,9.25
2025-06-09,SUR,fuera_pico_10_12,1,1.2349999999999999,8.2,33.875,44.375,20.7225
2025-06-09,SUR,pico_7_9,1,1.1683333333333334,8.5625,14.375,31.25,9.627500000000001
2025-06-09,SUROESTE2,fuera_pico_10_12,0,1.2650000000000001,19.0,28.25,64.0,36.5
2025-06-09,SUROESTE2,pico_7_9,0,1.025,12.0,7.5,35.5,11.0
2025-06-10,CENTRO,fuera_pico_10_12,0,1.8,10.100000000000001,23.5,45.0,33.165000000000006
2025-06-10,CENTRO,pico_7_9,0,1.7349999999999999,9.05,10.5,43.5,29.835
2025-06-10,NORESTE3,fuera_pico_10_12,0,0.8025461011144572,9.188900667212138,24.525,47.63666666666667,26.89
2025-06-10,NORESTE3,pico_7_9,0,0.6678109820205163,8.805780132921228,18.0,41.263333333333335,24.89
2025-06-10,NOROESTE3,fuera_pico_10_12,0,1.8066666666666664,3.9000000000000004,29.999999999999996,49.16666666666666,36.935
2025-06-10,NOROESTE3,pico_7_9,0,1.7933333333333334,4.3,9.833333333333334,38.5,31.185000000000002
2025-06-10,NORTE2,fuera_pico_10_12,1,0.5650000000000001,10.725,25.25,52.555,22.6675
2025-06-10,NORTE2,pico_7_9,1,0.5075000000000001,10.45,18.75,40.682500000000005,20.525
2025-06-10,SUR,fuera_pico_10_12,1,1.1966666666666668,3.5625,28.75,42.25,24.3325
2025-06-10,SUR,pico_7_9,1,1.14,4.9,18.0,34.75,19.497500000000002
2025-06-10,SUROESTE2,fuera_pico_10_12,0,1.045,11.95,24.0,50.0,27.25
2025-06-10,SUROESTE2,pico_7_9,0,1.0050000000000001,11.475,6.25,34.5,22.25
2025-06-11,CENTRO,fuera_pico_10_12,0,1.705,8.1,31.5,20.0,5.945
2025-06-11,CENTRO,pico_7_9,0,1.865,16.45,21.0,17.5,7.754999999999999
2025-06-11,NORESTE3,fuera_pico_10_12,0,0.9542236220839058,10.57973267902093,30.975,18.366666666666667,5.705
2025-06-11,NORESTE3,pico_7_9,0,0.7801275748051325,11.836433925446249,21.9,11.941666666666666,5.575
2025-06-11,NOROESTE3,fuera_pico_10_12,0,1.425,6.550000000000001,29.0,14.666666666666668,10.1425
2025-06-11,NOROESTE3,pico_7_9,0,1.3975,5.0,22.75,10.75,6.699999999999999
2025-06-11,NORTE2,fuera_pico_10_12,1,0.5425,14.200000000000001,26.0,28.3825,4.71
2025-06-11,NORTE2,pico_7_9,1,0.6699999999999999,15.049999999999999,21.0,24.57,5.665
2025-06-11,SUR,fuera_pico_10_12,1,1.235,7.375,34.875,17.25,5.6075
2025-06-11,SUR,pico_7_9,1,1.1966666666666668,13.487499999999999,21.375,11.125,5.26
2025-06-11,SUROESTE2,fuera_pico_10_12,0,1.0125,12.225,25.75,17.75,5.75
2025-06-11,SUROESTE2,pico_7_9,0,0.9924999999999999,15.425,16.75,19.25,7.25
2025-06-12,CENTRO,fuera_pico_10_12,0,1.94,19.25,40.5,43.5,31.97
2025-06-12,CENTRO,pico_7_9,0,1.745,15.5,11.0,25.5,17.93
2025-06-12,NORESTE3,fuera_pico_10_12,0,1.0289455929124662,10.953098934405938,12.0,43.08,19.745
2025-06-12,NORESTE3,pico_7_9,0,1.1593126574955714,12.224534981770585,6.0,51.93,15.629999999999999
2025-06-12,NOROESTE3,fuera_pico_10_12,0,1.6933333333333331,6.0,37.83333333333333,42.5,21.15
2025-06-12,NOROESTE3,pico_7_9,0,1.92,6.85,7.166666666666667,67.33333333333333,28.765
2025-06-12,NORTE2,fuera_pico_10_12,1,0.6575,14.825000000000001,35.0,56.0775,20.35
2025-06-12,NORTE2,pico_7_9,1,0.625,15.0,10.0,48.3725,11.27
2025-06-12,SUR,fuera_pico_10_12,1,1.3250000000000002,10.0625,37.625,36.375,20.59166666666667
2025-06-12,SUR,pico_7_9,1,1.3033333333333335,9.2625,12.25,22.25,11.97
2025-06-12,SUROESTE2,fuera_pico_10_12,0,1.255,16.6,41.25,63.5,42.5
2025-06-12,SUROESTE2,pico_7_9,0,1.0625,13.8,10.25,52.25,15.0
2025-06-13,CENTRO,fuera_pico_10_12,0,1.9,20.9,20.5,46.0,32.614999999999995
2025-06-13,CENTRO,pico_7_9,0,1.775,24.3,9.5,41.0,21.56
2025-06-13,NORESTE3,fuera_pico_10_12,0,0.797347659290643,11.314306525028995,20.8,40.321666666666665,17.77
2025-06-13,NORESTE3,pico_7_9,0,0.7192091123987643,14.561352866948589,12.725000000000001,32.54,11.870000000000001
2025-06-13,NOROESTE3,fuera_pico_10_12,0,1.6733333333333333,8.1,24.33333333333333,50.66666666666667,32.93
2025-06-13,NOROESTE3,pico_7_9,0,1.6416666666666666,9.25,12.833333333333332,39.333333333333336,21.755
2025-06-13,NORTE2,fuera_pico_10_12,1,0.6625,18.4,21.0,61.197500000000005,20.119999999999997
2025-06-13,NORTE2,pico_7_9,1,0.565,16.4,14.5,43.6425,10.305
2025-06-13,SUR,fuera_pico_10_12,1,1.2850000000000001,10.9125,28.375,38.375,16.835
2025-06-13,SUR,pico_7_9,1,1.2533333333333334,13.725,15.875,31.25,11.3325
2025-06-13,SUROESTE2,fuera_pico_10_12,0,1.3275000000000001,17.725,26.0,61.75,32.25
2025-06-13,SUROESTE2,pico_7_9,0,1.2825,20.225,7.5,42.5,12.0
2025-06-14,CENTRO,fuera_pico_10_12,0,1.61,12.95,32.0,50.5,42.24
2025-06-14,CENTRO,pico_7_9,0,1.525,10.3,19.0,35.5,36.14333333333333
2025-06-14,NORESTE3,fuera_pico_10_12,0,0.6869647362007634,9.851800392774702,23.8,44.96333333333334,24.130000000000003
2025-06-14,NORESTE3,pico_7_9,0,0.7350823183782924,8.455260998430443,16.275,48.038333333333334,25.21
2025-06-14,NOROESTE3,fuera_pico_10_12,0,1.7200000000000002,4.1,36.5,47.08333333333333,36.56375
2025-06-14,NOROESTE3,pico_7_9,0,1.6883333333333335,3.9,16.0,39.33333333333333,30.87761158562266
2025-06-14,NORTE2,fuera_pico_10_12,1,0.53,10.4,32.25,54.6475,20.3225
2025-06-14,NORTE2,pico_7_9,1,0.4674999999999999,10.4,17.5,52.3375,22.4825
2025-06-14,SUR,fuera_pico_10_12,1,1.4325,4.504166666666666,33.08333333333333,42.125,26.605
2025-06-14,SUR,pico_7_9,1,1.1666666666666665,5.1875,22.625,37.625,24.56375
2025-06-14,SUROESTE2,fuera_pico_10_12,0,1.0775000000000001,12.975,30.75,65.5,36.25
2025-06-14,SUROESTE2,pico_7_9,0,0.9275,10.375,19.25,46.5,23.75
2025-06-15,CENTRO,fuera_pico_10_12,0,1.46,7.949999999999999,34.0,34.5,32.295
2025-06-15,CENTRO,pico_7_9,0,1.435,6.2,16.0,33.0,25.825000000000003
2025-06-15,NORESTE3,fuera_pico_10_12,0,0.5793874799918828,7.669503992173773,38.1,28.56083333333333,21.97
2025-06-15,NORESTE3,pico_7_9,0,0.5401155683235501,8.967885666927593,26.85,30.090833333333336,19.92
2025-06-15,NOROESTE3,fuera_pico_10_12,0,1.6399999999999997,2.55,34.666666666666664,35.66666666666667,30.11
2025-06-15,NOROESTE3,pico_7_9,0,1.6233333333333335,3.05,15.166666666666668,31.5,27.725
2025-06-15,NORTE2,fuera_pico_10_12,1,0.425,6.15,34.5,42.25,17.5
2025-06-15,NORTE2,pico_7_9,1,0.38749999999999996,7.875,16.5,40.25,16.25
2025-06-15,SUR,fuera_pico_10_12,1,1.2433333333333332,3.2625,32.875,32.5,24.573333333333334
2025-06-15,SUR,pico_7_9,1,1.2016666666666667,3.5625,20.25,29.5,19.246666666666666
2025-06-15,SUROESTE2,fuera_pico_10_12,0,0.9425,7.25,32.25,45.75,26.75
2025-06-15,SUROESTE2,pico_7_9,0,0.8575,6.525,17.25,31.0,15.25
2025-06-16,CENTRO,fuera_pico_10_12,0,1.725,19.05,41.0,38.5,21.424999999999997
2025-06-16,CENTRO,pico_7_9,0,1.54,15.65,14.0,29.0,17.884999999999998
2025-06-16,NORESTE3,fuera_pico_10_12,0,0.7889540890121214,10.48622115104106,44.85,24.491666666666667,11.99
2025-06-16,NORESTE3,pico_7_9,0,0.8062478952847717,12.983452372745818,25.450000000000003,22.821666666666665,12.175
2025-06-16,NOROESTE3,fuera_pico_10_12,0,1.6349999999999998,6.9,35.83333333333333,37.83333333333333,15.73
2025-06-16,NOROESTE3,pico_7_9,0,1.7166666666666668,7.5,12.666666666666666,26.333333333333336,15.879999999999999
2025-06-16,NORTE2,fuera_pico_10_12,1,0.57,14.875,33.75,47.0225,16.0825
2025-06-16,NORTE2,pico_7_9,1,0.5800000000000001,15.325,13.5,35.5,10.5
2025-06-16,SUR,fuera_pico_10_12,1,1.385,11.087499999999999,45.375,38.125,16.945
2025-06-16,SUR,pico_7_9,1,1.3083333333333333,8.9,18.0,26.75,10.40375
2025-06-16,SUROESTE2,fuera_pico_10_12,0,1.2575,17.65,34.0,50.25,23.75
2025-06-16,SUROESTE2,pico_7_9,0,1.12,15.75,10.5,32.75,10.5
2025-06-17,CENTRO,fuera_pico_10_12,0,1.4849999999999999,16.5,46.5,39.5,15.025
2025-06-17,CENTRO,pico_7_9,0,1.38,16.3,20.0,23.5,11.55
2025-06-17,NORESTE3,fuera_pico_10_12,0,1.5623212871606156,9.923735932576083,43.95,26.0225,6.609999999999999
2025-06-17,NORESTE3,pico_7_9,0,1.0646044444166236,11.389720436305769,34.35,20.231666666666662,5.41
2025-06-17,NOROESTE3,fuera_pico_10_12,0,2.1775,6.1,49.75,42.83333333333333,14.06
2025-06-17,NOROESTE3,pico_7_9,0,2.16,8.2,18.0,27.666666666666668,10.555
2025-06-17,NORTE2,fuera_pico_10_12,1,0.28500000000000003,14.100000000000001,46.5,44.1725,12.0975
2025-06-17,NORTE2,pico_7_9,1,0.4574999999999999,14.875,19.75,38.082499999999996,4.8225
2025-06-17,SUR,fuera_pico_10_12,1,1.2866666666666666,5.0625,41.375,25.875,10.2075
2025-06-17,SUR,pico_7_9,1,1.2583333333333333,8.274999999999999,25.5,22.25,7.284166666666666
2025-06-17,SUROESTE2,fuera_pico_10_12,0,1.2075,17.375,43.25,48.5,21.0
2025-06-17,SUROESTE2,pico_7_9,0,1.0350000000000001,17.725,12.0,27.25,5.5
2025-06-18,CENTRO,fuera_pico_10_12,0,1.52,21.4,42.0,51.5,17.795
2025-06-18,CENTRO,pico_7_9,0,1.46,19.1,13.0,33.5,11.285
2025-06-18,NORESTE3,fuera_pico_10_12,0,1.2438537569751702,12.380414829818498,37.8,25.081666666666667,7.78
2025-06-18,NORESTE3,pico_7_9,0,1.4320649191228128,9.7339346225658,23.950000000000003,28.968333333333334,10.265
2025-06-18,NOROESTE3,fuera_pico_10_12,0,2.1174999999999997,7.95,34.25,56.16666666666667,17.375
2025-06-18,NOROESTE3,pico_7_9,0,2.1175,10.2,11.75,43.16666666666667,12.16
2025-06-18,NORTE2,fuera_pico_10_12,1,0.27,15.600000000000001,35.5,41.0,22.0
2025-06-18,NORTE2,pico_7_9,1,0.345,15.274999999999999,12.5,36.5,9.33
2025-06-18,SUR,fuera_pico_10_12,1,1.355,8.9625,41.0,36.5,11.68375
2025-06-18,SUR,pico_7_9,1,1.2766666666666668,11.4,17.5,23.75,7.430000000000001
2025-06-18,SUROESTE2,fuera_pico_10_12,0,1.2675,21.9,31.75,62.75,25.0
2025-06-18,SUROESTE2,pico_7_9,0,1.135,16.650000000000002,10.25,34.75,9.5
2025-06-19,CENTRO,fuera_pico_10_12,0,1.315,4.5,29.0,32.0,9.22
2025-06-19,CENTRO,pico_7_9,0,1.385,10.25,14.5,27.5,14.075
2025-06-19,NORESTE3,fuera_pico_10_12,0,0.9258496857419465,8.741745583576119,31.700000000000003,28.370000000000005,9.565000000000001
2025-06-19,NORESTE3,pico_7_9,0,1.0607434013904127,8.55626299644287,23.75,31.339166666666664,11.98
2025-06-19,NOROESTE3,fuera_pico_10_12,0,2.085,2.85,28.25,36.0,13.315000000000001
2025-06-19,NOROESTE3,pico_7_9,0,2.04,3.8499999999999996,13.0,26.83333333333333,18.450000000000003
2025-06-19,NORTE2,fuera_pico_10_12,1,0.475,6.2250000000000005,27.25,39.25,14.0
2025-06-19,NORTE2,pico_7_9,1,0.3475,9.5,13.75,31.25,5.5
2025-06-19,SUR,fuera_pico_10_12,1,1.2316666666666667,3.5,27.25,35.0,11.115833333333333
2025-06-19,SUR,pico_7_9,1,1.19,3.8875,18.125,29.875,10.47625
2025-06-19,SUROESTE2,fuera_pico_10_12,0,0.88,5.275,24.5,39.25,13.25
2025-06-19,SUROESTE2,pico_7_9,0,0.965,10.2,12.0,30.5,11.75
2025-06-20,CENTRO,fuera_pico_10_12,0,1.4649999999999999,8.4,22.5,24.5,9.655
2025-06-20,CENTRO,pico_7_9,0,1.315,7.35,18.5,18.0,5.88
2025-06-20,NORESTE3,fuera_pico_10_12,0,1.324824109456347,7.846072917266145,29.15,25.433333333333334,10.434999999999999
2025-06-20,NORESTE3,pico_7_9,0,1.0808037506034405,8.52228278522411,21.65,20.87333333333333,8.325
2025-06-20,NOROESTE3,fuera_pico_10_12,0,2.135,3.75,20.75,28.0,14.835
2025-06-20,NOROESTE3,pico_7_9,0,2.1275,3.65,15.75,17.666666666666668,10.55
2025-06-20,NORTE2,fuera_pico_10_12,1,0.6875,9.15,22.25,32.5,4.1625
2025-06-20,NORTE2,pico_7_9,1,0.6925,11.075,11.75,23.25,5.75
2025-06-20,SUR,fuera_pico_10_12,1,1.2133333333333334,3.5999999999999996,23.25,24.375,7.828333333333333
2025-06-20,SUR,pico_7_9,1,1.2266666666666666,5.375,15.875,17.375,4.974166666666667
2025-06-20,SUROESTE2,fuera_pico_10_12,0,0.8600000000000001,9.274999999999999,18.5,29.75,10.25
2025-06-20,SUROESTE2,pico_7_9,0,0.7875,9.8,13.75,17.75,4.5
2025-06-21,CENTRO,fuera_pico_10_12,0,1.335,6.25,16.0,21.5,5.68
2025-06-21,CENTRO,pico_7_9,0,1.29,6.0,14.0,14.5,4.54
2025-06-21,NORESTE3,fuera_pico_10_12,0,0.922920593351797,7.47498995548254,26.9,24.590000000000003,6.55
2025-06-21,NORESTE3,pico_7_9,0,1.2662105709284106,5.842601661892386,24.65,17.1325,5.12
2025-06-21,NOROESTE3,fuera_pico_10_12,0,2.065,2.3,17.0,21.666666666666664,7.415
2025-06-21,NOROESTE3,pico_7_9,0,2.0625,2.55,14.0,13.166666666666668,6.885
2025-06-21,NORTE2,fuera_pico_10_12,1,0.6375,6.550000000000001,17.5,24.0,6.1775
2025-06-21,NORTE2,pico_7_9,1,0.5175000000000001,6.675,14.5,20.25,4.09
2025-06-21,SUR,fuera_pico_10_12,1,1.3,4.1125,18.0,18.375,7.1850000000000005
2025-06-21,SUR,pico_7_9,1,1.2116666666666664,3.825,16.25,13.875,5.0075
2025-06-21,SUROESTE2,fuera_pico_10_12,0,0.8075,6.35,14.5,23.0,6.25
2025-06-21,SUROESTE2,pico_7_9,0,0.7175,6.425,12.75,15.75,6.0
2025-06-22,CENTRO,fuera_pico_10_12,0,1.23,4.0,19.0,20.5,8.435
2025-06-22,CENTRO,pico_7_9,0,1.245,4.85,13.5,17.0,7.415
2025-06-22,NORESTE3,fuera_pico_10_12,0,0.9242469914549634,6.950127550897057,31.5,18.505000000000003,7.109999999999999
2025-06-22,NORESTE3,pico_7_9,0,1.0232658292086314,7.398178397120477,23.8,18.72,7.26
2025-06-22,NOROESTE3,fuera_pico_10_12,0,2.105,2.25,17.75,19.166666666666668,10.988333333333333
2025-06-22,NOROESTE3,pico_7_9,0,2.0425,2.25,12.75,16.5,12.178333333333335
2025-06-22,NORTE2,fuera_pico_10_12,1,0.4774999999999999,3.8499999999999996,21.25,22.0,4.75
2025-06-22,NORTE2,pico_7_9,1,0.4599999999999999,4.75,14.25,19.5,3.5
2025-06-22,SUR,fuera_pico_10_12,1,1.231666666666667,2.675,21.5,19.125,8.176666666666668
2025-06-22,SUR,pico_7_9,1,1.205,2.4000000000000004,17.125,18.333333333333336,6.166666666666667
2025-06-22,SUROESTE2,fuera_pico_10_12,0,0.735,4.775,15.25,21.25,7.25
2025-06-22,SUROESTE2,pico_7_9,0,0.7075,5.125,12.25,18.25,5.5
2025-06-23,CENTRO,fuera_pico_10_12,0,1.2149999999999999,3.2,27.0,30.0,12.12125
2025-06-23,CENTRO,pico_7_9,0,1.295,9.7,13.0,30.0,14.405000000000001
2025-06-23,NORESTE3,fuera_pico_10_12,0,0.8539205578615884,8.761379825675478,24.049999999999997,29.1725,12.545
2025-06-23,NORESTE3,pico_7_9,0,0.7133914693206158,8.769213834134312,16.875,19.001666666666665,11.06
2025-06-23,NOROESTE3,fuera_pico_10_12,0,2.0475000000000003,2.4000000000000004,25.5,31.333333333333332,16.605
2025-06-23,NOROESTE3,pico_7_9,0,2.2125,3.85,13.25,21.83333333333333,15.094999999999999
2025-06-23,NORTE2,fuera_pico_10_12,1,0.54,5.775,24.5,33.5,11.89
2025-06-23,NORTE2,pico_7_9,1,0.5874999999999999,8.55,14.0,25.5,6.75
2025-06-23,SUR,fuera_pico_10_12,1,1.27,3.0125,23.5,32.0,16.881666666666664
2025-06-23,SUR,pico_7_9,1,1.2466666666666666,3.4875,17.375,21.625,9.468333333333334
2025-06-23,SUROESTE2,fuera_pico_10_12,0,0.76,5.1,21.75,33.75,19.75
2025-06-23,SUROESTE2,pico_7_9,0,0.7875,7.800000000000001,12.25,19.25,5.0
2025-06-24,CENTRO,fuera_pico_10_12,0,1.31,7.700329500158093,28.5,40.0,20.14
2025-06-24,CENTRO,pico_7_9,0,1.315,11.8,10.0,24.0,16.705000000000002
2025-06-24,NORESTE3,fuera_pico_10_12,0,0.8799004959610534,10.799563655339085,25.025,26.108333333333334,12.02
2025-06-24,NORESTE3,pico_7_9,0,0.7567151587226879,9.560571484235865,15.350000000000001,25.75,10.905808706939347
2025-06-24,NOROESTE3,fuera_pico_10_12,0,2.16,3.9000000000000004,29.25,38.16666666666666,23.015
2025-06-24,NOROESTE3,pico_7_9,0,2.18,5.050000000000001,12.5,26.0,17.45
2025-06-24,NORTE2,fuera_pico_10_12,1,0.68,8.5,26.25,42.0,15.6125
2025-06-24,NORTE2,pico_7_9,1,0.6575,9.875,12.25,30.0,8.1975
2025-06-24,SUR,fuera_pico_10_12,1,1.3550000000000002,3.95,26.375,30.625,14.309999999999999
2025-06-24,SUR,pico_7_9,1,1.3533333333333335,5.775,15.25,22.875,10.83375
2025-06-24,SUROESTE2,fuera_pico_10_12,0,0.94,11.2,23.0,36.25,22.0
2025-06-24,SUROESTE2,pico_7_9,0,0.83,9.55,10.5,22.0,9.5
2025-06-25,CENTRO,fuera_pico_10_12,0,1.5,12.6,39.0,53.5,28.625
2025-06-25,CENTRO,pico_7_9,0,1.4249999999999998,11.6,9.0,40.5,20.91
2025-06-25,NORESTE3,fuera_pico_10_12,0,1.0610990170780985,9.656860083309988,30.75,29.344166666666666,10.29
2025-06-25,NORESTE3,pico_7_9,0,0.5518872267613186,9.87702634075611,15.55,27.936666666666667,23.43
2025-06-25,NOROESTE3,fuera_pico_10_12,0,2.175,5.85,34.5,45.0,21.4
2025-06-25,NOROESTE3,pico_7_9,0,2.1625,6.0,9.25,30.0,17.715000000000003
2025-06-25,NORTE2,fuera_pico_10_12,1,0.7175,13.175,35.25,50.75,17.025
2025-06-25,NORTE2,pico_7_9,1,0.645,11.775,9.0,32.25,11.0075
2025-06-25,SUR,fuera_pico_10_12,1,1.54,7.2749999999999995,33.5,39.375,16.76375
2025-06-25,SUR,pico_7_9,1,1.4083333333333332,7.5875,13.875,24.25,9.782916666666665
2025-06-25,SUROESTE2,fuera_pico_10_12,0,1.0975,15.075,30.5,50.5,26.25
2025-06-25,SUROESTE2,pico_7_9,0,0.94,11.125,8.75,33.0,12.0
2025-06-26,CENTRO,fuera_pico_10_12,0,1.42,15.75,38.0,47.0,23.665
2025-06-26,CENTRO,pico_7_9,0,1.46,13.5,13.5,39.0,20.83
2025-06-26,NORESTE3,fuera_pico_10_12,0,0.8832004958742035,10.899458351906949,36.85,25.923333333333332,15.625
2025-06-26,NORESTE3,pico_7_9,0,0.9745754415933283,11.764926315741143,18.75,26.776666666666664,14.094999999999999
2025-06-26,NOROESTE3,fuera_pico_10_12,0,1.5450000000000002,7.25,41.49999999999999,46.25,16.950000000000003
2025-06-26,NOROESTE3,pico_7_9,0,1.5833333333333335,9.05,13.333333333333334,32.5,17.035
2025-06-26,NORTE2,fuera_pico_10_12,1,0.6975,15.225,37.25,46.75,18.0
2025-06-26,NORTE2,pico_7_9,1,0.8075,18.3,11.0,42.5,7.885
2025-06-26,SUR,fuera_pico_10_12,1,1.4633333333333334,8.2625,41.25,34.375,13.7725
2025-06-26,SUR,pico_7_9,1,1.4116666666666666,9.9,18.875,25.875,10.423333333333332
2025-06-26,SUROESTE2,fuera_pico_10_12,0,1.16,17.25,34.25,46.0,28.25
2025-06-26,SUROESTE2,pico_7_9,0,1.0225,14.425,10.25,34.5,10.5
2025-06-27,CENTRO,fuera_pico_10_12,0,1.46,9.850000000000001,33.5,37.5,27.795
2025-06-27,CENTRO,pico_7_9,0,1.32,7.8999999999999995,10.0,22.0,17.06
2025-06-27,NORESTE3,fuera_pico_10_12,0,1.0043104332711463,9.598016629609447,30.45,30.235833333333332,15.04
2025-06-27,NORESTE3,pico_7_9,0,0.5611158408657948,8.10985375019398,15.325,19.78333333333333,8.705
2025-06-27,NOROESTE3,fuera_pico_10_12,0,1.5549999999999997,4.8,33.333333333333336,33.5,21.12
2025-06-27,NOROESTE3,pico_7_9,0,1.5500000000000003,4.4,12.833333333333334,22.666666666666664,14.405000000000001
2025-06-27,NORTE2,fuera_pico_10_12,1,0.7324999999999999,11.975,33.25,40.5,15.690000000000001
2025-06-27,NORTE2,pico_7_9,1,0.6525,10.475,11.25,26.25,9.865
2025-06-27,SUR,fuera_pico_10_12,1,1.4616666666666664,7.137499999999999,34.75,30.25,14.309166666666666
2025-06-27,SUR,pico_7_9,1,1.3633333333333333,5.7,17.25,19.375,6.8325
2025-06-27,SUROESTE2,fuera_pico_10_12,0,1.04,12.9,26.25,48.25,27.25
2025-06-27,SUROESTE2,pico_7_9,0,0.8925,12.725,7.5,33.0,12.5
2025-06-28,CENTRO,fuera_pico_10_12,0,1.38,8.75,27.0,34.5,20.759999999999998
2025-06-28,CENTRO,pico_7_9,0,1.255,4.4,11.0,19.0,10.225
2025-06-28,NORESTE3,fuera_pico_10_12,0,1.2419251665208155,11.028406705578575,22.875,28.0425,11.07
2025-06-28,NORESTE3,pico_7_9,0,0.8315030855639239,7.503584368870794,12.925,23.36,9.775
2025-06-28,NOROESTE3,fuera_pico_10_12,0,1.5499999999999998,3.75,30.5,30.999999999999996,18.630000000000003
2025-06-28,NOROESTE3,pico_7_9,0,1.4866666666666668,3.45,10.166666666666666,21.333333333333336,16.884999999999998
2025-06-28,NORTE2,fuera_pico_10_12,1,0.7575000000000001,12.5,26.5,39.0,15.1675
2025-06-28,NORTE2,pico_7_9,1,0.6075,8.65,9.25,26.0,6.965
2025-06-28,SUR,fuera_pico_10_12,0,1.4166666666666667,4.8625,28.125,24.625,13.690416666666668
2025-06-28,SUR,pico_7_9,0,1.3216666666666668,3.6,15.875,18.75,8.2975
2025-06-28,SUROESTE2,fuera_pico_10_12,0,0.895,9.85,21.0,32.25,23.0
2025-06-28,SUROESTE2,pico_7_9,0,0.8200000000000001,9.175,7.25,26.75,7.75
2025-06-29,CENTRO,fuera_pico_10_12,0,1.225,2.35,29.5,22.5,9.285
2025-06-29,CENTRO,pico_7_9,0,1.225,3.7,12.0,25.0,16.295
2025-06-29,NORESTE3,fuera_pico_10_12,0,0.7138550497507643,8.172278916412893,23.525,22.505,7.83
2025-06-29,NORESTE3,pico_7_9,0,0.5268725445757061,7.2688186322853205,13.024999999999999,20.055,9.594999999999999
2025-06-29,NOROESTE3,fuera_pico_10_12,0,1.5466666666666669,2.5,30.833333333333332,26.666666666666664,18.509999999999998
2025-06-29,NOROESTE3,pico_7_9,0,1.5333333333333332,2.95,10.666666666666666,21.333333333333336,14.305
2025-06-29,NORTE2,fuera_pico_10_12,1,0.555,4.725,30.5,27.5,8.844999999999999
2025-06-29,NORTE2,pico_7_9,1,0.5575,7.175000000000001,12.0,25.5,6.0625
2025-06-29,SUR,fuera_pico_10_12,0,1.38,2.45,24.25,20.125,10.050833333333333
2025-06-29,SUR,pico_7_9,0,1.3666666666666667,3.475,14.5,21.625,7.0304166666666665
2025-06-29,SUROESTE2,fuera_pico_10_12,0,0.785,5.75,22.75,29.0,14.5
2025-06-29,SUROESTE2,pico_7_9,0,0.8375,8.575,6.5,34.5,12.75
2025-06-30,CENTRO,fuera_pico_10_12,0,1.335,4.75,21.5,22.0,7.54
2025-06-30,CENTRO,pico_7_9,0,1.22,3.25,19.0,15.5,4.265
2025-06-30,NORESTE3,fuera_pico_10_12,0,0.8684855172979167,8.79726711895907,17.1,18.708333333333336,7.62
2025-06-30,NORESTE3,pico_7_9,0,0.5666748721199343,7.352891472073891,11.850000000000001,11.987499999999999,4.765
2025-06-30,NOROESTE3,fuera_pico_10_12,0,1.5316666666666667,3.2,19.666666666666664,19.0,10.26
2025-06-30,NOROESTE3,pico_7_9,0,1.525,4.6,13.166666666666668,16.166666666666668,7.27
2025-06-30,NORTE2,fuera_pico_10_12,1,0.6849999999999999,8.875,20.25,25.5,8.93
2025-06-30,NORTE2,pico_7_9,1,0.6074999999999999,8.575,13.25,17.75,3.585
2025-06-30,SUR,fuera_pico_10_12,0,1.4200000000000002,4.6,21.25,21.0,8.02125
2025-06-30,SUR,pico_7_9,0,1.4016666666666664,5.675,14.375,17.375,6.795
2025-06-30,SUROESTE2,fuera_pico_10_12,0,0.9299999999999999,9.25,17.0,24.5,14.5
2025-06-30,SUROESTE2,pico_7_9,0,0.7975000000000001,7.075,14.75,16.75,3.75
